finish_id,title,matched_finish_date,first_pass_calendar_minutes,first_pass_wall_clock_minutes,first_pass_overlap_policy_minutes,reading_calendar_minutes,reading_wall_clock_minutes,reading_overlap_policy_minutes,audiobook_calendar_minutes,audiobook_wall_clock_minutes,audiobook_overlap_policy_minutes,finished_calendar_minutes,finished_wall_clock_minutes,finished_overlap_policy_minutes,n_included_events,first_event,last_event,primary_first_pass_minutes,primary_minutes_rule,calendar_overlap_delta_minutes,overlap_policy_restored_minutes,read_instance,is_reread,previous_finish_date,days_since_previous_finish,chosen_word_count,word_count_source,word_count_confidence,local_file_path,local_file_match_score,local_file_match_hint,local_file_word_count,local_raw_word_count,local_excluded_word_count,local_word_count_method,local_file_error,external_word_count,external_word_count_source,metadata_page_count,metadata_word_estimate,online_minus_local_words,online_error_rate_vs_local,online_abs_error_rate_vs_local,category,highlighted_words,highlight_count,my_note_words,wpm_first_pass_primary,wpm_first_pass_wall_clock,wpm_first_pass_full_wall_clock,audiobook_primary_minutes,non_audio_primary_minutes,audiobook_share_of_primary_minutes,estimated_audio_words_at_350wpm,estimated_visual_words_after_audio_350wpm,wpm_visual_after_audio_350wpm,audio_dominant,wpm_reading_only_calendar,highlight_words_per_10k_words,finish_year,uses_local_file_word_count,usable_for_speed,usable_for_confident_speed,usable_for_duration_screened_speed,usable_for_visual_reading_speed,duration_screen_exclusion_reason
finish_0001,The Inner game of tennis,2021-10-17,75.0,75.0,75.0,0.0,0.0,0.0,0.0,0.0,0.0,75.0,75.0,75.0,1,2021-10-17,2021-10-17,75.0,calendar_analysis_duration_with_gt15m_overlap_restored,0.0,0.0,1,False,,,45281.0,local_file_word_count,high,/Users/clarkbenham/side_projects/data/Takeout_Play_books_03_16_25_pt2/Google Play Books/The Inner Game of Tennis_ The Classic Guide to the/The Inner Game of Tennis_ The Classic Guide to .pdf,90.0,The Inner game of tennis,45281.0,45281.0,0.0,pdf_repeated_header_footer_body_pages,,,,141.0,38775.0,,,,General Reading,0.0,0.0,0.0,603.7466666666667,603.7466666666667,603.7466666666667,0.0,75.0,0.0,0.0,45281.0,603.7466666666667,False,inf,0.0,2021,True,True,True,False,False,calendar_time_lte_90_minutes
finish_0002,Open,2021-10-23,360.0,360.0,360.0,270.0,270.0,270.0,0.0,0.0,0.0,90.0,90.0,90.0,2,2021-10-22,2021-10-23,360.0,calendar_analysis_duration_with_gt15m_overlap_restored,0.0,0.0,1,False,,,164578.0,local_file_word_count,high,/Users/clarkbenham/side_projects/data/Takeout_Play_books_03_16_25_pt2/Google Play Books/Open_ An Autobiography-Andre Agassi -Vintage (2010/Open_ An Autobiography-Andre Agassi -Vintage (2.pdf,90.0,Open_ An Autobiography-Andre Agassi -Vintage (2010).pdf,164578.0,164578.0,0.0,pdf_repeated_header_footer_body_pages,,,,,,,,,,0.0,0.0,0.0,457.1611111111111,457.1611111111111,457.1611111111111,0.0,360.0,0.0,0.0,164578.0,457.1611111111111,False,609.5481481481481,0.0,2021,True,True,True,True,True,
finish_0003,Notes from Underground,2021-12-01,210.0,210.0,210.0,135.0,135.0,135.0,0.0,0.0,0.0,75.0,75.0,75.0,5,2021-11-27,2021-12-01,210.0,calendar_analysis_duration_with_gt15m_overlap_restored,0.0,0.0,1,False,,,36300.0,metadata_pages_x_words_per_page,medium,,0.0,,,,,,,,,132.0,36300.0,,,,Literature,0.0,0.0,0.0,172.85714285714286,172.85714285714286,172.85714285714286,0.0,210.0,0.0,0.0,36300.0,172.85714285714286,False,268.8888888888889,0.0,2021,False,False,False,False,False,
finish_0004,jsgbp,2022-01-01,270.0,270.0,270.0,165.0,165.0,165.0,0.0,0.0,0.0,105.0,105.0,105.0,7,2021-12-28,2022-01-01,270.0,calendar_analysis_duration_with_gt15m_overlap_restored,0.0,0.0,1,False,,,,,low,,0.0,,,,,,,,,,,,,,,0.0,0.0,0.0,,,,0.0,270.0,0.0,0.0,,,False,,,2022,False,False,False,False,False,
finish_0005,bobby-fischer-teaches-chess.pdf,2022-01-01,165.0,165.0,165.0,75.0,75.0,75.0,0.0,0.0,0.0,90.0,90.0,90.0,3,2021-12-21,2022-01-01,165.0,calendar_analysis_duration_with_gt15m_overlap_restored,0.0,0.0,1,False,,,91850.0,metadata_pages_x_words_per_page,medium,/Users/clarkbenham/side_projects/data/Takeout_Play_books_03_16_25_pt2/Google Play Books/bobby-fischer-teaches-chess/bobby-fischer-teaches-chess.pdf,100.0,bobby-fischer-teaches-chess.pdf,0.0,0.0,0.0,pdf_raw_text_fallback,no_text_extracted,,,334.0,91850.0,,,,General Reading,0.0,0.0,0.0,556.6666666666666,556.6666666666666,556.6666666666666,0.0,165.0,0.0,0.0,91850.0,556.6666666666666,False,1224.6666666666667,0.0,2022,False,False,False,False,False,
finish_0006,Supplying War,2022-01-03,390.0,390.0,390.0,360.0,360.0,360.0,0.0,0.0,0.0,30.0,30.0,30.0,8,2021-11-08,2022-01-03,390.0,calendar_analysis_duration_with_gt15m_overlap_restored,0.0,0.0,1,False,,,112130.0,local_file_word_count,high,/Users/clarkbenham/side_projects/data/Takeout_Play_books_03_16_25_pt2/Google Play Books/Supplying War_ Logistics from Wallenstein to Patto/Supplying War_ Logistics from Wallenstein to Pa.pdf,90.0,Supplying War,112130.0,116455.0,4325.0,pdf_repeated_header_footer_body_pages,,,,284.0,78100.0,,,,"Business, management",0.0,0.0,0.0,287.5128205128205,287.5128205128205,287.5128205128205,0.0,390.0,0.0,0.0,112130.0,287.5128205128205,False,311.47222222222223,0.0,2022,True,True,True,True,True,
finish_0007,Writing That Works: Third Edition,2022-01-06,225.0,225.0,225.0,135.0,135.0,135.0,0.0,0.0,0.0,90.0,90.0,90.0,5,2022-01-03,2022-01-06,225.0,calendar_analysis_duration_with_gt15m_overlap_restored,0.0,0.0,1,False,,,44795.0,local_file_word_count,high,/Users/clarkbenham/side_projects/data/Takeout_Play_books_03_16_25_pt2/Google Play Books/Writing That Works_ Third Edition/Writing That Works_ Third Edition.epub,100.0,Writing That Works: Third Edition,44795.0,45497.0,702.0,epub_spine_body_sections,,,,152.0,41800.0,,,,"Business, management",0.0,0.0,0.0,199.0888888888889,199.0888888888889,199.0888888888889,0.0,225.0,0.0,0.0,44795.0,199.0888888888889,False,331.81481481481484,0.0,2022,True,True,True,True,True,
finish_0008,Rainbows End,2022-01-06,480.0,480.0,480.0,270.0,270.0,270.0,0.0,0.0,0.0,210.0,210.0,210.0,6,2021-12-28,2022-01-06,480.0,calendar_analysis_duration_with_gt15m_overlap_restored,0.0,0.0,1,False,,,105600.0,metadata_pages_x_words_per_page,medium,,0.0,,,,,,,,,384.0,105600.0,,,,fiction,0.0,0.0,0.0,220.0,220.0,220.0,0.0,480.0,0.0,0.0,105600.0,220.0,False,391.1111111111111,0.0,2022,False,False,False,False,False,
finish_0009,ij,2022-01-10,255.0,255.0,255.0,105.0,105.0,105.0,0.0,0.0,0.0,150.0,150.0,150.0,4,2022-01-09,2022-01-10,255.0,calendar_analysis_duration_with_gt15m_overlap_restored,0.0,0.0,1,False,,,,,low,,0.0,,,,,,,,,,,,,,,,,,,,,0.0,255.0,0.0,0.0,,,False,,,2022,False,False,False,False,False,
finish_0010,kim,2022-01-17,420.0,420.0,420.0,120.0,120.0,120.0,0.0,0.0,0.0,300.0,300.0,300.0,3,2022-01-16,2022-01-17,420.0,calendar_analysis_duration_with_gt15m_overlap_restored,0.0,0.0,1,False,,,,,low,,0.0,,,,,,,,,,,,,,,0.0,0.0,0.0,,,,0.0,420.0,0.0,0.0,,,False,,,2022,False,False,False,False,False,
finish_0011,Captain Courageous,2022-01-29,225.0,225.0,225.0,30.0,30.0,30.0,0.0,0.0,0.0,195.0,195.0,195.0,2,2022-01-29,2022-01-29,225.0,calendar_analysis_duration_with_gt15m_overlap_restored,0.0,0.0,1,False,,,,,low,,0.0,,,,,,,,,,,,,,,0.0,0.0,0.0,,,,0.0,225.0,0.0,0.0,,,False,,,2022,False,False,False,False,False,
finish_0012,Dune,2022-02-16,724.9999999999999,754.9999999999999,754.9999999999999,425.0,455.0,455.0,0.0,0.0,0.0,300.0,300.0,300.0,3,2022-02-13,2022-02-16,754.9999999999999,calendar_analysis_duration_with_gt15m_overlap_restored,30.0,30.0,1,False,,,202560.0,local_file_word_count,high,/Users/clarkbenham/side_projects/data/Takeout_Play_books_03_16_25_pt2/Google Play Books/Frank Herbert - Dune 1 - Dune/Frank Herbert - Dune 1 - Dune.pdf,100.0,Frank Herbert - Dune 1 - Dune.pdf,202560.0,202560.0,0.0,pdf_repeated_header_footer_body_pages,,,,,,,,,,0.0,0.0,0.0,268.29139072847687,268.29139072847687,268.29139072847687,0.0,754.9999999999999,0.0,0.0,202560.0,268.29139072847687,False,476.61176470588236,0.0,2022,True,True,True,True,True,
finish_0013,Dune Messiah,2022-02-19,187.5,300.0,300.0,112.5,225.0,225.0,0.0,0.0,0.0,75.0,75.0,75.0,4,2022-02-18,2022-02-19,300.0,calendar_analysis_duration_with_gt15m_overlap_restored,112.5,112.5,1,False,,,77540.0,local_file_word_count,high,/Users/clarkbenham/side_projects/data/Takeout_Play_books_03_16_25_pt1/Google Play Books/Dune Messiah/Dune Messiah.epub,100.0,Dune Messiah,77540.0,77551.0,11.0,epub_spine_body_sections,,64000.0,https://www.readinglength.com/book/BX9oRzY,278.0,76450.0,-13540.0,-0.1746195511993809,0.1746195511993809,fiction,0.0,0.0,0.0,258.46666666666664,258.46666666666664,258.46666666666664,0.0,300.0,0.0,0.0,77540.0,258.46666666666664,False,689.2444444444444,0.0,2022,True,True,True,True,True,
finish_0014,children of Dune,2022-02-22,547.5,555.0,547.5,322.5,330.0,322.5,0.0,0.0,0.0,225.0,225.0,225.0,7,2022-02-19,2022-02-22,547.5,calendar_analysis_duration_with_gt15m_overlap_restored,7.5,0.0,1,False,,,154582.0,local_file_word_count,high,/Users/clarkbenham/side_projects/data/Takeout_Play_books_03_16_25_pt2/Google Play Books/Frank Herbert - Children of Dune-Ace Books  (2008)/Frank Herbert - Children of Dune-Ace Books  (20.pdf,90.0,children of Dune,154582.0,156940.0,2358.0,pdf_repeated_header_footer_body_pages,,,,,,,,,,0.0,0.0,0.0,282.3415525114155,278.52612612612614,278.52612612612614,0.0,547.5,0.0,0.0,154582.0,282.3415525114155,False,479.32403100775196,0.0,2022,True,True,True,True,True,
finish_0015,Huck Finn,2022-03-27,270.0,285.0,270.0,180.0,195.0,180.0,0.0,0.0,0.0,90.0,90.0,90.0,4,2022-03-15,2022-03-27,270.0,calendar_analysis_duration_with_gt15m_overlap_restored,15.0,0.0,1,False,,,,,low,,0.0,,,,,,,,,,,,,,,0.0,0.0,0.0,,,,0.0,270.0,0.0,0.0,,,False,,,2022,False,False,False,False,False,
finish_0016,antisemite and jew,2022-04-04,60.0,60.0,60.0,30.0,30.0,30.0,0.0,0.0,0.0,30.0,30.0,30.0,2,2022-03-21,2022-04-04,60.0,calendar_analysis_duration_with_gt15m_overlap_restored,0.0,0.0,1,False,,,,,low,,0.0,,,,,,,,,,,,,,,0.0,0.0,0.0,,,,0.0,60.0,0.0,0.0,,,False,,,2022,False,False,False,False,False,
finish_0017,autobiography of ben franklin,2022-04-21,300.0,300.0,300.0,270.0,270.0,270.0,0.0,0.0,0.0,30.0,30.0,30.0,6,2022-04-15,2022-04-21,300.0,calendar_analysis_duration_with_gt15m_overlap_restored,0.0,0.0,1,False,,,75716.0,local_file_word_count,high,"/Users/clarkbenham/side_projects/data/Takeout_Play_books_03_16_25_pt2/Google Play Books/The Autobiography of Benjamin Franklin,  Project G/The Autobiography of Benjamin Franklin,  Projec.pdf",82.0,aobf,75716.0,78916.0,3200.0,pdf_repeated_header_footer_body_pages,,,,,,,,,,0.0,0.0,0.0,252.38666666666666,252.38666666666666,252.38666666666666,0.0,300.0,0.0,0.0,75716.0,252.38666666666666,False,280.42962962962963,0.0,2022,True,True,True,True,True,
finish_0018,"Sadly, Porn",2022-04-23,1132.5,1155.0,1132.5,1087.5,1110.0,1087.5,0.0,0.0,0.0,45.0,45.0,45.0,12,2022-02-22,2022-04-23,1132.5,calendar_analysis_duration_with_gt15m_overlap_restored,22.5,0.0,1,False,,,299624.0,local_file_word_count,high,"/Users/clarkbenham/side_projects/data/Takeout_Play_books_03_16_25_pt2/Google Play Books/Sadly, Porn/Sadly, Porn.epub",100.0,"Sadly, Porn",299624.0,299625.0,1.0,epub_spine_body_sections,,,,,,,,,,0.0,0.0,0.0,264.56865342163354,259.4147186147186,259.4147186147186,0.0,1132.5,0.0,0.0,299624.0,264.56865342163354,False,275.51632183908043,0.0,2022,True,True,True,True,True,
finish_0019,the great divorce,2022-04-27,120.0,120.0,120.0,90.0,90.0,90.0,0.0,0.0,0.0,30.0,30.0,30.0,4,2022-04-16,2022-04-27,120.0,calendar_analysis_duration_with_gt15m_overlap_restored,0.0,0.0,1,False,,,29379.0,local_file_word_count,high,/Users/clarkbenham/side_projects/data/Takeout_Play_books_03_16_25_pt2/Google Play Books/lewis-c-s-the-great-divorce#keep#/lewis-c-s-the-great-divorce#keep#.pdf,100.0,lewis-c-s-the-great-divorce#keep#.pdf,29379.0,29379.0,0.0,pdf_repeated_header_footer_body_pages,,,,,,,,,Literature,0.0,0.0,0.0,244.825,244.825,244.825,0.0,120.0,0.0,0.0,29379.0,244.825,False,326.43333333333334,0.0,2022,True,True,True,True,True,
finish_0020,Coup Detat,2022-05-13,240.0,240.0,240.0,180.0,180.0,180.0,0.0,0.0,0.0,60.0,60.0,60.0,8,2022-05-02,2022-05-13,240.0,calendar_analysis_duration_with_gt15m_overlap_restored,0.0,0.0,1,False,,,,,low,,0.0,,,,,,,,,,,,,,,0.0,0.0,0.0,,,,0.0,240.0,0.0,0.0,,,False,,,2022,False,False,False,False,False,
finish_0021,screwtape letters,2022-05-14,195.0,195.0,195.0,75.0,75.0,75.0,0.0,0.0,0.0,120.0,120.0,120.0,2,2022-05-13,2022-05-14,195.0,calendar_analysis_duration_with_gt15m_overlap_restored,0.0,0.0,1,False,,,31129.0,local_file_word_count,high,/Users/clarkbenham/side_projects/data/Takeout_Play_books_03_16_25_pt2/Google Play Books/The Screwtape Letters/The Screwtape Letters.epub,100.0,The Screwtape Letters.html,31129.0,31324.0,195.0,epub_spine_body_sections,,40000.0,https://www.readinglength.com/work/WPCt7r2,160.0,44000.0,8871.0,0.2849754248449998,0.2849754248449998,Literature,6402.0,130.0,0.0,159.63589743589745,159.63589743589745,159.63589743589745,0.0,195.0,0.0,0.0,31129.0,159.63589743589745,False,415.05333333333334,2056.6031674644223,2022,True,True,True,True,True,
finish_0022,Arnold Schwarzenegger,2022-05-16,157.5,165.0,157.5,60.0,60.0,60.0,0.0,0.0,0.0,97.5,105.0,97.5,2,2022-05-15,2022-05-16,157.5,calendar_analysis_duration_with_gt15m_overlap_restored,7.5,0.0,1,False,,,65649.0,local_file_word_count,high,"/Users/clarkbenham/side_projects/data/Takeout_Play_books_03_16_25_pt2/Google Play Books/Arnold Schwarzenegger, Douglas Kent Hall - Arnold_/Arnold Schwarzenegger, Douglas Kent Hall - Arno.pdf",90.0,Arnold Schwarzenegger,65649.0,66276.0,627.0,pdf_repeated_header_footer_body_pages,,,,256.0,70400.0,,,,General Reading,0.0,0.0,0.0,416.81904761904764,397.8727272727273,397.8727272727273,0.0,157.5,0.0,0.0,65649.0,416.81904761904764,False,1094.15,0.0,2022,True,True,True,True,True,
finish_0023,SQL,2022-05-25,30.0,30.0,30.0,0.0,0.0,0.0,0.0,0.0,0.0,30.0,30.0,30.0,1,2022-05-25,2022-05-25,30.0,calendar_analysis_duration_with_gt15m_overlap_restored,0.0,0.0,1,False,,,99534.0,local_file_word_count,high,/Users/clarkbenham/side_projects/data/Takeout_Play_books_03_16_25_pt2/Google Play Books/Learning_SQL Alan_Beaulieu-EN/Learning_SQL Alan_Beaulieu-EN.pdf,82.0,SQL,99534.0,102707.0,3173.0,pdf_repeated_header_footer_body_pages,,,,,,,,,,0.0,0.0,0.0,3317.8,3317.8,3317.8,0.0,30.0,0.0,0.0,99534.0,3317.8,False,inf,0.0,2022,True,True,True,False,False,calendar_time_lte_90_minutes
finish_0024,An Experiment in Criticism,2022-06-02,165.0,165.0,165.0,75.0,75.0,75.0,0.0,0.0,0.0,90.0,90.0,90.0,3,2022-06-01,2022-06-02,165.0,calendar_analysis_duration_with_gt15m_overlap_restored,0.0,0.0,1,False,,,36314.0,local_file_word_count,high,/Users/clarkbenham/side_projects/data/Takeout_Play_books_03_16_25_pt1/Google Play Books/An Experiment in Criticism/An Experiment in Criticism.epub,100.0,An Experiment in Criticism,36314.0,36731.0,417.0,epub_spine_body_sections,,,,133.0,36575.0,,,,Literature,0.0,0.0,0.0,220.0848484848485,220.0848484848485,220.0848484848485,0.0,165.0,0.0,0.0,36314.0,220.0848484848485,False,484.18666666666667,0.0,2022,True,True,True,True,True,
finish_0025,Talent,2022-06-03,285.0,285.0,285.0,255.0,255.0,255.0,0.0,0.0,0.0,30.0,30.0,30.0,8,2022-05-21,2022-06-03,285.0,calendar_analysis_duration_with_gt15m_overlap_restored,0.0,0.0,1,False,,,79200.0,metadata_pages_x_words_per_page,medium,,0.0,,,,,,,,,288.0,79200.0,,,,"Business, management",0.0,0.0,0.0,277.89473684210526,277.89473684210526,277.89473684210526,0.0,285.0,0.0,0.0,79200.0,277.89473684210526,False,310.5882352941176,0.0,2022,False,False,False,False,False,
finish_0026,Coders at Work,2022-06-05,645.0,645.0,645.0,555.0,555.0,555.0,0.0,0.0,0.0,90.0,90.0,90.0,12,2022-01-13,2022-06-05,645.0,calendar_analysis_duration_with_gt15m_overlap_restored,0.0,0.0,1,False,,,241542.0,local_file_word_count,high,/Users/clarkbenham/side_projects/data/Takeout_Play_books_03_16_25_pt1/Google Play Books/Peter Seibel - Coders at Work_ Reflections on the /Peter Seibel - Coders at Work_ Reflections on t.pdf,90.0,Coders at Work,241542.0,242899.0,1357.0,pdf_repeated_header_footer_body_pages,,,,617.0,169675.0,,,,"Business, management",0.0,0.0,0.0,374.48372093023255,374.48372093023255,374.48372093023255,0.0,645.0,0.0,0.0,241542.0,374.48372093023255,False,435.2108108108108,0.0,2022,True,True,True,True,True,
finish_0027,Power: Why Some People Have Itand Others Don't,2022-06-20,345.0,345.0,345.0,270.0,270.0,270.0,0.0,0.0,0.0,75.0,75.0,75.0,7,2022-06-05,2022-06-20,345.0,calendar_analysis_duration_with_gt15m_overlap_restored,0.0,0.0,1,False,,,82279.0,local_file_word_count,high,/Users/clarkbenham/side_projects/data/Takeout_Play_books_03_16_25_pt2/Google Play Books/Power_ Why Some People Have Itand Others Don_t/Power_ Why Some People Have Itand Others Don_t.epub,100.0,Power_ Why Some People Have Itand Others Don_t.html,82279.0,83777.0,1498.0,epub_spine_body_sections,,,,,,,,,"Business, management",0.0,0.0,0.0,238.48985507246377,238.48985507246377,238.48985507246377,0.0,345.0,0.0,0.0,82279.0,238.48985507246377,False,304.73703703703706,0.0,2022,True,True,True,True,True,
finish_0028,wb,2022-08-13,195.0,195.0,195.0,180.0,180.0,180.0,0.0,0.0,0.0,15.0,15.0,15.0,10,2022-07-30,2022-08-13,195.0,calendar_analysis_duration_with_gt15m_overlap_restored,0.0,0.0,1,False,,,,,low,,0.0,,,,,,,,,,,,,,,,,,,,,0.0,195.0,0.0,0.0,,,False,,,2022,False,False,False,False,False,
finish_0029,ML design patterns,2022-08-22,1140.0,1170.0,1140.0,1110.0,1140.0,1110.0,0.0,0.0,0.0,30.0,30.0,30.0,34,2022-05-25,2022-08-24,1140.0,calendar_analysis_duration_with_gt15m_overlap_restored,30.0,0.0,1,False,,,,,low,,0.0,,,,,,,,,,,,,,,0.0,0.0,0.0,,,,0.0,1140.0,0.0,0.0,,,False,,,2022,False,False,False,False,False,
finish_0030,good research code,2022-09-09,75.0,75.0,75.0,30.0,30.0,30.0,0.0,0.0,0.0,45.0,45.0,45.0,2,2022-09-08,2022-09-09,75.0,calendar_analysis_duration_with_gt15m_overlap_restored,0.0,0.0,1,False,,,16500.0,metadata_pages_x_words_per_page,medium,,0.0,,,,,,,,,60.0,16500.0,,,,"Business, management",0.0,0.0,0.0,220.0,220.0,220.0,0.0,75.0,0.0,0.0,16500.0,220.0,False,550.0,0.0,2022,False,False,False,False,False,
finish_0031,Deep Learning by Goodfellow et all,2022-09-22,15.0,30.0,30.0,0.0,0.0,0.0,0.0,0.0,0.0,15.0,30.0,30.0,1,2022-09-22,2022-09-22,30.0,calendar_analysis_duration_with_gt15m_overlap_restored,15.0,15.0,1,False,,,,,low,,0.0,,,,,,,,,,,,,,,0.0,0.0,0.0,,,,0.0,30.0,0.0,0.0,,,False,,,2022,False,False,False,False,False,
finish_0032,the machine that changed the world,2022-09-26,195.0,195.0,195.0,180.0,180.0,180.0,0.0,0.0,0.0,15.0,15.0,15.0,6,2022-09-12,2022-09-26,195.0,calendar_analysis_duration_with_gt15m_overlap_restored,0.0,0.0,1,False,,,96800.0,metadata_pages_x_words_per_page,medium,,0.0,,,,,,,,,352.0,96800.0,,,,"Business, management",0.0,0.0,0.0,496.4102564102564,496.4102564102564,496.4102564102564,0.0,195.0,0.0,0.0,96800.0,496.4102564102564,False,537.7777777777778,0.0,2022,False,False,False,False,False,
finish_0033,pragmatic programmer,2022-10-27,255.0,255.0,255.0,225.0,225.0,225.0,0.0,0.0,0.0,30.0,30.0,30.0,8,2022-05-23,2022-10-27,255.0,calendar_analysis_duration_with_gt15m_overlap_restored,0.0,0.0,1,False,,,91862.0,local_file_word_count,high,"/Users/clarkbenham/side_projects/data/Books/The Pragmatic Programmer_ From Journeyman to Master-Andrew Hunt, David Thomas - Addison-Wesley Professional (1999).pdf",100.0,"The Pragmatic Programmer_ From Journeyman to Master-Andrew Hunt, David Thomas - Addison-Wesley Professional (1999).pdf",91862.0,92110.0,248.0,pdf_repeated_header_footer_body_pages,,88000.0,https://www.readinglength.com/book/BSC5ung,352.0,96800.0,-3862.0,-0.0420413228538459,0.0420413228538459,,,,,360.24313725490197,360.24313725490197,360.24313725490197,0.0,255.0,0.0,0.0,91862.0,360.24313725490197,False,408.27555555555557,,2022,True,True,True,True,True,
finish_0034,The Art of Readable Code,2022-11-30,75.0,75.0,75.0,60.0,60.0,60.0,0.0,0.0,0.0,15.0,15.0,15.0,3,2022-11-15,2022-11-30,75.0,calendar_analysis_duration_with_gt15m_overlap_restored,0.0,0.0,1,False,,,42585.0,local_file_word_count,high,/Users/clarkbenham/side_projects/data/Takeout_Play_books_03_16_25_pt2/Google Play Books/The Art of Readable Code/The Art of Readable Code.epub,100.0,The Art of Readable Code,42585.0,48727.0,6142.0,epub_spine_body_sections,,,,206.0,56650.0,,,,Computer Science,1290.0,56.0,16.0,567.8,567.8,567.8,0.0,75.0,0.0,0.0,42585.0,567.8,False,709.75,302.923564635435,2022,True,True,True,False,False,calendar_time_lte_90_minutes
finish_0035,ptaesp,2022-12-03,87.50000000000001,165.0,165.0,72.50000000000001,150.0,150.0,0.0,0.0,0.0,15.0,15.0,15.0,3,2022-12-02,2022-12-03,165.0,calendar_analysis_duration_with_gt15m_overlap_restored,77.49999999999999,77.49999999999999,1,False,,,,,low,,0.0,,,,,,,,,,,,,,,0.0,0.0,0.0,,,,0.0,165.0,0.0,0.0,,,False,,,2022,False,False,False,False,False,
finish_0036,the scholomancer,2022-12-04,345.0,345.0,345.0,0.0,0.0,0.0,0.0,0.0,0.0,345.0,345.0,345.0,1,2022-12-04,2022-12-04,345.0,calendar_analysis_duration_with_gt15m_overlap_restored,0.0,0.0,1,False,,,,,low,,0.0,,,,,,,,,,,,,,,0.0,0.0,0.0,,,,0.0,345.0,0.0,0.0,,,False,,,2022,False,False,False,False,False,
finish_0037,The Last Graduate,2022-12-06,375.0,375.0,375.0,225.0,225.0,225.0,0.0,0.0,0.0,150.0,150.0,150.0,3,2022-12-05,2022-12-06,375.0,calendar_analysis_duration_with_gt15m_overlap_restored,0.0,0.0,1,False,,,,,low,,0.0,,,,,,,,,,,,,,fiction,0.0,0.0,0.0,,,,0.0,375.0,0.0,0.0,,,False,,,2022,False,False,False,False,False,
finish_0038,The Golden Enclaves,2022-12-06,457.5,465.0,457.5,375.0,375.0,375.0,0.0,0.0,0.0,82.5,90.0,82.5,2,2022-12-06,2022-12-06,457.5,calendar_analysis_duration_with_gt15m_overlap_restored,7.5,0.0,1,False,,,105600.0,metadata_pages_x_words_per_page,medium,,0.0,,,,,,,,,384.0,105600.0,,,,fiction,0.0,0.0,0.0,230.81967213114754,227.09677419354838,227.09677419354838,0.0,457.5,0.0,0.0,105600.0,230.81967213114754,False,281.6,0.0,2022,False,False,False,False,False,
finish_0039,The Three-Body Problem,2022-12-26,255.0,315.0,315.0,225.0,285.0,285.0,0.0,0.0,0.0,30.0,30.0,30.0,5,2022-12-24,2022-12-26,315.0,calendar_analysis_duration_with_gt15m_overlap_restored,60.0,60.0,1,False,,,122388.0,local_file_word_count,high,/Users/clarkbenham/side_projects/data/Takeout_Play_books_03_16_25_pt2/Google Play Books/The Three-Body Problem/The Three-Body Problem.epub,100.0,The Three-Body Problem,122388.0,122389.0,1.0,epub_spine_body_sections,,,,417.0,114675.0,,,,,,,,388.53333333333336,388.53333333333336,388.53333333333336,0.0,315.0,0.0,0.0,122388.0,388.53333333333336,False,543.9466666666667,,2022,True,True,True,True,True,
finish_0040,tdf,2022-12-27,555.0,555.0,555.0,465.0,465.0,465.0,0.0,0.0,0.0,90.0,90.0,90.0,5,2022-12-26,2022-12-27,555.0,calendar_analysis_duration_with_gt15m_overlap_restored,0.0,0.0,1,False,,,170399.0,local_file_word_count,high,/Users/clarkbenham/side_projects/data/Takeout_Play_books_03_16_25_pt1/Google Play Books/The Discovery of France/The Discovery of France.epub,82.0,tdf,170399.0,170829.0,430.0,epub_spine_body_sections,,,,,,,,,,,,,307.0252252252252,307.0252252252252,307.0252252252252,0.0,555.0,0.0,0.0,170399.0,307.0252252252252,False,366.4494623655914,,2022,True,True,True,True,True,
finish_0041,deaths end,2023-01-01,472.5,555.0,555.0,397.5,450.0,450.0,0.0,0.0,0.0,75.0,105.0,105.0,5,2022-12-29,2023-01-01,555.0,calendar_analysis_duration_with_gt15m_overlap_restored,82.5,82.5,1,False,,,229157.0,local_file_word_count,high,/Users/clarkbenham/side_projects/data/Takeout_Play_books_03_16_25_pt2/Google Play Books/Death_s End (The Three-Body Problem)/Death_s End (The Three-Body Problem).epub,100.0,Death_s End (The Three-Body Problem).html,229157.0,230177.0,1020.0,epub_spine_body_sections,,,,,,,,,,0.0,0.0,0.0,412.8954954954955,412.8954954954955,412.8954954954955,0.0,555.0,0.0,0.0,229157.0,412.8954954954955,False,576.4955974842767,0.0,2023,True,True,True,True,True,
finish_0042,hswyltbakoib,2023-01-11,150.0,150.0,150.0,45.0,45.0,45.0,0.0,0.0,0.0,105.0,105.0,105.0,2,2022-12-21,2023-01-11,150.0,calendar_analysis_duration_with_gt15m_overlap_restored,0.0,0.0,1,False,,,,,low,,0.0,,,,,,,,,,,,,,,0.0,0.0,0.0,,,,0.0,150.0,0.0,0.0,,,False,,,2023,False,False,False,False,False,
finish_0043,Never Finished,2023-01-12,247.5,285.0,277.5,232.5,270.0,262.5,0.0,0.0,0.0,15.0,15.0,15.0,7,2023-01-04,2023-01-12,277.5,calendar_analysis_duration_with_gt15m_overlap_restored,37.5,30.0,1,False,,,85800.0,metadata_pages_x_words_per_page,medium,,0.0,,,,,,,,,312.0,85800.0,,,,General Reading,0.0,0.0,0.0,309.18918918918916,301.05263157894734,301.05263157894734,0.0,277.5,0.0,0.0,85800.0,309.18918918918916,False,369.03225806451616,0.0,2023,False,False,False,False,False,
finish_0044,Piccadilly Jim,2023-01-24,315.0,315.0,315.0,240.0,240.0,240.0,0.0,0.0,0.0,75.0,75.0,75.0,5,2023-01-19,2023-01-24,315.0,calendar_analysis_duration_with_gt15m_overlap_restored,0.0,0.0,1,False,,,75350.0,metadata_pages_x_words_per_page,medium,,0.0,,,,,,,,,274.0,75350.0,,,,Literature,637.0,20.0,0.0,239.20634920634922,239.20634920634922,239.20634920634922,0.0,315.0,0.0,0.0,75350.0,239.20634920634922,False,313.9583333333333,84.53881884538819,2023,False,False,False,False,False,
finish_0045,The Red Badge of Courage,2023-02-07,195.0,195.0,195.0,120.0,120.0,120.0,0.0,0.0,0.0,75.0,75.0,75.0,4,2023-01-31,2023-02-07,195.0,calendar_analysis_duration_with_gt15m_overlap_restored,0.0,0.0,1,False,,,,,low,,0.0,,,,,,,,,,,,,,Literature,0.0,0.0,0.0,,,,0.0,195.0,0.0,0.0,,,False,,,2023,False,False,False,False,False,
finish_0046,wdycwopt,2023-02-27,247.5,255.0,247.5,232.5,240.0,232.5,0.0,0.0,0.0,15.0,15.0,15.0,4,2023-02-26,2023-02-27,247.5,calendar_analysis_duration_with_gt15m_overlap_restored,7.5,0.0,1,False,,,,,low,/Users/clarkbenham/side_projects/data/Takeout_Play_books_03_16_25_pt2/Google Play Books/What Do You Care What Other People Think __ Furthe/What Do You Care What Other People Think __ Fur.pdf,82.0,wdycwopt,0.0,0.0,0.0,pdf_raw_text_fallback,no_text_extracted,,,,,,,,,,,,,,,0.0,247.5,0.0,0.0,,,False,,,2023,False,False,False,False,False,
finish_0047,surely you’re joking Feynman,2023-03-01,368.0,375.0,368.0,323.0,330.0,323.0,0.0,0.0,0.0,45.0,45.0,45.0,5,2023-02-28,2023-03-01,368.0,calendar_analysis_duration_with_gt15m_overlap_restored,7.0,0.0,1,False,,,126883.0,local_file_word_count,high,"/Users/clarkbenham/side_projects/data/Takeout_Play_books_03_16_25_pt2/Google Play Books/ _Surely You_re Joking, Mr. Feynman!__ Adventure/ _Surely You_re Joking, Mr. Feynman!__ Advent.pdf",85.0,surely you’re joking Feynman,126883.0,127231.0,348.0,pdf_repeated_header_footer_body_pages,,,,352.0,96800.0,,,,General Reading,0.0,0.0,0.0,344.7907608695652,338.3546666666667,338.3546666666667,0.0,368.0,0.0,0.0,126883.0,344.7907608695652,False,392.8266253869969,0.0,2023,True,True,True,True,True,
finish_0048,tltf,2023-04-09,255.0,255.0,255.0,240.0,240.0,240.0,0.0,0.0,0.0,15.0,15.0,15.0,5,2023-03-26,2023-04-09,255.0,calendar_analysis_duration_with_gt15m_overlap_restored,0.0,0.0,1,False,,,,,low,,0.0,,,,,,,,,,,,,,,,,,,,,0.0,255.0,0.0,0.0,,,False,,,2023,False,False,False,False,False,
finish_0049,Full Faith and Credit,2023-04-24,450.0,450.0,450.0,375.0,375.0,375.0,0.0,0.0,0.0,75.0,75.0,75.0,7,2023-04-16,2023-04-24,450.0,calendar_analysis_duration_with_gt15m_overlap_restored,0.0,0.0,1,False,,,82500.0,metadata_pages_x_words_per_page,medium,,0.0,,,,,,,,,300.0,82500.0,,,,"Business, management",0.0,0.0,0.0,183.33333333333334,183.33333333333334,183.33333333333334,0.0,450.0,0.0,0.0,82500.0,183.33333333333334,False,220.0,0.0,2023,False,False,False,False,False,
finish_0050,screwtape letters,2023-05-03,120.0,120.0,120.0,90.0,90.0,90.0,0.0,0.0,0.0,30.0,30.0,30.0,4,2023-05-01,2023-05-03,120.0,calendar_analysis_duration_with_gt15m_overlap_restored,0.0,0.0,2,True,2022-05-14,354.0,31129.0,local_file_word_count,high,/Users/clarkbenham/side_projects/data/Takeout_Play_books_03_16_25_pt2/Google Play Books/The Screwtape Letters/The Screwtape Letters.epub,100.0,The Screwtape Letters.html,31129.0,31324.0,195.0,epub_spine_body_sections,,40000.0,https://www.readinglength.com/work/WPCt7r2,160.0,44000.0,8871.0,0.2849754248449998,0.2849754248449998,Literature,6402.0,130.0,0.0,259.40833333333336,259.40833333333336,259.40833333333336,0.0,120.0,0.0,0.0,31129.0,259.40833333333336,False,345.8777777777778,2056.6031674644223,2023,True,False,False,False,False,
finish_0051,autobiography of ben franklin,2023-05-20,165.0,165.0,165.0,105.0,105.0,105.0,0.0,0.0,0.0,60.0,60.0,60.0,4,2023-05-18,2023-05-20,165.0,calendar_analysis_duration_with_gt15m_overlap_restored,0.0,0.0,2,True,2022-04-21,394.0,,,low,,0.0,,,,,,,,,,,,,,,0.0,0.0,0.0,,,,0.0,165.0,0.0,0.0,,,False,,,2023,False,False,False,False,False,
finish_0052,starship troopers,2023-06-20,174.99999999999997,285.0,285.0,75.0,75.0,75.0,0.0,0.0,0.0,99.99999999999996,210.0,210.0,3,2023-06-12,2023-06-20,285.0,calendar_analysis_duration_with_gt15m_overlap_restored,110.00000000000004,110.00000000000004,1,False,,,86699.0,local_file_word_count,high,/Users/clarkbenham/side_projects/data/Books/Starship Troopers Robert A. Heinlein - (1987).pdf,100.0,Starship Troopers Robert A. Heinlein - (1987).pdf,86699.0,86699.0,0.0,pdf_repeated_header_footer_body_pages,,52000.0,https://www.readinglength.com/book/BstO0A6,233.0,64075.0,-34699.0,-0.4002237626731565,0.4002237626731565,fiction,0.0,0.0,0.0,304.20701754385965,304.20701754385965,304.20701754385965,0.0,285.0,0.0,0.0,86699.0,304.20701754385965,False,1155.9866666666667,0.0,2023,True,True,True,True,True,
finish_0053,Stranger in a Strange Land,2023-07-05,592.5,675.0,667.5,442.5,525.0,517.5,0.0,0.0,0.0,150.0,150.0,150.0,10,2023-07-02,2023-07-05,667.5,calendar_analysis_duration_with_gt15m_overlap_restored,82.5,75.0,1,False,,,167906.0,local_file_word_count,high,/Users/clarkbenham/side_projects/data/Books/Stranger in a strange land -Robert A. Heinlein - Ace Books (1961).pdf,90.0,Stranger in a Strange Land,167906.0,170584.0,2678.0,pdf_repeated_header_footer_body_pages,,109500.0,https://www.readinglength.com/book/BtRmrhy,438.0,120450.0,-58406.0,-0.3478493919216704,0.3478493919216704,fiction,2371.0,66.0,0.0,251.5445692883895,248.74962962962962,248.74962962962962,0.0,667.5,0.0,0.0,167906.0,251.5445692883895,False,379.44858757062144,141.20996271723465,2023,True,True,True,True,True,
finish_0054,Bone,2023-07-14,240.0,240.0,240.0,210.0,210.0,210.0,0.0,0.0,0.0,30.0,30.0,30.0,4,2023-07-13,2023-07-14,240.0,calendar_analysis_duration_with_gt15m_overlap_restored,0.0,0.0,1,False,,,,,low,,0.0,,,,,,,,,,,,,,,0.0,0.0,0.0,,,,0.0,240.0,0.0,0.0,,,False,,,2023,False,False,False,False,False,
finish_0055,The Moon Is A Harsh Mistress,2023-07-26,435.0,435.0,435.0,330.0,330.0,330.0,0.0,0.0,0.0,105.0,105.0,105.0,4,2023-07-25,2023-07-26,435.0,calendar_analysis_duration_with_gt15m_overlap_restored,0.0,0.0,1,False,,,120469.0,local_file_word_count,high,/Users/clarkbenham/side_projects/data/Books/The Moon Is a Harsh Mistress - Robert A. Heinlein - (1987).pdf,100.0,The Moon Is a Harsh Mistress - Robert A. Heinlein - (1987).pdf,120469.0,120469.0,0.0,pdf_repeated_header_footer_body_pages,,95500.0,https://www.readinglength.com/book/BKfozRz,360.0,99000.0,-24969.0,-0.2072649395280113,0.2072649395280113,fiction,0.0,0.0,0.0,276.9402298850575,276.9402298850575,276.9402298850575,0.0,435.0,0.0,0.0,120469.0,276.9402298850575,False,365.05757575757576,0.0,2023,True,True,True,True,True,
finish_0056,Essays to Do Good,2023-08-05,150.0,165.0,165.0,105.0,105.0,105.0,0.0,0.0,0.0,45.0,60.0,60.0,6,2023-06-09,2023-08-05,165.0,calendar_analysis_duration_with_gt15m_overlap_restored,15.0,15.0,1,False,,,,,low,,0.0,,,,,,,,,,,,,,Literature,0.0,0.0,0.0,,,,0.0,165.0,0.0,0.0,,,False,,,2023,False,False,False,False,False,
finish_0057,Player of Games,2023-08-17,420.0,420.0,420.0,225.0,225.0,225.0,0.0,0.0,0.0,195.0,195.0,195.0,5,2023-08-14,2023-08-17,420.0,calendar_analysis_duration_with_gt15m_overlap_restored,0.0,0.0,1,False,,,116409.0,local_file_word_count,high,/Users/clarkbenham/side_projects/data/Takeout_Play_books_03_16_25_pt2/Google Play Books/The Player of Games/The Player of Games.epub,100.0,The Player of Games.html,116409.0,116433.0,24.0,epub_spine_body_sections,,,,320.0,88000.0,,,,fiction,1754.0,50.0,76.0,277.1642857142857,277.1642857142857,277.1642857142857,0.0,420.0,0.0,0.0,116409.0,277.1642857142857,False,517.3733333333333,150.67563504540027,2023,True,True,True,True,True,
finish_0058,King Solomons Mines,2023-08-23,367.5,375.0,367.5,202.5,210.0,202.5,0.0,0.0,0.0,165.0,165.0,165.0,3,2021-11-08,2023-08-23,367.5,calendar_analysis_duration_with_gt15m_overlap_restored,7.5,0.0,1,False,,,,,low,,0.0,,,,,,,,,,,,,,,0.0,0.0,0.0,,,,0.0,367.5,0.0,0.0,,,False,,,2023,False,False,False,False,False,
finish_0059,The Peace War,2023-08-29,240.0,255.0,255.0,0.0,0.0,0.0,0.0,0.0,0.0,240.0,255.0,255.0,1,2023-08-29,2023-08-29,255.0,calendar_analysis_duration_with_gt15m_overlap_restored,15.0,15.0,1,False,,,85525.0,metadata_pages_x_words_per_page,medium,,0.0,,,,,,,,,311.0,85525.0,,,,fiction,0.0,0.0,0.0,335.3921568627451,335.3921568627451,335.3921568627451,0.0,255.0,0.0,0.0,85525.0,335.3921568627451,False,inf,0.0,2023,False,False,False,False,False,
finish_0060,The Sun Also Rises,2023-10-04,225.0,225.0,225.0,165.0,165.0,165.0,0.0,0.0,0.0,60.0,60.0,60.0,6,2023-09-24,2023-10-04,225.0,calendar_analysis_duration_with_gt15m_overlap_restored,0.0,0.0,1,False,,,67925.0,metadata_pages_x_words_per_page,medium,,0.0,,,,,,,,,247.0,67925.0,,,,Literature,1176.0,28.0,0.0,301.8888888888889,301.8888888888889,301.8888888888889,0.0,225.0,0.0,0.0,67925.0,301.8888888888889,False,411.6666666666667,173.13213102686788,2023,False,False,False,False,False,
finish_0061,Harry Potter and the Methods of Rationality,2023-10-25,1575.0,1590.0,1575.0,1185.0,1200.0,1185.0,0.0,0.0,0.0,390.0,390.0,390.0,9,2023-10-22,2023-10-25,1575.0,calendar_analysis_duration_with_gt15m_overlap_restored,15.0,0.0,1,False,,,540925.0,metadata_pages_x_words_per_page,medium,,0.0,,,,,,,,,1967.0,540925.0,,,,fiction,1831.0,53.0,72.0,343.44444444444446,340.20440251572325,340.20440251572325,0.0,1575.0,0.0,0.0,540925.0,343.44444444444446,False,456.47679324894517,33.849424596755554,2023,False,False,False,False,False,
finish_0062,Three Men in a Boat,2023-11-09,285.0,285.0,285.0,180.0,180.0,180.0,0.0,0.0,0.0,105.0,105.0,105.0,5,2023-11-08,2023-11-09,285.0,calendar_analysis_duration_with_gt15m_overlap_restored,0.0,0.0,1,False,,,50600.0,metadata_pages_x_words_per_page,medium,,0.0,,,,,,,,,184.0,50600.0,,,,Literature,900.0,21.0,0.0,177.5438596491228,177.5438596491228,177.5438596491228,0.0,285.0,0.0,0.0,50600.0,177.5438596491228,False,281.1111111111111,177.86561264822134,2023,False,False,False,False,False,
finish_0063,out of the silent planet,2023-12-05,225.0,225.0,225.0,165.0,165.0,165.0,0.0,0.0,0.0,60.0,60.0,60.0,4,2023-11-30,2023-12-05,225.0,calendar_analysis_duration_with_gt15m_overlap_restored,0.0,0.0,1,False,,,59431.0,local_file_word_count,high,data/Books/Out of the Silent Planet by CS Lewis.pdf,100.0,data/Books/Out of the Silent Planet by CS Lewis.pdf,59431.0,60078.0,647.0,pdf_repeated_header_footer_body_pages,,57757.0,https://www.gutenberg.ca/ebooks/lewiscs-outofthesilentplanet/lewiscs-outofthesilentplanet-00-h.html,174.0,47850.0,-1674.0,-0.0281671181706516,0.0281671181706516,fiction,0.0,0.0,0.0,264.1377777777778,264.1377777777778,264.1377777777778,0.0,225.0,0.0,0.0,59431.0,264.1377777777778,False,360.1878787878788,0.0,2023,True,True,True,True,True,
finish_0064,Perelandra by CS Lewis book 2.pdf,2023-12-10,315.0,315.0,315.0,225.0,225.0,225.0,0.0,0.0,0.0,90.0,90.0,90.0,8,2023-12-05,2023-12-10,315.0,calendar_analysis_duration_with_gt15m_overlap_restored,0.0,0.0,1,False,,,86344.0,local_file_word_count,high,/Users/clarkbenham/side_projects/data/Books/Perelandra by CS Lewis book 2.pdf,100.0,Perelandra by CS Lewis book 2.pdf,86344.0,87422.0,1078.0,pdf_repeated_header_footer_body_pages,,,,223.0,61325.0,,,,fiction,0.0,0.0,0.0,274.10793650793653,274.10793650793653,274.10793650793653,0.0,315.0,0.0,0.0,86344.0,274.10793650793653,False,383.75111111111113,0.0,2023,True,True,True,True,True,
finish_0065,that hideous strength,2023-12-14,380.0,480.0,480.0,365.0,465.0,465.0,0.0,0.0,0.0,15.0,15.0,15.0,9,2023-12-11,2023-12-14,480.0,calendar_analysis_duration_with_gt15m_overlap_restored,100.0,100.0,1,False,,,159372.0,local_file_word_count,high,/Users/clarkbenham/side_projects/data/Books/That Hideous Strength by CS Lewis.pdf,100.0,That Hideous Strength by CS Lewis.pdf,159372.0,161007.0,1635.0,pdf_repeated_header_footer_body_pages,,,,382.0,105050.0,,,,fiction,0.0,0.0,0.0,332.025,332.025,332.025,0.0,480.0,0.0,0.0,159372.0,332.025,False,436.6356164383562,0.0,2023,True,True,True,True,True,
finish_0066,The Screwtape Letters,2023-12-22,120.0,120.0,120.0,0.0,0.0,0.0,0.0,0.0,0.0,120.0,120.0,120.0,1,2023-12-22,2023-12-22,120.0,calendar_analysis_duration_with_gt15m_overlap_restored,0.0,0.0,1,False,,,31129.0,local_file_word_count,high,/Users/clarkbenham/side_projects/data/Takeout_Play_books_03_16_25_pt2/Google Play Books/The Screwtape Letters/The Screwtape Letters.epub,100.0,The Screwtape Letters,31129.0,31324.0,195.0,epub_spine_body_sections,,40000.0,https://www.readinglength.com/work/WPCt7r2,160.0,44000.0,8871.0,0.2849754248449998,0.2849754248449998,Literature,6402.0,130.0,0.0,259.40833333333336,259.40833333333336,259.40833333333336,0.0,120.0,0.0,0.0,31129.0,259.40833333333336,False,inf,2056.6031674644223,2023,True,True,True,True,True,
finish_0067,the abolition of man,2023-12-23,127.5,180.0,180.0,75.0,75.0,75.0,0.0,0.0,0.0,52.5,105.0,105.0,3,2022-06-02,2023-12-25,180.0,calendar_analysis_duration_with_gt15m_overlap_restored,52.5,52.5,1,False,,,21126.0,local_file_word_count,high,/Users/clarkbenham/side_projects/data/Takeout_Play_books_03_16_25_pt2/Google Play Books/The abolition of Man CS Lewis#keep#/The abolition of Man CS Lewis#keep#.pdf,100.0,The abolition of Man CS Lewis#keep#.pdf,21126.0,21771.0,645.0,pdf_repeated_header_footer_body_pages,,,,117.0,32175.0,,,,Literature,0.0,0.0,0.0,117.36666666666666,117.36666666666666,117.36666666666666,0.0,180.0,0.0,0.0,21126.0,117.36666666666666,False,281.68,0.0,2023,True,True,True,True,True,
finish_0068,The Man Who Was Thursday,2024-01-20,255.0,255.0,255.0,165.0,165.0,165.0,0.0,0.0,0.0,90.0,90.0,90.0,5,2024-01-18,2024-01-20,255.0,calendar_analysis_duration_with_gt15m_overlap_restored,0.0,0.0,1,False,,,44550.0,metadata_pages_x_words_per_page,medium,,0.0,,,,,,,,,162.0,44550.0,,,,Literature,1285.0,23.0,0.0,174.7058823529412,174.7058823529412,174.7058823529412,0.0,255.0,0.0,0.0,44550.0,174.7058823529412,False,270.0,288.43995510662177,2024,False,False,False,False,False,
finish_0069,digital minamalism,2024-01-21,112.5,120.0,112.5,82.5,90.0,82.5,0.0,0.0,0.0,30.0,30.0,30.0,5,2023-11-11,2024-01-21,112.5,calendar_analysis_duration_with_gt15m_overlap_restored,7.5,0.0,1,False,,,64190.0,local_file_word_count,high,/Users/clarkbenham/side_projects/data/Takeout_Play_books_03_16_25_pt2/Google Play Books/Digital Minimalism/Digital Minimalism.epub,100.0,Digital Minimalism.html,64190.0,73843.0,9653.0,epub_spine_body_sections,,,,,,,,,,0.0,0.0,0.0,570.5777777777778,534.9166666666666,534.9166666666666,0.0,112.5,0.0,0.0,64190.0,570.5777777777778,False,778.060606060606,0.0,2024,True,True,True,True,True,
finish_0070,ewtca,2024-02-19,292.5,300.0,292.5,232.5,240.0,232.5,0.0,0.0,0.0,60.0,60.0,60.0,11,2023-11-12,2024-02-19,292.5,calendar_analysis_duration_with_gt15m_overlap_restored,7.5,0.0,1,False,,,,,low,,0.0,,,,,,,,,,,,,,,,,,,,,0.0,292.5,0.0,0.0,,,False,,,2024,False,False,False,False,False,
finish_0071,how to win friends and influence people,2024-02-24,292.5,315.0,307.5,262.5,285.0,277.5,0.0,0.0,0.0,30.0,30.0,30.0,10,2023-08-27,2024-02-24,307.5,calendar_analysis_duration_with_gt15m_overlap_restored,22.5,15.0,1,False,,,80456.0,local_file_word_count,high,"/Users/clarkbenham/side_projects/data/Books/How to Win Friends and Influence People -- Carnegie, Dale -- 2009 -- Simon and Schuster.epub",90.0,how to win friends and influence people,80456.0,80457.0,1.0,epub_spine_body_sections,,72000.0,https://www.readinglength.com/book/B13Et31,276.0,75900.0,-8456.0,-0.1051009247290444,0.1051009247290444,"Business, management",0.0,0.0,0.0,261.64552845528453,255.41587301587302,255.41587301587302,0.0,307.5,0.0,0.0,80456.0,261.64552845528453,False,306.49904761904764,0.0,2024,True,True,True,True,True,
finish_0072,Tremendous Trifles,2024-03-01,60.0,60.0,60.0,30.0,30.0,30.0,0.0,0.0,0.0,30.0,30.0,30.0,3,2024-01-31,2024-03-01,60.0,calendar_analysis_duration_with_gt15m_overlap_restored,0.0,0.0,1,False,,,59778.0,local_file_word_count,high,/Users/clarkbenham/side_projects/data/Takeout_Play_books_03_16_25_pt2/Google Play Books/Tremendous Trifles/Tremendous Trifles.epub,100.0,Tremendous Trifles,59778.0,60112.0,334.0,epub_spine_body_sections,,,,142.0,39050.0,,,,Literature,0.0,0.0,0.0,996.3,996.3,996.3,0.0,60.0,0.0,0.0,59778.0,996.3,False,1992.6,0.0,2024,True,True,True,False,False,calendar_time_lte_90_minutes
finish_0073,Jude the Obscure,2024-03-08,487.5,570.0,570.0,457.5,510.0,510.0,0.0,0.0,0.0,30.0,60.0,60.0,8,2024-03-04,2024-03-08,570.0,calendar_analysis_duration_with_gt15m_overlap_restored,82.5,82.5,1,False,,,66000.0,metadata_pages_x_words_per_page,medium,,0.0,,,,,,,,,240.0,66000.0,,,,Literature,0.0,0.0,0.0,115.78947368421052,115.78947368421052,115.78947368421052,0.0,570.0,0.0,0.0,66000.0,115.78947368421052,False,144.2622950819672,0.0,2024,False,False,False,False,False,
finish_0074,A Connecticut Yankee in King Arthur’s Court,2024-03-12,345.0,345.0,345.0,285.0,285.0,285.0,0.0,0.0,0.0,60.0,60.0,60.0,6,2022-10-27,2024-03-12,345.0,calendar_analysis_duration_with_gt15m_overlap_restored,0.0,0.0,1,False,,,109175.0,metadata_pages_x_words_per_page,medium,,0.0,,,,,,,,,397.0,109175.0,,,,Literature,3665.0,63.0,102.0,316.4492753623188,316.4492753623188,316.4492753623188,0.0,345.0,0.0,0.0,109175.0,316.4492753623188,False,383.0701754385965,335.69956491870846,2024,False,False,False,False,False,
finish_0075,The Checklist Manifesto,2024-03-19,105.0,105.0,105.0,0.0,0.0,0.0,0.0,0.0,0.0,105.0,105.0,105.0,1,2024-03-19,2024-03-19,105.0,calendar_analysis_duration_with_gt15m_overlap_restored,0.0,0.0,1,False,,,56909.0,local_file_word_count,high,/Users/clarkbenham/side_projects/data/Takeout_Play_books_03_16_25_pt2/Google Play Books/The Checklist Manifesto/The Checklist Manifesto.epub,100.0,The Checklist Manifesto,56909.0,58116.0,1207.0,epub_spine_body_sections,,60000.0,https://www.readinglength.com/work/WmSu2Qp,209.0,57475.0,3091.0,0.0543147832504524,0.0543147832504524,"Business, management",6154.0,104.0,4.0,541.9904761904762,541.9904761904762,541.9904761904762,0.0,105.0,0.0,0.0,56909.0,541.9904761904762,False,inf,1081.3755293538807,2024,True,True,True,True,True,
finish_0076,the persuit of the well beloved,2024-03-27,240.0,240.0,240.0,90.0,90.0,90.0,0.0,0.0,0.0,150.0,150.0,150.0,2,2024-03-26,2024-03-27,240.0,calendar_analysis_duration_with_gt15m_overlap_restored,0.0,0.0,1,False,,,63910.0,local_file_word_count,high,/Users/clarkbenham/side_projects/data/Books/The Pursuit of the Well-Beloved by Thomas Hardy.pdf,100.0,The Pursuit of the Well-Beloved by Thomas Hardy.pdf,63910.0,64894.0,984.0,pdf_repeated_header_footer_body_pages,,,,,,,,,,0.0,0.0,0.0,266.2916666666667,266.2916666666667,266.2916666666667,0.0,240.0,0.0,0.0,63910.0,266.2916666666667,False,710.1111111111111,0.0,2024,True,True,True,True,True,
finish_0077,knudson,2024-04-10,195.0,195.0,195.0,0.0,0.0,0.0,0.0,0.0,0.0,195.0,195.0,195.0,1,2024-04-10,2024-04-10,195.0,calendar_analysis_duration_with_gt15m_overlap_restored,0.0,0.0,1,False,,,,,low,,0.0,,,,,,,,,,,,,,,0.0,0.0,0.0,,,,0.0,195.0,0.0,0.0,,,False,,,2024,False,False,False,False,False,
finish_0078,Marooned in Real Time,2024-05-03,270.0,270.0,270.0,210.0,210.0,210.0,0.0,0.0,0.0,60.0,60.0,60.0,2,2024-05-02,2024-05-03,270.0,calendar_analysis_duration_with_gt15m_overlap_restored,0.0,0.0,1,False,,,,,low,,0.0,,,,,,,,,,,,,,,0.0,0.0,0.0,,,,0.0,270.0,0.0,0.0,,,False,,,2024,False,False,False,False,False,
finish_0079,the world of null a,2024-05-05,195.0,195.0,195.0,120.0,120.0,120.0,0.0,0.0,0.0,75.0,75.0,75.0,4,2024-05-04,2024-05-05,195.0,calendar_analysis_duration_with_gt15m_overlap_restored,0.0,0.0,1,False,,,67619.0,local_file_word_count,high,/Users/clarkbenham/side_projects/data/Takeout_Play_books_03_16_25_pt2/Google Play Books/the world of null a by a-e-van vogt/the world of null a by a-e-van vogt.pdf,100.0,the world of null a by a-e-van vogt.pdf,67619.0,67619.0,0.0,pdf_repeated_header_footer_body_pages,,,,221.0,60775.0,,,,fiction,0.0,0.0,0.0,346.7641025641026,346.7641025641026,346.7641025641026,0.0,195.0,0.0,0.0,67619.0,346.7641025641026,False,563.4916666666667,0.0,2024,True,True,True,True,True,
finish_0080,16 ways to defend a walled city,2024-05-12,285.0,285.0,285.0,0.0,0.0,0.0,0.0,0.0,0.0,285.0,285.0,285.0,1,2024-05-12,2024-05-12,285.0,calendar_analysis_duration_with_gt15m_overlap_restored,0.0,0.0,1,False,,,111240.0,local_file_word_count,high,/Users/clarkbenham/side_projects/data/Takeout_Play_books_03_16_25_pt2/Google Play Books/Sixteen Ways to Defend a Walled City/Sixteen Ways to Defend a Walled City.epub,100.0,Sixteen Ways to Defend a Walled City.html,111240.0,111680.0,440.0,epub_spine_body_sections,,,,384.0,105600.0,,,,fiction,1144.0,27.0,12.0,390.3157894736842,390.3157894736842,390.3157894736842,0.0,285.0,0.0,0.0,111240.0,390.3157894736842,False,inf,102.84070478245236,2024,True,True,True,True,True,
finish_0081,Methuselah's Children,2024-05-15,165.0,165.0,165.0,120.0,120.0,120.0,0.0,0.0,0.0,45.0,45.0,45.0,2,2024-05-15,2024-05-15,165.0,calendar_analysis_duration_with_gt15m_overlap_restored,0.0,0.0,1,False,,,67250.0,local_file_word_count,high,"/Users/clarkbenham/side_projects/data/Books/Methuselah's Children - Heinlein, Robert Anson.epub",90.0,Methuselah's Children,67250.0,67250.0,0.0,epub_spine_body_sections,,,,,,,,,,0.0,0.0,0.0,407.57575757575756,407.57575757575756,407.57575757575756,0.0,165.0,0.0,0.0,67250.0,407.57575757575756,False,560.4166666666666,0.0,2024,True,True,True,True,True,
finish_0082,move: the dark knight,2024-05-17,67.5,75.0,67.5,15.0,15.0,15.0,0.0,0.0,0.0,52.5,60.0,52.5,2,2023-01-06,2024-05-17,67.5,calendar_analysis_duration_with_gt15m_overlap_restored,7.5,0.0,1,False,,,,,low,,0.0,,,,,,,,,,,,,,,0.0,0.0,0.0,,,,0.0,67.5,0.0,0.0,,,False,,,2024,False,False,False,False,False,
finish_0083,consider phlebas,2024-06-04,529.9999999999999,555.0,544.9999999999999,484.99999999999994,510.0,499.99999999999994,0.0,0.0,0.0,45.0,45.0,45.0,12,2024-05-17,2024-06-04,544.9999999999999,calendar_analysis_duration_with_gt15m_overlap_restored,25.000000000000114,15.0,1,False,,,172882.0,local_file_word_count,high,"/Users/clarkbenham/side_projects/data/Takeout_Play_books_03_16_25_pt2/Google Play Books/Consider Phlebas- Iain M. Banks -(Culture 1, 2008)/Consider Phlebas- Iain M. Banks -(Culture 1, 20.pdf",90.0,consider phlebas,172882.0,172982.0,100.0,pdf_repeated_header_footer_body_pages,,,,471.0,129525.0,,,,fiction,0.0,0.0,0.0,317.2146788990826,311.4990990990991,311.4990990990991,0.0,544.9999999999999,0.0,0.0,172882.0,317.2146788990826,False,356.4577319587629,0.0,2024,True,True,True,True,True,
finish_0084,50 essays by george orwell,2024-06-19,907.5,975.0,967.5,802.5,870.0,862.5,0.0,0.0,0.0,105.0,105.0,105.0,20,2024-06-09,2024-06-19,967.5,calendar_analysis_duration_with_gt15m_overlap_restored,67.5,60.0,1,False,,,232021.0,local_file_word_count,high,/Users/clarkbenham/side_projects/data/Books/ 50 Essays by George Orwell.lit,100.0,50 essays by george orwell,232021.0,232021.0,0.0,lit_raw_text,no_section_level_body_filter_available,,,346.0,95150.0,,,,Literature,20023.0,298.0,86.0,239.81498708010335,237.9702564102564,237.9702564102564,0.0,967.5,0.0,0.0,232021.0,239.81498708010335,False,289.1227414330218,862.9822300567622,2024,True,True,True,True,True,
finish_0085,Jeeves Stories,2024-06-30,517.5,532.5,517.5,457.5,472.5,457.5,0.0,0.0,0.0,60.0,60.0,60.0,15,2024-03-30,2024-06-30,517.5,calendar_analysis_duration_with_gt15m_overlap_restored,15.0,0.0,1,False,,,72325.0,metadata_pages_x_words_per_page,medium,,0.0,,,,,,,,,263.0,72325.0,,,,Literature,2823.0,64.0,0.0,139.7584541062802,135.82159624413146,135.82159624413146,0.0,517.5,0.0,0.0,72325.0,139.7584541062802,False,158.08743169398906,390.3214656066367,2024,False,False,False,False,False,
finish_0086,Just for Fun : The Story of an Accidental Revolutionary,2024-07-14,180.0,195.0,180.0,157.5,165.0,157.5,0.0,0.0,0.0,22.5,30.0,22.5,4,2024-07-01,2024-07-14,180.0,calendar_analysis_duration_with_gt15m_overlap_restored,15.0,0.0,1,False,,,81107.0,local_file_word_count,high,/Users/clarkbenham/side_projects/data/Takeout_Play_books_03_16_25_pt2/Google Play Books/Just for Fun _ The Story of an Accidental Revoluti/Just for Fun _ The Story of an Accidental Revoluti.epub,100.0,Just for Fun _ The Story of an Accidental Revoluti.html,81107.0,81355.0,248.0,epub_spine_body_sections,,,,275.0,75625.0,,,,"Business, management",7951.0,111.0,102.0,450.59444444444443,415.93333333333334,415.93333333333334,0.0,180.0,0.0,0.0,81107.0,450.59444444444443,False,514.9650793650794,980.3099609158272,2024,True,True,True,True,True,
finish_0087,Stalky & Co,2024-07-30,255.0,255.0,255.0,0.0,0.0,0.0,0.0,0.0,0.0,255.0,255.0,255.0,1,2024-07-30,2024-07-30,255.0,calendar_analysis_duration_with_gt15m_overlap_restored,0.0,0.0,1,False,,,,,low,,0.0,,,,,,,,,,,,,,,0.0,0.0,0.0,,,,0.0,255.0,0.0,0.0,,,False,,,2024,False,False,False,False,False,
finish_0088,what is man and other essays,2024-08-07,75.0,75.0,75.0,60.0,60.0,60.0,0.0,0.0,0.0,15.0,15.0,15.0,2,2024-08-07,2024-08-07,75.0,calendar_analysis_duration_with_gt15m_overlap_restored,0.0,0.0,1,False,,,101021.0,local_file_word_count,high,"/Users/clarkbenham/side_projects/data/Books/What is Man_ and Other Essays, by Mark Twain.pdf",100.0,"What is Man_ and Other Essays, by Mark Twain.pdf",101021.0,107422.0,6401.0,pdf_repeated_header_footer_body_pages,,,,375.0,103125.0,,,,Literature,0.0,0.0,0.0,1346.9466666666667,1346.9466666666667,1346.9466666666667,0.0,75.0,0.0,0.0,101021.0,1346.9466666666667,False,1683.6833333333334,0.0,2024,True,True,True,False,False,calendar_time_lte_90_minutes
finish_0089,essay: tausf,2024-08-18,45.0,45.0,45.0,0.0,0.0,0.0,0.0,0.0,0.0,45.0,45.0,45.0,1,2024-08-18,2024-08-18,45.0,calendar_analysis_duration_with_gt15m_overlap_restored,0.0,0.0,1,False,,,,,low,,0.0,,,,,,,,,,,,,,,0.0,0.0,0.0,,,,0.0,45.0,0.0,0.0,,,False,,,2024,False,False,False,False,False,
finish_0090,there is no anti-memetic division,2024-08-24,180.0,180.0,180.0,120.0,120.0,120.0,0.0,0.0,0.0,60.0,60.0,60.0,2,2024-08-24,2024-08-24,180.0,calendar_analysis_duration_with_gt15m_overlap_restored,0.0,0.0,1,False,,,59283.0,local_file_word_count,high,/Users/clarkbenham/side_projects/data/Takeout_Play_books_03_16_25_pt2/Google Play Books/There Is No Antimemetics Division/There Is No Antimemetics Division.epub,100.0,There Is No Antimemetics Division.html,59283.0,59496.0,213.0,epub_spine_body_sections,,,,253.0,69575.0,,,,fiction,0.0,0.0,0.0,329.35,329.35,329.35,0.0,180.0,0.0,0.0,59283.0,329.35,False,494.025,0.0,2024,True,True,True,True,True,
finish_0091,consider the lobster,2024-08-27,427.5,435.0,427.5,322.5,330.0,322.5,0.0,0.0,0.0,105.0,105.0,105.0,5,2024-08-26,2024-08-27,427.5,calendar_analysis_duration_with_gt15m_overlap_restored,7.5,0.0,1,False,,,142712.0,local_file_word_count,high,/Users/clarkbenham/side_projects/data/Takeout_Play_books_03_16_25_pt2/Google Play Books/David Foster Wallace - Consider the Lobster and Ot/David Foster Wallace - Consider the Lobster and.pdf,90.0,consider the lobster,142712.0,145987.0,3275.0,pdf_repeated_header_footer_body_pages,,,,,,,,,,0.0,0.0,0.0,333.82923976608186,328.0735632183908,328.0735632183908,0.0,427.5,0.0,0.0,142712.0,333.82923976608186,False,442.5178294573643,0.0,2024,True,True,True,True,True,
finish_0092,the last interview,2024-08-28,60.0,60.0,60.0,0.0,0.0,0.0,0.0,0.0,0.0,60.0,60.0,60.0,1,2024-08-28,2024-08-28,60.0,calendar_analysis_duration_with_gt15m_overlap_restored,0.0,0.0,1,False,,,27863.0,local_file_word_count,high,/Users/clarkbenham/side_projects/data/Takeout_Play_books_03_16_25_pt2/Google Play Books/David Foster Wallace/David Foster Wallace.epub,90.0,David Foster Wallace the last interview,27863.0,27966.0,103.0,epub_spine_body_sections,,,,,,,,,General Reading,0.0,0.0,0.0,464.3833333333333,464.3833333333333,464.3833333333333,0.0,60.0,0.0,0.0,27863.0,464.3833333333333,False,inf,0.0,2024,True,True,True,False,False,calendar_time_lte_90_minutes
finish_0093,A Supposedly Fun Thing I'll Never Do Again,2024-09-04,285.0,375.0,375.0,210.0,300.0,300.0,0.0,0.0,0.0,75.0,75.0,75.0,5,2024-09-03,2024-09-04,375.0,calendar_analysis_duration_with_gt15m_overlap_restored,90.0,90.0,1,False,,,151292.0,local_file_word_count,high,/Users/clarkbenham/side_projects/data/Takeout_Play_books_03_16_25_pt2/Google Play Books/A Supposedly Fun Thing I_ll Never Do Again/A Supposedly Fun Thing I_ll Never Do Again.epub,100.0,A Supposedly Fun Thing I_ll Never Do Again.html,151292.0,151293.0,1.0,epub_spine_body_sections,,,,353.0,97075.0,,,,General Reading,9021.0,95.0,38.0,403.44533333333334,403.44533333333334,403.44533333333334,0.0,375.0,0.0,0.0,151292.0,403.44533333333334,False,720.4380952380952,596.2641778811834,2024,True,True,True,True,True,
finish_0094,The Oxford Book of Short Stories,2024-09-14,742.0916666666667,795.0,770.0,712.0916666666667,765.0,740.0,0.0,0.0,0.0,30.0,30.0,30.0,22,2024-08-08,2024-09-14,770.0,calendar_analysis_duration_with_gt15m_overlap_restored,52.9083333333333,27.908333333333303,1,False,,,231362.0,local_file_word_count,high,/Users/clarkbenham/side_projects/data/Takeout_Play_books_03_16_25_pt2/Google Play Books/The Oxford Book of Short Stories/The Oxford Book of Short Stories.epub,100.0,The Oxford Book of Short Stories,231362.0,231363.0,1.0,epub_spine_body_sections,all_non_front_sections_reclassified_as_body,,,547.0,150425.0,,,,Literature,4537.0,67.0,0.0,300.4701298701299,291.02138364779876,291.02138364779876,0.0,770.0,0.0,0.0,231362.0,300.4701298701299,False,324.9047992416707,196.0996187792291,2024,True,True,True,True,True,
finish_0095,Red Plenty,2024-09-19,600.0,600.0,600.0,585.0,585.0,585.0,0.0,0.0,0.0,15.0,15.0,15.0,10,2024-09-17,2024-09-19,600.0,calendar_analysis_duration_with_gt15m_overlap_restored,0.0,0.0,1,False,,,141066.0,local_file_word_count,high,/Users/clarkbenham/side_projects/data/Takeout_Play_books_03_16_25_pt2/Google Play Books/Red Plenty/Red Plenty.epub,100.0,Red Plenty,141066.0,172213.0,31147.0,epub_spine_body_sections,,,,434.0,119350.0,,,,General Reading,14255.0,172.0,52.0,235.11,235.11,235.11,0.0,600.0,0.0,0.0,141066.0,235.11,False,241.13846153846154,1010.5198984872329,2024,True,True,True,True,True,
finish_0096,The innocence of Father Brown,2024-09-25,255.0,255.0,255.0,240.0,240.0,240.0,0.0,0.0,0.0,15.0,15.0,15.0,9,2024-06-12,2024-09-25,255.0,calendar_analysis_duration_with_gt15m_overlap_restored,0.0,0.0,1,False,,,83563.0,local_file_word_count,high,/Users/clarkbenham/side_projects/data/Takeout_Play_books_03_16_25_pt2/Google Play Books/The innocence of Father Brown/The innocence of Father Brown.epub,100.0,The innocence of Father Brown,83563.0,83772.0,209.0,epub_spine_body_sections,,,,208.0,57200.0,,,,General Reading,0.0,0.0,0.0,327.69803921568626,327.69803921568626,327.69803921568626,0.0,255.0,0.0,0.0,83563.0,327.69803921568626,False,348.1791666666667,0.0,2024,True,True,True,True,True,
finish_0097,hitlers uranium club,2024-10-02,382.5,390.0,382.5,367.5,375.0,367.5,0.0,0.0,0.0,15.0,15.0,15.0,8,2024-08-08,2024-10-02,382.5,calendar_analysis_duration_with_gt15m_overlap_restored,7.5,0.0,1,False,,,207435.0,local_file_word_count,high,/Users/clarkbenham/side_projects/data/Books/Hitler’s Uranium Club_ The Secret Recordings at Farm Hall - Jeremy Bernstein.pdf,100.0,Hitler’s Uranium Club_ The Secret Recordings at Farm Hall - Jeremy Bernstein.pdf,207435.0,211108.0,3673.0,pdf_repeated_header_footer_body_pages,,,,,,,,,,0.0,0.0,0.0,542.3137254901961,531.8846153846154,531.8846153846154,0.0,382.5,0.0,0.0,207435.0,542.3137254901961,False,564.4489795918367,0.0,2024,True,True,True,True,True,
finish_0098,Brief Interviews with Hideous Men,2024-10-09,397.5,420.0,420.0,382.5,405.0,405.0,0.0,0.0,0.0,15.0,15.0,15.0,10,2024-09-14,2024-10-09,420.0,calendar_analysis_duration_with_gt15m_overlap_restored,22.5,22.5,1,False,,,109804.0,local_file_word_count,high,/Users/clarkbenham/side_projects/data/Takeout_Play_books_03_16_25_pt2/Google Play Books/Brief Interviews with Hideous Men/Brief Interviews with Hideous Men.epub,100.0,Brief Interviews with Hideous Men,109804.0,109940.0,136.0,epub_spine_body_sections,,,,281.0,77275.0,,,,Literature,3880.0,47.0,0.0,261.43809523809523,261.43809523809523,261.43809523809523,0.0,420.0,0.0,0.0,109804.0,261.43809523809523,False,287.0692810457516,353.35689045936397,2024,True,True,True,True,True,
finish_0099,the religion war,2024-10-09,150.0,150.0,150.0,105.0,105.0,105.0,0.0,0.0,0.0,45.0,45.0,45.0,2,2024-10-09,2024-10-09,150.0,calendar_analysis_duration_with_gt15m_overlap_restored,0.0,0.0,1,False,,,,,low,,0.0,,,,,,,,,,,,,,,0.0,0.0,0.0,,,,0.0,150.0,0.0,0.0,,,False,,,2024,False,False,False,False,False,
finish_0100,self help is like a vaccine,2024-10-11,82.5,90.0,82.5,67.5,75.0,67.5,0.0,0.0,0.0,15.0,15.0,15.0,2,2024-10-10,2024-10-11,82.5,calendar_analysis_duration_with_gt15m_overlap_restored,7.5,0.0,1,False,,,34342.0,local_file_word_count,high,/Users/clarkbenham/side_projects/data/Takeout_Play_books_03_16_25_pt2/Google Play Books/Self-Help Is Like a Vaccine_ Essays on Living Bett/Self-Help Is Like a Vaccine_ Essays on Living Bett.epub,100.0,Self-Help Is Like a Vaccine_ Essays on Living Bett.html,34342.0,34712.0,370.0,epub_spine_body_sections,,,,,,,,,General Reading,4173.0,43.0,392.0,416.26666666666665,381.5777777777778,381.5777777777778,0.0,82.5,0.0,0.0,34342.0,416.26666666666665,False,508.77037037037036,1215.1301613185021,2024,True,True,True,False,False,calendar_time_lte_90_minutes
finish_0101,the goal,2024-10-12,422.49999999999994,422.49999999999994,422.49999999999994,414.99999999999994,414.99999999999994,414.99999999999994,0.0,0.0,0.0,7.5,7.5,7.5,9,2024-09-21,2024-10-12,422.49999999999994,calendar_analysis_duration_with_gt15m_overlap_restored,0.0,0.0,1,False,,,143587.0,local_file_word_count,high,/Users/clarkbenham/side_projects/data/Takeout_Play_books_03_16_25_pt2/Google Play Books/The Goal_ A Process of Ongoing Improvement/The Goal_ A Process of Ongoing Improvement.epub,100.0,The Goal_ A Process of Ongoing Improvement.html,143587.0,143785.0,198.0,epub_spine_body_sections,,102000.0,https://www.readinglength.com/work/WbLKyCZ,,,-41587.0,-0.2896292839881048,0.2896292839881048,,0.0,0.0,0.0,339.85088757396454,339.85088757396454,339.85088757396454,0.0,422.49999999999994,0.0,0.0,143587.0,339.85088757396454,False,345.9927710843374,0.0,2024,True,True,True,True,True,
finish_0102,situational awareness,2024-10-17,165.0,165.0,165.0,60.0,60.0,60.0,0.0,0.0,0.0,105.0,105.0,105.0,2,2024-10-16,2024-10-17,165.0,calendar_analysis_duration_with_gt15m_overlap_restored,0.0,0.0,1,False,,,,,low,,0.0,,,,,,,,,,,,,,,0.0,0.0,0.0,,,,0.0,165.0,0.0,0.0,,,False,,,2024,False,False,False,False,False,
finish_0103,The Doomsday Machine,2024-10-24,562.5,570.0,562.5,487.5,495.0,487.5,0.0,0.0,0.0,75.0,75.0,75.0,5,2024-10-23,2024-10-24,562.5,calendar_analysis_duration_with_gt15m_overlap_restored,7.5,0.0,1,False,,,139990.0,local_file_word_count,high,/Users/clarkbenham/side_projects/data/Takeout_Play_books_03_16_25_pt1/Google Play Books/The Doomsday Machine/The Doomsday Machine.epub,100.0,The Doomsday Machine,139990.0,170223.0,30233.0,epub_spine_body_sections,,,,,,,,,"Business, management",22409.0,308.0,422.0,248.8711111111111,245.59649122807016,245.59649122807016,0.0,562.5,0.0,0.0,139990.0,248.8711111111111,False,287.1589743589744,1600.7571969426388,2024,True,True,True,True,True,
finish_0104,into the aquarium,2024-10-25,480.0,480.0,480.0,450.0,450.0,450.0,0.0,0.0,0.0,30.0,30.0,30.0,7,2024-10-25,2024-10-25,480.0,calendar_analysis_duration_with_gt15m_overlap_restored,0.0,0.0,1,False,,,,,low,,0.0,,,,,,,,,,,,,,,0.0,0.0,0.0,,,,0.0,480.0,0.0,0.0,,,False,,,2024,False,False,False,False,False,
finish_0105,How to Fail at Almost Everything and Still Win Big,2024-10-31,180.0,210.0,195.0,90.0,105.0,90.0,0.0,0.0,0.0,90.0,105.0,105.0,4,2024-10-22,2024-10-31,195.0,calendar_analysis_duration_with_gt15m_overlap_restored,30.0,15.0,1,False,,,82597.0,local_file_word_count,high,/Users/clarkbenham/side_projects/data/Takeout_Play_books_03_16_25_pt2/Google Play Books/How to Fail at Almost Everything and Still Win Big/How to Fail at Almost Everything and Still Win Big.epub,100.0,How to Fail at Almost Everything and Still Win Big,82597.0,88438.0,5841.0,epub_spine_body_sections,,,,248.0,68200.0,,,,"Business, management",6308.0,116.0,138.0,423.574358974359,393.31904761904764,393.31904761904764,0.0,195.0,0.0,0.0,82597.0,423.574358974359,False,917.7444444444444,763.7081249924331,2024,True,True,True,True,True,
finish_0106,metropolis man,2024-11-08,127.5,135.0,127.5,45.0,45.0,45.0,0.0,0.0,0.0,82.5,90.0,82.5,2,2024-11-08,2024-11-08,127.5,calendar_analysis_duration_with_gt15m_overlap_restored,7.5,0.0,1,False,,,,,low,,0.0,,,,,,,,,,,,,,,0.0,0.0,0.0,,,,0.0,127.5,0.0,0.0,,,False,,,2024,False,False,False,False,False,
finish_0107,IMPRO Improvisation and the Theatre,2024-11-09,165.0,165.0,165.0,135.0,135.0,135.0,0.0,0.0,0.0,30.0,30.0,30.0,4,2024-11-02,2024-11-09,165.0,calendar_analysis_duration_with_gt15m_overlap_restored,0.0,0.0,1,False,,,86008.0,local_file_word_count,high,/Users/clarkbenham/side_projects/data/Takeout_Play_books_03_16_25_pt2/Google Play Books/IMPRO Improvisation and the Theatre/IMPRO Improvisation and the Theatre.epub,100.0,IMPRO Improvisation and the Theatre,86008.0,86272.0,264.0,epub_spine_body_sections,,,,208.0,57200.0,,,,General Reading,7383.0,138.0,102.0,521.260606060606,521.260606060606,521.260606060606,0.0,165.0,0.0,0.0,86008.0,521.260606060606,False,637.0962962962963,858.4085201376616,2024,True,True,True,True,True,
finish_0108,Downfall,2024-11-17,225.0,225.0,225.0,135.0,135.0,135.0,0.0,0.0,0.0,90.0,90.0,90.0,4,2024-11-15,2024-11-17,225.0,calendar_analysis_duration_with_gt15m_overlap_restored,0.0,0.0,1,False,,,55612.0,local_file_word_count,high,/Users/clarkbenham/side_projects/data/Takeout_Play_books_03_16_25_pt2/Google Play Books/Downfall/Downfall.epub,100.0,Downfall,55612.0,66362.0,10750.0,epub_spine_body_sections,,,,,,,,,"Business, management",8168.0,168.0,122.0,247.16444444444446,247.16444444444446,247.16444444444446,0.0,225.0,0.0,0.0,55612.0,247.16444444444446,False,411.94074074074075,1468.7477522836798,2024,True,True,True,True,True,
finish_0109,Designing Machine Learning Systems,2024-11-21,225.0,225.0,225.0,90.0,90.0,90.0,0.0,0.0,0.0,135.0,135.0,135.0,2,2024-11-19,2024-11-21,225.0,calendar_analysis_duration_with_gt15m_overlap_restored,0.0,0.0,1,False,,,130648.0,local_file_word_count,high,/Users/clarkbenham/side_projects/data/Takeout_Play_books_03_16_25_pt2/Google Play Books/Designing Machine Learning Systems/Designing Machine Learning Systems.epub,100.0,Designing Machine Learning Systems,130648.0,137549.0,6901.0,epub_spine_body_sections,,,,386.0,106150.0,,,,Machine Learning,7297.0,175.0,196.0,580.6577777777778,580.6577777777778,580.6577777777778,0.0,225.0,0.0,0.0,130648.0,580.6577777777778,False,1451.6444444444444,558.5236666462556,2024,True,True,True,True,True,
finish_0110,"Declare_ A novel - Powers, Tim.pdf",2024-11-28,532.5,540.0,532.5,262.5,270.0,262.5,0.0,0.0,0.0,270.0,270.0,270.0,5,2024-11-21,2024-11-28,532.5,calendar_analysis_duration_with_gt15m_overlap_restored,7.5,0.0,1,False,,,212326.0,local_file_word_count,high,"/Users/clarkbenham/side_projects/data/Books/Declare_ A novel - Powers, Tim.pdf",100.0,"Declare_ A novel - Powers, Tim.pdf",212326.0,212506.0,180.0,pdf_repeated_header_footer_body_pages,,,,528.0,145200.0,,,,fiction,0.0,0.0,0.0,398.73427230046946,393.1962962962963,393.1962962962963,0.0,532.5,0.0,0.0,212326.0,398.73427230046946,False,808.8609523809524,0.0,2024,True,True,True,True,True,
finish_0111,htwww,2024-12-11,690.0,705.0,690.0,660.0,675.0,660.0,0.0,0.0,0.0,30.0,30.0,30.0,12,2024-12-03,2024-12-11,690.0,calendar_analysis_duration_with_gt15m_overlap_restored,15.0,0.0,1,False,,,,,low,,0.0,,,,,,,,,,,,,,,,,,,,,0.0,690.0,0.0,0.0,,,False,,,2024,False,False,False,False,False,
finish_0112,machine learning engineering,2024-12-12,212.5,220.0,212.5,167.5,175.0,167.5,0.0,0.0,0.0,45.0,45.0,45.0,6,2024-12-02,2024-12-12,212.5,calendar_analysis_duration_with_gt15m_overlap_restored,7.5,0.0,1,False,,,106950.0,local_file_word_count,high,/Users/clarkbenham/side_projects/data/Books/Machine Learning Engineering - Andriy Burkov - (2020).pdf,100.0,Machine Learning Engineering - Andriy Burkov - (2020).pdf,106950.0,107355.0,405.0,pdf_repeated_header_footer_body_pages,,,,301.0,82775.0,,,,Machine Learning,0.0,0.0,0.0,503.29411764705884,486.1363636363636,486.1363636363636,0.0,212.5,0.0,0.0,106950.0,503.29411764705884,False,638.5074626865671,0.0,2024,True,True,True,True,True,
finish_0113,nonviolent communication,2024-12-17,225.0,225.0,225.0,210.0,210.0,210.0,0.0,0.0,0.0,15.0,15.0,15.0,6,2024-12-06,2024-12-17,225.0,calendar_analysis_duration_with_gt15m_overlap_restored,0.0,0.0,1,False,,,77611.0,local_file_word_count,high,/Users/clarkbenham/side_projects/data/Takeout_Play_books_03_16_25_pt1/Google Play Books/Nonviolent Communication_ A Language of Life_ Life/Nonviolent Communication_ A Language of Life_ Life.epub,100.0,Nonviolent Communication_ A Language of Life_ Life.html,77611.0,77612.0,1.0,epub_spine_body_sections,,,,,,,,,General Reading,5630.0,123.0,86.0,344.9377777777778,344.9377777777778,344.9377777777778,0.0,225.0,0.0,0.0,77611.0,344.9377777777778,False,369.5761904761905,725.4126348069218,2024,True,True,True,True,True,
finish_0114,the art of military innovation,2024-12-19,457.5,465.0,457.5,427.5,435.0,427.5,0.0,0.0,0.0,30.0,30.0,30.0,10,2024-12-14,2024-12-19,457.5,calendar_analysis_duration_with_gt15m_overlap_restored,7.5,0.0,1,False,,,117126.0,local_file_word_count,high,/Users/clarkbenham/side_projects/data/Takeout_Play_books_03_16_25_pt2/Google Play Books/The Art of Military Innovation Lessons from the Is/The Art of Military Innovation Lessons from the Is.epub,100.0,The Art of Military Innovation Lessons from the Is.html,117126.0,117127.0,1.0,epub_spine_body_sections,all_non_front_sections_reclassified_as_body,,,,,,,,"Business, management",12776.0,218.0,642.0,256.01311475409835,251.88387096774193,251.88387096774193,0.0,457.5,0.0,0.0,117126.0,256.01311475409835,False,273.9789473684211,1090.7911138432116,2024,True,True,True,True,True,
finish_0115,Kipling by Harold bloom,2024-12-23,7005.0,7125.0,7110.0,6885.0,7005.0,6990.0,30.0,30.0,30.0,90.0,90.0,90.0,159,2021-06-04,2024-12-23,7110.0,calendar_analysis_duration_with_gt15m_overlap_restored,120.0,105.0,1,False,,,,,low,,0.0,,,,,,,,,,,,,,,0.0,0.0,0.0,,,,30.0,7080.0,0.004219409282700422,10500.0,,,False,,,2024,False,False,False,False,False,
finish_0116,Ms Dalloway,2025-01-01,180.0,225.0,210.0,127.5,165.0,157.5,0.0,0.0,0.0,52.5,60.0,52.5,6,2024-12-15,2025-01-01,210.0,calendar_analysis_duration_with_gt15m_overlap_restored,45.0,30.0,1,False,,,,,low,,0.0,,,,,,,,,,,,,,,0.0,0.0,0.0,,,,0.0,210.0,0.0,0.0,,,False,,,2025,False,False,False,False,False,
finish_0117,Apollo: The Race to the Moon,2025-01-02,622.5,630.0,622.5,450.0,450.0,450.0,0.0,0.0,0.0,172.5,180.0,172.5,4,2024-12-30,2025-01-02,622.5,calendar_analysis_duration_with_gt15m_overlap_restored,7.5,0.0,1,False,,,201215.0,local_file_word_count,high,/Users/clarkbenham/side_projects/data/Takeout_Play_books_03_16_25_pt2/Google Play Books/Apollo_ The Race to the Moon/Apollo_ The Race to the Moon.epub,100.0,Apollo: The Race to the Moon,201215.0,201859.0,644.0,epub_spine_body_sections,,,,512.0,140800.0,,,,"Business, management",31523.0,421.0,392.0,323.23694779116465,319.3888888888889,319.3888888888889,0.0,622.5,0.0,0.0,201215.0,323.23694779116465,False,447.14444444444445,1566.6327063091717,2025,True,True,True,True,True,
finish_0118,best of Isaac Asimov,2025-01-10,390.0,390.0,390.0,360.0,360.0,360.0,0.0,0.0,0.0,30.0,30.0,30.0,7,2025-01-09,2025-01-10,390.0,calendar_analysis_duration_with_gt15m_overlap_restored,0.0,0.0,1,False,,,113961.0,local_file_word_count,high,"/Users/clarkbenham/side_projects/data/Takeout_Play_books_03_16_25_pt1/Google Play Books/Microsoft Word - Best of Isaac Asimov, The - Isaac/Microsoft Word - Best of Isaac Asimov, The - Isaac.epub",100.0,"Microsoft Word - Best of Isaac Asimov, The - Isaac.html",113961.0,113962.0,1.0,epub_spine_body_sections,,,,,,,,,fiction,4344.0,64.0,164.0,292.2076923076923,292.2076923076923,292.2076923076923,0.0,390.0,0.0,0.0,113961.0,292.2076923076923,False,316.55833333333334,381.18303630189274,2025,True,True,True,True,True,
finish_0119,parkinson's law,2025-01-15,150.0,150.0,150.0,120.0,120.0,120.0,0.0,0.0,0.0,30.0,30.0,30.0,4,2022-05-23,2025-01-15,150.0,calendar_analysis_duration_with_gt15m_overlap_restored,0.0,0.0,1,False,,,28939.0,local_file_word_count,high,"/Users/clarkbenham/side_projects/data/Books/Parkinson’s Law, and Other Studies in Administration-Cyril Northcote Parkinson - Houghton Mifflin (1957).pdf",100.0,"Parkinson’s Law, and Other Studies in Administration-Cyril Northcote Parkinson - Houghton Mifflin (1957).pdf",28939.0,29045.0,106.0,pdf_repeated_header_footer_body_pages,,,,140.0,38500.0,,,,"Business, management",0.0,0.0,0.0,192.92666666666668,192.92666666666668,192.92666666666668,0.0,150.0,0.0,0.0,28939.0,192.92666666666668,False,241.15833333333333,0.0,2025,True,True,True,True,True,
finish_0120,how to succeed at business without really trying,2025-01-16,90.0,90.0,90.0,0.0,0.0,0.0,0.0,0.0,0.0,90.0,90.0,90.0,1,2025-01-16,2025-01-16,90.0,calendar_analysis_duration_with_gt15m_overlap_restored,0.0,0.0,1,False,,,21457.0,local_file_word_count,high,"/Users/clarkbenham/side_projects/data/Books/How to Succeed in Business Without Really Trying - Shepherd Mead - (1952, Simon and Schuster).pdf",100.0,"How to Succeed in Business Without Really Trying - Shepherd Mead - (1952, Simon and Schuster).pdf",21457.0,22124.0,667.0,pdf_repeated_header_footer_body_pages,,,,,,,,,"Business, management",0.0,0.0,0.0,238.4111111111111,238.4111111111111,238.4111111111111,0.0,90.0,0.0,0.0,21457.0,238.4111111111111,False,inf,0.0,2025,True,True,True,False,False,calendar_time_lte_90_minutes
finish_0121,Life and Fate,2025-01-22,1065.0,1125.0,1095.0,975.0,1035.0,1005.0,0.0,0.0,0.0,90.0,90.0,90.0,17,2025-01-04,2025-01-22,1095.0,calendar_analysis_duration_with_gt15m_overlap_restored,60.0,30.0,1,False,,,337014.0,local_file_word_count,high,/Users/clarkbenham/side_projects/data/Takeout_Play_books_03_16_25_pt1/Google Play Books/Life and Fate/Life and Fate.epub,100.0,Life and Fate,337014.0,337300.0,286.0,epub_spine_body_sections,,220000.0,https://www.readinglength.com/book/BRhPVDd,487.0,133925.0,-117014.0,-0.3472081278522554,0.3472081278522554,Literature,26672.0,254.0,160.0,307.7753424657534,299.568,299.568,0.0,1095.0,0.0,0.0,337014.0,307.7753424657534,False,345.6553846153846,791.4211279056656,2025,True,True,True,True,True,
finish_0122,Monday Starts on Saturday,2025-01-27,195.0,210.0,210.0,150.0,165.0,165.0,0.0,0.0,0.0,45.0,45.0,45.0,6,2025-01-26,2025-01-27,210.0,calendar_analysis_duration_with_gt15m_overlap_restored,15.0,15.0,1,False,,,86555.0,local_file_word_count,high,/Users/clarkbenham/side_projects/data/Takeout_Play_books_03_16_25_pt2/Google Play Books/Monday Starts on Saturday/Monday Starts on Saturday.epub,100.0,Monday Starts on Saturday,86555.0,86756.0,201.0,epub_spine_body_sections,,,,304.0,83600.0,,,,fiction,2818.0,38.0,16.0,412.1666666666667,412.1666666666667,412.1666666666667,0.0,210.0,0.0,0.0,86555.0,412.1666666666667,False,577.0333333333333,325.57333487377963,2025,True,True,True,True,True,
finish_0123,Kelly my share of it all,2025-01-28,300.0,300.0,300.0,195.0,195.0,195.0,0.0,0.0,0.0,105.0,105.0,105.0,5,2025-01-24,2025-01-28,300.0,calendar_analysis_duration_with_gt15m_overlap_restored,0.0,0.0,1,False,,,69319.0,local_file_word_count,high,/Users/clarkbenham/side_projects/data/Takeout_Play_books_03_16_25_pt1/Google Play Books/Kelly/Kelly.epub,100.0,Kelly.html,69319.0,69433.0,114.0,epub_spine_body_sections,,,,,,,,,General Reading,0.0,0.0,0.0,231.06333333333333,231.06333333333333,231.06333333333333,0.0,300.0,0.0,0.0,69319.0,231.06333333333333,False,355.48205128205126,0.0,2025,True,True,True,True,True,
finish_0124,Atomic Habits,2025-02-01,157.5,165.0,157.5,135.0,135.0,135.0,0.0,0.0,0.0,22.5,30.0,22.5,4,2025-01-28,2025-02-01,157.5,calendar_analysis_duration_with_gt15m_overlap_restored,7.5,0.0,1,False,,,62708.0,local_file_word_count,high,/Users/clarkbenham/side_projects/data/Takeout_Play_books_03_16_25_pt2/Google Play Books/Atomic Habits/Atomic Habits.epub,100.0,Atomic Habits,62708.0,80712.0,18004.0,epub_spine_body_sections,,51925.0,https://www.readinglength.com/book/BDlao2D,322.0,88550.0,-10783.0,-0.1719557313261465,0.1719557313261465,General Reading,4507.0,104.0,64.0,398.1460317460317,380.04848484848486,380.04848484848486,0.0,157.5,0.0,0.0,62708.0,398.1460317460317,False,464.5037037037037,718.7280729731453,2025,True,True,True,True,True,
finish_0125,rlhf,2025-02-03,120.0,120.0,120.0,75.0,75.0,75.0,0.0,0.0,0.0,45.0,45.0,45.0,2,2025-02-01,2025-02-03,120.0,calendar_analysis_duration_with_gt15m_overlap_restored,0.0,0.0,1,False,,,47606.0,local_file_word_count,high,/Users/clarkbenham/side_projects/data/Books/Reinforcement Learning from Human Feedback_ jun 11_ A short introduction to RLHF and post-training focused on language models - Nathan Lambert.pdf,82.0,rlhf,47606.0,48371.0,765.0,pdf_repeated_header_footer_body_pages,,,,,,,,,,0.0,0.0,0.0,396.71666666666664,396.71666666666664,396.71666666666664,0.0,120.0,0.0,0.0,47606.0,396.71666666666664,False,634.7466666666667,0.0,2025,True,True,True,True,True,
finish_0126,micro-services,2025-02-09,127.5,135.0,127.5,97.5,105.0,97.5,0.0,0.0,0.0,30.0,30.0,30.0,4,2025-01-30,2025-02-09,127.5,calendar_analysis_duration_with_gt15m_overlap_restored,7.5,0.0,1,False,,,,,low,,0.0,,,,,,,,,,,,,,,0.0,0.0,0.0,,,,0.0,127.5,0.0,0.0,,,False,,,2025,False,False,False,False,False,
finish_0127,the mind body prescription,2025-02-20,120.0,120.0,120.0,90.0,90.0,90.0,0.0,0.0,0.0,30.0,30.0,30.0,4,2025-02-18,2025-02-20,120.0,calendar_analysis_duration_with_gt15m_overlap_restored,0.0,0.0,1,False,,,,,low,,0.0,,,,,,,,,,,,,,,0.0,0.0,0.0,,,,0.0,120.0,0.0,0.0,,,False,,,2025,False,False,False,False,False,
finish_0128,screwtape letters,2025-03-05,75.0,75.0,75.0,45.0,45.0,45.0,0.0,0.0,0.0,30.0,30.0,30.0,4,2025-03-03,2025-03-05,75.0,calendar_analysis_duration_with_gt15m_overlap_restored,0.0,0.0,3,True,2023-05-03,672.0,31129.0,local_file_word_count,high,/Users/clarkbenham/side_projects/data/Takeout_Play_books_03_16_25_pt2/Google Play Books/The Screwtape Letters/The Screwtape Letters.epub,100.0,The Screwtape Letters.html,31129.0,31324.0,195.0,epub_spine_body_sections,,40000.0,https://www.readinglength.com/work/WPCt7r2,160.0,44000.0,8871.0,0.2849754248449998,0.2849754248449998,Literature,6402.0,130.0,0.0,415.05333333333334,415.05333333333334,415.05333333333334,0.0,75.0,0.0,0.0,31129.0,415.05333333333334,False,691.7555555555556,2056.6031674644223,2025,True,False,False,False,False,
finish_0129,the great divorce,2025-03-06,210.0,210.0,210.0,165.0,165.0,165.0,0.0,0.0,0.0,45.0,45.0,45.0,3,2023-05-03,2025-03-06,210.0,calendar_analysis_duration_with_gt15m_overlap_restored,0.0,0.0,2,True,2022-04-27,1044.0,29379.0,local_file_word_count,high,/Users/clarkbenham/side_projects/data/Takeout_Play_books_03_16_25_pt2/Google Play Books/lewis-c-s-the-great-divorce#keep#/lewis-c-s-the-great-divorce#keep#.pdf,100.0,lewis-c-s-the-great-divorce#keep#.pdf,29379.0,29379.0,0.0,pdf_repeated_header_footer_body_pages,,,,,,,,,Literature,0.0,0.0,0.0,139.9,139.9,139.9,0.0,210.0,0.0,0.0,29379.0,139.9,False,178.05454545454546,0.0,2025,True,False,False,False,False,
finish_0130,the pale king,2025-03-21,660.0,667.5,660.0,600.0,607.5,600.0,0.0,0.0,0.0,60.0,60.0,60.0,7,2025-03-18,2025-03-21,660.0,calendar_analysis_duration_with_gt15m_overlap_restored,7.5,0.0,1,False,,,212632.0,local_file_word_count,high,/Users/clarkbenham/side_projects/data/Takeout_Play_books_03_16_25_pt2/Google Play Books/The Pale King_ An Unfinished Novel/The Pale King_ An Unfinished Novel.epub,100.0,The Pale King_ An Unfinished Novel.html,212632.0,213241.0,609.0,epub_spine_body_sections,,,,,,,,,Literature,14941.0,166.0,350.0,322.169696969697,318.5498127340824,318.5498127340824,0.0,660.0,0.0,0.0,212632.0,322.169696969697,False,354.38666666666666,702.6694006546521,2025,True,True,True,True,True,
finish_0131,the Oxford book of essays,2025-03-22,240.0,300.0,285.0,195.0,210.0,195.0,0.0,0.0,0.0,45.0,90.0,90.0,9,2024-08-19,2025-03-22,285.0,calendar_analysis_duration_with_gt15m_overlap_restored,60.0,45.0,1,False,,,283993.0,local_file_word_count,high,/Users/clarkbenham/side_projects/data/Books/The Oxford Book of Essays-John J. Gross - Oxford University Press (1991).pdf,100.0,The Oxford Book of Essays-John J. Gross - Oxford University Press (1991).pdf,283993.0,284186.0,193.0,pdf_repeated_header_footer_body_pages,,,,,,,,,Literature,0.0,0.0,0.0,996.4666666666667,946.6433333333333,946.6433333333333,0.0,285.0,0.0,0.0,283993.0,996.4666666666667,False,1456.374358974359,0.0,2025,True,True,True,True,True,
finish_0132,12 rules for life,2025-03-23,412.5,412.5,412.5,352.5,352.5,352.5,0.0,0.0,0.0,60.0,60.0,60.0,11,2024-11-14,2025-03-23,412.5,calendar_analysis_duration_with_gt15m_overlap_restored,0.0,0.0,1,False,,,142469.0,local_file_word_count,high,/Users/clarkbenham/side_projects/data/Takeout_Play_books_03_16_25_pt2/Google Play Books/12 Rules for Life_ An Antidote to Chaos/12 Rules for Life_ An Antidote to Chaos.epub,100.0,12 Rules for Life_ An Antidote to Chaos.html,142469.0,151490.0,9021.0,epub_spine_body_sections,,,,,,,,,General Reading,11157.0,186.0,92.0,345.37939393939394,345.37939393939394,345.37939393939394,0.0,412.5,0.0,0.0,142469.0,345.37939393939394,False,404.16737588652484,783.1177308747867,2025,True,True,True,True,True,
finish_0133,the pentagon wars,2025-03-31,337.5,345.0,337.5,262.5,270.0,262.5,0.0,0.0,0.0,75.0,75.0,75.0,7,2025-03-25,2025-03-31,337.5,calendar_analysis_duration_with_gt15m_overlap_restored,7.5,0.0,1,False,,,121017.0,local_file_word_count,high,/Users/clarkbenham/side_projects/data/Takeout_Play_books_03_16_25_pt2/Google Play Books/The Pentagon Wars_ Reformers Challenge the Old Gua/The Pentagon Wars_ Reformers Challenge the Old Gua.epub,100.0,The Pentagon Wars_ Reformers Challenge the Old Gua.html,121017.0,135747.0,14730.0,epub_spine_body_sections,,,,,,,,,"Business, management",16132.0,238.0,772.0,358.56888888888886,350.7739130434783,350.7739130434783,0.0,337.5,0.0,0.0,121017.0,358.56888888888886,False,461.01714285714286,1333.0358544667279,2025,True,True,True,True,True,
finish_0134,you just dont understand,2025-04-18,307.5,315.0,307.5,285.0,285.0,285.0,0.0,0.0,0.0,22.5,30.0,22.5,7,2025-04-07,2025-04-18,307.5,calendar_analysis_duration_with_gt15m_overlap_restored,7.5,0.0,1,False,,,108691.0,local_file_word_count,high,/Users/clarkbenham/side_projects/data/Takeout_Play_books_03_16_25_pt2/Google Play Books/You Just Don_t Understand/You Just Don_t Understand.epub,100.0,You Just Don_t Understand.html,108691.0,108821.0,130.0,epub_spine_body_sections,,,,,,,,,General Reading,8888.0,158.0,140.0,353.46666666666664,345.05079365079365,345.05079365079365,0.0,307.5,0.0,0.0,108691.0,353.46666666666664,False,381.3719298245614,817.7309988867523,2025,True,True,True,True,True,
finish_0135,on China,2025-04-19,660.0,675.0,660.0,585.0,600.0,585.0,0.0,0.0,0.0,75.0,75.0,75.0,14,2025-03-23,2025-04-19,660.0,calendar_analysis_duration_with_gt15m_overlap_restored,15.0,0.0,1,False,,,167056.0,local_file_word_count,high,/Users/clarkbenham/side_projects/data/Takeout_Play_books_03_16_25_pt1/Google Play Books/On China/On China.epub,100.0,on China,167056.0,188154.0,21098.0,epub_spine_body_sections,,146500.0,https://www.readinglength.com/book/BnlFc4Y,,,-20556.0,-0.123048558567187,0.123048558567187,Histories,23864.0,453.0,248.0,253.11515151515152,247.49037037037036,247.49037037037036,0.0,660.0,0.0,0.0,167056.0,253.11515151515152,False,285.565811965812,1428.503016952399,2025,True,True,True,True,True,
finish_0136,The Path to Power: The Years of Lyndon Johnson I,2025-05-04,1287.5,1340.0,1317.5,1205.0,1220.0,1205.0,30.0,60.0,60.0,52.5,60.0,52.5,20,2022-10-15,2025-05-04,1317.5,calendar_analysis_duration_with_gt15m_overlap_restored,52.5,30.0,1,False,,,414671.0,local_file_word_count,high,/Users/clarkbenham/side_projects/data/Takeout_Play_books_03_16_25_pt1/Google Play Books/The Path to Power_ The Years of Lyndon Johnson I/The Path to Power_ The Years of Lyndon Johnson I.epub,100.0,The Path to Power: The Years of Lyndon Johnson I,414671.0,465435.0,50764.0,epub_spine_body_sections,,220500.0,https://www.readinglength.com/book/Bri5ncI,,,-194171.0,-0.4682531452645591,0.4682531452645591,"Business, management",44800.0,816.0,2478.0,314.7407969639469,309.45597014925374,309.45597014925374,60.0,1257.5,0.04554079696394687,21000.0,393671.0,313.0584493041749,False,344.1253112033195,1080.3745620021655,2025,True,True,True,True,True,
finish_0137,means of ascent,2025-05-07,667.5,765.0,757.5,330.0,330.0,330.0,150.0,240.0,240.0,187.5,195.0,187.5,5,2025-05-06,2025-05-07,757.5,calendar_analysis_duration_with_gt15m_overlap_restored,97.5,90.0,1,False,,,213564.0,local_file_word_count,high,/Users/clarkbenham/side_projects/data/Takeout_Play_books_03_16_25_pt1/Google Play Books/Means of Ascent/Means of Ascent.epub,100.0,means of ascent,213564.0,282854.0,69290.0,epub_spine_body_sections,,130500.0,https://www.readinglength.com/work/Wkqedyu,,,-83064.0,-0.388941956509524,0.388941956509524,"Business, management",32282.0,470.0,2120.0,281.9326732673267,279.1686274509804,279.1686274509804,240.0,517.5,0.31683168316831684,84000.0,129564.0,250.36521739130436,False,647.1636363636363,1511.5843494221872,2025,True,True,True,True,True,
finish_0138,man’s search for meaning,2025-05-11,165.0,165.0,165.0,135.0,135.0,135.0,0.0,0.0,0.0,30.0,30.0,30.0,3,2025-05-10,2025-05-11,165.0,calendar_analysis_duration_with_gt15m_overlap_restored,0.0,0.0,1,False,,,45192.0,local_file_word_count,high,/Users/clarkbenham/side_projects/data/Books/Man’s Search for Meaning - Viktor E. Frankl_ Harold S. Kushner_ William J. Winslade_ Isle Lasch - Beacon Press (2006).epub,90.0,man’s search for meaning,45192.0,45193.0,1.0,epub_spine_body_sections,,,,,,,,,General Reading,6604.0,123.0,18.0,273.8909090909091,273.8909090909091,273.8909090909091,0.0,165.0,0.0,0.0,45192.0,273.8909090909091,False,334.75555555555553,1461.32058771464,2025,True,True,True,True,True,
finish_0139,master of the senate,2025-05-19,1012.5,1207.5,1200.0,577.5,577.5,577.5,187.5,375.0,375.0,247.5,255.0,247.5,18,2023-01-25,2025-05-19,1200.0,calendar_analysis_duration_with_gt15m_overlap_restored,195.0,187.5,1,False,,,546494.0,local_file_word_count,high,/Users/clarkbenham/side_projects/data/Takeout_Play_books_03_16_25_pt1/Google Play Books/Master of the Senate/Master of the Senate.epub,100.0,master of the senate,546494.0,616427.0,69933.0,epub_spine_body_sections,,308000.0,https://www.readinglength.com/work/WdnMtJb,,,-238494.0,-0.4364073530541963,0.4364073530541963,"Business, management",41805.0,605.0,3830.0,455.4116666666667,452.5830227743271,452.5830227743271,375.0,825.0,0.3125,131250.0,415244.0,503.3260606060606,False,946.3099567099567,764.9672274535493,2025,True,True,True,True,True,
finish_0140,the passage of power,2025-05-27,1192.5,1200.0,1192.5,997.5,1005.0,997.5,60.0,60.0,60.0,135.0,135.0,135.0,10,2024-03-21,2025-05-27,1192.5,calendar_analysis_duration_with_gt15m_overlap_restored,7.5,0.0,1,False,,,328935.0,local_file_word_count,high,/Users/clarkbenham/side_projects/data/Takeout_Play_books_03_16_25_pt1/Google Play Books/The Passage of Power/The Passage of Power.epub,100.0,the passage of power,328935.0,405253.0,76318.0,epub_spine_body_sections,,184000.0,https://www.readinglength.com/work/WNLqUMg,,,-144935.0,-0.4406189672731694,0.4406189672731694,"Business, management",58979.0,910.0,4002.0,275.8364779874214,274.1125,274.1125,60.0,1132.5,0.050314465408805034,21000.0,307935.0,271.9072847682119,False,329.7593984962406,1793.0290178910727,2025,True,True,True,True,True,
finish_0141,the Evelyn wood seven day speed reading and learning program,2025-06-03,90.0,90.0,90.0,60.0,60.0,60.0,0.0,0.0,0.0,30.0,30.0,30.0,2,2025-05-30,2025-06-03,90.0,calendar_analysis_duration_with_gt15m_overlap_restored,0.0,0.0,1,False,,,,,low,,0.0,,,,,,,,,,,,,,General Reading,0.0,0.0,0.0,,,,0.0,90.0,0.0,0.0,,,False,,,2025,False,False,False,False,False,
finish_0142,racing for the bomb,2025-06-11,510.0,510.0,510.0,435.0,435.0,435.0,0.0,0.0,0.0,75.0,75.0,75.0,15,2025-02-23,2025-06-11,510.0,calendar_analysis_duration_with_gt15m_overlap_restored,0.0,0.0,1,False,,,,,low,"/Users/clarkbenham/side_projects/data/Books/Racing for the Bomb_ General Leslie R. Groves, the Manhattan Project's Indispensable Man - Robert S. Norris - (2002, Steerforth Pr).pdf",100.0,"Racing for the Bomb_ General Leslie R. Groves, the Manhattan Project's Indispensable Man - Robert S. Norris - (2002, Steerforth Pr).pdf",0.0,0.0,0.0,pdf_raw_text_fallback,no_text_extracted,,,,,,,,"Business, management",0.0,0.0,0.0,,,,0.0,510.0,0.0,0.0,,,False,,,2025,False,False,False,False,False,
finish_0143,Kissinger,2025-06-11,472.5,480.0,472.5,442.5,450.0,442.5,0.0,0.0,0.0,30.0,30.0,30.0,6,2025-06-01,2025-06-11,472.5,calendar_analysis_duration_with_gt15m_overlap_restored,7.5,0.0,1,False,,,,,low,,0.0,,,,,,,,,,,,,,Histories,0.0,0.0,0.0,,,,0.0,472.5,0.0,0.0,,,False,,,2025,False,False,False,False,False,
finish_0144,bureaucracy,2025-06-17,577.5,585.0,577.5,570.0,570.0,570.0,0.0,0.0,0.0,7.5,15.0,7.5,15,2025-06-09,2025-06-17,577.5,calendar_analysis_duration_with_gt15m_overlap_restored,7.5,0.0,1,False,,,168479.0,local_file_word_count,high,/Users/clarkbenham/side_projects/data/Takeout_Play_books_03_16_25_pt1/Google Play Books/Bureaucracy/Bureaucracy.epub,100.0,bureaucracy,168479.0,189461.0,20982.0,epub_spine_body_sections,,,,,,,,,"Business, management",1790.0,30.0,0.0,291.7385281385281,287.9982905982906,287.9982905982906,0.0,577.5,0.0,0.0,168479.0,291.7385281385281,False,295.57719298245615,106.24469518456307,2025,True,True,True,True,True,
finish_0145,theory and practice of gamesmanship,2025-06-20,75.0,90.0,90.0,0.0,0.0,0.0,0.0,0.0,0.0,75.0,90.0,90.0,1,2025-06-20,2025-06-20,90.0,calendar_analysis_duration_with_gt15m_overlap_restored,15.0,15.0,1,False,,,22115.0,local_file_word_count,high,"/Users/clarkbenham/side_projects/data/Takeout_Play_books_03_16_25_pt1/Google Play Books/The Theory and Practice of Gamesmanship_ Or, the A/The Theory and Practice of Gamesmanship_ Or, the A.epub",100.0,"The Theory and Practice of Gamesmanship_ Or, the A.html",22115.0,22518.0,403.0,epub_spine_body_sections,,,,,,,,,,0.0,0.0,0.0,245.72222222222223,245.72222222222223,245.72222222222223,0.0,90.0,0.0,0.0,22115.0,245.72222222222223,False,inf,0.0,2025,True,True,True,False,False,calendar_time_lte_90_minutes
finish_0146,the making of the atomic bomb,2025-06-24,1095.0,1110.0,1095.0,915.0,930.0,915.0,0.0,0.0,0.0,180.0,180.0,180.0,11,2024-10-15,2025-06-24,1095.0,calendar_analysis_duration_with_gt15m_overlap_restored,15.0,0.0,1,False,,,336068.0,local_file_word_count,high,/Users/clarkbenham/side_projects/data/Takeout_Play_books_03_16_25_pt2/Google Play Books/Making of the Atomic Bomb/Making of the Atomic Bomb.epub,100.0,Making of the Atomic Bomb.html,336068.0,391671.0,55603.0,epub_spine_body_sections,,,,,,,,,"Business, management",34689.0,447.0,2476.0,306.91141552511414,302.763963963964,302.763963963964,0.0,1095.0,0.0,0.0,336068.0,306.91141552511414,False,367.28743169398905,1032.2018162990823,2025,True,True,True,True,True,
finish_0147,how to improve your marriage without talking about it,2025-06-30,195.0,195.0,195.0,180.0,180.0,180.0,0.0,0.0,0.0,15.0,15.0,15.0,5,2025-02-01,2025-06-30,195.0,calendar_analysis_duration_with_gt15m_overlap_restored,0.0,0.0,1,False,,,62736.0,local_file_word_count,high,/Users/clarkbenham/side_projects/data/Takeout_Play_books_03_16_25_pt1/Google Play Books/How to Improve Your Marriage Without Talking About/How to Improve Your Marriage Without Talking About.epub,100.0,How to Improve Your Marriage Without Talking About.html,62736.0,63296.0,560.0,epub_spine_body_sections,,,,,,,,,General Reading,3922.0,85.0,20.0,321.7230769230769,321.7230769230769,321.7230769230769,0.0,195.0,0.0,0.0,62736.0,321.7230769230769,False,348.53333333333336,625.1593981127264,2025,True,True,True,True,True,
finish_0148,dark sun,2025-07-06,967.5,975.0,967.5,877.5,885.0,877.5,0.0,0.0,0.0,90.0,90.0,90.0,12,2025-06-30,2025-07-06,967.5,calendar_analysis_duration_with_gt15m_overlap_restored,7.5,0.0,1,False,,,268127.0,local_file_word_count,high,/Users/clarkbenham/side_projects/data/Takeout_Play_books_03_16_25_pt2/Google Play Books/Dark Sun _ The Making of the Hydrogen Bomb (978143/Dark Sun _ The Making of the Hydrogen Bomb (978143.epub,100.0,Dark Sun _ The Making of the Hydrogen Bomb (978143.html,268127.0,332382.0,64255.0,epub_spine_body_sections,,,,,,,,,"Business, management",14765.0,201.0,1234.0,277.13385012919895,275.0020512820513,275.0020512820513,0.0,967.5,0.0,0.0,268127.0,277.13385012919895,False,305.55783475783477,550.6718831001726,2025,True,True,True,True,True,
finish_0149,Mathematics for Machine Learning,2025-07-09,1072.5,1102.5,1072.5,1027.5,1057.5,1027.5,0.0,0.0,0.0,45.0,45.0,45.0,43,2024-03-22,2025-07-09,1072.5,calendar_analysis_duration_with_gt15m_overlap_restored,30.0,0.0,1,False,,,149196.0,local_file_word_count,high,"/Users/clarkbenham/side_projects/data/Books/Mathematics for machine learning by Deisenroth, Faisal and Ongg.pdf",100.0,"Mathematics for machine learning by Deisenroth, Faisal and Ongg.pdf",149196.0,158934.0,9738.0,pdf_repeated_header_footer_body_pages,,,,,,,,,Machine Learning,0.0,0.0,0.0,139.11048951048951,135.3251700680272,135.3251700680272,0.0,1072.5,0.0,0.0,149196.0,139.11048951048951,False,145.20291970802919,0.0,2025,True,True,True,True,True,
finish_0150,selfish reasons to have more kids,2025-07-12,97.5,105.0,97.5,82.5,90.0,82.5,0.0,0.0,0.0,15.0,15.0,15.0,3,2025-07-06,2025-07-12,97.5,calendar_analysis_duration_with_gt15m_overlap_restored,7.5,0.0,1,False,,,65820.0,local_file_word_count,high,/Users/clarkbenham/side_projects/data/Takeout_Play_books_03_16_25_pt1/Google Play Books/Selfish Reasons to Have More Kids_ Why Being a Gre/Selfish Reasons to Have More Kids_ Why Being a Gre.epub,100.0,Selfish Reasons to Have More Kids_ Why Being a Gre.html,65820.0,78104.0,12284.0,epub_spine_body_sections,,,,,,,,,General Reading,2105.0,56.0,12.0,675.0769230769231,626.8571428571429,626.8571428571429,0.0,97.5,0.0,0.0,65820.0,675.0769230769231,False,797.8181818181819,319.8116074141599,2025,True,True,True,True,True,
finish_0151,reading asme y14.41,2025-07-15,60.0,60.0,60.0,45.0,45.0,45.0,0.0,0.0,0.0,15.0,15.0,15.0,4,2025-07-09,2025-07-15,60.0,calendar_analysis_duration_with_gt15m_overlap_restored,0.0,0.0,1,False,,,,,low,/Users/clarkbenham/side_projects/data/Books/ASME-Y14-41-2012-Digital-Product-Definition (0)- ASME.pdf,100.0,ASME-Y14-41-2012-Digital-Product-Definition (0)- ASME.pdf,0.0,0.0,0.0,pdf_raw_text_fallback,no_text_extracted,,,,,,,,Unknown Shelf,0.0,0.0,0.0,,,,0.0,60.0,0.0,0.0,,,False,,,2025,False,False,False,False,False,
finish_0152,blueprint reading: construction drawings for the building trade,2025-07-28,45.0,45.0,45.0,0.0,0.0,0.0,0.0,0.0,0.0,45.0,45.0,45.0,1,2025-07-28,2025-07-28,45.0,calendar_analysis_duration_with_gt15m_overlap_restored,0.0,0.0,1,False,,,92387.0,local_file_word_count,high,"/Users/clarkbenham/side_projects/data/Books/Blueprint reading _ construction drawings for the building trades (2008, McGraw-Hill Companies, Inc.) - [McGraw Hill professional] Sam A. A. Kubba - [10.1036_0071549862].pdf",100.0,"Blueprint reading _ construction drawings for the building trades (2008, McGraw-Hill Companies, Inc.) - [McGraw Hill professional] Sam A. A. Kubba - [10.1036_0071549862].pdf",92387.0,94180.0,1793.0,pdf_repeated_header_footer_body_pages,,,,,,,,,Unknown Shelf,0.0,0.0,0.0,2053.0444444444443,2053.0444444444443,2053.0444444444443,0.0,45.0,0.0,0.0,92387.0,2053.0444444444443,False,inf,0.0,2025,True,True,True,False,False,calendar_time_lte_90_minutes
finish_0153,failure is not an option,2025-07-28,517.5,540.0,532.5,472.5,495.0,487.5,0.0,0.0,0.0,45.0,45.0,45.0,9,2025-07-06,2025-07-28,532.5,calendar_analysis_duration_with_gt15m_overlap_restored,22.5,15.0,1,False,,,159988.0,local_file_word_count,high,/Users/clarkbenham/side_projects/data/Takeout_Play_books_03_16_25_pt2/Google Play Books/Failure Is Not an Option_ Mission Control From Mer/Failure Is Not an Option_ Mission Control From Mer.epub,100.0,Failure Is Not an Option_ Mission Control From Mer.html,159988.0,164489.0,4501.0,epub_spine_body_sections,,,,,,,,,"Business, management",10259.0,186.0,316.0,300.4469483568075,296.27407407407406,296.27407407407406,0.0,532.5,0.0,0.0,159988.0,300.4469483568075,False,338.5989417989418,641.2355926694502,2025,True,True,True,True,True,
finish_0154,the high crusade,2025-07-29,120.0,120.0,120.0,0.0,0.0,0.0,0.0,0.0,0.0,120.0,120.0,120.0,1,2025-07-29,2025-07-29,120.0,calendar_analysis_duration_with_gt15m_overlap_restored,0.0,0.0,1,False,,,50929.0,local_file_word_count,high,/Users/clarkbenham/side_projects/data/Takeout_Play_books_03_16_25_pt1/Google Play Books/The High Crusade (original illustrated)/The High Crusade (original illustrated).epub,100.0,The High Crusade (original illustrated).html,50929.0,51004.0,75.0,epub_spine_body_sections,,,,,,,,,fiction,0.0,0.0,0.0,424.40833333333336,424.40833333333336,424.40833333333336,0.0,120.0,0.0,0.0,50929.0,424.40833333333336,False,inf,0.0,2025,True,True,True,True,True,
finish_0155,age of ambition,2025-08-02,172.5,210.0,202.5,142.5,150.0,142.5,0.0,0.0,0.0,30.0,60.0,60.0,7,2025-07-23,2025-08-02,202.5,calendar_analysis_duration_with_gt15m_overlap_restored,37.5,30.0,1,False,,,151444.0,local_file_word_count,high,/Users/clarkbenham/side_projects/data/Takeout_Play_books_03_16_25_pt1/Google Play Books/Age of Ambition/Age of Ambition.epub,100.0,age of ambition,151444.0,154807.0,3363.0,epub_spine_body_sections,,,,,,,,,Histories,3347.0,72.0,34.0,747.8716049382716,721.1619047619048,721.1619047619048,0.0,202.5,0.0,0.0,151444.0,747.8716049382716,False,1062.7649122807018,221.00578431631493,2025,True,True,True,True,True,
finish_0156,Apple in China,2025-08-10,352.5,360.0,352.5,292.5,300.0,292.5,0.0,0.0,0.0,60.0,60.0,60.0,5,2025-08-09,2025-08-10,352.5,calendar_analysis_duration_with_gt15m_overlap_restored,7.5,0.0,1,False,,,126939.0,local_file_word_count,high,/Users/clarkbenham/side_projects/data/Takeout_Play_books_03_16_25_pt1/Google Play Books/Apple in China/Apple in China.epub,100.0,Apple in China,126939.0,145048.0,18109.0,epub_spine_body_sections,,,,,,,,,"Business, management",2909.0,61.0,0.0,360.11063829787236,352.60833333333335,352.60833333333335,0.0,352.5,0.0,0.0,126939.0,360.11063829787236,False,433.9794871794872,229.16518957924674,2025,True,True,True,True,True,
finish_0157,the price of victory,2025-08-14,1237.5,1275.0,1252.5,1207.5,1245.0,1222.5,0.0,0.0,0.0,30.0,30.0,30.0,15,2025-08-11,2025-08-14,1252.5,calendar_analysis_duration_with_gt15m_overlap_restored,37.5,15.0,1,False,,,306312.0,local_file_word_count,high,/Users/clarkbenham/side_projects/data/Takeout_Play_books_03_16_25_pt1/Google Play Books/The Price of Victory/The Price of Victory.epub,100.0,the price of victory,306312.0,444030.0,137718.0,epub_spine_body_sections,,,,,,,,,Histories,36404.0,809.0,916.0,244.56047904191618,240.24470588235295,240.24470588235295,0.0,1252.5,0.0,0.0,306312.0,244.56047904191618,False,253.67453416149067,1188.461438010917,2025,True,True,True,True,True,
finish_0158,Everyman for himself and god against all,2025-09-01,90.0,90.0,90.0,0.0,0.0,0.0,0.0,0.0,0.0,90.0,90.0,90.0,1,2025-09-01,2025-09-01,90.0,calendar_analysis_duration_with_gt15m_overlap_restored,0.0,0.0,1,False,,,103268.0,local_file_word_count,high,/Users/clarkbenham/side_projects/data/Takeout_Play_books_03_16_25_pt2/Google Play Books/Every Man for Himself and God Against All/Every Man for Himself and God Against All.epub,100.0,Every Man for Himself and God Against All.html,103268.0,104210.0,942.0,epub_spine_body_sections,,,,,,,,,General Reading,515.0,7.0,14.0,1147.4222222222222,1147.4222222222222,1147.4222222222222,0.0,90.0,0.0,0.0,103268.0,1147.4222222222222,False,inf,49.87024053917961,2025,True,True,True,False,False,calendar_time_lte_90_minutes
finish_0159,Richard Nixon the Life,2025-09-11,922.5,930.0,922.5,817.5,825.0,817.5,0.0,0.0,0.0,105.0,105.0,105.0,12,2025-08-16,2025-09-11,922.5,calendar_analysis_duration_with_gt15m_overlap_restored,7.5,0.0,1,False,,,316037.0,local_file_word_count,high,/Users/clarkbenham/side_projects/data/Takeout_Play_books_03_16_25_pt1/Google Play Books/Richard Nixon_ The Life/Richard Nixon_ The Life.epub,100.0,Richard Nixon the Life,316037.0,326023.0,9986.0,epub_spine_body_sections,,,,,,,,,Histories,32162.0,649.0,2086.0,342.58753387533875,339.8247311827957,339.8247311827957,0.0,922.5,0.0,0.0,316037.0,342.58753387533875,False,386.5896024464832,1017.6656530722669,2025,True,True,True,True,True,
finish_0160,humor and the presidency,2025-09-13,75.0,75.0,75.0,0.0,0.0,0.0,0.0,0.0,0.0,75.0,75.0,75.0,1,2025-09-13,2025-09-13,75.0,calendar_analysis_duration_with_gt15m_overlap_restored,0.0,0.0,1,False,,,,,low,,0.0,,,,,,,,,,,,,,,0.0,0.0,0.0,,,,0.0,75.0,0.0,0.0,,,False,,,2025,False,False,False,False,False,
finish_0161,high intensity training the mike mentzer way,2025-09-22,90.0,90.0,90.0,75.0,75.0,75.0,0.0,0.0,0.0,15.0,15.0,15.0,2,2025-09-22,2025-09-22,90.0,calendar_analysis_duration_with_gt15m_overlap_restored,0.0,0.0,1,False,,,71026.0,local_file_word_count,high,/Users/clarkbenham/side_projects/data/Books/HIGH-INTENSITY TRAINING the Mike Mentzer Way by Mike Mentzer with John Little.pdf,100.0,HIGH-INTENSITY TRAINING the Mike Mentzer Way by Mike Mentzer with John Little.pdf,71026.0,71484.0,458.0,pdf_repeated_header_footer_body_pages,,,,,,,,,General Reading,0.0,0.0,0.0,789.1777777777778,789.1777777777778,789.1777777777778,0.0,90.0,0.0,0.0,71026.0,789.1777777777778,False,947.0133333333333,0.0,2025,True,True,True,False,False,calendar_time_lte_90_minutes
finish_0162,day of the jackal,2025-09-23,435.0,435.0,435.0,330.0,330.0,330.0,0.0,0.0,0.0,105.0,105.0,105.0,6,2025-09-16,2025-09-23,435.0,calendar_analysis_duration_with_gt15m_overlap_restored,0.0,0.0,1,False,,,133406.0,local_file_word_count,high,/Users/clarkbenham/side_projects/data/Takeout_Play_books_03_16_25_pt2/Google Play Books/The-Day-of-the-Jackal/The-Day-of-the-Jackal.pdf,100.0,The-Day-of-the-Jackal.pdf,133406.0,133406.0,0.0,pdf_repeated_header_footer_body_pages,,,,,,,,,fiction,0.0,0.0,0.0,306.68045977011496,306.68045977011496,306.68045977011496,0.0,435.0,0.0,0.0,133406.0,306.68045977011496,False,404.26060606060605,0.0,2025,True,True,True,True,True,
finish_0163,autobiography of ben franklin,2025-10-01,292.5,292.5,292.5,202.5,202.5,202.5,0.0,0.0,0.0,90.0,90.0,90.0,7,2025-09-12,2025-10-01,292.5,calendar_analysis_duration_with_gt15m_overlap_restored,0.0,0.0,3,True,2023-05-20,865.0,,,low,,0.0,,,,,,,,,,,,,,,0.0,0.0,0.0,,,,0.0,292.5,0.0,0.0,,,False,,,2025,False,False,False,False,False,
finish_0164,Buckley,2025-10-04,1057.5,1102.5,1072.5,990.0,1027.5,1005.0,0.0,0.0,0.0,67.5,75.0,67.5,20,2025-09-28,2025-10-04,1072.5,calendar_analysis_duration_with_gt15m_overlap_restored,45.0,15.0,1,False,,,,,low,,0.0,,,,,,,,,,,,,,Histories,10728.0,211.0,658.0,,,,0.0,1072.5,0.0,0.0,,,False,,,2025,False,False,False,False,False,
finish_0165,DFW_TV.pdf,2025-10-09,97.5,105.0,97.5,82.5,90.0,82.5,0.0,0.0,0.0,15.0,15.0,15.0,4,2025-10-06,2025-10-09,97.5,calendar_analysis_duration_with_gt15m_overlap_restored,7.5,0.0,1,False,,,111925.0,metadata_pages_x_words_per_page,medium,/Users/clarkbenham/side_projects/data/Takeout_Play_books_03_16_25_pt2/Google Play Books/DFW_TV/DFW_TV.pdf,100.0,DFW_TV.pdf,,21.0,0.0,pdf_repeated_header_footer_body_pages,insufficient_pdf_text_extracted: 21 words,,,407.0,111925.0,,,,Literature,0.0,0.0,0.0,1147.948717948718,1065.952380952381,1065.952380952381,0.0,97.5,0.0,0.0,111925.0,1147.948717948718,False,1356.6666666666667,0.0,2025,False,False,False,False,False,
finish_0166,my early life,2025-10-14,390.0,405.0,390.0,307.5,315.0,307.5,0.0,0.0,0.0,82.5,90.0,82.5,8,2025-10-12,2025-10-14,390.0,calendar_analysis_duration_with_gt15m_overlap_restored,15.0,0.0,1,False,,,124256.0,local_file_word_count,high,/Users/clarkbenham/side_projects/data/Takeout_Play_books_03_16_25_pt1/Google Play Books/My Early Life/My Early Life.epub,100.0,my early life,124256.0,124256.0,0.0,epub_spine_body_sections,,,,,,,,,Histories,18816.0,336.0,308.0,318.6051282051282,306.80493827160495,306.80493827160495,0.0,390.0,0.0,0.0,124256.0,318.6051282051282,False,404.08455284552844,1514.2930723667266,2025,True,True,True,True,True,
finish_0167,the second world war,2025-10-21,1777.5,1815.0,1792.5,1575.0,1605.0,1590.0,0.0,0.0,0.0,202.5,210.0,202.5,18,2025-10-15,2025-10-21,1792.5,calendar_analysis_duration_with_gt15m_overlap_restored,37.5,15.0,1,False,,,420757.0,local_file_word_count,high,/Users/clarkbenham/side_projects/data/Takeout_Play_books_03_16_25_pt1/Google Play Books/The Second World War/The Second World War.epub,100.0,the second world war,420757.0,462971.0,42214.0,epub_spine_body_sections,,,,,,,,,Histories,29991.0,598.0,1434.0,234.73193863319386,231.8220385674931,231.8220385674931,0.0,1792.5,0.0,0.0,420757.0,234.73193863319386,False,267.14730158730157,712.7867153725309,2025,True,True,True,True,True,
finish_0168,six crises,2025-10-25,450.0,450.0,450.0,390.0,390.0,390.0,0.0,0.0,0.0,60.0,60.0,60.0,10,2025-10-09,2025-10-25,450.0,calendar_analysis_duration_with_gt15m_overlap_restored,0.0,0.0,1,False,,,200836.0,local_file_word_count,high,/Users/clarkbenham/side_projects/data/Takeout_Play_books_03_16_25_pt1/Google Play Books/Six Crises/Six Crises.epub,100.0,six crises,200836.0,207429.0,6593.0,epub_spine_body_sections,,,,,,,,,Histories,11087.0,199.0,744.0,446.3022222222222,446.3022222222222,446.3022222222222,0.0,450.0,0.0,0.0,200836.0,446.3022222222222,False,514.9641025641025,552.0424625067219,2025,True,True,True,True,True,
finish_0169,Good Old Neon,2025-10-25,60.0,60.0,60.0,0.0,0.0,0.0,0.0,0.0,0.0,60.0,60.0,60.0,1,2025-10-25,2025-10-25,60.0,calendar_analysis_duration_with_gt15m_overlap_restored,0.0,0.0,1,False,,,,,low,,0.0,,,,,,,,,,,,,,Literature,0.0,0.0,0.0,,,,0.0,60.0,0.0,0.0,,,False,,,2025,False,False,False,False,False,
finish_0170,thoughts and adventures,2025-11-03,255.0,255.0,255.0,0.0,0.0,0.0,0.0,0.0,0.0,255.0,255.0,255.0,1,2025-11-03,2025-11-03,255.0,calendar_analysis_duration_with_gt15m_overlap_restored,0.0,0.0,1,False,,,86188.0,local_file_word_count,high,/Users/clarkbenham/side_projects/data/Takeout_Play_books_03_16_25_pt1/Google Play Books/Thoughts and Adventures/Thoughts and Adventures.epub,100.0,thoughts and adventures,86188.0,86189.0,1.0,epub_spine_body_sections,,,,,,,,,Histories,8584.0,141.0,78.0,337.9921568627451,337.9921568627451,337.9921568627451,0.0,255.0,0.0,0.0,86188.0,337.9921568627451,False,inf,995.9623149394348,2025,True,True,True,True,True,
finish_0171,revolt in the desert,2025-11-10,700.0,715.0,700.0,610.0,625.0,610.0,0.0,0.0,0.0,90.0,90.0,90.0,14,2025-11-07,2025-11-10,700.0,calendar_analysis_duration_with_gt15m_overlap_restored,15.0,0.0,1,False,,,130871.0,local_file_word_count,high,/Users/clarkbenham/side_projects/data/Takeout_Play_books_03_16_25_pt2/Google Play Books/Revolt in the Desert/Revolt in the Desert.epub,100.0,revolt in the desert,130871.0,134335.0,3464.0,epub_spine_body_sections,,,,,,,,,Histories,6817.0,112.0,2.0,186.95857142857142,183.03636363636363,183.03636363636363,0.0,700.0,0.0,0.0,130871.0,186.95857142857142,False,214.54262295081966,520.894621421094,2025,True,True,True,True,True,
finish_0172,and call me conrad,2025-11-13,1192.5,1215.0,1207.5,1020.0,1035.0,1035.0,0.0,0.0,0.0,172.5,180.0,172.5,24,2021-06-20,2025-11-13,1207.5,calendar_analysis_duration_with_gt15m_overlap_restored,22.5,15.0,1,False,,,,,low,,0.0,,,,,,,,,,,,,,fiction,0.0,0.0,0.0,,,,0.0,1207.5,0.0,0.0,,,False,,,2025,False,False,False,False,False,
finish_0173,way station,2025-11-15,225.0,225.0,225.0,180.0,180.0,180.0,0.0,0.0,0.0,45.0,45.0,45.0,3,2025-11-15,2025-11-15,225.0,calendar_analysis_duration_with_gt15m_overlap_restored,0.0,0.0,1,False,,,,,low,,0.0,,,,,,,,,,,,,,fiction,0.0,0.0,0.0,,,,0.0,225.0,0.0,0.0,,,False,,,2025,False,False,False,False,False,
finish_0174,the power broker,2025-12-04,682.5,1170.0,1162.5,127.5,135.0,127.5,555.0,1035.0,1035.0,45.0,90.0,90.0,18,2025-06-05,2025-12-04,1162.5,calendar_analysis_duration_with_gt15m_overlap_restored,487.5,480.0,1,False,,,617985.0,local_file_word_count,high,/Users/clarkbenham/side_projects/data/Takeout_Play_books_03_16_25_pt1/Google Play Books/The power broker/The power broker.epub,100.0,the power broker,617985.0,697127.0,79142.0,epub_spine_body_sections,,311500.0,https://www.readinglength.com/book/BBZvmjw,,,-306485.0,-0.4959424581502787,0.4959424581502787,"Business, management",4297.0,68.0,76.0,531.6,528.1923076923077,528.1923076923077,1035.0,127.5,0.8903225806451613,362250.0,255735.0,2005.764705882353,True,4846.941176470588,69.53243201695834,2025,True,True,True,True,False,
finish_0175,Shape Up Stop Running in Circles and Ship Work that Matters,2025-12-05,82.5,105.0,97.5,67.5,75.0,67.5,0.0,0.0,0.0,15.0,30.0,30.0,4,2025-12-04,2025-12-05,97.5,calendar_analysis_duration_with_gt15m_overlap_restored,22.5,15.0,1,False,,,32193.0,local_file_word_count,high,/Users/clarkbenham/side_projects/data/Books/Shape Up_ Stop Running in Circles and Ship Work that Matters -  Ryan Singer - (2019).pdf,100.0,Shape Up_ Stop Running in Circles and Ship Work that Matters - Ryan Singer - (2019).pdf,32193.0,32409.0,216.0,pdf_repeated_header_footer_body_pages,,,,,,,,,Computer Science,0.0,0.0,0.0,330.18461538461537,306.6,306.6,0.0,97.5,0.0,0.0,32193.0,330.18461538461537,False,476.93333333333334,0.0,2025,True,True,True,True,True,
finish_0176,to say nothing of the dog,2025-12-08,447.5,499.99999999999994,492.49999999999994,327.50000000000006,380.00000000000006,372.50000000000006,0.0,0.0,0.0,120.0,120.0,120.0,8,2025-12-07,2025-12-08,492.49999999999994,calendar_analysis_duration_with_gt15m_overlap_restored,52.49999999999994,44.99999999999994,1,False,,,186726.0,local_file_word_count,high,/Users/clarkbenham/side_projects/data/Takeout_Play_books_03_16_25_pt1/Google Play Books/To Say Nothing of the Dog/To Say Nothing of the Dog.epub,100.0,to say nothing of the dog,186726.0,186904.0,178.0,epub_spine_body_sections,,,,,,,,,fiction,0.0,0.0,0.0,379.1390862944163,373.45200000000006,373.45200000000006,0.0,492.49999999999994,0.0,0.0,186726.0,379.1390862944163,False,570.1557251908396,0.0,2025,True,True,True,True,True,
finish_0177,art and fear,2025-12-15,60.0,60.0,60.0,30.0,30.0,30.0,0.0,0.0,0.0,30.0,30.0,30.0,2,2025-12-12,2025-12-15,60.0,calendar_analysis_duration_with_gt15m_overlap_restored,0.0,0.0,1,False,,,27611.0,local_file_word_count,high,"/Users/clarkbenham/side_projects/data/Books/Art & fear _ observations on the perils (and rewards) of artmaking - Orland, Ted_ Bayles, David - (1993, Turtleback Books_Distributed by Consortium Book Sales & Distribution, Image Continuum Press).pdf",100.0,"Art & fear _ observations on the perils (and rewards) of artmaking - Orland, Ted_ Bayles, David - (1993, Turtleback Books_Distributed by Consortium Book Sales & Distribution, Image Continuum Press).pdf",27611.0,27948.0,337.0,pdf_repeated_header_footer_body_pages,,,,,,,,,General Reading,0.0,0.0,0.0,460.18333333333334,460.18333333333334,460.18333333333334,0.0,60.0,0.0,0.0,27611.0,460.18333333333334,False,920.3666666666667,0.0,2025,True,True,True,False,False,calendar_time_lte_90_minutes
finish_0178,the world crisis,2025-12-27,622.5,675.0,652.5,442.5,450.0,442.5,165.0,210.0,195.0,15.0,15.0,15.0,15,2025-12-16,2025-12-27,652.5,calendar_analysis_duration_with_gt15m_overlap_restored,52.5,30.0,1,False,,,204557.0,local_file_word_count,high,/Users/clarkbenham/side_projects/data/Takeout_Play_books_03_16_25_pt2/Google Play Books/The world crisis/The world crisis.epub,100.0,the world crisis,204557.0,210816.0,6259.0,epub_spine_body_sections,,,,,,,,,Histories,1692.0,33.0,0.0,313.49731800766284,303.04740740740743,303.04740740740743,195.0,457.5,0.2988505747126437,68250.0,136307.0,297.93879781420765,False,462.27570621468925,82.71533117908457,2025,True,True,True,True,True,
finish_0179,the world crisis volume 2,2026-01-04,895.0000000000001,977.5,962.5,677.5000000000001,692.5000000000001,677.5000000000001,67.5,135.0,135.0,150.0,150.0,150.0,17,2026-01-01,2026-01-05,962.5,calendar_analysis_duration_with_gt15m_overlap_restored,82.5,67.5,1,False,,,198282.0,local_file_word_count,high,"/Users/clarkbenham/side_projects/data/Takeout_Play_books_03_16_25_pt1/Google Play Books/The World Crisis, Vol/The World Crisis, Vol. 2 (Winston Churchill_s Worl.epub",100.0,"The World Crisis, Vol. 2 (Winston Churchill_s Worl.html",198282.0,202837.0,4555.0,epub_spine_body_sections,,,,,,,,,Histories,7976.0,146.0,46.0,206.00727272727272,202.8460358056266,202.8460358056266,135.0,827.5,0.14025974025974025,47250.0,151032.0,182.51601208459215,False,292.66715867158666,402.25537365973713,2026,True,True,True,True,True,
finish_0180,the world crisis vol 3,2026-01-07,427.5,480.0,480.0,390.0,420.0,420.0,0.0,0.0,0.0,37.5,60.0,60.0,6,2026-01-06,2026-01-08,480.0,calendar_analysis_duration_with_gt15m_overlap_restored,52.5,52.5,1,False,,,204974.0,local_file_word_count,high,"/Users/clarkbenham/side_projects/data/Takeout_Play_books_03_16_25_pt1/Google Play Books/The World Crisis, Vol/The World Crisis, Vol. 3 Part 1 and Part 2 (Winsto.epub",100.0,"The World Crisis, Vol. 3 Part 1 and Part 2 (Winsto.html",204974.0,204975.0,1.0,epub_spine_body_sections,,,,,,,,,Histories,7976.0,146.0,46.0,427.02916666666664,427.02916666666664,427.02916666666664,0.0,480.0,0.0,0.0,204974.0,427.02916666666664,False,525.574358974359,389.12252285655745,2026,True,True,True,True,True,
finish_0181,the world crisis volume 4,2026-01-10,712.5,720.0,712.5,682.5,690.0,682.5,0.0,0.0,0.0,30.0,30.0,30.0,9,2026-01-09,2026-01-10,712.5,calendar_analysis_duration_with_gt15m_overlap_restored,7.5,0.0,1,False,,,165053.0,local_file_word_count,high,"/Users/clarkbenham/side_projects/data/Takeout_Play_books_03_16_25_pt2/Google Play Books/The World Crisis, Vol/The World Crisis, Vol. 4 (Winston Churchill_s Worl.epub",100.0,"The World Crisis, Vol. 4 (Winston Churchill_s Worl.html",165053.0,165054.0,1.0,epub_spine_body_sections,,,,,,,,,Histories,0.0,0.0,0.0,231.65333333333334,229.24027777777778,229.24027777777778,0.0,712.5,0.0,0.0,165053.0,231.65333333333334,False,241.83589743589744,0.0,2026,True,True,True,True,True,
finish_0182,the history of the English speaking peoples volume 4,2026-01-11,905.0,1110.0,1095.0,720.0,735.0,720.0,184.99999999999997,375.0,375.0,30.0,60.0,60.0,18,2025-11-15,2026-01-11,1095.0,calendar_analysis_duration_with_gt15m_overlap_restored,205.0000000000001,190.0000000000001,1,False,,,124144.0,local_file_word_count,high,"data/Books/The Great Democracies_ A History of the English-Speaking Peoples, Volume IV - Churchill, Winston Spencer - (2005, Barnes & Noble).epub",100.0,"data/Books/The Great Democracies_ A History of the English-Speaking Peoples, Volume IV - Churchill, Winston Spencer - (2005, Barnes & Noble).epub",124144.0,124300.0,156.0,epub_spine_body_sections,,,,,,,,,Histories,4348.0,87.0,12.0,113.37351598173515,111.84144144144145,111.84144144144145,375.0,720.0,0.3424657534246575,131250.0,0.0,0.0,True,172.42222222222222,350.2384327877304,2026,True,True,True,True,False,
finish_0183,going postal,2026-01-14,285.0,285.0,285.0,135.0,135.0,135.0,0.0,0.0,0.0,150.0,150.0,150.0,2,2026-01-13,2026-01-14,285.0,calendar_analysis_duration_with_gt15m_overlap_restored,0.0,0.0,1,False,,,121164.0,local_file_word_count,high,/Users/clarkbenham/side_projects/data/Takeout_Play_books_03_16_25_pt1/Google Play Books/Going Postal/Going Postal.epub,100.0,going postal,121164.0,121922.0,758.0,epub_spine_body_sections,,105865.0,https://www.readinglength.com/book/BOzBV4L,,,-15299.0,-0.1262668779505463,0.1262668779505463,fiction,0.0,0.0,0.0,425.13684210526316,425.13684210526316,425.13684210526316,0.0,285.0,0.0,0.0,121164.0,425.13684210526316,False,897.5111111111111,0.0,2026,True,True,True,True,True,
finish_0184,Now It Can Be Told,2026-01-19,217.5,360.0,360.0,15.0,15.0,15.0,202.5,345.0,345.0,30.0,30.0,30.0,7,2025-07-06,2026-01-19,360.0,calendar_analysis_duration_with_gt15m_overlap_restored,142.5,142.5,1,False,,,163006.0,local_file_word_count,high,/Users/clarkbenham/side_projects/data/Takeout_Play_books_03_16_25_pt2/Google Play Books/Now It Can Be Told/Now It Can Be Told.epub,100.0,Now It Can Be Told,163006.0,168544.0,5538.0,epub_spine_body_sections,,,,,,,,,"Business, management",16.0,1.0,0.0,452.7944444444444,452.7944444444444,452.7944444444444,345.0,15.0,0.9583333333333334,120750.0,42256.0,2817.0666666666666,True,10867.066666666668,0.9815589610198399,2026,True,True,True,True,False,
finish_0185,Churchill's wit the definitive collection,2026-01-20,142.5,150.0,142.5,0.0,0.0,0.0,0.0,0.0,0.0,142.5,150.0,142.5,1,2026-01-20,2026-01-20,142.5,calendar_analysis_duration_with_gt15m_overlap_restored,7.5,0.0,1,False,,,,,low,,0.0,,,,,,,,,,,,,,General Reading,0.0,0.0,0.0,,,,0.0,142.5,0.0,0.0,,,False,,,2026,False,False,False,False,False,
finish_0186,it's better to be feared,2026-01-24,743.9416666666667,765.0,743.9416666666667,638.9416666666667,660.0,638.9416666666667,0.0,0.0,0.0,105.0,105.0,105.0,12,2026-01-20,2026-01-24,743.9416666666667,calendar_analysis_duration_with_gt15m_overlap_restored,21.05833333333328,0.0,1,False,,,177956.0,local_file_word_count,high,/Users/clarkbenham/side_projects/data/Takeout_Play_books_03_16_25_pt1/Google Play Books/It_s Better to Be Feared/It_s Better to Be Feared.epub,100.0,It_s Better to Be Feared.html,177956.0,193013.0,15057.0,epub_spine_body_sections,,,,,,,,,General Reading,24434.0,423.0,738.0,239.20692706641424,232.62222222222223,232.62222222222223,0.0,743.9416666666667,0.0,0.0,177956.0,239.20692706641424,False,278.5168181758898,1373.0360313785432,2026,True,True,True,True,True,
finish_0187,the effective executive,2026-01-29,97.5,150.0,127.5,22.5,30.0,22.5,75.0,120.0,105.0,15.0,30.0,30.0,7,2025-01-22,2026-01-30,127.5,calendar_analysis_duration_with_gt15m_overlap_restored,52.5,30.0,1,False,,,64081.0,local_file_word_count,high,"/Users/clarkbenham/side_projects/data/Books/The Effective Executive_ The Definitive Guide to Getting the Right Things Done - Peter F. Drucker, Jim Collins - (2017, HarperBusiness).epub",90.0,the effective executive,64081.0,66884.0,2803.0,epub_spine_body_sections,,52000.0,https://www.readinglength.com/book/B27p7xT,,,-12081.0,-0.1885270204896927,0.1885270204896927,"Business, management",1457.0,29.0,0.0,502.5960784313726,427.20666666666665,427.20666666666665,105.0,22.5,0.8235294117647058,36750.0,27331.0,1214.7111111111112,True,2848.0444444444443,227.3684867589457,2026,True,True,True,True,False,
finish_0188,the best and brightest,2026-02-02,1314.9999999999998,1350.0,1335.0,1284.9999999999998,1320.0,1305.0,0.0,0.0,0.0,30.0,30.0,30.0,23,2026-01-22,2026-02-02,1335.0,calendar_analysis_duration_with_gt15m_overlap_restored,35.00000000000023,20.000000000000227,1,False,,,352432.0,local_file_word_count,high,/Users/clarkbenham/side_projects/data/Takeout_Play_books_03_16_25_pt1/Google Play Books/The Best and the Brightest (Modern Library)/The Best and the Brightest (Modern Library).epub,100.0,The Best and the Brightest (Modern Library).html,352432.0,352433.0,1.0,epub_spine_body_sections,,,,,,,,,Histories,58409.0,876.0,904.0,263.9940074906367,261.06074074074075,261.06074074074075,0.0,1335.0,0.0,0.0,352432.0,263.9940074906367,False,274.2661478599222,1657.3126163344987,2026,True,True,True,True,True,
finish_0189,good omens,2026-02-08,405.0,405.0,405.0,210.0,210.0,210.0,0.0,0.0,0.0,195.0,195.0,195.0,6,2021-09-22,2026-02-08,405.0,calendar_analysis_duration_with_gt15m_overlap_restored,0.0,0.0,1,False,,,108281.0,local_file_word_count,high,"/Users/clarkbenham/side_projects/data/Books/Good Omens - Pratchett, Terry _ Gaiman, Neil.pdf",100.0,"Good Omens - Pratchett, Terry _ Gaiman, Neil.pdf",108281.0,108281.0,0.0,pdf_repeated_header_footer_body_pages,,108000.0,https://www.readinglength.com/book/BaDpWtV,,,-281.0,-0.0025950997866661,0.0025950997866661,fiction,0.0,0.0,0.0,267.3604938271605,267.3604938271605,267.3604938271605,0.0,405.0,0.0,0.0,108281.0,267.3604938271605,False,515.6238095238095,0.0,2026,True,True,True,True,True,
finish_0190,prime movers of globalization,2026-02-09,307.5,315.0,307.5,262.5,270.0,262.5,0.0,0.0,0.0,45.0,45.0,45.0,10,2025-11-17,2026-02-09,307.5,calendar_analysis_duration_with_gt15m_overlap_restored,7.5,0.0,1,False,,,80432.0,local_file_word_count,high,"/Users/clarkbenham/side_projects/data/Books/eleven_upload/Business, management/Prime Movers of Globalization.epub",100.0,prime movers of globalization,80432.0,89140.0,8708.0,epub_spine_body_sections,,,,,,,,,"Business, management",7240.0,145.0,40.0,261.56747967479674,255.33968253968254,255.33968253968254,0.0,307.5,0.0,0.0,80432.0,261.56747967479674,False,306.40761904761905,900.1392480604735,2026,True,True,True,True,True,
finish_0191,shoe dog,2026-02-11,352.5,360.0,352.5,345.0,345.0,345.0,0.0,0.0,0.0,7.5,15.0,7.5,3,2026-02-10,2026-02-11,352.5,calendar_analysis_duration_with_gt15m_overlap_restored,7.5,0.0,1,False,,,125957.0,local_file_word_count,high,/Users/clarkbenham/side_projects/data/Takeout_Play_books_03_16_25_pt2/Google Play Books/Shoe Dog/Shoe Dog.epub,100.0,shoe dog,125957.0,126153.0,196.0,epub_spine_body_sections,,96500.0,https://www.readinglength.com/book/Bvk4DQT,,,-29457.0,-0.2338655255364926,0.2338655255364926,"Business, management",19891.0,325.0,866.0,357.32482269503544,349.88055555555553,349.88055555555553,0.0,352.5,0.0,0.0,125957.0,357.32482269503544,False,365.0927536231884,1579.1897234770597,2026,True,True,True,True,True,
finish_0192,the billionaire and the mechanic,2026-02-14,465.0,480.0,465.0,360.0,375.0,360.0,0.0,0.0,0.0,105.0,105.0,105.0,4,2026-02-13,2026-02-14,465.0,calendar_analysis_duration_with_gt15m_overlap_restored,15.0,0.0,1,False,,,142997.0,local_file_word_count,high,/Users/clarkbenham/side_projects/data/Takeout_Play_books_03_16_25_pt1/Google Play Books/The Billionaire and the Mechanic/The Billionaire and the Mechanic.epub,100.0,the billionaire and the mechanic,142997.0,142997.0,0.0,epub_spine_body_sections,,,,,,,,,General Reading,16057.0,274.0,828.0,307.52043010752686,297.91041666666666,297.91041666666666,0.0,465.0,0.0,0.0,142997.0,307.52043010752686,False,397.2138888888889,1122.890690014476,2026,True,True,True,True,True,
finish_0193,the parable of rust a novella,2026-02-19,82.5,90.0,82.5,0.0,0.0,0.0,0.0,0.0,0.0,82.5,90.0,82.5,1,2026-02-19,2026-02-19,82.5,calendar_analysis_duration_with_gt15m_overlap_restored,7.5,0.0,1,False,,,,,low,,0.0,,,,,,,,,,,,,,fiction,0.0,0.0,0.0,,,,0.0,82.5,0.0,0.0,,,False,,,2026,False,False,False,False,False,
finish_0194,memos from the chairman,2026-02-25,90.0,90.0,90.0,45.0,45.0,45.0,0.0,0.0,0.0,45.0,45.0,45.0,3,2026-02-24,2026-02-25,90.0,calendar_analysis_duration_with_gt15m_overlap_restored,0.0,0.0,1,False,,,32426.0,local_file_word_count,high,/Users/clarkbenham/side_projects/data/Takeout_Play_books_03_16_25_pt1/Google Play Books/Memos from the Chairman/Memos from the Chairman.epub,100.0,memos from the chairman,32426.0,32590.0,164.0,epub_spine_body_sections,,,,,,,,,"Business, management",4766.0,79.0,100.0,360.2888888888889,360.2888888888889,360.2888888888889,0.0,90.0,0.0,0.0,32426.0,360.2888888888889,False,720.5777777777778,1469.8081786220935,2026,True,True,True,False,False,calendar_time_lte_90_minutes
finish_0195,night watch,2026-03-05,322.5,322.5,322.5,300.0,300.0,300.0,0.0,0.0,0.0,22.5,22.5,22.5,6,2026-03-01,2026-03-05,322.5,calendar_analysis_duration_with_gt15m_overlap_restored,0.0,0.0,1,False,,,114185.0,local_file_word_count,high,/Users/clarkbenham/side_projects/data/Takeout_Play_books_03_16_25_pt1/Google Play Books/Discworld 29 - Night Watch/Discworld 29 - Night Watch.epub,100.0,Discworld 29 - Night Watch.html,114185.0,114186.0,1.0,epub_spine_body_sections,,84500.0,https://www.readinglength.com/book/Bh4LNED,,,-29685.0,-0.2599728510750098,0.2599728510750098,fiction,0.0,0.0,0.0,354.06201550387595,354.06201550387595,354.06201550387595,0.0,322.5,0.0,0.0,114185.0,354.06201550387595,False,380.6166666666667,0.0,2026,True,True,True,True,True,
finish_0196,[Hyperion 1] Dan Simmons - Hyperion-Saga 1_ Hyperion (1990) - libgen.li.pdf,2026-03-10,540.0,540.0,540.0,435.0,435.0,435.0,0.0,0.0,0.0,105.0,105.0,105.0,9,2026-03-08,2026-03-10,540.0,calendar_analysis_duration_with_gt15m_overlap_restored,0.0,0.0,1,False,,,170219.0,local_file_word_count,high,/Users/clarkbenham/side_projects/data/Takeout_Play_books_03_16_25_pt1/Google Play Books/[Hyperion 1] Dan Simmons - Hyperion-Saga 1_ Hyperi/[Hyperion 1] Dan Simmons - Hyperion-Saga 1_ Hyp.pdf,90.0,[Hyperion 1] Dan Simmons - Hyperion-Saga 1_ Hyp(1).pdf,170219.0,170219.0,0.0,pdf_repeated_header_footer_body_pages,,,,,,,,,fiction,0.0,0.0,0.0,315.22037037037035,315.22037037037035,315.22037037037035,0.0,540.0,0.0,0.0,170219.0,315.22037037037035,False,391.3080459770115,0.0,2026,True,True,True,True,True,
finish_0197,fall of Hyperion,2026-03-11,652.5,660.0,652.5,495.0,495.0,495.0,0.0,0.0,0.0,157.5,165.0,157.5,6,2026-03-10,2026-03-11,652.5,calendar_analysis_duration_with_gt15m_overlap_restored,7.5,0.0,1,False,,,190613.0,local_file_word_count,high,"/Users/clarkbenham/side_projects/data/Books/Hyperion Cantos [02] - The Fall of Hyperion - [Hyperion Cantos _2] Simmons, Dan - (1990, Spectra).epub",90.0,fall of Hyperion,190613.0,190753.0,140.0,epub_spine_body_sections,,,,,,,,,fiction,0.0,0.0,0.0,292.1272030651341,288.80757575757576,288.80757575757576,0.0,652.5,0.0,0.0,190613.0,292.1272030651341,False,385.0767676767677,0.0,2026,True,True,True,True,True,
finish_0198,thoughts and adventures,2026-03-27,130.00000000000003,130.00000000000003,130.00000000000003,30.0,30.0,30.0,0.0,0.0,0.0,100.0,100.0,100.0,2,2026-03-18,2026-03-27,130.00000000000003,calendar_analysis_duration_with_gt15m_overlap_restored,0.0,0.0,2,True,2025-11-03,144.0,86188.0,local_file_word_count,high,/Users/clarkbenham/side_projects/data/Takeout_Play_books_03_16_25_pt1/Google Play Books/Thoughts and Adventures/Thoughts and Adventures.epub,100.0,thoughts and adventures,86188.0,86189.0,1.0,epub_spine_body_sections,,,,,,,,,Histories,8584.0,141.0,78.0,662.9846153846153,662.9846153846153,662.9846153846153,0.0,130.00000000000003,0.0,0.0,86188.0,662.9846153846153,False,2872.9333333333334,995.9623149394348,2026,True,False,False,False,False,
finish_0199,my early life,2026-03-29,330.0,345.0,345.0,255.0,270.0,270.0,0.0,0.0,0.0,75.0,75.0,75.0,5,2026-03-20,2026-03-29,345.0,calendar_analysis_duration_with_gt15m_overlap_restored,15.0,15.0,2,True,2025-10-14,166.0,124256.0,local_file_word_count,high,/Users/clarkbenham/side_projects/data/Takeout_Play_books_03_16_25_pt1/Google Play Books/My Early Life/My Early Life.epub,100.0,my early life,124256.0,124256.0,0.0,epub_spine_body_sections,,,,,,,,,Histories,18816.0,336.0,308.0,360.1623188405797,360.1623188405797,360.1623188405797,0.0,345.0,0.0,0.0,124256.0,360.1623188405797,False,487.278431372549,1514.2930723667266,2026,True,False,False,False,False,
finish_0200,surely you’re joking Feynman,2026-04-19,202.5,330.0,330.0,0.0,0.0,0.0,202.5,330.0,330.0,30.0,60.0,60.0,5,2023-09-18,2026-04-19,330.0,calendar_analysis_duration_with_gt15m_overlap_restored,127.5,127.5,2,True,2023-03-01,1145.0,126883.0,local_file_word_count,high,"/Users/clarkbenham/side_projects/data/Takeout_Play_books_03_16_25_pt2/Google Play Books/ _Surely You_re Joking, Mr. Feynman!__ Adventure/ _Surely You_re Joking, Mr. Feynman!__ Advent.pdf",85.0,surely you’re joking Feynman,126883.0,127231.0,348.0,pdf_repeated_header_footer_body_pages,,,,352.0,96800.0,,,,General Reading,0.0,0.0,0.0,384.4939393939394,384.4939393939394,384.4939393939394,330.0,0.0,1.0,115500.0,11383.0,,True,inf,0.0,2026,True,False,False,False,False,
finish_0201,Churchill: Walking with Destiny,2026-04-24,2630.0,2985.0,2947.5,2585.0,2940.0,2902.5,0.0,0.0,0.0,45.0,45.0,45.0,37,2026-03-20,2026-04-26,2947.5,calendar_analysis_duration_with_gt15m_overlap_restored,355.0,317.5,1,False,,,458440.0,local_file_word_count,high,"/Users/clarkbenham/side_projects/data/Books/Churchill_ Walking with Destiny - Andrew Roberts - (2018, Allen Lane).epub",90.0,Churchill: Walking with Destiny,458440.0,513344.0,54904.0,epub_spine_body_sections,,,,,,,,,,42827.0,999.0,1528.0,155.53519932145886,153.58123953098828,153.58123953098828,0.0,2947.5,0.0,0.0,458440.0,155.53519932145886,False,177.34622823984526,934.1898612686501,2026,True,True,True,True,True,
finish_0202,churchill the power of words,2026-05-07,517.5,532.5,517.5,487.5,502.5,487.5,0.0,0.0,0.0,30.0,30.0,30.0,9,2026-02-15,2026-05-07,517.5,calendar_analysis_duration_with_gt15m_overlap_restored,15.0,0.0,1,False,,,173941.0,local_file_word_count,high,"/Users/clarkbenham/side_projects/data/Books/Churchill _ the power of words _ his remarkable life recounted through his writings and speeches _ 200 readings - Churchill, Winston S_ Gilbert, Martin (Editor) - (2014, Da Capo Press_Bantam Press).epub",90.0,churchill the power of words,173941.0,175294.0,1353.0,epub_spine_body_sections,,,,,,,,,,0.0,0.0,0.0,336.1178743961353,326.64976525821595,326.64976525821595,0.0,517.5,0.0,0.0,173941.0,336.1178743961353,False,356.8020512820513,0.0,2026,True,True,True,True,True,
finish_0203,the nvidia way,2026-05-13,112.5,210.0,210.0,0.0,0.0,0.0,112.5,210.0,210.0,15.0,30.0,30.0,5,2026-04-26,2026-05-13,210.0,calendar_analysis_duration_with_gt15m_overlap_restored,97.5,97.5,1,False,,,82792.0,local_file_word_count,high,/Users/clarkbenham/side_projects/data/Takeout_Play_books_03_16_25_pt1/Google Play Books/The Nvidia Way/The Nvidia Way.epub,100.0,the nvidia way,82792.0,85997.0,3205.0,epub_spine_body_sections,,,,,,,,,,0.0,0.0,0.0,394.247619047619,394.247619047619,394.247619047619,210.0,0.0,1.0,73500.0,9292.0,,True,inf,0.0,2026,True,True,True,True,False,
finish_0204,managing the professional services firm,2026-05-14,397.5,420.0,397.5,382.5,405.0,382.5,0.0,0.0,0.0,15.0,15.0,15.0,14,2026-04-28,2026-05-14,397.5,calendar_analysis_duration_with_gt15m_overlap_restored,22.5,0.0,1,False,,,114224.0,local_file_word_count,high,/Users/clarkbenham/side_projects/data/Takeout_Play_books_03_16_25_pt1/Google Play Books/Managing the Professional Service Firm/Managing the Professional Service Firm.epub,85.0,managing the professional services firm,114224.0,118020.0,3796.0,epub_spine_body_sections,,,,,,,,,,11195.0,226.0,98.0,287.3559748427673,271.96190476190475,271.96190476190475,0.0,397.5,0.0,0.0,114224.0,287.3559748427673,False,298.6248366013072,980.0917495447542,2026,True,True,True,True,True,
