event_id,source_row_id,date,start,end,calendar_name,summary,part_summary,event_type,book_ref,calendar_analysis_duration_hours,wall_clock_duration_hours,include_in_first_pass_time,inclusion_rule,overlap_policy_duration_hours,overlap_policy_rule,overlap_other_events,overlap_other_calendars,overlap_restored_hours,title,finish_id,matched_finish_date,match_method
calendar_analysis_row_000002_part_0,calendar_analysis_row_000002,2021-05-24,2021-05-24 05:00:00+00:00,2021-05-24 05:30:00+00:00,Things,book,book,generic,,0.5,0.5,False,generic_temporal_read_not_counted_by_default,0.5,calendar_analysis_duration,,,0.0,,,,
calendar_analysis_row_000003_part_0,calendar_analysis_row_000003,2021-05-24,2021-05-24 06:00:00+00:00,2021-05-24 06:30:00+00:00,Things,book,book,generic,,0.5,0.5,False,generic_temporal_read_not_counted_by_default,0.5,calendar_analysis_duration,,,0.0,,,,
calendar_analysis_row_000033_part_0,calendar_analysis_row_000033,2021-05-26,2021-05-26 02:00:00+00:00,2021-05-26 02:15:00+00:00,Things,book,book,generic,,0.25,0.25,False,generic_temporal_read_not_counted_by_default,0.25,calendar_analysis_duration,,,0.0,,,,
calendar_analysis_row_000093_part_0,calendar_analysis_row_000093,2021-05-30,2021-05-30 05:15:00+00:00,2021-05-30 05:30:00+00:00,Things,book,book,generic,,0.25,0.25,False,generic_temporal_read_not_counted_by_default,0.25,calendar_analysis_duration,,,0.0,,,,
calendar_analysis_row_000110_part_0,calendar_analysis_row_000110,2021-05-31,2021-05-31 03:30:00+00:00,2021-05-31 04:00:00+00:00,Things,book,book,generic,,0.5,0.5,False,generic_temporal_read_not_counted_by_default,0.5,calendar_analysis_duration,,,0.0,,,,
calendar_analysis_row_000194_part_0,calendar_analysis_row_000194,2021-06-04,2021-06-04 07:15:00+00:00,2021-06-04 09:15:00+00:00,Things,read: kipling,read: kipling,reading,kipling,2.0,2.0,True,explicit_reading_or_audiobook_duration,2.0,calendar_analysis_duration,,,0.0,Kipling by Harold bloom,finish_0115,2024-12-23,ref_to_finished_title
calendar_analysis_row_000209_part_0,calendar_analysis_row_000209,2021-06-05,2021-06-05 06:00:00+00:00,2021-06-05 06:45:00+00:00,Things,read: Kipling,read: Kipling,reading,Kipling,0.75,0.75,True,explicit_reading_or_audiobook_duration,0.75,calendar_analysis_duration,,,0.0,Kipling by Harold bloom,finish_0115,2024-12-23,ref_to_finished_title
calendar_analysis_row_000233_part_0,calendar_analysis_row_000233,2021-06-06,2021-06-06 08:15:00+00:00,2021-06-06 09:30:00+00:00,Things,read: Kipling,read: Kipling,reading,Kipling,1.25,1.25,True,explicit_reading_or_audiobook_duration,1.25,calendar_analysis_duration,,,0.0,Kipling by Harold bloom,finish_0115,2024-12-23,ref_to_finished_title
calendar_analysis_row_000253_part_0,calendar_analysis_row_000253,2021-06-07,2021-06-07 07:00:00+00:00,2021-06-07 09:15:00+00:00,Things,read: Kipling,read: Kipling,reading,Kipling,2.25,2.25,True,explicit_reading_or_audiobook_duration,2.25,calendar_analysis_duration,,,0.0,Kipling by Harold bloom,finish_0115,2024-12-23,ref_to_finished_title
calendar_analysis_row_000276_part_0,calendar_analysis_row_000276,2021-06-09,2021-06-09 03:30:00+00:00,2021-06-09 04:30:00+00:00,Things,read: Kipling,read: Kipling,reading,Kipling,0.875,1.0,True,explicit_reading_or_audiobook_duration,1.0,full_duration_minor_overlap,dinner (fake; use takeout data from 7 | 13),"Meals, Supplements, Sleep",0.125,Kipling by Harold bloom,finish_0115,2024-12-23,ref_to_finished_title
calendar_analysis_row_000282_part_0,calendar_analysis_row_000282,2021-06-09,2021-06-09 11:00:00+00:00,2021-06-09 12:00:00+00:00,Things,read: Kipling,read: Kipling,reading,Kipling,1.0,1.0,True,explicit_reading_or_audiobook_duration,1.0,calendar_analysis_duration,,,0.0,Kipling by Harold bloom,finish_0115,2024-12-23,ref_to_finished_title
calendar_analysis_row_000324_part_0,calendar_analysis_row_000324,2021-06-12,2021-06-12 04:30:00+00:00,2021-06-12 05:30:00+00:00,Things,read: Kipling,read: Kipling,reading,Kipling,1.0,1.0,True,explicit_reading_or_audiobook_duration,1.0,calendar_analysis_duration,,,0.0,Kipling by Harold bloom,finish_0115,2024-12-23,ref_to_finished_title
calendar_analysis_row_000368_part_0,calendar_analysis_row_000368,2021-06-13,2021-06-13 23:30:00+00:00,2021-06-14 00:15:00+00:00,Things,read: Kipling,read: Kipling,reading,Kipling,0.75,0.75,True,explicit_reading_or_audiobook_duration,0.75,calendar_analysis_duration,,,0.0,Kipling by Harold bloom,finish_0115,2024-12-23,ref_to_finished_title
calendar_analysis_row_000370_part_0,calendar_analysis_row_000370,2021-06-14,2021-06-14 01:00:00+00:00,2021-06-14 01:30:00+00:00,Things,read: Kipling,read: Kipling,reading,Kipling,0.5,0.5,True,explicit_reading_or_audiobook_duration,0.5,calendar_analysis_duration,,,0.0,Kipling by Harold bloom,finish_0115,2024-12-23,ref_to_finished_title
calendar_analysis_row_000378_part_0,calendar_analysis_row_000378,2021-06-14,2021-06-14 06:15:00+00:00,2021-06-14 07:00:00+00:00,Things,read: Kipling,read: Kipling,reading,Kipling,0.75,0.75,True,explicit_reading_or_audiobook_duration,0.75,calendar_analysis_duration,,,0.0,Kipling by Harold bloom,finish_0115,2024-12-23,ref_to_finished_title
calendar_analysis_row_000402_part_0,calendar_analysis_row_000402,2021-06-16,2021-06-16 05:30:00+00:00,2021-06-16 06:45:00+00:00,Things,read: Kipling,read: Kipling,reading,Kipling,1.25,1.25,True,explicit_reading_or_audiobook_duration,1.25,calendar_analysis_duration,,,0.0,Kipling by Harold bloom,finish_0115,2024-12-23,ref_to_finished_title
calendar_analysis_row_000470_part_0,calendar_analysis_row_000470,2021-06-20,2021-06-20 05:00:00+00:00,2021-06-20 06:00:00+00:00,Things,read: Kipling,read: Kipling,reading,Kipling,1.0,1.0,True,explicit_reading_or_audiobook_duration,1.0,calendar_analysis_duration,,,0.0,Kipling by Harold bloom,finish_0115,2024-12-23,ref_to_finished_title
calendar_analysis_row_000471_part_0,calendar_analysis_row_000471,2021-06-20,2021-06-20 06:30:00+00:00,2021-06-20 07:30:00+00:00,Things,read: Conrad,read: Conrad,reading,Conrad,1.0,1.0,True,explicit_reading_or_audiobook_duration,1.0,calendar_analysis_duration,,,0.0,and call me conrad,finish_0172,2025-11-13,ref_to_finished_title
calendar_analysis_row_000473_part_0,calendar_analysis_row_000473,2021-06-20,2021-06-20 08:45:00+00:00,2021-06-20 09:15:00+00:00,Things,read: Chekhov,read: Chekhov,reading,Chekhov,0.5,0.5,True,explicit_reading_or_audiobook_duration,0.5,calendar_analysis_duration,,,0.0,,,,
calendar_analysis_row_000479_part_0,calendar_analysis_row_000479,2021-06-20,2021-06-20 19:30:00+00:00,2021-06-20 20:30:00+00:00,Things,read: chekhov,read: chekhov,reading,chekhov,1.0,1.0,True,explicit_reading_or_audiobook_duration,1.0,calendar_analysis_duration,,,0.0,,,,
calendar_analysis_row_000510_part_0,calendar_analysis_row_000510,2021-06-22,2021-06-22 08:00:00+00:00,2021-06-22 08:15:00+00:00,Things,read: Chekhov,read: Chekhov,reading,Chekhov,0.25,0.25,True,explicit_reading_or_audiobook_duration,0.25,calendar_analysis_duration,,,0.0,,,,
calendar_analysis_row_000526_part_0,calendar_analysis_row_000526,2021-06-23,2021-06-23 08:15:00+00:00,2021-06-23 08:30:00+00:00,Things,read: Chekhov,read: Chekhov,reading,Chekhov,0.25,0.25,True,explicit_reading_or_audiobook_duration,0.25,calendar_analysis_duration,,,0.0,,,,
calendar_analysis_row_000539_part_0,calendar_analysis_row_000539,2021-06-24,2021-06-24 05:30:00+00:00,2021-06-24 05:45:00+00:00,Things,read: Chekhov,read: Chekhov,reading,Chekhov,0.25,0.25,True,explicit_reading_or_audiobook_duration,0.25,calendar_analysis_duration,,,0.0,,,,
calendar_analysis_row_000558_part_0,calendar_analysis_row_000558,2021-06-25,2021-06-25 07:45:00+00:00,2021-06-25 08:15:00+00:00,Things,read: Chekhov,read: Chekhov,reading,Chekhov,0.375,0.5,True,explicit_reading_or_audiobook_duration,0.5,full_duration_minor_overlap,blog,Things,0.125,,,,
calendar_analysis_row_000573_part_0,calendar_analysis_row_000573,2021-06-26,2021-06-26 13:00:00+00:00,2021-06-26 14:00:00+00:00,Things,read: Kipling,read: Kipling,reading,Kipling,1.0,1.0,True,explicit_reading_or_audiobook_duration,1.0,calendar_analysis_duration,,,0.0,Kipling by Harold bloom,finish_0115,2024-12-23,ref_to_finished_title
calendar_analysis_row_000607_part_0,calendar_analysis_row_000607,2021-06-28,2021-06-28 06:00:00+00:00,2021-06-28 06:30:00+00:00,Things,read: Chekov,read: Chekov,reading,Chekov,0.5,0.5,True,explicit_reading_or_audiobook_duration,0.5,calendar_analysis_duration,,,0.0,,,,
calendar_analysis_row_000617_part_0,calendar_analysis_row_000617,2021-06-29,2021-06-29 04:15:00+00:00,2021-06-29 05:00:00+00:00,Things,read: Chekhov,read: Chekhov,reading,Chekhov,0.3333333333333333,0.75,True,explicit_reading_or_audiobook_duration,0.3333333333333333,calendar_analysis_duration_incompatible_overlap,Job: Hive | dinner (fake; use takeout data from 7 | 13),"Meals, Supplements, Sleep | clark.benham@gmail.com",0.0,,,,
calendar_analysis_row_000620_part_0,calendar_analysis_row_000620,2021-06-29,2021-06-29 05:15:00+00:00,2021-06-29 05:45:00+00:00,Things,read: Chekhov,read: Chekhov,reading,Chekhov,0.25,0.5,True,explicit_reading_or_audiobook_duration,0.5,full_duration_minor_overlap,Job: Hive,clark.benham@gmail.com,0.25,,,,
calendar_analysis_row_000649_part_0,calendar_analysis_row_000649,2021-07-01,2021-07-01 04:30:00+00:00,2021-07-01 04:45:00+00:00,Things,read: Kipling,read: Kipling,reading,Kipling,0.25,0.25,True,explicit_reading_or_audiobook_duration,0.25,calendar_analysis_duration,,,0.0,Kipling by Harold bloom,finish_0115,2024-12-23,ref_to_finished_title
calendar_analysis_row_000703_part_0,calendar_analysis_row_000703,2021-07-04,2021-07-04 09:00:00+00:00,2021-07-04 10:00:00+00:00,Things,read: Kipling,read: Kipling,reading,Kipling,1.0,1.0,True,explicit_reading_or_audiobook_duration,1.0,calendar_analysis_duration,,,0.0,Kipling by Harold bloom,finish_0115,2024-12-23,ref_to_finished_title
calendar_analysis_row_000708_part_0,calendar_analysis_row_000708,2021-07-04,2021-07-04 19:15:00+00:00,2021-07-04 19:45:00+00:00,Things,read: Kipling,read: Kipling,reading,Kipling,0.5,0.5,True,explicit_reading_or_audiobook_duration,0.5,calendar_analysis_duration,,,0.0,Kipling by Harold bloom,finish_0115,2024-12-23,ref_to_finished_title
calendar_analysis_row_000713_part_0,calendar_analysis_row_000713,2021-07-05,2021-07-05 01:45:00+00:00,2021-07-05 02:15:00+00:00,Things,read: Chekhov,read: Chekhov,reading,Chekhov,0.5,0.5,True,explicit_reading_or_audiobook_duration,0.5,calendar_analysis_duration,,,0.0,,,,
calendar_analysis_row_000735_part_0,calendar_analysis_row_000735,2021-07-05,2021-07-05 21:15:00+00:00,2021-07-05 22:00:00+00:00,Things,read: Chekhov,read: Chekhov,reading,Chekhov,0.75,0.75,True,explicit_reading_or_audiobook_duration,0.75,calendar_analysis_duration,,,0.0,,,,
calendar_analysis_row_000798_part_0,calendar_analysis_row_000798,2021-07-09,2021-07-09 09:15:00+00:00,2021-07-09 10:00:00+00:00,Things,read: Chekhov,read: Chekhov,reading,Chekhov,0.75,0.75,True,explicit_reading_or_audiobook_duration,0.75,calendar_analysis_duration,,,0.0,,,,
calendar_analysis_row_000818_part_0,calendar_analysis_row_000818,2021-07-10,2021-07-10 22:30:00+00:00,2021-07-10 23:15:00+00:00,Things,read: Conrad,read: Conrad,reading,Conrad,0.75,0.75,True,explicit_reading_or_audiobook_duration,0.75,calendar_analysis_duration,,,0.0,and call me conrad,finish_0172,2025-11-13,ref_to_finished_title
calendar_analysis_row_000932_part_0,calendar_analysis_row_000932,2021-07-19,2021-07-19 00:00:00+00:00,2021-07-19 00:30:00+00:00,Things,read: conrad,read: conrad,reading,conrad,0.5,0.5,True,explicit_reading_or_audiobook_duration,0.5,calendar_analysis_duration,,,0.0,and call me conrad,finish_0172,2025-11-13,ref_to_finished_title
calendar_analysis_row_000939_part_0,calendar_analysis_row_000939,2021-07-19,2021-07-19 12:15:00+00:00,2021-07-19 12:45:00+00:00,Things,read: Conrad,read: Conrad,reading,Conrad,0.5,0.5,True,explicit_reading_or_audiobook_duration,0.5,calendar_analysis_duration,,,0.0,and call me conrad,finish_0172,2025-11-13,ref_to_finished_title
calendar_analysis_row_000980_part_0,calendar_analysis_row_000980,2021-07-22,2021-07-22 06:30:00+00:00,2021-07-22 07:30:00+00:00,Things,read: Conrad,read: Conrad,reading,Conrad,1.0,1.0,True,explicit_reading_or_audiobook_duration,1.0,calendar_analysis_duration,,,0.0,and call me conrad,finish_0172,2025-11-13,ref_to_finished_title
calendar_analysis_row_000983_part_0,calendar_analysis_row_000983,2021-07-22,2021-07-22 16:00:00+00:00,2021-07-22 16:15:00+00:00,Things,read conrad,read conrad,reading,conrad,0.25,0.25,True,explicit_reading_or_audiobook_duration,0.25,calendar_analysis_duration,,,0.0,and call me conrad,finish_0172,2025-11-13,ref_to_finished_title
calendar_analysis_row_001067_part_0,calendar_analysis_row_001067,2021-07-28,2021-07-28 07:30:00+00:00,2021-07-28 07:45:00+00:00,Things,read: Kipling,read: Kipling,reading,Kipling,0.25,0.25,True,explicit_reading_or_audiobook_duration,0.25,calendar_analysis_duration,,,0.0,Kipling by Harold bloom,finish_0115,2024-12-23,ref_to_finished_title
calendar_analysis_row_001137_part_0,calendar_analysis_row_001137,2021-08-02,2021-08-02 04:30:00+00:00,2021-08-02 05:00:00+00:00,Things,read: Kipling,read: Kipling,reading,Kipling,0.5,0.5,True,explicit_reading_or_audiobook_duration,0.5,calendar_analysis_duration,,,0.0,Kipling by Harold bloom,finish_0115,2024-12-23,ref_to_finished_title
calendar_analysis_row_001151_part_0,calendar_analysis_row_001151,2021-08-03,2021-08-03 10:15:00+00:00,2021-08-03 10:45:00+00:00,Things,read: Kipling,read: Kipling,reading,Kipling,0.5,0.5,True,explicit_reading_or_audiobook_duration,0.5,calendar_analysis_duration,,,0.0,Kipling by Harold bloom,finish_0115,2024-12-23,ref_to_finished_title
calendar_analysis_row_001165_part_0,calendar_analysis_row_001165,2021-08-04,2021-08-04 02:45:00+00:00,2021-08-04 03:15:00+00:00,Things,read: Kipling,read: Kipling,reading,Kipling,0.5,0.5,True,explicit_reading_or_audiobook_duration,0.5,calendar_analysis_duration,,,0.0,Kipling by Harold bloom,finish_0115,2024-12-23,ref_to_finished_title
calendar_analysis_row_001287_part_0,calendar_analysis_row_001287,2021-08-13,2021-08-13 02:45:00+00:00,2021-08-13 03:45:00+00:00,Things,read: Kipling,read: Kipling,reading,Kipling,1.0,1.0,True,explicit_reading_or_audiobook_duration,1.0,calendar_analysis_duration,,,0.0,Kipling by Harold bloom,finish_0115,2024-12-23,ref_to_finished_title
calendar_analysis_row_001302_part_0,calendar_analysis_row_001302,2021-08-14,2021-08-14 07:15:00+00:00,2021-08-14 08:15:00+00:00,Things,read: Kipling,read: Kipling,reading,Kipling,1.0,1.0,True,explicit_reading_or_audiobook_duration,1.0,calendar_analysis_duration,,,0.0,Kipling by Harold bloom,finish_0115,2024-12-23,ref_to_finished_title
calendar_analysis_row_001306_part_0,calendar_analysis_row_001306,2021-08-14,2021-08-14 17:30:00+00:00,2021-08-14 18:00:00+00:00,Things,read: Kipling,read: Kipling,reading,Kipling,0.5,0.5,True,explicit_reading_or_audiobook_duration,0.5,calendar_analysis_duration,,,0.0,Kipling by Harold bloom,finish_0115,2024-12-23,ref_to_finished_title
calendar_analysis_row_001402_part_0,calendar_analysis_row_001402,2021-08-21,2021-08-21 18:45:00+00:00,2021-08-21 19:15:00+00:00,Things,book,book,generic,,0.5,0.5,False,generic_temporal_read_not_counted_by_default,0.5,calendar_analysis_duration,,,0.0,,,,
calendar_analysis_row_001417_part_0,calendar_analysis_row_001417,2021-08-22,2021-08-22 22:30:00+00:00,2021-08-22 22:45:00+00:00,Things,read: Kipling,read: Kipling,reading,Kipling,0.25,0.25,True,explicit_reading_or_audiobook_duration,0.25,calendar_analysis_duration,,,0.0,Kipling by Harold bloom,finish_0115,2024-12-23,ref_to_finished_title
calendar_analysis_row_001546_part_0,calendar_analysis_row_001546,2021-09-02,2021-09-02 07:45:00+00:00,2021-09-02 08:15:00+00:00,Things,book,book,generic,,0.5,0.5,False,generic_temporal_read_not_counted_by_default,0.5,calendar_analysis_duration,,,0.0,The Inner game of tennis,finish_0001,2021-10-17,generic_temporal
calendar_analysis_row_001556_part_0,calendar_analysis_row_001556,2021-09-03,2021-09-03 04:45:00+00:00,2021-09-03 06:00:00+00:00,Things,read: Kipling,read: Kipling,reading,Kipling,1.25,1.25,True,explicit_reading_or_audiobook_duration,1.25,calendar_analysis_duration,,,0.0,Kipling by Harold bloom,finish_0115,2024-12-23,ref_to_finished_title
calendar_analysis_row_001578_part_0,calendar_analysis_row_001578,2021-09-04,2021-09-04 23:00:00+00:00,2021-09-04 23:45:00+00:00,Things,read: Kipling,read: Kipling,reading,Kipling,0.75,0.75,True,explicit_reading_or_audiobook_duration,0.75,calendar_analysis_duration,,,0.0,Kipling by Harold bloom,finish_0115,2024-12-23,ref_to_finished_title
calendar_analysis_row_001587_part_0,calendar_analysis_row_001587,2021-09-05,2021-09-05 03:30:00+00:00,2021-09-05 04:00:00+00:00,Things,book,book,generic,,0.5,0.5,False,generic_temporal_read_not_counted_by_default,0.5,calendar_analysis_duration,,,0.0,The Inner game of tennis,finish_0001,2021-10-17,generic_temporal
calendar_analysis_row_001588_part_0,calendar_analysis_row_001588,2021-09-05,2021-09-05 04:15:00+00:00,2021-09-05 05:30:00+00:00,Things,read: Trading at the speed of light,read: Trading at the speed of light,reading,Trading at the speed of light,1.25,1.25,True,explicit_reading_or_audiobook_duration,1.25,calendar_analysis_duration,,,0.0,,,,
calendar_analysis_row_001610_part_0,calendar_analysis_row_001610,2021-09-06,2021-09-06 09:30:00+00:00,2021-09-06 10:15:00+00:00,Things,read: Trading At the speed of Light,read: Trading At the speed of Light,reading,Trading At the speed of Light,0.75,0.75,True,explicit_reading_or_audiobook_duration,0.75,calendar_analysis_duration,,,0.0,,,,
calendar_analysis_row_001756_part_0,calendar_analysis_row_001756,2021-09-19,2021-09-19 07:15:00+00:00,2021-09-19 09:00:00+00:00,Things,read: Kipling,read: Kipling,reading,Kipling,1.75,1.75,True,explicit_reading_or_audiobook_duration,1.75,calendar_analysis_duration,,,0.0,Kipling by Harold bloom,finish_0115,2024-12-23,ref_to_finished_title
calendar_analysis_row_001787_part_0,calendar_analysis_row_001787,2021-09-21,2021-09-21 07:30:00+00:00,2021-09-21 08:30:00+00:00,Things,Read: Kipling,Read: Kipling,reading,Kipling,1.0,1.0,True,explicit_reading_or_audiobook_duration,1.0,calendar_analysis_duration,,,0.0,Kipling by Harold bloom,finish_0115,2024-12-23,ref_to_finished_title
calendar_analysis_row_001794_part_0,calendar_analysis_row_001794,2021-09-22,2021-09-22 02:15:00+00:00,2021-09-22 03:00:00+00:00,Things,read: Kipling,read: Kipling,reading,Kipling,0.75,0.75,True,explicit_reading_or_audiobook_duration,0.75,calendar_analysis_duration,,,0.0,Kipling by Harold bloom,finish_0115,2024-12-23,ref_to_finished_title
calendar_analysis_row_001795_part_0,calendar_analysis_row_001795,2021-09-22,2021-09-22 03:00:00+00:00,2021-09-22 03:15:00+00:00,Things,read: go,read: go,reading,go,0.25,0.25,True,explicit_reading_or_audiobook_duration,0.25,calendar_analysis_duration,,,0.0,good omens,finish_0189,2026-02-08,ref_to_finished_title
calendar_analysis_row_001824_part_0,calendar_analysis_row_001824,2021-09-24,2021-09-24 05:00:00+00:00,2021-09-24 05:30:00+00:00,clark.benham@gmail.com,Read: go,Read: go,reading,go,0.5,0.5,True,explicit_reading_or_audiobook_duration,0.5,calendar_analysis_duration,,,0.0,good omens,finish_0189,2026-02-08,ref_to_finished_title
calendar_analysis_row_001932_part_0,calendar_analysis_row_001932,2021-10-02,2021-10-02 04:15:00+00:00,2021-10-02 05:00:00+00:00,Things,read: Kipling,read: Kipling,reading,Kipling,0.75,0.75,True,explicit_reading_or_audiobook_duration,0.75,calendar_analysis_duration,,,0.0,Kipling by Harold bloom,finish_0115,2024-12-23,ref_to_finished_title
calendar_analysis_row_001950_part_0,calendar_analysis_row_001950,2021-10-03,2021-10-03 08:45:00+00:00,2021-10-03 09:00:00+00:00,Things,Read: Kipling,Read: Kipling,reading,Kipling,0.25,0.25,True,explicit_reading_or_audiobook_duration,0.25,calendar_analysis_duration,,,0.0,Kipling by Harold bloom,finish_0115,2024-12-23,ref_to_finished_title
calendar_analysis_row_001968_part_0,calendar_analysis_row_001968,2021-10-04,2021-10-04 06:00:00+00:00,2021-10-04 06:30:00+00:00,Things,Read: Kipling,Read: Kipling,reading,Kipling,0.5,0.5,True,explicit_reading_or_audiobook_duration,0.5,calendar_analysis_duration,,,0.0,Kipling by Harold bloom,finish_0115,2024-12-23,ref_to_finished_title
calendar_analysis_row_001998_part_0,calendar_analysis_row_001998,2021-10-07,2021-10-07 04:45:00+00:00,2021-10-07 05:30:00+00:00,Things,read: Kipling,read: Kipling,reading,Kipling,0.75,0.75,True,explicit_reading_or_audiobook_duration,0.75,calendar_analysis_duration,,,0.0,Kipling by Harold bloom,finish_0115,2024-12-23,ref_to_finished_title
calendar_analysis_row_002009_part_0,calendar_analysis_row_002009,2021-10-08,2021-10-08 06:00:00+00:00,2021-10-08 06:15:00+00:00,Things,read: Kipling,read: Kipling,reading,Kipling,0.25,0.25,True,explicit_reading_or_audiobook_duration,0.25,calendar_analysis_duration,,,0.0,Kipling by Harold bloom,finish_0115,2024-12-23,ref_to_finished_title
calendar_analysis_row_002059_part_0,calendar_analysis_row_002059,2021-10-12,2021-10-12 02:45:00+00:00,2021-10-12 03:00:00+00:00,Things,Read: Kipling,Read: Kipling,reading,Kipling,0.25,0.25,True,explicit_reading_or_audiobook_duration,0.25,calendar_analysis_duration,,,0.0,Kipling by Harold bloom,finish_0115,2024-12-23,ref_to_finished_title
calendar_analysis_row_002075_part_0,calendar_analysis_row_002075,2021-10-13,2021-10-13 06:00:00+00:00,2021-10-13 07:15:00+00:00,Things,read: Kipling,read: Kipling,reading,Kipling,1.25,1.25,True,explicit_reading_or_audiobook_duration,1.25,calendar_analysis_duration,,,0.0,Kipling by Harold bloom,finish_0115,2024-12-23,ref_to_finished_title
calendar_analysis_row_002131_part_0,calendar_analysis_row_002131,2021-10-17,2021-10-17 19:45:00+00:00,2021-10-17 21:00:00+00:00,Things,Finished book: The Inner game of tennis,Finished book: The Inner game of tennis,finished,The Inner game of tennis,1.25,1.25,True,explicit_finished_book_duration,1.25,calendar_analysis_duration,,,0.0,The Inner game of tennis,finish_0001,2021-10-17,finished_event_identity
calendar_analysis_row_002139_part_0,calendar_analysis_row_002139,2021-10-18,2021-10-18 03:00:00+00:00,2021-10-18 04:30:00+00:00,Things,read: Kipling,read: Kipling,reading,Kipling,1.5,1.5,True,explicit_reading_or_audiobook_duration,1.5,calendar_analysis_duration,,,0.0,Kipling by Harold bloom,finish_0115,2024-12-23,ref_to_finished_title
calendar_analysis_row_002189_part_0,calendar_analysis_row_002189,2021-10-22,2021-10-22 05:00:00+00:00,2021-10-22 09:30:00+00:00,Things,Book:Open,Book:Open,reading,Open,4.5,4.5,True,explicit_reading_or_audiobook_duration,4.5,calendar_analysis_duration,,,0.0,Open,finish_0002,2021-10-23,ref_to_finished_title
calendar_analysis_row_002197_part_0,calendar_analysis_row_002197,2021-10-23,2021-10-23 07:00:00+00:00,2021-10-23 08:30:00+00:00,Things,finished book: Open,finished book: Open,finished,Open,1.5,1.5,True,explicit_finished_book_duration,1.5,calendar_analysis_duration,,,0.0,Open,finish_0002,2021-10-23,finished_event_identity
calendar_analysis_row_002216_part_0,calendar_analysis_row_002216,2021-10-25,2021-10-25 08:45:00+00:00,2021-10-25 09:30:00+00:00,Things,read: Conrad,read: Conrad,reading,Conrad,0.75,0.75,True,explicit_reading_or_audiobook_duration,0.75,calendar_analysis_duration,,,0.0,and call me conrad,finish_0172,2025-11-13,ref_to_finished_title
calendar_analysis_row_002288_part_0,calendar_analysis_row_002288,2021-10-31,2021-10-31 03:15:00+00:00,2021-10-31 03:45:00+00:00,Things,read: Conrad,read: Conrad,reading,Conrad,0.5,0.5,True,explicit_reading_or_audiobook_duration,0.5,calendar_analysis_duration,,,0.0,and call me conrad,finish_0172,2025-11-13,ref_to_finished_title
calendar_analysis_row_002313_part_0,calendar_analysis_row_002313,2021-11-01,2021-11-01 05:00:00+00:00,2021-11-01 08:00:00+00:00,Things,read: Kipling,read: Kipling,reading,Kipling,3.0,3.0,True,explicit_reading_or_audiobook_duration,3.0,calendar_analysis_duration,,,0.0,Kipling by Harold bloom,finish_0115,2024-12-23,ref_to_finished_title
calendar_analysis_row_002385_part_0,calendar_analysis_row_002385,2021-11-07,2021-11-07 08:30:00+00:00,2021-11-07 12:00:00+00:00,Things,book:sk,book:sk,reading,sk,3.5,3.5,True,explicit_reading_or_audiobook_duration,3.5,calendar_analysis_duration,,,0.0,,,,
calendar_analysis_row_002386_part_0,calendar_analysis_row_002386,2021-11-07,2021-11-07 12:15:00+00:00,2021-11-07 13:00:00+00:00,Things,Read: Kipling,Read: Kipling,reading,Kipling,0.75,0.75,True,explicit_reading_or_audiobook_duration,0.75,calendar_analysis_duration,,,0.0,Kipling by Harold bloom,finish_0115,2024-12-23,ref_to_finished_title
calendar_analysis_row_002406_part_0,calendar_analysis_row_002406,2021-11-08,2021-11-08 07:15:00+00:00,2021-11-08 08:00:00+00:00,Things,read: Stephen king,read: Stephen king,reading,Stephen king,0.75,0.75,True,explicit_reading_or_audiobook_duration,0.75,calendar_analysis_duration,,,0.0,King Solomons Mines,finish_0058,2023-08-23,ref_to_finished_title
calendar_analysis_row_002407_part_0,calendar_analysis_row_002407,2021-11-08,2021-11-08 08:00:00+00:00,2021-11-08 10:00:00+00:00,Things,Read: Supplying War,Read: Supplying War,reading,Supplying War,2.0,2.0,True,explicit_reading_or_audiobook_duration,2.0,calendar_analysis_duration,,,0.0,Supplying War,finish_0006,2022-01-03,ref_to_finished_title
calendar_analysis_row_002417_part_0,calendar_analysis_row_002417,2021-11-09,2021-11-09 10:00:00+00:00,2021-11-09 10:30:00+00:00,Things,Read: Kipling,Read: Kipling,reading,Kipling,0.5,0.5,True,explicit_reading_or_audiobook_duration,0.5,calendar_analysis_duration,,,0.0,Kipling by Harold bloom,finish_0115,2024-12-23,ref_to_finished_title
calendar_analysis_row_002461_part_0,calendar_analysis_row_002461,2021-11-12,2021-11-12 09:30:00+00:00,2021-11-12 10:00:00+00:00,clark.benham@gmail.com,Book:DSWM,Book:DSWM,reading,DSWM,0.5,0.5,True,explicit_reading_or_audiobook_duration,0.5,calendar_analysis_duration,,,0.0,,,,
calendar_analysis_row_002491_part_0,calendar_analysis_row_002491,2021-11-14,2021-11-14 13:00:00+00:00,2021-11-14 13:15:00+00:00,Things,Read: Kipling,Read: Kipling,reading,Kipling,0.25,0.25,True,explicit_reading_or_audiobook_duration,0.25,calendar_analysis_duration,,,0.0,Kipling by Harold bloom,finish_0115,2024-12-23,ref_to_finished_title
calendar_analysis_row_002503_part_0,calendar_analysis_row_002503,2021-11-15,2021-11-15 07:30:00+00:00,2021-11-15 08:37:30+00:00,Things,read: Kipling,read: Kipling,reading,Kipling,1.125,1.125,True,explicit_reading_or_audiobook_duration,1.125,calendar_analysis_duration,,,0.0,Kipling by Harold bloom,finish_0115,2024-12-23,ref_to_finished_title
calendar_analysis_row_002542_part_0,calendar_analysis_row_002542,2021-11-18,2021-11-18 00:45:00+00:00,2021-11-18 01:15:00+00:00,Things,read: Conrad,read: Conrad,reading,Conrad,0.25,0.5,True,explicit_reading_or_audiobook_duration,0.5,full_duration_minor_overlap,Job: Hive,clark.benham@gmail.com,0.25,and call me conrad,finish_0172,2025-11-13,ref_to_finished_title
calendar_analysis_row_002584_part_0,calendar_analysis_row_002584,2021-11-21,2021-11-21 05:15:00+00:00,2021-11-21 07:45:00+00:00,Things,read: Conrad,read: Conrad,reading,Conrad,2.5,2.5,True,explicit_reading_or_audiobook_duration,2.5,calendar_analysis_duration,,,0.0,and call me conrad,finish_0172,2025-11-13,ref_to_finished_title
calendar_analysis_row_002587_part_0,calendar_analysis_row_002587,2021-11-21,2021-11-21 15:45:00+00:00,2021-11-21 16:15:00+00:00,Things,Read: Conrad,Read: Conrad,reading,Conrad,0.5,0.5,True,explicit_reading_or_audiobook_duration,0.5,calendar_analysis_duration,,,0.0,and call me conrad,finish_0172,2025-11-13,ref_to_finished_title
calendar_analysis_row_002650_part_0,calendar_analysis_row_002650,2021-11-27,2021-11-27 01:00:00+00:00,2021-11-27 01:45:00+00:00,Things,book:sw,book:sw,reading,sw,0.75,0.75,True,explicit_reading_or_audiobook_duration,0.75,calendar_analysis_duration,,,0.0,Supplying War,finish_0006,2022-01-03,ref_to_finished_title
calendar_analysis_row_002666_part_0,calendar_analysis_row_002666,2021-11-27,2021-11-27 23:00:00+00:00,2021-11-27 23:15:00+00:00,Things,book:nfu,book:nfu,reading,nfu,0.25,0.25,True,explicit_reading_or_audiobook_duration,0.25,calendar_analysis_duration,,,0.0,Notes from Underground,finish_0003,2021-12-01,ref_to_finished_title
calendar_analysis_row_002668_part_0,calendar_analysis_row_002668,2021-11-28,2021-11-28 00:00:00+00:00,2021-11-28 00:30:00+00:00,Things,Book:NFU,Book:NFU,reading,NFU,0.5,0.5,True,explicit_reading_or_audiobook_duration,0.5,calendar_analysis_duration,,,0.0,Notes from Underground,finish_0003,2021-12-01,ref_to_finished_title
calendar_analysis_row_002694_part_0,calendar_analysis_row_002694,2021-11-29,2021-11-29 10:30:00+00:00,2021-11-29 11:15:00+00:00,Things,Book:NFU,Book:NFU,reading,NFU,0.75,0.75,True,explicit_reading_or_audiobook_duration,0.75,calendar_analysis_duration,,,0.0,Notes from Underground,finish_0003,2021-12-01,ref_to_finished_title
calendar_analysis_row_002707_part_0,calendar_analysis_row_002707,2021-11-30,2021-11-30 10:30:00+00:00,2021-11-30 11:15:00+00:00,Things,Book:NFU,Book:NFU,reading,NFU,0.75,0.75,True,explicit_reading_or_audiobook_duration,0.75,calendar_analysis_duration,,,0.0,Notes from Underground,finish_0003,2021-12-01,ref_to_finished_title
calendar_analysis_row_002716_part_0,calendar_analysis_row_002716,2021-12-01,2021-12-01 06:00:00+00:00,2021-12-01 07:15:00+00:00,Things,Finished: NFU,Finished: NFU,finished,NFU,1.25,1.25,True,bare_finished_marker_with_book_ref_duration,1.25,calendar_analysis_duration,,,0.0,Notes from Underground,finish_0003,2021-12-01,finished_event_identity
calendar_analysis_row_002791_part_0,calendar_analysis_row_002791,2021-12-06,2021-12-06 09:15:00+00:00,2021-12-06 09:30:00+00:00,Things,Book:Kipling,Book:Kipling,reading,Kipling,0.25,0.25,True,explicit_reading_or_audiobook_duration,0.25,calendar_analysis_duration,,,0.0,Kipling by Harold bloom,finish_0115,2024-12-23,ref_to_finished_title
calendar_analysis_row_002798_part_0,calendar_analysis_row_002798,2021-12-07,2021-12-07 07:15:00+00:00,2021-12-07 07:30:00+00:00,Things,read: Conrad,read: Conrad,reading,Conrad,0.25,0.25,True,explicit_reading_or_audiobook_duration,0.25,calendar_analysis_duration,,,0.0,and call me conrad,finish_0172,2025-11-13,ref_to_finished_title
calendar_analysis_row_002817_part_0,calendar_analysis_row_002817,2021-12-08,2021-12-08 09:00:00+00:00,2021-12-08 09:30:00+00:00,Things,read: Conrad,read: Conrad,reading,Conrad,0.5,0.5,True,explicit_reading_or_audiobook_duration,0.5,calendar_analysis_duration,,,0.0,and call me conrad,finish_0172,2025-11-13,ref_to_finished_title
calendar_analysis_row_002818_part_0,calendar_analysis_row_002818,2021-12-08,2021-12-08 09:30:00+00:00,2021-12-08 09:45:00+00:00,Things,book,book,generic,,0.25,0.25,False,generic_temporal_read_not_counted_by_default,0.25,calendar_analysis_duration,,,0.0,jsgbp,finish_0004,2022-01-01,generic_temporal
calendar_analysis_row_002868_part_0,calendar_analysis_row_002868,2021-12-12,2021-12-12 02:30:00+00:00,2021-12-12 03:00:00+00:00,Things,read: Conrad,read: Conrad,reading,Conrad,0.5,0.5,True,explicit_reading_or_audiobook_duration,0.5,calendar_analysis_duration,,,0.0,and call me conrad,finish_0172,2025-11-13,ref_to_finished_title
calendar_analysis_row_002871_part_0,calendar_analysis_row_002871,2021-12-12,2021-12-12 04:45:00+00:00,2021-12-12 06:15:00+00:00,Things,read: Conrad,read: Conrad,reading,Conrad,1.5,1.5,True,explicit_reading_or_audiobook_duration,1.5,calendar_analysis_duration,,,0.0,and call me conrad,finish_0172,2025-11-13,ref_to_finished_title
calendar_analysis_row_002903_part_0,calendar_analysis_row_002903,2021-12-14,2021-12-14 06:00:00+00:00,2021-12-14 06:45:00+00:00,Things,read: Probability Theory the Logic of Science,read: Probability Theory the Logic of Science,reading,Probability Theory the Logic of Science,0.75,0.75,True,explicit_reading_or_audiobook_duration,0.75,calendar_analysis_duration,,,0.0,,,,
calendar_analysis_row_002922_part_0,calendar_analysis_row_002922,2021-12-15,2021-12-15 09:30:00+00:00,2021-12-15 10:00:00+00:00,Things,Read: Kipling,Read: Kipling,reading,Kipling,0.5,0.5,True,explicit_reading_or_audiobook_duration,0.5,calendar_analysis_duration,,,0.0,Kipling by Harold bloom,finish_0115,2024-12-23,ref_to_finished_title
calendar_analysis_row_002976_part_0,calendar_analysis_row_002976,2021-12-19,2021-12-19 02:00:00+00:00,2021-12-19 02:15:00+00:00,Things,read,read,generic,,0.25,0.25,False,generic_temporal_read_not_counted_by_default,0.25,calendar_analysis_duration,,,0.0,jsgbp,finish_0004,2022-01-01,generic_temporal
calendar_analysis_row_003010_part_0,calendar_analysis_row_003010,2021-12-21,2021-12-21 09:00:00+00:00,2021-12-21 10:00:00+00:00,Things,book:bftc,book:bftc,reading,bftc,1.0,1.0,True,explicit_reading_or_audiobook_duration,1.0,calendar_analysis_duration,,,0.0,bobby-fischer-teaches-chess.pdf,finish_0005,2022-01-01,ref_to_finished_title
calendar_analysis_row_003021_part_0,calendar_analysis_row_003021,2021-12-22,2021-12-22 02:15:00+00:00,2021-12-22 02:30:00+00:00,Things,read: Kipling,read: Kipling,reading,Kipling,0.25,0.25,True,explicit_reading_or_audiobook_duration,0.25,calendar_analysis_duration,,,0.0,Kipling by Harold bloom,finish_0115,2024-12-23,ref_to_finished_title
calendar_analysis_row_003028_part_0,calendar_analysis_row_003028,2021-12-22,2021-12-22 08:30:00+00:00,2021-12-22 09:00:00+00:00,Things,Book:Pbtl,Book:Pbtl,reading,Pbtl,0.5,0.5,True,explicit_reading_or_audiobook_duration,0.5,calendar_analysis_duration,,,0.0,,,,
calendar_analysis_row_003035_part_0,calendar_analysis_row_003035,2021-12-22,2021-12-22 20:15:00+00:00,2021-12-22 20:45:00+00:00,Things,Read: Conrad,Read: Conrad,reading,Conrad,0.5,0.5,True,explicit_reading_or_audiobook_duration,0.5,calendar_analysis_duration,,,0.0,and call me conrad,finish_0172,2025-11-13,ref_to_finished_title
calendar_analysis_row_003061_part_0,calendar_analysis_row_003061,2021-12-24,2021-12-24 02:45:00+00:00,2021-12-24 03:00:00+00:00,Things,book:bftc,book:bftc,reading,bftc,0.25,0.25,True,explicit_reading_or_audiobook_duration,0.25,calendar_analysis_duration,,,0.0,bobby-fischer-teaches-chess.pdf,finish_0005,2022-01-01,ref_to_finished_title
calendar_analysis_row_003062_part_0,calendar_analysis_row_003062,2021-12-24,2021-12-24 03:15:00+00:00,2021-12-24 04:00:00+00:00,Things,read: Kipling,read: Kipling,reading,Kipling,0.75,0.75,True,explicit_reading_or_audiobook_duration,0.75,calendar_analysis_duration,,,0.0,Kipling by Harold bloom,finish_0115,2024-12-23,ref_to_finished_title
calendar_analysis_row_003126_part_0,calendar_analysis_row_003126,2021-12-27,2021-12-27 02:00:00+00:00,2021-12-27 02:15:00+00:00,Things,read: Conrad,read: Conrad,reading,Conrad,0.25,0.25,True,explicit_reading_or_audiobook_duration,0.25,calendar_analysis_duration,,,0.0,and call me conrad,finish_0172,2025-11-13,ref_to_finished_title
calendar_analysis_row_003148_part_0,calendar_analysis_row_003148,2021-12-27,2021-12-27 22:15:00+00:00,2021-12-27 22:30:00+00:00,Things,read: Kipling,read: Kipling,reading,Kipling,0.25,0.25,True,explicit_reading_or_audiobook_duration,0.25,calendar_analysis_duration,,,0.0,Kipling by Harold bloom,finish_0115,2024-12-23,ref_to_finished_title
calendar_analysis_row_003155_part_0,calendar_analysis_row_003155,2021-12-28,2021-12-28 06:15:00+00:00,2021-12-28 06:30:00+00:00,Things,book:JSGBP,book:JSGBP,reading,JSGBP,0.25,0.25,True,explicit_reading_or_audiobook_duration,0.25,calendar_analysis_duration,,,0.0,jsgbp,finish_0004,2022-01-01,ref_to_finished_title
calendar_analysis_row_003162_part_0,calendar_analysis_row_003162,2021-12-28,2021-12-28 15:45:00+00:00,2021-12-28 16:00:00+00:00,Things,book:JSGBP,book:JSGBP,reading,JSGBP,0.25,0.25,True,explicit_reading_or_audiobook_duration,0.25,calendar_analysis_duration,,,0.0,jsgbp,finish_0004,2022-01-01,ref_to_finished_title
calendar_analysis_row_003171_part_0,calendar_analysis_row_003171,2021-12-28,2021-12-28 21:30:00+00:00,2021-12-28 22:30:00+00:00,Things,book:re,book:re,reading,re,1.0,1.0,True,explicit_reading_or_audiobook_duration,1.0,calendar_analysis_duration,,,0.0,Rainbows End,finish_0008,2022-01-06,ref_to_finished_title
calendar_analysis_row_003178_part_0,calendar_analysis_row_003178,2021-12-29,2021-12-29 05:15:00+00:00,2021-12-29 06:15:00+00:00,Things,book:JSGBP,book:JSGBP,reading,JSGBP,1.0,1.0,True,explicit_reading_or_audiobook_duration,1.0,calendar_analysis_duration,,,0.0,jsgbp,finish_0004,2022-01-01,ref_to_finished_title
calendar_analysis_row_003180_part_0,calendar_analysis_row_003180,2021-12-29,2021-12-29 07:00:00+00:00,2021-12-29 07:45:00+00:00,Things,book:jsgbp,book:jsgbp,reading,jsgbp,0.75,0.75,True,explicit_reading_or_audiobook_duration,0.75,calendar_analysis_duration,,,0.0,jsgbp,finish_0004,2022-01-01,ref_to_finished_title
calendar_analysis_row_003182_part_0,calendar_analysis_row_003182,2021-12-29,2021-12-29 08:30:00+00:00,2021-12-29 08:45:00+00:00,Things,book:JSGBP,book:JSGBP,reading,JSGBP,0.25,0.25,True,explicit_reading_or_audiobook_duration,0.25,calendar_analysis_duration,,,0.0,jsgbp,finish_0004,2022-01-01,ref_to_finished_title
calendar_analysis_row_003193_part_0,calendar_analysis_row_003193,2021-12-29,2021-12-29 20:15:00+00:00,2021-12-29 21:45:00+00:00,Things,book:re,book:re,reading,re,1.5,1.5,True,explicit_reading_or_audiobook_duration,1.5,calendar_analysis_duration,,,0.0,Rainbows End,finish_0008,2022-01-06,ref_to_finished_title
calendar_analysis_row_003204_part_0,calendar_analysis_row_003204,2021-12-30,2021-12-30 04:30:00+00:00,2021-12-30 05:00:00+00:00,Things,book:re,book:re,reading,re,0.5,0.5,True,explicit_reading_or_audiobook_duration,0.5,calendar_analysis_duration,,,0.0,Rainbows End,finish_0008,2022-01-06,ref_to_finished_title
calendar_analysis_row_003217_part_0,calendar_analysis_row_003217,2021-12-30,2021-12-30 17:30:00+00:00,2021-12-30 17:45:00+00:00,Things,book:re,book:re,reading,re,0.25,0.25,True,explicit_reading_or_audiobook_duration,0.25,calendar_analysis_duration,,,0.0,Rainbows End,finish_0008,2022-01-06,ref_to_finished_title
calendar_analysis_row_003236_part_0,calendar_analysis_row_003236,2021-12-31,2021-12-31 03:45:00+00:00,2021-12-31 05:00:00+00:00,Things,book:re,book:re,reading,re,1.25,1.25,True,explicit_reading_or_audiobook_duration,1.25,calendar_analysis_duration,,,0.0,Rainbows End,finish_0008,2022-01-06,ref_to_finished_title
calendar_analysis_row_003237_part_0,calendar_analysis_row_003237,2021-12-31,2021-12-31 05:00:00+00:00,2021-12-31 05:45:00+00:00,Things,book:sw,book:sw,reading,sw,0.75,0.75,True,explicit_reading_or_audiobook_duration,0.75,calendar_analysis_duration,,,0.0,Supplying War,finish_0006,2022-01-03,ref_to_finished_title
calendar_analysis_row_003246_part_0,calendar_analysis_row_003246,2021-12-31,2021-12-31 19:45:00+00:00,2021-12-31 20:45:00+00:00,Things,book:sw,book:sw,reading,sw,1.0,1.0,True,explicit_reading_or_audiobook_duration,1.0,calendar_analysis_duration,,,0.0,Supplying War,finish_0006,2022-01-03,ref_to_finished_title
calendar_analysis_row_003253_part_0,calendar_analysis_row_003253,2022-01-01,2022-01-01 04:00:00+00:00,2022-01-01 04:15:00+00:00,clark.benham@gmail.com,book:jsgbp,book:jsgbp,reading,jsgbp,0.25,0.25,True,explicit_reading_or_audiobook_duration,0.25,calendar_analysis_duration,,,0.0,jsgbp,finish_0004,2022-01-01,ref_to_finished_title
calendar_analysis_row_003258_part_0,calendar_analysis_row_003258,2022-01-01,2022-01-01 06:00:00+00:00,2022-01-01 07:45:00+00:00,clark.benham@gmail.com,Finished: jsgbp,Finished: jsgbp,finished,jsgbp,1.75,1.75,True,bare_finished_marker_with_book_ref_duration,1.75,calendar_analysis_duration,,,0.0,jsgbp,finish_0004,2022-01-01,finished_event_identity
calendar_analysis_row_003259_part_0,calendar_analysis_row_003259,2022-01-01,2022-01-01 08:30:00+00:00,2022-01-01 09:00:00+00:00,Things,Book:node,Book:node,reading,node,0.5,0.5,True,explicit_reading_or_audiobook_duration,0.5,calendar_analysis_duration,,,0.0,,,,
calendar_analysis_row_003261_part_0,calendar_analysis_row_003261,2022-01-01,2022-01-01 09:30:00+00:00,2022-01-01 10:00:00+00:00,Things,Book:node,Book:node,reading,node,0.5,0.5,True,explicit_reading_or_audiobook_duration,0.5,calendar_analysis_duration,,,0.0,,,,
calendar_analysis_row_003267_part_0,calendar_analysis_row_003267,2022-01-01,2022-01-01 16:00:00+00:00,2022-01-01 17:30:00+00:00,Things,finished: bftc,finished: bftc,finished,bftc,1.5,1.5,True,bare_finished_marker_with_book_ref_duration,1.5,calendar_analysis_duration,,,0.0,bobby-fischer-teaches-chess.pdf,finish_0005,2022-01-01,finished_event_identity
calendar_analysis_row_003272_part_0,calendar_analysis_row_003272,2022-01-01,2022-01-01 20:45:00+00:00,2022-01-01 21:15:00+00:00,Things,book:sw,book:sw,reading,sw,0.5,0.5,True,explicit_reading_or_audiobook_duration,0.5,calendar_analysis_duration,,,0.0,Supplying War,finish_0006,2022-01-03,ref_to_finished_title
calendar_analysis_row_003284_part_0,calendar_analysis_row_003284,2022-01-02,2022-01-02 05:00:00+00:00,2022-01-02 05:30:00+00:00,Things,book:dswn,book:dswn,reading,dswn,0.5,0.5,True,explicit_reading_or_audiobook_duration,0.5,calendar_analysis_duration,,,0.0,,,,
calendar_analysis_row_003293_part_0,calendar_analysis_row_003293,2022-01-02,2022-01-02 17:00:00+00:00,2022-01-02 17:15:00+00:00,Things,book:sw,book:sw,reading,sw,0.25,0.25,True,explicit_reading_or_audiobook_duration,0.25,calendar_analysis_duration,,,0.0,Supplying War,finish_0006,2022-01-03,ref_to_finished_title
calendar_analysis_row_003302_part_0,calendar_analysis_row_003302,2022-01-03,2022-01-03 01:30:00+00:00,2022-01-03 02:15:00+00:00,Things,book:sw,book:sw,reading,sw,0.75,0.75,True,explicit_reading_or_audiobook_duration,0.75,calendar_analysis_duration,,,0.0,Supplying War,finish_0006,2022-01-03,ref_to_finished_title
calendar_analysis_row_003308_part_0,calendar_analysis_row_003308,2022-01-03,2022-01-03 14:45:00+00:00,2022-01-03 15:15:00+00:00,Things,finished: sw,finished: sw,finished,sw,0.5,0.5,True,bare_finished_marker_with_book_ref_duration,0.5,calendar_analysis_duration,,,0.0,Supplying War,finish_0006,2022-01-03,finished_event_identity
calendar_analysis_row_003310_part_0,calendar_analysis_row_003310,2022-01-03,2022-01-03 15:45:00+00:00,2022-01-03 16:55:00+00:00,Things,book:se,book:se,reading,se,1.1666666666666667,1.1666666666666667,True,explicit_reading_or_audiobook_duration,1.1666666666666667,calendar_analysis_duration,,,0.0,,,,
calendar_analysis_row_003316_part_0,calendar_analysis_row_003316,2022-01-03,2022-01-03 23:00:00+00:00,2022-01-03 23:30:00+00:00,Things,book:wtw,book:wtw,reading,wtw,0.5,0.5,True,explicit_reading_or_audiobook_duration,0.5,calendar_analysis_duration,,,0.0,Writing That Works: Third Edition,finish_0007,2022-01-06,ref_to_finished_title
calendar_analysis_row_003318_part_0,calendar_analysis_row_003318,2022-01-04,2022-01-04 02:15:00+00:00,2022-01-04 02:45:00+00:00,Things,Book:wtw,Book:wtw,reading,wtw,0.5,0.5,True,explicit_reading_or_audiobook_duration,0.5,calendar_analysis_duration,,,0.0,Writing That Works: Third Edition,finish_0007,2022-01-06,ref_to_finished_title
calendar_analysis_row_003319_part_0,calendar_analysis_row_003319,2022-01-04,2022-01-04 03:00:00+00:00,2022-01-04 04:00:00+00:00,Things,Book:dswn,Book:dswn,reading,dswn,1.0,1.0,True,explicit_reading_or_audiobook_duration,1.0,calendar_analysis_duration,,,0.0,,,,
calendar_analysis_row_003323_part_0,calendar_analysis_row_003323,2022-01-04,2022-01-04 13:00:00+00:00,2022-01-04 13:45:00+00:00,Things,Book:dswn,Book:dswn,reading,dswn,0.75,0.75,True,explicit_reading_or_audiobook_duration,0.75,calendar_analysis_duration,,,0.0,,,,
calendar_analysis_row_003325_part_0,calendar_analysis_row_003325,2022-01-04,2022-01-04 14:00:00+00:00,2022-01-04 15:00:00+00:00,Things,Book:dswn,Book:dswn,reading,dswn,0.875,1.0,True,explicit_reading_or_audiobook_duration,1.0,full_duration_minor_overlap,Jack,Waste Time,0.125,,,,
calendar_analysis_row_003327_part_0,calendar_analysis_row_003327,2022-01-04,2022-01-04 15:00:00+00:00,2022-01-04 16:00:00+00:00,Things,Book:wtw,Book:wtw,reading,wtw,1.0,1.0,True,explicit_reading_or_audiobook_duration,1.0,calendar_analysis_duration,,,0.0,Writing That Works: Third Edition,finish_0007,2022-01-06,ref_to_finished_title
calendar_analysis_row_003329_part_0,calendar_analysis_row_003329,2022-01-04,2022-01-04 16:30:00+00:00,2022-01-04 16:45:00+00:00,Things,Book:wtw,Book:wtw,reading,wtw,0.25,0.25,True,explicit_reading_or_audiobook_duration,0.25,calendar_analysis_duration,,,0.0,Writing That Works: Third Edition,finish_0007,2022-01-06,ref_to_finished_title
calendar_analysis_row_003333_part_0,calendar_analysis_row_003333,2022-01-04,2022-01-04 19:45:00+00:00,2022-01-04 20:30:00+00:00,Things,Read: Kipling,Read: Kipling,reading,Kipling,0.75,0.75,True,explicit_reading_or_audiobook_duration,0.75,calendar_analysis_duration,,,0.0,Kipling by Harold bloom,finish_0115,2024-12-23,ref_to_finished_title
calendar_analysis_row_003339_part_0,calendar_analysis_row_003339,2022-01-05,2022-01-05 02:45:00+00:00,2022-01-05 04:15:00+00:00,Things,Book:dswn,Book:dswn,reading,dswn,0.75,1.5,True,explicit_reading_or_audiobook_duration,0.75,calendar_analysis_duration_incompatible_overlap,airplane to SFO,Things,0.0,,,,
calendar_analysis_row_003341_part_0,calendar_analysis_row_003341,2022-01-05,2022-01-05 08:00:00+00:00,2022-01-05 09:15:00+00:00,Things,read: Kipling,read: Kipling,reading,Kipling,1.25,1.25,True,explicit_reading_or_audiobook_duration,1.25,calendar_analysis_duration,,,0.0,Kipling by Harold bloom,finish_0115,2024-12-23,ref_to_finished_title
calendar_analysis_row_003354_part_0,calendar_analysis_row_003354,2022-01-06,2022-01-06 01:00:00+00:00,2022-01-06 02:30:00+00:00,Things,finished: wtw,finished: wtw,finished,wtw,1.5,1.5,True,bare_finished_marker_with_book_ref_duration,1.5,calendar_analysis_duration,,,0.0,Writing That Works: Third Edition,finish_0007,2022-01-06,finished_event_identity
calendar_analysis_row_003355_part_0,calendar_analysis_row_003355,2022-01-06,2022-01-06 02:30:00+00:00,2022-01-06 06:00:00+00:00,Things,Finished: re,Finished: re,finished,re,3.5,3.5,True,bare_finished_marker_with_book_ref_duration,3.5,calendar_analysis_duration,,,0.0,Rainbows End,finish_0008,2022-01-06,finished_event_identity
calendar_analysis_row_003367_part_0,calendar_analysis_row_003367,2022-01-07,2022-01-07 04:15:00+00:00,2022-01-07 04:30:00+00:00,Things,read: Kipling,read: Kipling,reading,Kipling,0.25,0.25,True,explicit_reading_or_audiobook_duration,0.25,calendar_analysis_duration,,,0.0,Kipling by Harold bloom,finish_0115,2024-12-23,ref_to_finished_title
calendar_analysis_row_003392_part_0,calendar_analysis_row_003392,2022-01-09,2022-01-09 04:00:00+00:00,2022-01-09 04:45:00+00:00,Things,book:ij,book:ij,reading,ij,0.75,0.75,True,explicit_reading_or_audiobook_duration,0.75,calendar_analysis_duration,,,0.0,ij,finish_0009,2022-01-10,ref_to_finished_title
calendar_analysis_row_003394_part_0,calendar_analysis_row_003394,2022-01-09,2022-01-09 15:00:00+00:00,2022-01-09 15:30:00+00:00,Things,book:ij,book:ij,reading,ij,0.5,0.5,True,explicit_reading_or_audiobook_duration,0.5,calendar_analysis_duration,,,0.0,ij,finish_0009,2022-01-10,ref_to_finished_title
calendar_analysis_row_003399_part_0,calendar_analysis_row_003399,2022-01-09,2022-01-09 18:00:00+00:00,2022-01-09 18:30:00+00:00,Things,book:ij,book:ij,reading,ij,0.5,0.5,True,explicit_reading_or_audiobook_duration,0.5,calendar_analysis_duration,,,0.0,ij,finish_0009,2022-01-10,ref_to_finished_title
calendar_analysis_row_003407_part_0,calendar_analysis_row_003407,2022-01-10,2022-01-10 08:15:00+00:00,2022-01-10 10:45:00+00:00,Things,finished: ij,finished: ij,finished,ij,2.5,2.5,True,bare_finished_marker_with_book_ref_duration,2.5,calendar_analysis_duration,,,0.0,ij,finish_0009,2022-01-10,finished_event_identity
calendar_analysis_row_003420_part_0,calendar_analysis_row_003420,2022-01-11,2022-01-11 05:45:00+00:00,2022-01-11 06:00:00+00:00,Things,Book:tmi,Book:tmi,reading,tmi,0.25,0.25,True,explicit_reading_or_audiobook_duration,0.25,calendar_analysis_duration,,,0.0,,,,
calendar_analysis_row_003446_part_0,calendar_analysis_row_003446,2022-01-13,2022-01-13 07:30:00+00:00,2022-01-13 08:30:00+00:00,Things,book:caw,book:caw,reading,caw,1.0,1.0,True,explicit_reading_or_audiobook_duration,1.0,calendar_analysis_duration,,,0.0,Coders at Work,finish_0026,2022-06-05,ref_to_finished_title
calendar_analysis_row_003460_part_0,calendar_analysis_row_003460,2022-01-14,2022-01-14 04:00:00+00:00,2022-01-14 06:00:00+00:00,Things,Read: Kipling,Read: Kipling,reading,Kipling,2.0,2.0,True,explicit_reading_or_audiobook_duration,2.0,calendar_analysis_duration,,,0.0,Kipling by Harold bloom,finish_0115,2024-12-23,ref_to_finished_title
calendar_analysis_row_003463_part_0,calendar_analysis_row_003463,2022-01-14,2022-01-14 07:15:00+00:00,2022-01-14 07:30:00+00:00,Things,Book:tmi,Book:tmi,reading,tmi,0.25,0.25,True,explicit_reading_or_audiobook_duration,0.25,calendar_analysis_duration,,,0.0,,,,
calendar_analysis_row_003490_part_0,calendar_analysis_row_003490,2022-01-16,2022-01-16 04:00:00+00:00,2022-01-16 05:30:00+00:00,Things,Book:Kim,Book:Kim,reading,Kim,1.5,1.5,True,explicit_reading_or_audiobook_duration,1.5,calendar_analysis_duration,,,0.0,kim,finish_0010,2022-01-17,ref_to_finished_title
calendar_analysis_row_003491_part_0,calendar_analysis_row_003491,2022-01-16,2022-01-16 06:30:00+00:00,2022-01-16 07:00:00+00:00,Things,book:kim,book:kim,reading,kim,0.5,0.5,True,explicit_reading_or_audiobook_duration,0.5,calendar_analysis_duration,,,0.0,kim,finish_0010,2022-01-17,ref_to_finished_title
calendar_analysis_row_003507_part_0,calendar_analysis_row_003507,2022-01-17,2022-01-17 04:45:00+00:00,2022-01-17 09:45:00+00:00,Things,finished: kim,finished: kim,finished,kim,5.0,5.0,True,bare_finished_marker_with_book_ref_duration,5.0,calendar_analysis_duration,,,0.0,kim,finish_0010,2022-01-17,finished_event_identity
calendar_analysis_row_003513_part_0,calendar_analysis_row_003513,2022-01-17,2022-01-17 20:45:00+00:00,2022-01-17 21:30:00+00:00,Things,book:caw,book:caw,reading,caw,0.75,0.75,True,explicit_reading_or_audiobook_duration,0.75,calendar_analysis_duration,,,0.0,Coders at Work,finish_0026,2022-06-05,ref_to_finished_title
calendar_analysis_row_003533_part_0,calendar_analysis_row_003533,2022-01-18,2022-01-18 09:30:00+00:00,2022-01-18 10:00:00+00:00,Things,Read: Kipling,Read: Kipling,reading,Kipling,0.5,0.5,True,explicit_reading_or_audiobook_duration,0.5,calendar_analysis_duration,,,0.0,Kipling by Harold bloom,finish_0115,2024-12-23,ref_to_finished_title
calendar_analysis_row_003560_part_0,calendar_analysis_row_003560,2022-01-20,2022-01-20 08:30:00+00:00,2022-01-20 09:15:00+00:00,Things,Read: Kipling,Read: Kipling,reading,Kipling,0.75,0.75,True,explicit_reading_or_audiobook_duration,0.75,calendar_analysis_duration,,,0.0,Kipling by Harold bloom,finish_0115,2024-12-23,ref_to_finished_title
calendar_analysis_row_003603_part_0,calendar_analysis_row_003603,2022-01-23,2022-01-23 06:45:00+00:00,2022-01-23 07:30:00+00:00,Things,Read,Read,generic,,0.75,0.75,False,generic_temporal_read_not_counted_by_default,0.75,calendar_analysis_duration,,,0.0,Captain Courageous,finish_0011,2022-01-29,generic_temporal
calendar_analysis_row_003621_part_0,calendar_analysis_row_003621,2022-01-24,2022-01-24 03:45:00+00:00,2022-01-24 04:15:00+00:00,Things,Book:caw,Book:caw,reading,caw,0.5,0.5,True,explicit_reading_or_audiobook_duration,0.5,calendar_analysis_duration,,,0.0,Coders at Work,finish_0026,2022-06-05,ref_to_finished_title
calendar_analysis_row_003650_part_0,calendar_analysis_row_003650,2022-01-26,2022-01-26 09:30:00+00:00,2022-01-26 10:30:00+00:00,Things,book:caw,book:caw,reading,caw,1.0,1.0,True,explicit_reading_or_audiobook_duration,1.0,calendar_analysis_duration,,,0.0,Coders at Work,finish_0026,2022-06-05,ref_to_finished_title
calendar_analysis_row_003665_part_0,calendar_analysis_row_003665,2022-01-27,2022-01-27 07:30:00+00:00,2022-01-27 08:15:00+00:00,Things,book:caw,book:caw,reading,caw,0.75,0.75,True,explicit_reading_or_audiobook_duration,0.75,calendar_analysis_duration,,,0.0,Coders at Work,finish_0026,2022-06-05,ref_to_finished_title
calendar_analysis_row_003677_part_0,calendar_analysis_row_003677,2022-01-28,2022-01-28 10:00:00+00:00,2022-01-28 10:15:00+00:00,Things,read: Kipling,read: Kipling,reading,Kipling,0.25,0.25,True,explicit_reading_or_audiobook_duration,0.25,calendar_analysis_duration,,,0.0,Kipling by Harold bloom,finish_0115,2024-12-23,ref_to_finished_title
calendar_analysis_row_003690_part_0,calendar_analysis_row_003690,2022-01-29,2022-01-29 07:15:00+00:00,2022-01-29 07:45:00+00:00,Things,book:cc,book:cc,reading,cc,0.5,0.5,True,explicit_reading_or_audiobook_duration,0.5,calendar_analysis_duration,,,0.0,Captain Courageous,finish_0011,2022-01-29,ref_to_finished_title
calendar_analysis_row_003692_part_0,calendar_analysis_row_003692,2022-01-29,2022-01-29 08:00:00+00:00,2022-01-29 11:15:00+00:00,Things,Finished: Captain Courageous,Finished: Captain Courageous,finished,Captain Courageous,3.25,3.25,True,bare_finished_marker_with_book_ref_duration,3.25,calendar_analysis_duration,,,0.0,Captain Courageous,finish_0011,2022-01-29,finished_event_identity
calendar_analysis_row_003754_part_0,calendar_analysis_row_003754,2022-02-01,2022-02-01 09:30:00+00:00,2022-02-01 10:15:00+00:00,Things,read: Kipling,read: Kipling,reading,Kipling,0.75,0.75,True,explicit_reading_or_audiobook_duration,0.75,calendar_analysis_duration,,,0.0,Kipling by Harold bloom,finish_0115,2024-12-23,ref_to_finished_title
calendar_analysis_row_003789_part_0,calendar_analysis_row_003789,2022-02-04,2022-02-04 05:30:00+00:00,2022-02-04 06:15:00+00:00,Things,read: Kipling,read: Kipling,reading,Kipling,0.75,0.75,True,explicit_reading_or_audiobook_duration,0.75,calendar_analysis_duration,,,0.0,Kipling by Harold bloom,finish_0115,2024-12-23,ref_to_finished_title
calendar_analysis_row_003791_part_0,calendar_analysis_row_003791,2022-02-04,2022-02-04 06:45:00+00:00,2022-02-04 07:15:00+00:00,Things,read: Kipling,read: Kipling,reading,Kipling,0.5,0.5,True,explicit_reading_or_audiobook_duration,0.5,calendar_analysis_duration,,,0.0,Kipling by Harold bloom,finish_0115,2024-12-23,ref_to_finished_title
calendar_analysis_row_003794_part_0,calendar_analysis_row_003794,2022-02-04,2022-02-04 08:45:00+00:00,2022-02-04 09:00:00+00:00,Things,Read: Kipling,Read: Kipling,reading,Kipling,0.25,0.25,True,explicit_reading_or_audiobook_duration,0.25,calendar_analysis_duration,,,0.0,Kipling by Harold bloom,finish_0115,2024-12-23,ref_to_finished_title
calendar_analysis_row_003795_part_0,calendar_analysis_row_003795,2022-02-04,2022-02-04 09:00:00+00:00,2022-02-04 09:30:00+00:00,Things,Book:caw,Book:caw,reading,caw,0.5,0.5,True,explicit_reading_or_audiobook_duration,0.5,calendar_analysis_duration,,,0.0,Coders at Work,finish_0026,2022-06-05,ref_to_finished_title
calendar_analysis_row_003812_part_0,calendar_analysis_row_003812,2022-02-05,2022-02-05 11:15:00+00:00,2022-02-05 11:45:00+00:00,Things,book:sdi,book:sdi,reading,sdi,0.5,0.5,True,explicit_reading_or_audiobook_duration,0.5,calendar_analysis_duration,,,0.0,,,,
calendar_analysis_row_003828_part_0,calendar_analysis_row_003828,2022-02-06,2022-02-06 09:30:00+00:00,2022-02-06 10:00:00+00:00,Things,book:sdi,book:sdi,reading,sdi,0.5,0.5,True,explicit_reading_or_audiobook_duration,0.5,calendar_analysis_duration,,,0.0,,,,
calendar_analysis_row_003843_part_0,calendar_analysis_row_003843,2022-02-07,2022-02-07 03:15:00+00:00,2022-02-07 03:30:00+00:00,Things,read: Kipling,read: Kipling,reading,Kipling,0.25,0.25,True,explicit_reading_or_audiobook_duration,0.25,calendar_analysis_duration,,,0.0,Kipling by Harold bloom,finish_0115,2024-12-23,ref_to_finished_title
calendar_analysis_row_003868_part_0,calendar_analysis_row_003868,2022-02-08,2022-02-08 08:45:00+00:00,2022-02-08 09:15:00+00:00,clark.benham@gmail.com,CS book,CS book,generic,,0.5,0.5,False,generic_temporal_read_not_counted_by_default,0.5,calendar_analysis_duration,,,0.0,Dune,finish_0012,2022-02-16,generic_temporal
calendar_analysis_row_003883_part_0,calendar_analysis_row_003883,2022-02-09,2022-02-09 05:15:00+00:00,2022-02-09 05:45:00+00:00,Things,book:adop,book:adop,reading,adop,0.5,0.5,True,explicit_reading_or_audiobook_duration,0.5,calendar_analysis_duration,,,0.0,,,,
calendar_analysis_row_003884_part_0,calendar_analysis_row_003884,2022-02-09,2022-02-09 05:45:00+00:00,2022-02-09 06:30:00+00:00,Things,Read: Kipling,Read: Kipling,reading,Kipling,0.75,0.75,True,explicit_reading_or_audiobook_duration,0.75,calendar_analysis_duration,,,0.0,Kipling by Harold bloom,finish_0115,2024-12-23,ref_to_finished_title
calendar_analysis_row_003891_part_0,calendar_analysis_row_003891,2022-02-09,2022-02-09 09:15:00+00:00,2022-02-09 09:45:00+00:00,clark.benham@gmail.com,CS book: SDI,CS book: SDI,reading,SDI,0.5,0.5,True,explicit_reading_or_audiobook_duration,0.5,calendar_analysis_duration,,,0.0,,,,
calendar_analysis_row_003957_part_0,calendar_analysis_row_003957,2022-02-13,2022-02-13 02:15:00+00:00,2022-02-13 08:30:00+00:00,Things,Book:Dune,Book:Dune,reading,Dune,5.75,6.25,True,explicit_reading_or_audiobook_duration,5.75,calendar_analysis_duration_incompatible_overlap,laundry | dinner,"Meals, Supplements, Sleep | Things",0.0,Dune,finish_0012,2022-02-16,ref_to_finished_title
calendar_analysis_row_003962_part_0,calendar_analysis_row_003962,2022-02-13,2022-02-13 09:00:00+00:00,2022-02-13 09:15:00+00:00,Things,read,read,generic,,0.25,0.25,False,generic_temporal_read_not_counted_by_default,0.25,calendar_analysis_duration,,,0.0,Dune,finish_0012,2022-02-16,generic_temporal
calendar_analysis_row_003968_part_0,calendar_analysis_row_003968,2022-02-13,2022-02-13 18:30:00+00:00,2022-02-13 19:50:00+00:00,Things,book:Dune,book:Dune,reading,Dune,1.3333333333333333,1.3333333333333333,True,explicit_reading_or_audiobook_duration,1.3333333333333333,calendar_analysis_duration,,,0.0,Dune,finish_0012,2022-02-16,ref_to_finished_title
calendar_analysis_row_004002_part_0,calendar_analysis_row_004002,2022-02-16,2022-02-16 07:00:00+00:00,2022-02-16 12:00:00+00:00,Things,Finished: Dune,Finished: Dune,finished,Dune,5.0,5.0,True,bare_finished_marker_with_book_ref_duration,5.0,calendar_analysis_duration,,,0.0,Dune,finish_0012,2022-02-16,finished_event_identity
calendar_analysis_row_004043_part_0,calendar_analysis_row_004043,2022-02-18,2022-02-18 21:15:00+00:00,2022-02-18 22:15:00+00:00,Things,book:dm,book:dm,reading,dm,0.5,1.0,True,explicit_reading_or_audiobook_duration,0.5,calendar_analysis_duration_incompatible_overlap,Job: Hive,clark.benham@gmail.com,0.0,Dune Messiah,finish_0013,2022-02-19,ref_to_finished_title
calendar_analysis_row_004045_part_0,calendar_analysis_row_004045,2022-02-18,2022-02-18 22:30:00+00:00,2022-02-19 00:30:00+00:00,Things,book:dm,book:dm,reading,dm,1.0,2.0,True,explicit_reading_or_audiobook_duration,1.0,calendar_analysis_duration_incompatible_overlap,Job: Hive,clark.benham@gmail.com,0.0,Dune Messiah,finish_0013,2022-02-19,ref_to_finished_title
calendar_analysis_row_004047_part_0,calendar_analysis_row_004047,2022-02-19,2022-02-19 00:45:00+00:00,2022-02-19 01:30:00+00:00,Things,book:dm,book:dm,reading,dm,0.375,0.75,True,explicit_reading_or_audiobook_duration,0.375,calendar_analysis_duration_incompatible_overlap,Job: Hive,clark.benham@gmail.com,0.0,Dune Messiah,finish_0013,2022-02-19,ref_to_finished_title
calendar_analysis_row_004049_part_0,calendar_analysis_row_004049,2022-02-19,2022-02-19 06:15:00+00:00,2022-02-19 07:30:00+00:00,Things,finished: Dune Messiah,finished: Dune Messiah,finished,Dune Messiah,1.25,1.25,True,bare_finished_marker_with_book_ref_duration,1.25,calendar_analysis_duration,,,0.0,Dune Messiah,finish_0013,2022-02-19,finished_event_identity
calendar_analysis_row_004050_part_0,calendar_analysis_row_004050,2022-02-19,2022-02-19 07:45:00+00:00,2022-02-19 10:15:00+00:00,Things,book:cod,book:cod,reading,cod,2.5,2.5,True,explicit_reading_or_audiobook_duration,2.5,calendar_analysis_duration,,,0.0,children of Dune,finish_0014,2022-02-22,ref_to_finished_title
calendar_analysis_row_004055_part_0,calendar_analysis_row_004055,2022-02-19,2022-02-19 18:30:00+00:00,2022-02-19 19:30:00+00:00,Things,book:cod,book:cod,reading,cod,0.875,1.0,True,explicit_reading_or_audiobook_duration,1.0,full_duration_minor_overlap,breakfast,"Meals, Supplements, Sleep",0.125,children of Dune,finish_0014,2022-02-22,ref_to_finished_title
calendar_analysis_row_004059_part_0,calendar_analysis_row_004059,2022-02-19,2022-02-19 20:45:00+00:00,2022-02-19 21:00:00+00:00,Things,book:cod,book:cod,reading,cod,0.25,0.25,True,explicit_reading_or_audiobook_duration,0.25,calendar_analysis_duration,,,0.0,children of Dune,finish_0014,2022-02-22,ref_to_finished_title
calendar_analysis_row_004062_part_0,calendar_analysis_row_004062,2022-02-19,2022-02-19 23:45:00+00:00,2022-02-20 00:45:00+00:00,Things,book:cod,book:cod,reading,cod,1.0,1.0,True,explicit_reading_or_audiobook_duration,1.0,calendar_analysis_duration,,,0.0,children of Dune,finish_0014,2022-02-22,ref_to_finished_title
calendar_analysis_row_004073_part_0,calendar_analysis_row_004073,2022-02-20,2022-02-20 10:00:00+00:00,2022-02-20 10:15:00+00:00,Things,book:cod,book:cod,reading,cod,0.25,0.25,True,explicit_reading_or_audiobook_duration,0.25,calendar_analysis_duration,,,0.0,children of Dune,finish_0014,2022-02-22,ref_to_finished_title
calendar_analysis_row_004106_part_0,calendar_analysis_row_004106,2022-02-22,2022-02-22 02:15:00+00:00,2022-02-22 02:45:00+00:00,Things,book:cod,book:cod,reading,cod,0.5,0.5,True,explicit_reading_or_audiobook_duration,0.5,calendar_analysis_duration,,,0.0,children of Dune,finish_0014,2022-02-22,ref_to_finished_title
calendar_analysis_row_004110_part_0,calendar_analysis_row_004110,2022-02-22,2022-02-22 05:30:00+00:00,2022-02-22 09:15:00+00:00,Things,finished: children of Dune,finished: children of Dune,finished,children of Dune,3.75,3.75,True,bare_finished_marker_with_book_ref_duration,3.75,calendar_analysis_duration,,,0.0,children of Dune,finish_0014,2022-02-22,finished_event_identity
calendar_analysis_row_004112_part_0,calendar_analysis_row_004112,2022-02-22,2022-02-22 10:00:00+00:00,2022-02-22 10:30:00+00:00,Things,book:sp,book:sp,reading,sp,0.5,0.5,True,explicit_reading_or_audiobook_duration,0.5,calendar_analysis_duration,,,0.0,"Sadly, Porn",finish_0018,2022-04-23,ref_to_finished_title
calendar_analysis_row_004143_part_0,calendar_analysis_row_004143,2022-02-24,2022-02-24 07:45:00+00:00,2022-02-24 08:15:00+00:00,Things,book:sp,book:sp,reading,sp,0.5,0.5,True,explicit_reading_or_audiobook_duration,0.5,calendar_analysis_duration,,,0.0,"Sadly, Porn",finish_0018,2022-04-23,ref_to_finished_title
calendar_analysis_row_004147_part_0,calendar_analysis_row_004147,2022-02-24,2022-02-24 11:00:00+00:00,2022-02-24 11:15:00+00:00,Things,Book:sp,Book:sp,reading,sp,0.25,0.25,True,explicit_reading_or_audiobook_duration,0.25,calendar_analysis_duration,,,0.0,"Sadly, Porn",finish_0018,2022-04-23,ref_to_finished_title
calendar_analysis_row_004210_part_0,calendar_analysis_row_004210,2022-02-28,2022-02-28 04:30:00+00:00,2022-02-28 05:30:00+00:00,Things,read: Kipling,read: Kipling,reading,Kipling,1.0,1.0,True,explicit_reading_or_audiobook_duration,1.0,calendar_analysis_duration,,,0.0,Kipling by Harold bloom,finish_0115,2024-12-23,ref_to_finished_title
calendar_analysis_row_004216_part_0,calendar_analysis_row_004216,2022-02-28,2022-02-28 08:30:00+00:00,2022-02-28 09:45:00+00:00,Things,Read: Kipling,Read: Kipling,reading,Kipling,1.25,1.25,True,explicit_reading_or_audiobook_duration,1.25,calendar_analysis_duration,,,0.0,Kipling by Harold bloom,finish_0115,2024-12-23,ref_to_finished_title
calendar_analysis_row_004249_part_0,calendar_analysis_row_004249,2022-03-02,2022-03-02 10:00:00+00:00,2022-03-02 10:30:00+00:00,Things,Read: Kipling,Read: Kipling,reading,Kipling,0.5,0.5,True,explicit_reading_or_audiobook_duration,0.5,calendar_analysis_duration,,,0.0,Kipling by Harold bloom,finish_0115,2024-12-23,ref_to_finished_title
calendar_analysis_row_004264_part_0,calendar_analysis_row_004264,2022-03-03,2022-03-03 01:45:00+00:00,2022-03-03 02:30:00+00:00,Things,read: Kipling,read: Kipling,reading,Kipling,0.375,0.75,True,explicit_reading_or_audiobook_duration,0.375,calendar_analysis_duration_incompatible_overlap,Job: Hive,clark.benham@gmail.com,0.0,Kipling by Harold bloom,finish_0115,2024-12-23,ref_to_finished_title
calendar_analysis_row_004265_part_0,calendar_analysis_row_004265,2022-03-03,2022-03-03 02:45:00+00:00,2022-03-03 03:15:00+00:00,Things,Read: Kipling,Read: Kipling,reading,Kipling,0.25,0.5,True,explicit_reading_or_audiobook_duration,0.5,full_duration_minor_overlap,Job: Hive,clark.benham@gmail.com,0.25,Kipling by Harold bloom,finish_0115,2024-12-23,ref_to_finished_title
calendar_analysis_row_004286_part_0,calendar_analysis_row_004286,2022-03-04,2022-03-04 08:45:00+00:00,2022-03-04 10:15:00+00:00,Things,read: Kipling,read: Kipling,reading,Kipling,1.5,1.5,True,explicit_reading_or_audiobook_duration,1.5,calendar_analysis_duration,,,0.0,Kipling by Harold bloom,finish_0115,2024-12-23,ref_to_finished_title
calendar_analysis_row_004312_part_0,calendar_analysis_row_004312,2022-03-05,2022-03-05 23:45:00+00:00,2022-03-06 01:00:00+00:00,Things,Book:,Book:,generic,,1.0,1.25,False,generic_temporal_read_not_counted_by_default,1.0,calendar_analysis_duration,,,0.0,Huck Finn,finish_0015,2022-03-27,generic_temporal
calendar_analysis_row_004321_part_0,calendar_analysis_row_004321,2022-03-06,2022-03-06 03:45:00+00:00,2022-03-06 04:45:00+00:00,Things,book:sp,book:sp,reading,sp,0.875,1.0,True,explicit_reading_or_audiobook_duration,1.0,full_duration_minor_overlap,blogs,Things,0.125,"Sadly, Porn",finish_0018,2022-04-23,ref_to_finished_title
calendar_analysis_row_004323_part_0,calendar_analysis_row_004323,2022-03-06,2022-03-06 04:45:00+00:00,2022-03-06 05:00:00+00:00,Things,read: Kipling,read: Kipling,reading,Kipling,0.25,0.25,True,explicit_reading_or_audiobook_duration,0.25,calendar_analysis_duration,,,0.0,Kipling by Harold bloom,finish_0115,2024-12-23,ref_to_finished_title
calendar_analysis_row_004325_part_0,calendar_analysis_row_004325,2022-03-06,2022-03-06 09:45:00+00:00,2022-03-06 11:15:00+00:00,Things,Book:SDI,Book:SDI,reading,SDI,1.5,1.5,True,explicit_reading_or_audiobook_duration,1.5,calendar_analysis_duration,,,0.0,,,,
calendar_analysis_row_004339_part_0,calendar_analysis_row_004339,2022-03-06,2022-03-06 23:15:00+00:00,2022-03-07 01:00:00+00:00,Things,book:sp,book:sp,reading,sp,1.625,1.75,True,explicit_reading_or_audiobook_duration,1.75,full_duration_minor_overlap,lunch,"Meals, Supplements, Sleep",0.125,"Sadly, Porn",finish_0018,2022-04-23,ref_to_finished_title
calendar_analysis_row_004348_part_0,calendar_analysis_row_004348,2022-03-07,2022-03-07 05:30:00+00:00,2022-03-07 06:45:00+00:00,Things,Read: Kipling,Read: Kipling,reading,Kipling,1.25,1.25,True,explicit_reading_or_audiobook_duration,1.25,calendar_analysis_duration,,,0.0,Kipling by Harold bloom,finish_0115,2024-12-23,ref_to_finished_title
calendar_analysis_row_004366_part_0,calendar_analysis_row_004366,2022-03-08,2022-03-08 06:45:00+00:00,2022-03-08 07:45:00+00:00,Things,Book:caw,Book:caw,reading,caw,1.0,1.0,True,explicit_reading_or_audiobook_duration,1.0,calendar_analysis_duration,,,0.0,Coders at Work,finish_0026,2022-06-05,ref_to_finished_title
calendar_analysis_row_004410_part_0,calendar_analysis_row_004410,2022-03-11,2022-03-11 08:30:00+00:00,2022-03-11 09:15:00+00:00,Things,Read: Kipling,Read: Kipling,reading,Kipling,0.75,0.75,True,explicit_reading_or_audiobook_duration,0.75,calendar_analysis_duration,,,0.0,Kipling by Harold bloom,finish_0115,2024-12-23,ref_to_finished_title
calendar_analysis_row_004466_part_0,calendar_analysis_row_004466,2022-03-15,2022-03-15 09:45:00+00:00,2022-03-15 11:15:00+00:00,Things,book:hf,book:hf,reading,hf,1.375,1.5,True,explicit_reading_or_audiobook_duration,1.5,full_duration_minor_overlap,breakfast,"Meals, Supplements, Sleep",0.125,Huck Finn,finish_0015,2022-03-27,ref_to_finished_title
calendar_analysis_row_004499_part_0,calendar_analysis_row_004499,2022-03-17,2022-03-17 08:15:00+00:00,2022-03-17 08:45:00+00:00,clark.benham@gmail.com,CS Book: SDI,CS Book: SDI,reading,SDI,0.5,0.5,True,explicit_reading_or_audiobook_duration,0.5,calendar_analysis_duration,,,0.0,,,,
calendar_analysis_row_004510_part_0,calendar_analysis_row_004510,2022-03-18,2022-03-18 07:45:00+00:00,2022-03-18 08:00:00+00:00,Things,book,book,generic,,0.25,0.25,False,generic_temporal_read_not_counted_by_default,0.25,calendar_analysis_duration,,,0.0,Huck Finn,finish_0015,2022-03-27,generic_temporal
calendar_analysis_row_004539_part_0,calendar_analysis_row_004539,2022-03-19,2022-03-19 19:45:00+00:00,2022-03-19 20:30:00+00:00,Things,books,books,generic,,0.75,0.75,False,generic_temporal_read_not_counted_by_default,0.75,calendar_analysis_duration,,,0.0,Huck Finn,finish_0015,2022-03-27,generic_temporal
calendar_analysis_row_004555_part_0,calendar_analysis_row_004555,2022-03-20,2022-03-20 08:00:00+00:00,2022-03-20 11:45:00+00:00,Things,book:sp,book:sp,reading,sp,3.75,3.75,True,explicit_reading_or_audiobook_duration,3.75,calendar_analysis_duration,,,0.0,"Sadly, Porn",finish_0018,2022-04-23,ref_to_finished_title
calendar_analysis_row_004570_part_0,calendar_analysis_row_004570,2022-03-20,2022-03-20 23:30:00+00:00,2022-03-20 23:45:00+00:00,Things,book:hf,book:hf,reading,hf,0.125,0.25,True,explicit_reading_or_audiobook_duration,0.25,full_duration_minor_overlap,nap,"Meals, Supplements, Sleep",0.125,Huck Finn,finish_0015,2022-03-27,ref_to_finished_title
calendar_analysis_row_004582_part_0,calendar_analysis_row_004582,2022-03-21,2022-03-21 05:45:00+00:00,2022-03-21 07:15:00+00:00,Things,book:hf,book:hf,reading,hf,1.5,1.5,True,explicit_reading_or_audiobook_duration,1.5,calendar_analysis_duration,,,0.0,Huck Finn,finish_0015,2022-03-27,ref_to_finished_title
calendar_analysis_row_004586_part_0,calendar_analysis_row_004586,2022-03-21,2022-03-21 08:30:00+00:00,2022-03-21 09:00:00+00:00,Things,book:aaj,book:aaj,reading,aaj,0.5,0.5,True,explicit_reading_or_audiobook_duration,0.5,calendar_analysis_duration,,,0.0,antisemite and jew,finish_0016,2022-04-04,ref_to_finished_title
calendar_analysis_row_004587_part_0,calendar_analysis_row_004587,2022-03-21,2022-03-21 09:30:00+00:00,2022-03-21 09:45:00+00:00,Things,book:sdi,book:sdi,reading,sdi,0.25,0.25,True,explicit_reading_or_audiobook_duration,0.25,calendar_analysis_duration,,,0.0,,,,
calendar_analysis_row_004628_part_0,calendar_analysis_row_004628,2022-03-24,2022-03-24 09:15:00+00:00,2022-03-24 09:45:00+00:00,clark.benham@gmail.com,CS book: Memory,CS book: Memory,reading,Memory,0.375,0.5,True,explicit_reading_or_audiobook_duration,0.5,full_duration_minor_overlap,sleep,"Meals, Supplements, Sleep",0.125,,,,
calendar_analysis_row_004672_part_0,calendar_analysis_row_004672,2022-03-27,2022-03-27 07:00:00+00:00,2022-03-27 10:15:00+00:00,Things,book:sp,book:sp,reading,sp,3.25,3.25,True,explicit_reading_or_audiobook_duration,3.25,calendar_analysis_duration,,,0.0,"Sadly, Porn",finish_0018,2022-04-23,ref_to_finished_title
calendar_analysis_row_004674_part_0,calendar_analysis_row_004674,2022-03-27,2022-03-27 10:45:00+00:00,2022-03-27 12:15:00+00:00,Things,finished: Huck Finn,finished: Huck Finn,finished,Huck Finn,1.5,1.5,True,bare_finished_marker_with_book_ref_duration,1.5,calendar_analysis_duration,,,0.0,Huck Finn,finish_0015,2022-03-27,finished_event_identity
calendar_analysis_row_004699_part_0,calendar_analysis_row_004699,2022-03-28,2022-03-28 07:30:00+00:00,2022-03-28 08:00:00+00:00,Things,Read: Kipling,Read: Kipling,reading,Kipling,0.5,0.5,True,explicit_reading_or_audiobook_duration,0.5,calendar_analysis_duration,,,0.0,Kipling by Harold bloom,finish_0115,2024-12-23,ref_to_finished_title
calendar_analysis_row_004701_part_0,calendar_analysis_row_004701,2022-03-28,2022-03-28 08:30:00+00:00,2022-03-28 09:00:00+00:00,Things,book:wwlc,book:wwlc,reading,wwlc,0.5,0.5,True,explicit_reading_or_audiobook_duration,0.5,calendar_analysis_duration,,,0.0,,,,
calendar_analysis_row_004727_part_0,calendar_analysis_row_004727,2022-03-30,2022-03-30 07:15:00+00:00,2022-03-30 08:00:00+00:00,Things,Book:asaj,Book:asaj,reading,asaj,0.75,0.75,True,explicit_reading_or_audiobook_duration,0.75,calendar_analysis_duration,,,0.0,,,,
calendar_analysis_row_004756_part_0,calendar_analysis_row_004756,2022-04-01,2022-04-01 07:30:00+00:00,2022-04-01 09:00:00+00:00,Things,book:sp,book:sp,reading,sp,1.5,1.5,True,explicit_reading_or_audiobook_duration,1.5,calendar_analysis_duration,,,0.0,"Sadly, Porn",finish_0018,2022-04-23,ref_to_finished_title
calendar_analysis_row_004760_part_0,calendar_analysis_row_004760,2022-04-01,2022-04-01 11:00:00+00:00,2022-04-01 11:30:00+00:00,Things,book:Asaj,book:Asaj,reading,Asaj,0.5,0.5,True,explicit_reading_or_audiobook_duration,0.5,calendar_analysis_duration,,,0.0,,,,
calendar_analysis_row_004792_part_0,calendar_analysis_row_004792,2022-04-03,2022-04-03 00:30:00+00:00,2022-04-03 03:00:00+00:00,Things,book:sp,book:sp,reading,sp,2.375,2.5,True,explicit_reading_or_audiobook_duration,2.5,full_duration_minor_overlap,jack,Waste Time,0.125,"Sadly, Porn",finish_0018,2022-04-23,ref_to_finished_title
calendar_analysis_row_004801_part_0,calendar_analysis_row_004801,2022-04-03,2022-04-03 11:15:00+00:00,2022-04-03 12:00:00+00:00,Things,book reorg,book reorg,reading,reorg,0.75,0.75,True,explicit_reading_or_audiobook_duration,0.75,calendar_analysis_duration,,,0.0,,,,
calendar_analysis_row_004811_part_0,calendar_analysis_row_004811,2022-04-03,2022-04-03 22:00:00+00:00,2022-04-03 22:30:00+00:00,Things,book reorg,book reorg,reading,reorg,0.5,0.5,True,explicit_reading_or_audiobook_duration,0.5,calendar_analysis_duration,,,0.0,,,,
calendar_analysis_row_004830_part_0,calendar_analysis_row_004830,2022-04-04,2022-04-04 08:45:00+00:00,2022-04-04 09:15:00+00:00,Things,Finished: antisemite and jew,Finished: antisemite and jew,finished,antisemite and jew,0.5,0.5,True,bare_finished_marker_with_book_ref_duration,0.5,calendar_analysis_duration,,,0.0,antisemite and jew,finish_0016,2022-04-04,finished_event_identity
calendar_analysis_row_004867_part_0,calendar_analysis_row_004867,2022-04-06,2022-04-06 08:00:00+00:00,2022-04-06 08:30:00+00:00,Things,book:sdff,book:sdff,reading,sdff,0.5,0.5,True,explicit_reading_or_audiobook_duration,0.5,calendar_analysis_duration,,,0.0,,,,
calendar_analysis_row_004955_part_0,calendar_analysis_row_004955,2022-04-11,2022-04-11 09:00:00+00:00,2022-04-11 10:15:00+00:00,Things,book:caw,book:caw,reading,caw,1.25,1.25,True,explicit_reading_or_audiobook_duration,1.25,calendar_analysis_duration,,,0.0,Coders at Work,finish_0026,2022-06-05,ref_to_finished_title
calendar_analysis_row_004969_part_0,calendar_analysis_row_004969,2022-04-12,2022-04-12 07:00:00+00:00,2022-04-12 07:15:00+00:00,Things,book:Refactoring,book:Refactoring,reading,Refactoring,0.25,0.25,True,explicit_reading_or_audiobook_duration,0.25,calendar_analysis_duration,,,0.0,,,,
calendar_analysis_row_004985_part_0,calendar_analysis_row_004985,2022-04-13,2022-04-13 07:00:00+00:00,2022-04-13 08:30:00+00:00,Things,book:sp,book:sp,reading,sp,1.5,1.5,True,explicit_reading_or_audiobook_duration,1.5,calendar_analysis_duration,,,0.0,"Sadly, Porn",finish_0018,2022-04-23,ref_to_finished_title
calendar_analysis_row_004998_part_0,calendar_analysis_row_004998,2022-04-14,2022-04-14 06:00:00+00:00,2022-04-14 07:15:00+00:00,Things,read: Kipling,read: Kipling,reading,Kipling,1.0,1.25,True,explicit_reading_or_audiobook_duration,1.25,full_duration_minor_overlap,porn,Waste Time,0.25,Kipling by Harold bloom,finish_0115,2024-12-23,ref_to_finished_title
calendar_analysis_row_005013_part_0,calendar_analysis_row_005013,2022-04-15,2022-04-15 02:00:00+00:00,2022-04-15 02:15:00+00:00,Things,book:aobf,book:aobf,reading,aobf,0.25,0.25,True,explicit_reading_or_audiobook_duration,0.25,calendar_analysis_duration,,,0.0,autobiography of ben franklin,finish_0017,2022-04-21,ref_to_finished_title
calendar_analysis_row_005017_part_0,calendar_analysis_row_005017,2022-04-15,2022-04-15 09:00:00+00:00,2022-04-15 10:00:00+00:00,Things,book:aobf,book:aobf,reading,aobf,1.0,1.0,True,explicit_reading_or_audiobook_duration,1.0,calendar_analysis_duration,,,0.0,autobiography of ben franklin,finish_0017,2022-04-21,ref_to_finished_title
calendar_analysis_row_005047_part_0,calendar_analysis_row_005047,2022-04-16,2022-04-16 23:45:00+00:00,2022-04-17 00:30:00+00:00,Things,book:tgd,book:tgd,reading,tgd,0.75,0.75,True,explicit_reading_or_audiobook_duration,0.75,calendar_analysis_duration,,,0.0,the great divorce,finish_0019,2022-04-27,ref_to_finished_title
calendar_analysis_row_005057_part_0,calendar_analysis_row_005057,2022-04-17,2022-04-17 09:15:00+00:00,2022-04-17 10:45:00+00:00,Things,Book:aobf,Book:aobf,reading,aobf,1.5,1.5,True,explicit_reading_or_audiobook_duration,1.5,calendar_analysis_duration,,,0.0,autobiography of ben franklin,finish_0017,2022-04-21,ref_to_finished_title
calendar_analysis_row_005088_part_0,calendar_analysis_row_005088,2022-04-18,2022-04-18 08:45:00+00:00,2022-04-18 09:15:00+00:00,clark.benham@gmail.com,book:aobf,book:aobf,reading,aobf,0.5,0.5,True,explicit_reading_or_audiobook_duration,0.5,calendar_analysis_duration,,,0.0,autobiography of ben franklin,finish_0017,2022-04-21,ref_to_finished_title
calendar_analysis_row_005115_part_0,calendar_analysis_row_005115,2022-04-20,2022-04-20 07:00:00+00:00,2022-04-20 08:15:00+00:00,Things,book:aobf,book:aobf,reading,aobf,1.25,1.25,True,explicit_reading_or_audiobook_duration,1.25,calendar_analysis_duration,,,0.0,autobiography of ben franklin,finish_0017,2022-04-21,ref_to_finished_title
calendar_analysis_row_005134_part_0,calendar_analysis_row_005134,2022-04-21,2022-04-21 08:00:00+00:00,2022-04-21 08:30:00+00:00,Things,Finished: aobf,Finished: aobf,finished,aobf,0.5,0.5,True,bare_finished_marker_with_book_ref_duration,0.5,calendar_analysis_duration,,,0.0,autobiography of ben franklin,finish_0017,2022-04-21,finished_event_identity
calendar_analysis_row_005148_part_0,calendar_analysis_row_005148,2022-04-22,2022-04-22 06:30:00+00:00,2022-04-22 06:45:00+00:00,Things,book:tgd,book:tgd,reading,tgd,0.25,0.25,True,explicit_reading_or_audiobook_duration,0.25,calendar_analysis_duration,,,0.0,the great divorce,finish_0019,2022-04-27,ref_to_finished_title
calendar_analysis_row_005166_part_0,calendar_analysis_row_005166,2022-04-23,2022-04-23 09:30:00+00:00,2022-04-23 11:30:00+00:00,Things,book:sp,book:sp,reading,sp,2.0,2.0,True,explicit_reading_or_audiobook_duration,2.0,calendar_analysis_duration,,,0.0,"Sadly, Porn",finish_0018,2022-04-23,ref_to_finished_title
calendar_analysis_row_005175_part_0,calendar_analysis_row_005175,2022-04-23,2022-04-23 22:30:00+00:00,2022-04-23 23:15:00+00:00,Things,"finished: Sadly, Porn","finished: Sadly, Porn",finished,"Sadly, Porn",0.75,0.75,True,bare_finished_marker_with_book_ref_duration,0.75,calendar_analysis_duration,,,0.0,"Sadly, Porn",finish_0018,2022-04-23,finished_event_identity
calendar_analysis_row_005184_part_0,calendar_analysis_row_005184,2022-04-24,2022-04-24 03:00:00+00:00,2022-04-24 03:30:00+00:00,Things,read: Kipling,read: Kipling,reading,Kipling,0.5,0.5,True,explicit_reading_or_audiobook_duration,0.5,calendar_analysis_duration,,,0.0,Kipling by Harold bloom,finish_0115,2024-12-23,ref_to_finished_title
calendar_analysis_row_005195_part_0,calendar_analysis_row_005195,2022-04-24,2022-04-24 19:00:00+00:00,2022-04-24 19:30:00+00:00,Things,read: Kipling,read: Kipling,reading,Kipling,0.5,0.5,True,explicit_reading_or_audiobook_duration,0.5,calendar_analysis_duration,,,0.0,Kipling by Harold bloom,finish_0115,2024-12-23,ref_to_finished_title
calendar_analysis_row_005210_part_0,calendar_analysis_row_005210,2022-04-25,2022-04-25 01:30:00+00:00,2022-04-25 02:00:00+00:00,Things,Read: Kipling,Read: Kipling,reading,Kipling,0.5,0.5,True,explicit_reading_or_audiobook_duration,0.5,calendar_analysis_duration,,,0.0,Kipling by Harold bloom,finish_0115,2024-12-23,ref_to_finished_title
calendar_analysis_row_005232_part_0,calendar_analysis_row_005232,2022-04-26,2022-04-26 07:15:00+00:00,2022-04-26 07:45:00+00:00,Things,book:tgd,book:tgd,reading,tgd,0.5,0.5,True,explicit_reading_or_audiobook_duration,0.5,calendar_analysis_duration,,,0.0,the great divorce,finish_0019,2022-04-27,ref_to_finished_title
calendar_analysis_row_005247_part_0,calendar_analysis_row_005247,2022-04-27,2022-04-27 04:15:00+00:00,2022-04-27 04:45:00+00:00,Things,finished: the great divorce,finished: the great divorce,finished,the great divorce,0.5,0.5,True,bare_finished_marker_with_book_ref_duration,0.5,calendar_analysis_duration,,,0.0,the great divorce,finish_0019,2022-04-27,finished_event_identity
calendar_analysis_row_005321_part_0,calendar_analysis_row_005321,2022-05-02,2022-05-02 02:00:00+00:00,2022-05-02 02:15:00+00:00,Things,book:cd,book:cd,reading,cd,0.25,0.25,True,explicit_reading_or_audiobook_duration,0.25,calendar_analysis_duration,,,0.0,Coup Detat,finish_0020,2022-05-13,ref_to_finished_title
calendar_analysis_row_005330_part_0,calendar_analysis_row_005330,2022-05-02,2022-05-02 07:15:00+00:00,2022-05-02 07:45:00+00:00,clark.benham@gmail.com,Book:memory,Book:memory,reading,memory,0.5,0.5,True,explicit_reading_or_audiobook_duration,0.5,calendar_analysis_duration,,,0.0,,,,
calendar_analysis_row_005331_part_0,calendar_analysis_row_005331,2022-05-02,2022-05-02 07:45:00+00:00,2022-05-02 08:15:00+00:00,Things,Book:caw,Book:caw,reading,caw,0.5,0.5,True,explicit_reading_or_audiobook_duration,0.5,calendar_analysis_duration,,,0.0,Coders at Work,finish_0026,2022-06-05,ref_to_finished_title
calendar_analysis_row_005385_part_0,calendar_analysis_row_005385,2022-05-06,2022-05-06 07:15:00+00:00,2022-05-06 07:30:00+00:00,Things,book:cd,book:cd,reading,cd,0.25,0.25,True,explicit_reading_or_audiobook_duration,0.25,calendar_analysis_duration,,,0.0,Coup Detat,finish_0020,2022-05-13,ref_to_finished_title
calendar_analysis_row_005398_part_0,calendar_analysis_row_005398,2022-05-07,2022-05-07 04:00:00+00:00,2022-05-07 04:30:00+00:00,Things,book:cd,book:cd,reading,cd,0.5,0.5,True,explicit_reading_or_audiobook_duration,0.5,calendar_analysis_duration,,,0.0,Coup Detat,finish_0020,2022-05-13,ref_to_finished_title
calendar_analysis_row_005407_part_0,calendar_analysis_row_005407,2022-05-07,2022-05-07 13:45:00+00:00,2022-05-07 14:15:00+00:00,Things,book:cd,book:cd,reading,cd,0.5,0.5,True,explicit_reading_or_audiobook_duration,0.5,calendar_analysis_duration,,,0.0,Coup Detat,finish_0020,2022-05-13,ref_to_finished_title
calendar_analysis_row_005422_part_0,calendar_analysis_row_005422,2022-05-08,2022-05-08 00:30:00+00:00,2022-05-08 01:15:00+00:00,Things,book:cd,book:cd,reading,cd,0.75,0.75,True,explicit_reading_or_audiobook_duration,0.75,calendar_analysis_duration,,,0.0,Coup Detat,finish_0020,2022-05-13,ref_to_finished_title
calendar_analysis_row_005429_part_0,calendar_analysis_row_005429,2022-05-08,2022-05-08 05:30:00+00:00,2022-05-08 06:00:00+00:00,Things,Read,Read,generic,,0.5,0.5,False,generic_temporal_read_not_counted_by_default,0.5,calendar_analysis_duration,,,0.0,Coup Detat,finish_0020,2022-05-13,generic_temporal
calendar_analysis_row_005430_part_0,calendar_analysis_row_005430,2022-05-08,2022-05-08 06:00:00+00:00,2022-05-08 06:30:00+00:00,Things,Book:memory,Book:memory,reading,memory,0.5,0.5,True,explicit_reading_or_audiobook_duration,0.5,calendar_analysis_duration,,,0.0,,,,
calendar_analysis_row_005438_part_0,calendar_analysis_row_005438,2022-05-08,2022-05-08 18:00:00+00:00,2022-05-08 18:30:00+00:00,Things,read: Kipling,read: Kipling,reading,Kipling,0.5,0.5,True,explicit_reading_or_audiobook_duration,0.5,calendar_analysis_duration,,,0.0,Kipling by Harold bloom,finish_0115,2024-12-23,ref_to_finished_title
calendar_analysis_row_005457_part_0,calendar_analysis_row_005457,2022-05-09,2022-05-09 08:15:00+00:00,2022-05-09 08:45:00+00:00,Things,book:cd,book:cd,reading,cd,0.5,0.5,True,explicit_reading_or_audiobook_duration,0.5,calendar_analysis_duration,,,0.0,Coup Detat,finish_0020,2022-05-13,ref_to_finished_title
calendar_analysis_row_005476_part_0,calendar_analysis_row_005476,2022-05-10,2022-05-10 06:45:00+00:00,2022-05-10 07:00:00+00:00,Things,book:cd,book:cd,reading,cd,0.25,0.25,True,explicit_reading_or_audiobook_duration,0.25,calendar_analysis_duration,,,0.0,Coup Detat,finish_0020,2022-05-13,ref_to_finished_title
calendar_analysis_row_005519_part_0,calendar_analysis_row_005519,2022-05-13,2022-05-13 04:00:00+00:00,2022-05-13 05:00:00+00:00,Things,finished: Coup Detat,finished: Coup Detat,finished,Coup Detat,1.0,1.0,True,bare_finished_marker_with_book_ref_duration,1.0,calendar_analysis_duration,,,0.0,Coup Detat,finish_0020,2022-05-13,finished_event_identity
calendar_analysis_row_005520_part_0,calendar_analysis_row_005520,2022-05-13,2022-05-13 05:00:00+00:00,2022-05-13 06:15:00+00:00,Things,book:sl,book:sl,reading,sl,1.25,1.25,True,explicit_reading_or_audiobook_duration,1.25,calendar_analysis_duration,,,0.0,screwtape letters,finish_0021,2022-05-14,ref_to_finished_title
calendar_analysis_row_005531_part_0,calendar_analysis_row_005531,2022-05-14,2022-05-14 04:30:00+00:00,2022-05-14 06:30:00+00:00,Things,finished: screwtape letters,finished: screwtape letters,finished,screwtape letters,2.0,2.0,True,bare_finished_marker_with_book_ref_duration,2.0,calendar_analysis_duration,,,0.0,screwtape letters,finish_0021,2022-05-14,finished_event_identity
calendar_analysis_row_005565_part_0,calendar_analysis_row_005565,2022-05-15,2022-05-15 22:15:00+00:00,2022-05-15 23:15:00+00:00,Things,book:as,book:as,reading,as,1.0,1.0,True,explicit_reading_or_audiobook_duration,1.0,calendar_analysis_duration,,,0.0,Arnold Schwarzenegger,finish_0022,2022-05-16,ref_to_finished_title
calendar_analysis_row_005576_part_0,calendar_analysis_row_005576,2022-05-16,2022-05-16 03:00:00+00:00,2022-05-16 04:45:00+00:00,Things,finished: Arnold Schwarzenegger ,finished: Arnold Schwarzenegger,finished,Arnold Schwarzenegger,1.625,1.75,True,bare_finished_marker_with_book_ref_duration,1.75,full_duration_minor_overlap,dinner,"Meals, Supplements, Sleep",0.125,Arnold Schwarzenegger,finish_0022,2022-05-16,finished_event_identity
calendar_analysis_row_005579_part_0,calendar_analysis_row_005579,2022-05-16,2022-05-16 07:45:00+00:00,2022-05-16 08:30:00+00:00,Things,Book:debugging,Book:debugging,reading,debugging,0.625,0.75,True,explicit_reading_or_audiobook_duration,0.75,full_duration_minor_overlap,Food,"Meals, Supplements, Sleep",0.125,,,,
calendar_analysis_row_005593_part_0,calendar_analysis_row_005593,2022-05-17,2022-05-17 07:15:00+00:00,2022-05-17 07:30:00+00:00,Things,Book:debugging,Book:debugging,reading,debugging,0.25,0.25,True,explicit_reading_or_audiobook_duration,0.25,calendar_analysis_duration,,,0.0,,,,
calendar_analysis_row_005611_part_0,calendar_analysis_row_005611,2022-05-18,2022-05-18 09:45:00+00:00,2022-05-18 10:00:00+00:00,Things,book:debugging,book:debugging,reading,debugging,0.25,0.25,True,explicit_reading_or_audiobook_duration,0.25,calendar_analysis_duration,,,0.0,,,,
calendar_analysis_row_005627_part_0,calendar_analysis_row_005627,2022-05-19,2022-05-19 06:15:00+00:00,2022-05-19 06:45:00+00:00,Things,book:Memory,book:Memory,reading,Memory,0.5,0.5,True,explicit_reading_or_audiobook_duration,0.5,calendar_analysis_duration,,,0.0,,,,
calendar_analysis_row_005642_part_0,calendar_analysis_row_005642,2022-05-20,2022-05-20 05:00:00+00:00,2022-05-20 05:45:00+00:00,Things,book:debugging,book:debugging,reading,debugging,0.75,0.75,True,explicit_reading_or_audiobook_duration,0.75,calendar_analysis_duration,,,0.0,,,,
calendar_analysis_row_005653_part_0,calendar_analysis_row_005653,2022-05-21,2022-05-21 04:00:00+00:00,2022-05-21 04:30:00+00:00,Things,book:debugging,book:debugging,reading,debugging,0.5,0.5,True,explicit_reading_or_audiobook_duration,0.5,calendar_analysis_duration,,,0.0,,,,
calendar_analysis_row_005656_part_0,calendar_analysis_row_005656,2022-05-21,2022-05-21 06:45:00+00:00,2022-05-21 07:00:00+00:00,Things,Book:Talent,Book:Talent,reading,Talent,0.25,0.25,True,explicit_reading_or_audiobook_duration,0.25,calendar_analysis_duration,,,0.0,Talent,finish_0025,2022-06-03,ref_to_finished_title
calendar_analysis_row_005696_part_0,calendar_analysis_row_005696,2022-05-23,2022-05-23 00:00:00+00:00,2022-05-23 00:15:00+00:00,Things,book:pp,book:pp,reading,pp,0.25,0.25,True,explicit_reading_or_audiobook_duration,0.25,calendar_analysis_duration,,,0.0,pragmatic programmer,finish_0033,2022-10-27,ref_to_finished_title
calendar_analysis_row_005705_part_0,calendar_analysis_row_005705,2022-05-23,2022-05-23 04:30:00+00:00,2022-05-23 05:45:00+00:00,Things,book:caw,book:caw,reading,caw,1.25,1.25,True,explicit_reading_or_audiobook_duration,1.25,calendar_analysis_duration,,,0.0,Coders at Work,finish_0026,2022-06-05,ref_to_finished_title
calendar_analysis_row_005706_part_0,calendar_analysis_row_005706,2022-05-23,2022-05-23 05:45:00+00:00,2022-05-23 06:15:00+00:00,Things,book:pl,book:pl,reading,pl,0.5,0.5,True,explicit_reading_or_audiobook_duration,0.5,calendar_analysis_duration,,,0.0,parkinson's law,finish_0119,2025-01-15,ref_to_finished_title
calendar_analysis_row_005722_part_0,calendar_analysis_row_005722,2022-05-24,2022-05-24 06:30:00+00:00,2022-05-24 07:30:00+00:00,clark.benham@gmail.com,CS Book: Memory,CS Book: Memory,reading,Memory,1.0,1.0,True,explicit_reading_or_audiobook_duration,1.0,calendar_analysis_duration,,,0.0,,,,
calendar_analysis_row_005723_part_0,calendar_analysis_row_005723,2022-05-24,2022-05-24 07:30:00+00:00,2022-05-24 08:30:00+00:00,Things,Book:talent,Book:talent,reading,talent,1.0,1.0,True,explicit_reading_or_audiobook_duration,1.0,calendar_analysis_duration,,,0.0,Talent,finish_0025,2022-06-03,ref_to_finished_title
calendar_analysis_row_005738_part_0,calendar_analysis_row_005738,2022-05-25,2022-05-25 05:15:00+00:00,2022-05-25 05:45:00+00:00,clark.benham@gmail.com,finished cs book: SQL,finished cs book: SQL,finished,SQL,0.5,0.5,True,bare_finished_marker_with_book_ref_duration,0.5,calendar_analysis_duration,,,0.0,SQL,finish_0023,2022-05-25,finished_event_identity
calendar_analysis_row_005739_part_0,calendar_analysis_row_005739,2022-05-25,2022-05-25 05:45:00+00:00,2022-05-25 06:15:00+00:00,clark.benham@gmail.com,cs book: Docker,cs book: Docker,reading,Docker,0.5,0.5,True,explicit_reading_or_audiobook_duration,0.5,calendar_analysis_duration,,,0.0,,,,
calendar_analysis_row_005740_part_0,calendar_analysis_row_005740,2022-05-25,2022-05-25 06:15:00+00:00,2022-05-25 06:30:00+00:00,clark.benham@gmail.com,cs book: ML design patterns,cs book: ML design patterns,reading,ML design patterns,0.25,0.25,True,explicit_reading_or_audiobook_duration,0.25,calendar_analysis_duration,,,0.0,ML design patterns,finish_0029,2022-08-22,ref_to_finished_title
calendar_analysis_row_005741_part_0,calendar_analysis_row_005741,2022-05-25,2022-05-25 06:45:00+00:00,2022-05-25 07:30:00+00:00,Things,book:talent,book:talent,reading,talent,0.75,0.75,True,explicit_reading_or_audiobook_duration,0.75,calendar_analysis_duration,,,0.0,Talent,finish_0025,2022-06-03,ref_to_finished_title
calendar_analysis_row_005744_part_0,calendar_analysis_row_005744,2022-05-25,2022-05-25 14:45:00+00:00,2022-05-25 15:00:00+00:00,Things,book:talent,book:talent,reading,talent,0.25,0.25,True,explicit_reading_or_audiobook_duration,0.25,calendar_analysis_duration,,,0.0,Talent,finish_0025,2022-06-03,ref_to_finished_title
calendar_analysis_row_005755_part_0,calendar_analysis_row_005755,2022-05-26,2022-05-26 06:15:00+00:00,2022-05-26 06:30:00+00:00,Things,book:lives,book:lives,reading,lives,0.25,0.25,True,explicit_reading_or_audiobook_duration,0.25,calendar_analysis_duration,,,0.0,,,,
calendar_analysis_row_005773_part_0,calendar_analysis_row_005773,2022-05-27,2022-05-27 07:00:00+00:00,2022-05-27 07:30:00+00:00,Things,book:talent,book:talent,reading,talent,0.5,0.5,True,explicit_reading_or_audiobook_duration,0.5,calendar_analysis_duration,,,0.0,Talent,finish_0025,2022-06-03,ref_to_finished_title
calendar_analysis_row_005774_part_0,calendar_analysis_row_005774,2022-05-27,2022-05-27 07:45:00+00:00,2022-05-27 08:30:00+00:00,Things,Book:Talent,Book:Talent,reading,Talent,0.75,0.75,True,explicit_reading_or_audiobook_duration,0.75,calendar_analysis_duration,,,0.0,Talent,finish_0025,2022-06-03,ref_to_finished_title
calendar_analysis_row_005784_part_0,calendar_analysis_row_005784,2022-05-28,2022-05-28 06:00:00+00:00,2022-05-28 06:45:00+00:00,Things,book:talent,book:talent,reading,talent,0.75,0.75,True,explicit_reading_or_audiobook_duration,0.75,calendar_analysis_duration,,,0.0,Talent,finish_0025,2022-06-03,ref_to_finished_title
calendar_analysis_row_005827_part_0,calendar_analysis_row_005827,2022-06-01,2022-06-01 04:15:00+00:00,2022-06-01 04:45:00+00:00,Things,book:aeic,book:aeic,reading,aeic,0.5,0.5,True,explicit_reading_or_audiobook_duration,0.5,calendar_analysis_duration,,,0.0,An Experiment in Criticism,finish_0024,2022-06-02,ref_to_finished_title
calendar_analysis_row_005843_part_0,calendar_analysis_row_005843,2022-06-02,2022-06-02 04:30:00+00:00,2022-06-02 05:15:00+00:00,Things,book:aeic,book:aeic,reading,aeic,0.75,0.75,True,explicit_reading_or_audiobook_duration,0.75,calendar_analysis_duration,,,0.0,An Experiment in Criticism,finish_0024,2022-06-02,ref_to_finished_title
calendar_analysis_row_005845_part_0,calendar_analysis_row_005845,2022-06-02,2022-06-02 14:45:00+00:00,2022-06-02 16:15:00+00:00,Things,finished: aeic,finished: aeic,finished,aeic,1.5,1.5,True,bare_finished_marker_with_book_ref_duration,1.5,calendar_analysis_duration,,,0.0,An Experiment in Criticism,finish_0024,2022-06-02,finished_event_identity
calendar_analysis_row_005854_part_0,calendar_analysis_row_005854,2022-06-02,2022-06-02 21:30:00+00:00,2022-06-02 22:30:00+00:00,Things,book:taom,book:taom,reading,taom,1.0,1.0,True,explicit_reading_or_audiobook_duration,1.0,calendar_analysis_duration,,,0.0,the abolition of man,finish_0067,2023-12-23,ref_to_finished_title
calendar_analysis_row_005862_part_0,calendar_analysis_row_005862,2022-06-03,2022-06-03 08:15:00+00:00,2022-06-03 08:45:00+00:00,Things,finished: talent,finished: talent,finished,talent,0.5,0.5,True,bare_finished_marker_with_book_ref_duration,0.5,calendar_analysis_duration,,,0.0,Talent,finish_0025,2022-06-03,finished_event_identity
calendar_analysis_row_005871_part_0,calendar_analysis_row_005871,2022-06-03,2022-06-03 19:00:00+00:00,2022-06-03 19:15:00+00:00,Things,read: kipling,read: kipling,reading,kipling,0.25,0.25,True,explicit_reading_or_audiobook_duration,0.25,calendar_analysis_duration,,,0.0,Kipling by Harold bloom,finish_0115,2024-12-23,ref_to_finished_title
calendar_analysis_row_005888_part_0,calendar_analysis_row_005888,2022-06-04,2022-06-04 06:00:00+00:00,2022-06-04 07:15:00+00:00,Things,read: Kipling,read: Kipling,reading,Kipling,1.25,1.25,True,explicit_reading_or_audiobook_duration,1.25,calendar_analysis_duration,,,0.0,Kipling by Harold bloom,finish_0115,2024-12-23,ref_to_finished_title
calendar_analysis_row_005892_part_0,calendar_analysis_row_005892,2022-06-04,2022-06-04 17:30:00+00:00,2022-06-04 18:30:00+00:00,Things,read: Kipling,read: Kipling,reading,Kipling,1.0,1.0,True,explicit_reading_or_audiobook_duration,1.0,calendar_analysis_duration,,,0.0,Kipling by Harold bloom,finish_0115,2024-12-23,ref_to_finished_title
calendar_analysis_row_005893_part_0,calendar_analysis_row_005893,2022-06-04,2022-06-04 18:45:00+00:00,2022-06-04 19:30:00+00:00,Things,read: Caw,read: Caw,reading,Caw,0.75,0.75,True,explicit_reading_or_audiobook_duration,0.75,calendar_analysis_duration,,,0.0,Coders at Work,finish_0026,2022-06-05,ref_to_finished_title
calendar_analysis_row_005899_part_0,calendar_analysis_row_005899,2022-06-04,2022-06-04 22:00:00+00:00,2022-06-04 23:00:00+00:00,Things,Read: Kipling,Read: Kipling,reading,Kipling,1.0,1.0,True,explicit_reading_or_audiobook_duration,1.0,calendar_analysis_duration,,,0.0,Kipling by Harold bloom,finish_0115,2024-12-23,ref_to_finished_title
calendar_analysis_row_005904_part_0,calendar_analysis_row_005904,2022-06-05,2022-06-05 02:45:00+00:00,2022-06-05 04:15:00+00:00,Things,Finished: caw,Finished: caw,finished,caw,1.5,1.5,True,bare_finished_marker_with_book_ref_duration,1.5,calendar_analysis_duration,,,0.0,Coders at Work,finish_0026,2022-06-05,finished_event_identity
calendar_analysis_row_005908_part_0,calendar_analysis_row_005908,2022-06-05,2022-06-05 06:45:00+00:00,2022-06-05 07:15:00+00:00,clark.benham@gmail.com,CS book: ML pattern cookbook,CS book: ML pattern cookbook,reading,ML pattern cookbook,0.5,0.5,True,explicit_reading_or_audiobook_duration,0.5,calendar_analysis_duration,,,0.0,,,,
calendar_analysis_row_005909_part_0,calendar_analysis_row_005909,2022-06-05,2022-06-05 07:30:00+00:00,2022-06-05 08:30:00+00:00,Things,Book:Power,Book:Power,reading,Power,1.0,1.0,True,explicit_reading_or_audiobook_duration,1.0,calendar_analysis_duration,,,0.0,Power: Why Some People Have Itand Others Don't,finish_0027,2022-06-20,ref_to_finished_title
calendar_analysis_row_005958_part_0,calendar_analysis_row_005958,2022-06-08,2022-06-08 08:45:00+00:00,2022-06-08 09:30:00+00:00,Things,book:Power,book:Power,reading,Power,0.75,0.75,True,explicit_reading_or_audiobook_duration,0.75,calendar_analysis_duration,,,0.0,Power: Why Some People Have Itand Others Don't,finish_0027,2022-06-20,ref_to_finished_title
calendar_analysis_row_005989_part_0,calendar_analysis_row_005989,2022-06-11,2022-06-11 01:45:00+00:00,2022-06-11 02:00:00+00:00,Things,read: Kipling,read: Kipling,reading,Kipling,0.25,0.25,True,explicit_reading_or_audiobook_duration,0.25,calendar_analysis_duration,,,0.0,Kipling by Harold bloom,finish_0115,2024-12-23,ref_to_finished_title
calendar_analysis_row_005992_part_0,calendar_analysis_row_005992,2022-06-11,2022-06-11 07:00:00+00:00,2022-06-11 07:30:00+00:00,Things,book:power,book:power,reading,power,0.5,0.5,True,explicit_reading_or_audiobook_duration,0.5,calendar_analysis_duration,,,0.0,Power: Why Some People Have Itand Others Don't,finish_0027,2022-06-20,ref_to_finished_title
calendar_analysis_row_005993_part_0,calendar_analysis_row_005993,2022-06-11,2022-06-11 07:30:00+00:00,2022-06-11 07:45:00+00:00,Things,read: Kipling,read: Kipling,reading,Kipling,0.25,0.25,True,explicit_reading_or_audiobook_duration,0.25,calendar_analysis_duration,,,0.0,Kipling by Harold bloom,finish_0115,2024-12-23,ref_to_finished_title
calendar_analysis_row_006030_part_0,calendar_analysis_row_006030,2022-06-14,2022-06-14 06:15:00+00:00,2022-06-14 07:00:00+00:00,Things,book:power,book:power,reading,power,0.75,0.75,True,explicit_reading_or_audiobook_duration,0.75,calendar_analysis_duration,,,0.0,Power: Why Some People Have Itand Others Don't,finish_0027,2022-06-20,ref_to_finished_title
calendar_analysis_row_006057_part_0,calendar_analysis_row_006057,2022-06-16,2022-06-16 06:30:00+00:00,2022-06-16 07:30:00+00:00,Things,book:Power,book:Power,reading,Power,1.0,1.0,True,explicit_reading_or_audiobook_duration,1.0,calendar_analysis_duration,,,0.0,Power: Why Some People Have Itand Others Don't,finish_0027,2022-06-20,ref_to_finished_title
calendar_analysis_row_006084_part_0,calendar_analysis_row_006084,2022-06-18,2022-06-18 05:30:00+00:00,2022-06-18 06:00:00+00:00,Things,book:Power,book:Power,reading,Power,0.5,0.5,True,explicit_reading_or_audiobook_duration,0.5,calendar_analysis_duration,,,0.0,Power: Why Some People Have Itand Others Don't,finish_0027,2022-06-20,ref_to_finished_title
calendar_analysis_row_006128_part_0,calendar_analysis_row_006128,2022-06-20,2022-06-20 05:45:00+00:00,2022-06-20 06:15:00+00:00,clark.benham@gmail.com,cs book: ML design patterns,cs book: ML design patterns,reading,ML design patterns,0.5,0.5,True,explicit_reading_or_audiobook_duration,0.5,calendar_analysis_duration,,,0.0,ML design patterns,finish_0029,2022-08-22,ref_to_finished_title
calendar_analysis_row_006129_part_0,calendar_analysis_row_006129,2022-06-20,2022-06-20 06:30:00+00:00,2022-06-20 07:45:00+00:00,Things,finished book: Power,finished book: Power,finished,Power,1.25,1.25,True,explicit_finished_book_duration,1.25,calendar_analysis_duration,,,0.0,Power: Why Some People Have Itand Others Don't,finish_0027,2022-06-20,finished_event_identity
calendar_analysis_row_006130_part_0,calendar_analysis_row_006130,2022-06-20,2022-06-20 08:00:00+00:00,2022-06-20 08:30:00+00:00,Things,book:dpeoroos,book:dpeoroos,reading,dpeoroos,0.5,0.5,True,explicit_reading_or_audiobook_duration,0.5,calendar_analysis_duration,,,0.0,,,,
calendar_analysis_row_006156_part_0,calendar_analysis_row_006156,2022-06-22,2022-06-22 06:45:00+00:00,2022-06-22 07:00:00+00:00,clark.benham@gmail.com,cs book: ML design patterns,cs book: ML design patterns,reading,ML design patterns,0.25,0.25,True,explicit_reading_or_audiobook_duration,0.25,calendar_analysis_duration,,,0.0,ML design patterns,finish_0029,2022-08-22,ref_to_finished_title
calendar_analysis_row_006168_part_0,calendar_analysis_row_006168,2022-06-23,2022-06-23 03:00:00+00:00,2022-06-23 04:00:00+00:00,Things,read: Kipling,read: Kipling,reading,Kipling,1.0,1.0,True,explicit_reading_or_audiobook_duration,1.0,calendar_analysis_duration,,,0.0,Kipling by Harold bloom,finish_0115,2024-12-23,ref_to_finished_title
calendar_analysis_row_006185_part_0,calendar_analysis_row_006185,2022-06-24,2022-06-24 05:00:00+00:00,2022-06-24 05:30:00+00:00,Things,Book:Tmi,Book:Tmi,reading,Tmi,0.5,0.5,True,explicit_reading_or_audiobook_duration,0.5,calendar_analysis_duration,,,0.0,,,,
calendar_analysis_row_006211_part_0,calendar_analysis_row_006211,2022-06-26,2022-06-26 00:30:00+00:00,2022-06-26 01:15:00+00:00,Things,read: Kipling,read: Kipling,reading,Kipling,0.75,0.75,True,explicit_reading_or_audiobook_duration,0.75,calendar_analysis_duration,,,0.0,Kipling by Harold bloom,finish_0115,2024-12-23,ref_to_finished_title
calendar_analysis_row_006235_part_0,calendar_analysis_row_006235,2022-06-27,2022-06-27 01:30:00+00:00,2022-06-27 02:00:00+00:00,Things,read: Kipling,read: Kipling,reading,Kipling,0.5,0.5,True,explicit_reading_or_audiobook_duration,0.5,calendar_analysis_duration,,,0.0,Kipling by Harold bloom,finish_0115,2024-12-23,ref_to_finished_title
calendar_analysis_row_006242_part_0,calendar_analysis_row_006242,2022-06-27,2022-06-27 07:15:00+00:00,2022-06-27 07:45:00+00:00,Things,book:tmi,book:tmi,reading,tmi,0.5,0.5,True,explicit_reading_or_audiobook_duration,0.5,calendar_analysis_duration,,,0.0,,,,
calendar_analysis_row_006252_part_0,calendar_analysis_row_006252,2022-06-28,2022-06-28 05:00:00+00:00,2022-06-28 05:45:00+00:00,Things,book:tmi,book:tmi,reading,tmi,0.75,0.75,True,explicit_reading_or_audiobook_duration,0.75,calendar_analysis_duration,,,0.0,,,,
calendar_analysis_row_006343_part_0,calendar_analysis_row_006343,2022-07-07,2022-07-07 06:30:00+00:00,2022-07-07 07:00:00+00:00,clark.benham@gmail.com,cs book: ML design patterns,cs book: ML design patterns,reading,ML design patterns,0.5,0.5,True,explicit_reading_or_audiobook_duration,0.5,calendar_analysis_duration,,,0.0,ML design patterns,finish_0029,2022-08-22,ref_to_finished_title
calendar_analysis_row_006359_part_0,calendar_analysis_row_006359,2022-07-08,2022-07-08 05:30:00+00:00,2022-07-08 06:15:00+00:00,clark.benham@gmail.com,read python,read python,reading,python,0.75,0.75,True,explicit_reading_or_audiobook_duration,0.75,calendar_analysis_duration,,,0.0,,,,
calendar_analysis_row_006373_part_0,calendar_analysis_row_006373,2022-07-09,2022-07-09 06:30:00+00:00,2022-07-09 06:45:00+00:00,Things,book:tmi,book:tmi,reading,tmi,0.25,0.25,True,explicit_reading_or_audiobook_duration,0.25,calendar_analysis_duration,,,0.0,,,,
calendar_analysis_row_006392_part_0,calendar_analysis_row_006392,2022-07-10,2022-07-10 06:15:00+00:00,2022-07-10 09:15:00+00:00,Things,read: Kipling,read: Kipling,reading,Kipling,3.0,3.0,True,explicit_reading_or_audiobook_duration,3.0,calendar_analysis_duration,,,0.0,Kipling by Harold bloom,finish_0115,2024-12-23,ref_to_finished_title
calendar_analysis_row_006404_part_0,calendar_analysis_row_006404,2022-07-10,2022-07-10 23:30:00+00:00,2022-07-11 00:00:00+00:00,Things,book:tmi,book:tmi,reading,tmi,0.5,0.5,True,explicit_reading_or_audiobook_duration,0.5,calendar_analysis_duration,,,0.0,,,,
calendar_analysis_row_006435_part_0,calendar_analysis_row_006435,2022-07-13,2022-07-13 07:30:00+00:00,2022-07-13 08:00:00+00:00,Things,book:sdi,book:sdi,reading,sdi,0.5,0.5,True,explicit_reading_or_audiobook_duration,0.5,calendar_analysis_duration,,,0.0,,,,
calendar_analysis_row_006467_part_0,calendar_analysis_row_006467,2022-07-15,2022-07-15 06:30:00+00:00,2022-07-15 07:15:00+00:00,clark.benham@gmail.com,cs book: ML design patterns,cs book: ML design patterns,reading,ML design patterns,0.75,0.75,True,explicit_reading_or_audiobook_duration,0.75,calendar_analysis_duration,,,0.0,ML design patterns,finish_0029,2022-08-22,ref_to_finished_title
calendar_analysis_row_006468_part_0,calendar_analysis_row_006468,2022-07-15,2022-07-15 07:15:00+00:00,2022-07-15 07:45:00+00:00,Things,Book:sdi,Book:sdi,reading,sdi,0.5,0.5,True,explicit_reading_or_audiobook_duration,0.5,calendar_analysis_duration,,,0.0,,,,
calendar_analysis_row_006477_part_0,calendar_analysis_row_006477,2022-07-16,2022-07-16 08:30:00+00:00,2022-07-16 08:45:00+00:00,Things,book:sdi,book:sdi,reading,sdi,0.25,0.25,True,explicit_reading_or_audiobook_duration,0.25,calendar_analysis_duration,,,0.0,,,,
calendar_analysis_row_006515_part_0,calendar_analysis_row_006515,2022-07-17,2022-07-17 21:30:00+00:00,2022-07-17 22:00:00+00:00,Things,read: Kipling,read: Kipling,reading,Kipling,0.5,0.5,True,explicit_reading_or_audiobook_duration,0.5,calendar_analysis_duration,,,0.0,Kipling by Harold bloom,finish_0115,2024-12-23,ref_to_finished_title
calendar_analysis_row_006537_part_0,calendar_analysis_row_006537,2022-07-19,2022-07-19 03:45:00+00:00,2022-07-19 04:00:00+00:00,Things,read: Kipling,read: Kipling,reading,Kipling,0.25,0.25,True,explicit_reading_or_audiobook_duration,0.25,calendar_analysis_duration,,,0.0,Kipling by Harold bloom,finish_0115,2024-12-23,ref_to_finished_title
calendar_analysis_row_006538_part_0,calendar_analysis_row_006538,2022-07-19,2022-07-19 04:00:00+00:00,2022-07-19 04:30:00+00:00,clark.benham@gmail.com,cs book: ML design patterns,cs book: ML design patterns,reading,ML design patterns,0.375,0.5,True,explicit_reading_or_audiobook_duration,0.5,full_duration_minor_overlap,jack,Waste Time,0.125,ML design patterns,finish_0029,2022-08-22,ref_to_finished_title
calendar_analysis_row_006554_part_0,calendar_analysis_row_006554,2022-07-20,2022-07-20 06:15:00+00:00,2022-07-20 06:30:00+00:00,clark.benham@gmail.com,cs book: ML design patterns,cs book: ML design patterns,reading,ML design patterns,0.25,0.25,True,explicit_reading_or_audiobook_duration,0.25,calendar_analysis_duration,,,0.0,ML design patterns,finish_0029,2022-08-22,ref_to_finished_title
calendar_analysis_row_006571_part_0,calendar_analysis_row_006571,2022-07-21,2022-07-21 06:45:00+00:00,2022-07-21 07:15:00+00:00,clark.benham@gmail.com,cs book: ML design patterns,cs book: ML design patterns,reading,ML design patterns,0.375,0.5,True,explicit_reading_or_audiobook_duration,0.5,full_duration_minor_overlap,sleep,"Meals, Supplements, Sleep",0.125,ML design patterns,finish_0029,2022-08-22,ref_to_finished_title
calendar_analysis_row_006581_part_0,calendar_analysis_row_006581,2022-07-22,2022-07-22 03:30:00+00:00,2022-07-22 03:45:00+00:00,Things,book:tmi,book:tmi,reading,tmi,0.25,0.25,True,explicit_reading_or_audiobook_duration,0.25,calendar_analysis_duration,,,0.0,,,,
calendar_analysis_row_006583_part_0,calendar_analysis_row_006583,2022-07-22,2022-07-22 05:00:00+00:00,2022-07-22 05:30:00+00:00,Things,book:tmi,book:tmi,reading,tmi,0.5,0.5,True,explicit_reading_or_audiobook_duration,0.5,calendar_analysis_duration,,,0.0,,,,
calendar_analysis_row_006622_part_0,calendar_analysis_row_006622,2022-07-26,2022-07-26 06:00:00+00:00,2022-07-26 06:15:00+00:00,Things,book:sdi,book:sdi,reading,sdi,0.25,0.25,True,explicit_reading_or_audiobook_duration,0.25,calendar_analysis_duration,,,0.0,,,,
calendar_analysis_row_006649_part_0,calendar_analysis_row_006649,2022-07-28,2022-07-28 02:15:00+00:00,2022-07-28 03:00:00+00:00,Things,read: Kipling,read: Kipling,reading,Kipling,0.75,0.75,True,explicit_reading_or_audiobook_duration,0.75,calendar_analysis_duration,,,0.0,Kipling by Harold bloom,finish_0115,2024-12-23,ref_to_finished_title
calendar_analysis_row_006656_part_0,calendar_analysis_row_006656,2022-07-28,2022-07-28 06:45:00+00:00,2022-07-28 07:15:00+00:00,clark.benham@gmail.com,cs book: ML design patterns,cs book: ML design patterns,reading,ML design patterns,0.375,0.5,True,explicit_reading_or_audiobook_duration,0.5,full_duration_minor_overlap,sleep,"Meals, Supplements, Sleep",0.125,ML design patterns,finish_0029,2022-08-22,ref_to_finished_title
calendar_analysis_row_006664_part_0,calendar_analysis_row_006664,2022-07-29,2022-07-29 04:30:00+00:00,2022-07-29 05:00:00+00:00,Things,read: Kipling,read: Kipling,reading,Kipling,0.5,0.5,True,explicit_reading_or_audiobook_duration,0.5,calendar_analysis_duration,,,0.0,Kipling by Harold bloom,finish_0115,2024-12-23,ref_to_finished_title
calendar_analysis_row_006665_part_0,calendar_analysis_row_006665,2022-07-29,2022-07-29 05:00:00+00:00,2022-07-29 05:15:00+00:00,Things,book:SDI,book:SDI,reading,SDI,0.25,0.25,True,explicit_reading_or_audiobook_duration,0.25,calendar_analysis_duration,,,0.0,,,,
calendar_analysis_row_006684_part_0,calendar_analysis_row_006684,2022-07-30,2022-07-30 16:45:00+00:00,2022-07-30 17:30:00+00:00,Things,read: kipling,read: kipling,reading,kipling,0.75,0.75,True,explicit_reading_or_audiobook_duration,0.75,calendar_analysis_duration,,,0.0,Kipling by Harold bloom,finish_0115,2024-12-23,ref_to_finished_title
calendar_analysis_row_006693_part_0,calendar_analysis_row_006693,2022-07-30,2022-07-30 22:45:00+00:00,2022-07-30 23:00:00+00:00,Things,book:wb,book:wb,reading,wb,0.25,0.25,True,explicit_reading_or_audiobook_duration,0.25,calendar_analysis_duration,,,0.0,wb,finish_0028,2022-08-13,ref_to_finished_title
calendar_analysis_row_006717_part_0,calendar_analysis_row_006717,2022-08-01,2022-08-01 08:30:00+00:00,2022-08-01 09:00:00+00:00,Things,read: prml,read: prml,reading,prml,0.5,0.5,True,explicit_reading_or_audiobook_duration,0.5,calendar_analysis_duration,,,0.0,,,,
calendar_analysis_row_006728_part_0,calendar_analysis_row_006728,2022-08-02,2022-08-02 03:30:00+00:00,2022-08-02 04:15:00+00:00,Things,read: Kipling,read: Kipling,reading,Kipling,0.75,0.75,True,explicit_reading_or_audiobook_duration,0.75,calendar_analysis_duration,,,0.0,Kipling by Harold bloom,finish_0115,2024-12-23,ref_to_finished_title
calendar_analysis_row_006737_part_0,calendar_analysis_row_006737,2022-08-02,2022-08-02 07:15:00+00:00,2022-08-02 07:30:00+00:00,clark.benham@gmail.com,read: prml,read: prml,reading,prml,0.25,0.25,True,explicit_reading_or_audiobook_duration,0.25,calendar_analysis_duration,,,0.0,,,,
calendar_analysis_row_006746_part_0,calendar_analysis_row_006746,2022-08-03,2022-08-03 02:00:00+00:00,2022-08-03 02:15:00+00:00,Things,read: Kipling,read: Kipling,reading,Kipling,0.25,0.25,True,explicit_reading_or_audiobook_duration,0.25,calendar_analysis_duration,,,0.0,Kipling by Harold bloom,finish_0115,2024-12-23,ref_to_finished_title
calendar_analysis_row_006752_part_0,calendar_analysis_row_006752,2022-08-03,2022-08-03 06:30:00+00:00,2022-08-03 07:30:00+00:00,clark.benham@gmail.com,cs book: ML design patterns,cs book: ML design patterns,reading,ML design patterns,1.0,1.0,True,explicit_reading_or_audiobook_duration,1.0,calendar_analysis_duration,,,0.0,ML design patterns,finish_0029,2022-08-22,ref_to_finished_title
calendar_analysis_row_006763_part_0,calendar_analysis_row_006763,2022-08-04,2022-08-04 05:00:00+00:00,2022-08-04 05:15:00+00:00,Things,book:wb,book:wb,reading,wb,0.25,0.25,True,explicit_reading_or_audiobook_duration,0.25,calendar_analysis_duration,,,0.0,wb,finish_0028,2022-08-13,ref_to_finished_title
calendar_analysis_row_006766_part_0,calendar_analysis_row_006766,2022-08-04,2022-08-04 07:00:00+00:00,2022-08-04 07:15:00+00:00,Things,read: wb,read: wb,reading,wb,0.25,0.25,True,explicit_reading_or_audiobook_duration,0.25,calendar_analysis_duration,,,0.0,wb,finish_0028,2022-08-13,ref_to_finished_title
calendar_analysis_row_006767_part_0,calendar_analysis_row_006767,2022-08-04,2022-08-04 07:15:00+00:00,2022-08-04 07:45:00+00:00,Things,read: prml,read: prml,reading,prml,0.5,0.5,True,explicit_reading_or_audiobook_duration,0.5,calendar_analysis_duration,,,0.0,,,,
calendar_analysis_row_006771_part_0,calendar_analysis_row_006771,2022-08-04,2022-08-04 15:00:00+00:00,2022-08-04 15:15:00+00:00,Things,read: Kipling,read: Kipling,reading,Kipling,0.25,0.25,True,explicit_reading_or_audiobook_duration,0.25,calendar_analysis_duration,,,0.0,Kipling by Harold bloom,finish_0115,2024-12-23,ref_to_finished_title
calendar_analysis_row_006779_part_0,calendar_analysis_row_006779,2022-08-05,2022-08-05 02:45:00+00:00,2022-08-05 03:00:00+00:00,Things,read: Kipling,read: Kipling,reading,Kipling,0.25,0.25,True,explicit_reading_or_audiobook_duration,0.25,calendar_analysis_duration,,,0.0,Kipling by Harold bloom,finish_0115,2024-12-23,ref_to_finished_title
calendar_analysis_row_006785_part_0,calendar_analysis_row_006785,2022-08-05,2022-08-05 08:30:00+00:00,2022-08-05 09:00:00+00:00,clark.benham@gmail.com,cs book: ML design patterns,cs book: ML design patterns,reading,ML design patterns,0.5,0.5,True,explicit_reading_or_audiobook_duration,0.5,calendar_analysis_duration,,,0.0,ML design patterns,finish_0029,2022-08-22,ref_to_finished_title
calendar_analysis_row_006822_part_0,calendar_analysis_row_006822,2022-08-09,2022-08-09 03:00:00+00:00,2022-08-09 03:15:00+00:00,Things,book:wb,book:wb,reading,wb,0.25,0.25,True,explicit_reading_or_audiobook_duration,0.25,calendar_analysis_duration,,,0.0,wb,finish_0028,2022-08-13,ref_to_finished_title
calendar_analysis_row_006824_part_0,calendar_analysis_row_006824,2022-08-09,2022-08-09 03:30:00+00:00,2022-08-09 03:45:00+00:00,Things,book:wb,book:wb,reading,wb,0.25,0.25,True,explicit_reading_or_audiobook_duration,0.25,calendar_analysis_duration,,,0.0,wb,finish_0028,2022-08-13,ref_to_finished_title
calendar_analysis_row_006828_part_0,calendar_analysis_row_006828,2022-08-09,2022-08-09 06:30:00+00:00,2022-08-09 07:00:00+00:00,clark.benham@gmail.com,cs book: ML design patterns,cs book: ML design patterns,reading,ML design patterns,0.5,0.5,True,explicit_reading_or_audiobook_duration,0.5,calendar_analysis_duration,,,0.0,ML design patterns,finish_0029,2022-08-22,ref_to_finished_title
calendar_analysis_row_006839_part_0,calendar_analysis_row_006839,2022-08-10,2022-08-10 02:30:00+00:00,2022-08-10 02:45:00+00:00,Things,read,read,generic,,0.25,0.25,False,generic_temporal_read_not_counted_by_default,0.25,calendar_analysis_duration,,,0.0,wb,finish_0028,2022-08-13,generic_temporal
calendar_analysis_row_006859_part_0,calendar_analysis_row_006859,2022-08-11,2022-08-11 03:00:00+00:00,2022-08-11 03:45:00+00:00,Things,book:wb,book:wb,reading,wb,0.75,0.75,True,explicit_reading_or_audiobook_duration,0.75,calendar_analysis_duration,,,0.0,wb,finish_0028,2022-08-13,ref_to_finished_title
calendar_analysis_row_006867_part_0,calendar_analysis_row_006867,2022-08-11,2022-08-11 06:45:00+00:00,2022-08-11 07:15:00+00:00,clark.benham@gmail.com,cs book: ML design patterns,cs book: ML design patterns,reading,ML design patterns,0.5,0.5,True,explicit_reading_or_audiobook_duration,0.5,calendar_analysis_duration,,,0.0,ML design patterns,finish_0029,2022-08-22,ref_to_finished_title
calendar_analysis_row_006877_part_0,calendar_analysis_row_006877,2022-08-12,2022-08-12 03:30:00+00:00,2022-08-12 04:00:00+00:00,Things,book:wb,book:wb,reading,wb,0.5,0.5,True,explicit_reading_or_audiobook_duration,0.5,calendar_analysis_duration,,,0.0,wb,finish_0028,2022-08-13,ref_to_finished_title
calendar_analysis_row_006884_part_0,calendar_analysis_row_006884,2022-08-12,2022-08-12 07:15:00+00:00,2022-08-12 07:30:00+00:00,Things,book:prml,book:prml,reading,prml,0.25,0.25,True,explicit_reading_or_audiobook_duration,0.25,calendar_analysis_duration,,,0.0,,,,
calendar_analysis_row_006895_part_0,calendar_analysis_row_006895,2022-08-13,2022-08-13 03:00:00+00:00,2022-08-13 03:15:00+00:00,Things,book:wb,book:wb,reading,wb,0.25,0.25,True,explicit_reading_or_audiobook_duration,0.25,calendar_analysis_duration,,,0.0,wb,finish_0028,2022-08-13,ref_to_finished_title
calendar_analysis_row_006901_part_0,calendar_analysis_row_006901,2022-08-13,2022-08-13 08:00:00+00:00,2022-08-13 08:15:00+00:00,Things,book:wb,book:wb,reading,wb,0.25,0.25,True,explicit_reading_or_audiobook_duration,0.25,calendar_analysis_duration,,,0.0,wb,finish_0028,2022-08-13,ref_to_finished_title
calendar_analysis_row_006904_part_0,calendar_analysis_row_006904,2022-08-13,2022-08-13 15:30:00+00:00,2022-08-13 15:45:00+00:00,Things,finished: wb,finished: wb,finished,wb,0.25,0.25,True,bare_finished_marker_with_book_ref_duration,0.25,calendar_analysis_duration,,,0.0,wb,finish_0028,2022-08-13,finished_event_identity
calendar_analysis_row_006913_part_0,calendar_analysis_row_006913,2022-08-13,2022-08-13 21:30:00+00:00,2022-08-13 22:30:00+00:00,clark.benham@gmail.com,read: ML,read: ML,reading,ML,1.0,1.0,True,explicit_reading_or_audiobook_duration,1.0,calendar_analysis_duration,,,0.0,ML design patterns,finish_0029,2022-08-22,ref_to_finished_title
calendar_analysis_row_006916_part_0,calendar_analysis_row_006916,2022-08-14,2022-08-14 02:00:00+00:00,2022-08-14 02:30:00+00:00,clark.benham@gmail.com,read: ml,read: ml,reading,ml,0.5,0.5,True,explicit_reading_or_audiobook_duration,0.5,calendar_analysis_duration,,,0.0,ML design patterns,finish_0029,2022-08-22,ref_to_finished_title
calendar_analysis_row_006918_part_0,calendar_analysis_row_006918,2022-08-14,2022-08-14 03:00:00+00:00,2022-08-14 04:00:00+00:00,clark.benham@gmail.com,read: ml,read: ml,reading,ml,1.0,1.0,True,explicit_reading_or_audiobook_duration,1.0,calendar_analysis_duration,,,0.0,ML design patterns,finish_0029,2022-08-22,ref_to_finished_title
calendar_analysis_row_006938_part_0,calendar_analysis_row_006938,2022-08-15,2022-08-15 06:45:00+00:00,2022-08-15 07:30:00+00:00,clark.benham@gmail.com,read: ml,read: ml,reading,ml,0.75,0.75,True,explicit_reading_or_audiobook_duration,0.75,calendar_analysis_duration,,,0.0,ML design patterns,finish_0029,2022-08-22,ref_to_finished_title
calendar_analysis_row_006957_part_0,calendar_analysis_row_006957,2022-08-16,2022-08-16 07:00:00+00:00,2022-08-16 07:30:00+00:00,clark.benham@gmail.com,read: ml,read: ml,reading,ml,0.5,0.5,True,explicit_reading_or_audiobook_duration,0.5,calendar_analysis_duration,,,0.0,ML design patterns,finish_0029,2022-08-22,ref_to_finished_title
calendar_analysis_row_006958_part_0,calendar_analysis_row_006958,2022-08-16,2022-08-16 07:30:00+00:00,2022-08-16 07:45:00+00:00,clark.benham@gmail.com,cs book: ML design patterns,cs book: ML design patterns,reading,ML design patterns,0.25,0.25,True,explicit_reading_or_audiobook_duration,0.25,calendar_analysis_duration,,,0.0,ML design patterns,finish_0029,2022-08-22,ref_to_finished_title
calendar_analysis_row_006971_part_0,calendar_analysis_row_006971,2022-08-17,2022-08-17 04:45:00+00:00,2022-08-17 05:00:00+00:00,clark.benham@gmail.com,read: ml,read: ml,reading,ml,0.25,0.25,True,explicit_reading_or_audiobook_duration,0.25,calendar_analysis_duration,,,0.0,ML design patterns,finish_0029,2022-08-22,ref_to_finished_title
calendar_analysis_row_006973_part_0,calendar_analysis_row_006973,2022-08-17,2022-08-17 06:00:00+00:00,2022-08-17 06:45:00+00:00,clark.benham@gmail.com,read: ml,read: ml,reading,ml,0.75,0.75,True,explicit_reading_or_audiobook_duration,0.75,calendar_analysis_duration,,,0.0,ML design patterns,finish_0029,2022-08-22,ref_to_finished_title
calendar_analysis_row_006977_part_0,calendar_analysis_row_006977,2022-08-17,2022-08-17 08:00:00+00:00,2022-08-17 08:30:00+00:00,clark.benham@gmail.com,read: ML,read: ML,reading,ML,0.5,0.5,True,explicit_reading_or_audiobook_duration,0.5,calendar_analysis_duration,,,0.0,ML design patterns,finish_0029,2022-08-22,ref_to_finished_title
calendar_analysis_row_006987_part_0,calendar_analysis_row_006987,2022-08-18,2022-08-18 03:37:30+00:00,2022-08-18 04:00:00+00:00,Things,read: kipling,read: kipling,reading,kipling,0.375,0.375,True,explicit_reading_or_audiobook_duration,0.375,calendar_analysis_duration,,,0.0,Kipling by Harold bloom,finish_0115,2024-12-23,ref_to_finished_title
calendar_analysis_row_006988_part_0,calendar_analysis_row_006988,2022-08-18,2022-08-18 04:00:00+00:00,2022-08-18 04:15:00+00:00,clark.benham@gmail.com,read: ml,read: ml,reading,ml,0.25,0.25,True,explicit_reading_or_audiobook_duration,0.25,calendar_analysis_duration,,,0.0,ML design patterns,finish_0029,2022-08-22,ref_to_finished_title
calendar_analysis_row_006990_part_0,calendar_analysis_row_006990,2022-08-18,2022-08-18 05:00:00+00:00,2022-08-18 05:15:00+00:00,clark.benham@gmail.com,read: ml,read: ml,reading,ml,0.25,0.25,True,explicit_reading_or_audiobook_duration,0.25,calendar_analysis_duration,,,0.0,ML design patterns,finish_0029,2022-08-22,ref_to_finished_title
calendar_analysis_row_006992_part_0,calendar_analysis_row_006992,2022-08-18,2022-08-18 05:30:00+00:00,2022-08-18 05:45:00+00:00,clark.benham@gmail.com,read: ml,read: ml,reading,ml,0.25,0.25,True,explicit_reading_or_audiobook_duration,0.25,calendar_analysis_duration,,,0.0,ML design patterns,finish_0029,2022-08-22,ref_to_finished_title
calendar_analysis_row_006994_part_0,calendar_analysis_row_006994,2022-08-18,2022-08-18 06:30:00+00:00,2022-08-18 06:45:00+00:00,clark.benham@gmail.com,read: ml,read: ml,reading,ml,0.25,0.25,True,explicit_reading_or_audiobook_duration,0.25,calendar_analysis_duration,,,0.0,ML design patterns,finish_0029,2022-08-22,ref_to_finished_title
calendar_analysis_row_007007_part_0,calendar_analysis_row_007007,2022-08-19,2022-08-19 05:15:00+00:00,2022-08-19 06:30:00+00:00,clark.benham@gmail.com,read: ml,read: ml,reading,ml,1.25,1.25,True,explicit_reading_or_audiobook_duration,1.25,calendar_analysis_duration,,,0.0,ML design patterns,finish_0029,2022-08-22,ref_to_finished_title
calendar_analysis_row_007020_part_0,calendar_analysis_row_007020,2022-08-20,2022-08-20 08:00:00+00:00,2022-08-20 08:15:00+00:00,Things,read: Kipling,read: Kipling,reading,Kipling,0.25,0.25,True,explicit_reading_or_audiobook_duration,0.25,calendar_analysis_duration,,,0.0,Kipling by Harold bloom,finish_0115,2024-12-23,ref_to_finished_title
calendar_analysis_row_007032_part_0,calendar_analysis_row_007032,2022-08-20,2022-08-20 20:15:00+00:00,2022-08-20 20:30:00+00:00,clark.benham@gmail.com,read: stats,read: stats,reading,stats,0.25,0.25,True,explicit_reading_or_audiobook_duration,0.25,calendar_analysis_duration,,,0.0,,,,
calendar_analysis_row_007036_part_0,calendar_analysis_row_007036,2022-08-20,2022-08-20 22:30:00+00:00,2022-08-20 23:15:00+00:00,clark.benham@gmail.com,read: ML,read: ML,reading,ML,0.75,0.75,True,explicit_reading_or_audiobook_duration,0.75,calendar_analysis_duration,,,0.0,ML design patterns,finish_0029,2022-08-22,ref_to_finished_title
calendar_analysis_row_007054_part_0,calendar_analysis_row_007054,2022-08-21,2022-08-21 19:45:00+00:00,2022-08-21 20:00:00+00:00,Things,read: Kipling,read: Kipling,reading,Kipling,0.25,0.25,True,explicit_reading_or_audiobook_duration,0.25,calendar_analysis_duration,,,0.0,Kipling by Harold bloom,finish_0115,2024-12-23,ref_to_finished_title
calendar_analysis_row_007060_part_0,calendar_analysis_row_007060,2022-08-21,2022-08-21 21:45:00+00:00,2022-08-21 22:15:00+00:00,clark.benham@gmail.com,read: ml,read: ml,reading,ml,0.5,0.5,True,explicit_reading_or_audiobook_duration,0.5,calendar_analysis_duration,,,0.0,ML design patterns,finish_0029,2022-08-22,ref_to_finished_title
calendar_analysis_row_007062_part_0,calendar_analysis_row_007062,2022-08-21,2022-08-21 22:30:00+00:00,2022-08-21 22:45:00+00:00,clark.benham@gmail.com,read: ml,read: ml,reading,ml,0.25,0.25,True,explicit_reading_or_audiobook_duration,0.25,calendar_analysis_duration,,,0.0,ML design patterns,finish_0029,2022-08-22,ref_to_finished_title
calendar_analysis_row_007065_part_0,calendar_analysis_row_007065,2022-08-22,2022-08-22 01:30:00+00:00,2022-08-22 02:45:00+00:00,clark.benham@gmail.com,read: ml,read: ml,reading,ml,1.125,1.25,True,explicit_reading_or_audiobook_duration,1.25,full_duration_minor_overlap,dinner,"Meals, Supplements, Sleep",0.125,ML design patterns,finish_0029,2022-08-22,ref_to_finished_title
calendar_analysis_row_007068_part_0,calendar_analysis_row_007068,2022-08-22,2022-08-22 03:15:00+00:00,2022-08-22 03:45:00+00:00,clark.benham@gmail.com,read: ml,read: ml,reading,ml,0.5,0.5,True,explicit_reading_or_audiobook_duration,0.5,calendar_analysis_duration,,,0.0,ML design patterns,finish_0029,2022-08-22,ref_to_finished_title
calendar_analysis_row_007078_part_0,calendar_analysis_row_007078,2022-08-22,2022-08-22 07:15:00+00:00,2022-08-22 07:45:00+00:00,clark.benham@gmail.com,finished: ML design patterns,finished: ML design patterns,finished,ML design patterns,0.5,0.5,True,bare_finished_marker_with_book_ref_duration,0.5,calendar_analysis_duration,,,0.0,ML design patterns,finish_0029,2022-08-22,finished_event_identity
calendar_analysis_row_007079_part_0,calendar_analysis_row_007079,2022-08-22,2022-08-22 08:00:00+00:00,2022-08-22 08:15:00+00:00,Things,read: prml,read: prml,reading,prml,0.25,0.25,True,explicit_reading_or_audiobook_duration,0.25,calendar_analysis_duration,,,0.0,,,,
calendar_analysis_row_007088_part_0,calendar_analysis_row_007088,2022-08-23,2022-08-23 05:45:00+00:00,2022-08-23 07:30:00+00:00,Things,read: Kipling,read: Kipling,reading,Kipling,1.75,1.75,True,explicit_reading_or_audiobook_duration,1.75,calendar_analysis_duration,,,0.0,Kipling by Harold bloom,finish_0115,2024-12-23,ref_to_finished_title
calendar_analysis_row_007089_part_0,calendar_analysis_row_007089,2022-08-23,2022-08-23 07:30:00+00:00,2022-08-23 07:45:00+00:00,Things,read: prml,read: prml,reading,prml,0.25,0.25,True,explicit_reading_or_audiobook_duration,0.25,calendar_analysis_duration,,,0.0,,,,
calendar_analysis_row_007090_part_0,calendar_analysis_row_007090,2022-08-23,2022-08-23 08:00:00+00:00,2022-08-23 08:15:00+00:00,Things,read: prml,read: prml,reading,prml,0.25,0.25,True,explicit_reading_or_audiobook_duration,0.25,calendar_analysis_duration,,,0.0,,,,
calendar_analysis_row_007103_part_0,calendar_analysis_row_007103,2022-08-24,2022-08-24 06:45:00+00:00,2022-08-24 08:15:00+00:00,clark.benham@gmail.com,read: ml,read: ml,reading,ml,1.5,1.5,True,explicit_reading_or_audiobook_duration,1.5,calendar_analysis_duration,,,0.0,ML design patterns,finish_0029,2022-08-22,ref_to_finished_title
calendar_analysis_row_007106_part_0,calendar_analysis_row_007106,2022-08-24,2022-08-24 10:15:00+00:00,2022-08-24 10:30:00+00:00,clark.benham@gmail.com,read: System Performance,read: System Performance,reading,System Performance,0.25,0.25,True,explicit_reading_or_audiobook_duration,0.25,calendar_analysis_duration,,,0.0,,,,
calendar_analysis_row_007116_part_0,calendar_analysis_row_007116,2022-08-25,2022-08-25 03:45:00+00:00,2022-08-25 04:30:00+00:00,clark.benham@gmail.com,read: ml,read: ml,reading,ml,0.75,0.75,True,explicit_reading_or_audiobook_duration,0.75,calendar_analysis_duration,,,0.0,,,,
calendar_analysis_row_007162_part_0,calendar_analysis_row_007162,2022-08-27,2022-08-27 07:45:00+00:00,2022-08-27 08:00:00+00:00,Things,read: prml,read: prml,reading,prml,0.25,0.25,True,explicit_reading_or_audiobook_duration,0.25,calendar_analysis_duration,,,0.0,,,,
calendar_analysis_row_007168_part_0,calendar_analysis_row_007168,2022-08-27,2022-08-27 19:15:00+00:00,2022-08-27 19:30:00+00:00,Things,read: Kipling,read: Kipling,reading,Kipling,0.25,0.25,True,explicit_reading_or_audiobook_duration,0.25,calendar_analysis_duration,,,0.0,Kipling by Harold bloom,finish_0115,2024-12-23,ref_to_finished_title
calendar_analysis_row_007169_part_0,calendar_analysis_row_007169,2022-08-27,2022-08-27 19:45:00+00:00,2022-08-27 20:30:00+00:00,clark.benham@gmail.com,read: ml,read: ml,reading,ml,0.75,0.75,True,explicit_reading_or_audiobook_duration,0.75,calendar_analysis_duration,,,0.0,,,,
calendar_analysis_row_007171_part_0,calendar_analysis_row_007171,2022-08-27,2022-08-27 21:00:00+00:00,2022-08-27 21:15:00+00:00,Things,read: Kipling,read: Kipling,reading,Kipling,0.25,0.25,True,explicit_reading_or_audiobook_duration,0.25,calendar_analysis_duration,,,0.0,Kipling by Harold bloom,finish_0115,2024-12-23,ref_to_finished_title
calendar_analysis_row_007185_part_0,calendar_analysis_row_007185,2022-08-28,2022-08-28 12:00:00+00:00,2022-08-28 12:15:00+00:00,Things,read: Kipling,read: Kipling,reading,Kipling,0.25,0.25,True,explicit_reading_or_audiobook_duration,0.25,calendar_analysis_duration,,,0.0,Kipling by Harold bloom,finish_0115,2024-12-23,ref_to_finished_title
calendar_analysis_row_007218_part_0,calendar_analysis_row_007218,2022-08-30,2022-08-30 07:15:00+00:00,2022-08-30 07:45:00+00:00,clark.benham@gmail.com,read: ml,read: ml,reading,ml,0.5,0.5,True,explicit_reading_or_audiobook_duration,0.5,calendar_analysis_duration,,,0.0,,,,
calendar_analysis_row_007219_part_0,calendar_analysis_row_007219,2022-08-30,2022-08-30 08:15:00+00:00,2022-08-30 08:45:00+00:00,Things,Ready: prml,Ready: prml,reading,y: prml,0.5,0.5,True,explicit_reading_or_audiobook_duration,0.5,calendar_analysis_duration,,,0.0,,,,
calendar_analysis_row_007235_part_0,calendar_analysis_row_007235,2022-08-31,2022-08-31 08:00:00+00:00,2022-08-31 08:15:00+00:00,Things,read: prml,read: prml,reading,prml,0.25,0.25,True,explicit_reading_or_audiobook_duration,0.25,calendar_analysis_duration,,,0.0,,,,
calendar_analysis_row_007259_part_0,calendar_analysis_row_007259,2022-09-01,2022-09-01 16:15:00+00:00,2022-09-01 16:30:00+00:00,Things,read: Kipling,read: Kipling,reading,Kipling,0.25,0.25,True,explicit_reading_or_audiobook_duration,0.25,calendar_analysis_duration,,,0.0,Kipling by Harold bloom,finish_0115,2024-12-23,ref_to_finished_title
calendar_analysis_row_007267_part_0,calendar_analysis_row_007267,2022-09-02,2022-09-02 02:15:00+00:00,2022-09-02 02:45:00+00:00,Things,read: Kipling,read: Kipling,reading,Kipling,0.5,0.5,True,explicit_reading_or_audiobook_duration,0.5,calendar_analysis_duration,,,0.0,Kipling by Harold bloom,finish_0115,2024-12-23,ref_to_finished_title
calendar_analysis_row_007269_part_0,calendar_analysis_row_007269,2022-09-02,2022-09-02 03:15:00+00:00,2022-09-02 03:45:00+00:00,Things,read: Kipling,read: Kipling,reading,Kipling,0.5,0.5,True,explicit_reading_or_audiobook_duration,0.5,calendar_analysis_duration,,,0.0,Kipling by Harold bloom,finish_0115,2024-12-23,ref_to_finished_title
calendar_analysis_row_007275_part_0,calendar_analysis_row_007275,2022-09-02,2022-09-02 07:30:00+00:00,2022-09-02 07:45:00+00:00,Things,read: prml,read: prml,reading,prml,0.25,0.25,True,explicit_reading_or_audiobook_duration,0.25,calendar_analysis_duration,,,0.0,,,,
calendar_analysis_row_007307_part_0,calendar_analysis_row_007307,2022-09-06,2022-09-06 05:45:00+00:00,2022-09-06 06:45:00+00:00,Things,read: Kipling,read: Kipling,reading,Kipling,1.0,1.0,True,explicit_reading_or_audiobook_duration,1.0,calendar_analysis_duration,,,0.0,Kipling by Harold bloom,finish_0115,2024-12-23,ref_to_finished_title
calendar_analysis_row_007308_part_0,calendar_analysis_row_007308,2022-09-06,2022-09-06 07:00:00+00:00,2022-09-06 07:15:00+00:00,Things,read: puskin,read: puskin,reading,puskin,0.25,0.25,True,explicit_reading_or_audiobook_duration,0.25,calendar_analysis_duration,,,0.0,,,,
calendar_analysis_row_007336_part_0,calendar_analysis_row_007336,2022-09-08,2022-09-08 02:15:00+00:00,2022-09-08 02:30:00+00:00,Things,read: puskin,read: puskin,reading,puskin,0.25,0.25,True,explicit_reading_or_audiobook_duration,0.25,calendar_analysis_duration,,,0.0,,,,
calendar_analysis_row_007338_part_0,calendar_analysis_row_007338,2022-09-08,2022-09-08 04:00:00+00:00,2022-09-08 04:45:00+00:00,Things,read: Kipling,read: Kipling,reading,Kipling,0.75,0.75,True,explicit_reading_or_audiobook_duration,0.75,calendar_analysis_duration,,,0.0,Kipling by Harold bloom,finish_0115,2024-12-23,ref_to_finished_title
calendar_analysis_row_007345_part_0,calendar_analysis_row_007345,2022-09-08,2022-09-08 08:00:00+00:00,2022-09-08 08:30:00+00:00,Things,book:grc,book:grc,reading,grc,0.5,0.5,True,explicit_reading_or_audiobook_duration,0.5,calendar_analysis_duration,,,0.0,good research code,finish_0030,2022-09-09,ref_to_finished_title
calendar_analysis_row_007359_part_0,calendar_analysis_row_007359,2022-09-09,2022-09-09 03:45:00+00:00,2022-09-09 04:00:00+00:00,Things,read: Kipling,read: Kipling,reading,Kipling,0.25,0.25,True,explicit_reading_or_audiobook_duration,0.25,calendar_analysis_duration,,,0.0,Kipling by Harold bloom,finish_0115,2024-12-23,ref_to_finished_title
calendar_analysis_row_007365_part_0,calendar_analysis_row_007365,2022-09-09,2022-09-09 07:15:00+00:00,2022-09-09 08:00:00+00:00,Things,finished: good research code,finished: good research code,finished,good research code,0.75,0.75,True,bare_finished_marker_with_book_ref_duration,0.75,calendar_analysis_duration,,,0.0,good research code,finish_0030,2022-09-09,finished_event_identity
calendar_analysis_row_007414_part_0,calendar_analysis_row_007414,2022-09-12,2022-09-12 05:00:00+00:00,2022-09-12 06:30:00+00:00,Things,read: the machine that changed the world,read: the machine that changed the world,reading,the machine that changed the world,1.5,1.5,True,explicit_reading_or_audiobook_duration,1.5,calendar_analysis_duration,,,0.0,the machine that changed the world,finish_0032,2022-09-26,ref_to_finished_title
calendar_analysis_row_007416_part_0,calendar_analysis_row_007416,2022-09-12,2022-09-12 07:15:00+00:00,2022-09-12 07:30:00+00:00,Things,read: tmtctw,read: tmtctw,reading,tmtctw,0.25,0.25,True,explicit_reading_or_audiobook_duration,0.25,calendar_analysis_duration,,,0.0,the machine that changed the world,finish_0032,2022-09-26,ref_to_finished_title
calendar_analysis_row_007425_part_0,calendar_analysis_row_007425,2022-09-13,2022-09-13 02:30:00+00:00,2022-09-13 02:45:00+00:00,Things,book:besem,book:besem,reading,besem,0.25,0.25,True,explicit_reading_or_audiobook_duration,0.25,calendar_analysis_duration,,,0.0,,,,
calendar_analysis_row_007430_part_0,calendar_analysis_row_007430,2022-09-13,2022-09-13 06:00:00+00:00,2022-09-13 06:15:00+00:00,clark.benham@gmail.com,read: ml,read: ml,reading,ml,0.25,0.25,True,explicit_reading_or_audiobook_duration,0.25,calendar_analysis_duration,,,0.0,,,,
calendar_analysis_row_007443_part_0,calendar_analysis_row_007443,2022-09-14,2022-09-14 02:30:00+00:00,2022-09-14 02:45:00+00:00,Things,read: besem,read: besem,reading,besem,0.25,0.25,True,explicit_reading_or_audiobook_duration,0.25,calendar_analysis_duration,,,0.0,,,,
calendar_analysis_row_007448_part_0,calendar_analysis_row_007448,2022-09-14,2022-09-14 07:00:00+00:00,2022-09-14 07:30:00+00:00,clark.benham@gmail.com,read: ml,read: ml,reading,ml,0.5,0.5,True,explicit_reading_or_audiobook_duration,0.5,calendar_analysis_duration,,,0.0,,,,
calendar_analysis_row_007505_part_0,calendar_analysis_row_007505,2022-09-17,2022-09-17 22:45:00+00:00,2022-09-17 23:30:00+00:00,Things,read: Conrad,read: Conrad,reading,Conrad,0.75,0.75,True,explicit_reading_or_audiobook_duration,0.75,calendar_analysis_duration,,,0.0,and call me conrad,finish_0172,2025-11-13,ref_to_finished_title
calendar_analysis_row_007529_part_0,calendar_analysis_row_007529,2022-09-18,2022-09-18 22:15:00+00:00,2022-09-18 22:45:00+00:00,Things,read: Conrad,read: Conrad,reading,Conrad,0.5,0.5,True,explicit_reading_or_audiobook_duration,0.5,calendar_analysis_duration,,,0.0,and call me conrad,finish_0172,2025-11-13,ref_to_finished_title
calendar_analysis_row_007543_part_0,calendar_analysis_row_007543,2022-09-19,2022-09-19 08:30:00+00:00,2022-09-19 08:45:00+00:00,Things,read: tmtctw,read: tmtctw,reading,tmtctw,0.25,0.25,True,explicit_reading_or_audiobook_duration,0.25,calendar_analysis_duration,,,0.0,the machine that changed the world,finish_0032,2022-09-26,ref_to_finished_title
calendar_analysis_row_007561_part_0,calendar_analysis_row_007561,2022-09-20,2022-09-20 07:00:00+00:00,2022-09-20 07:30:00+00:00,Things,read: tmtctw,read: tmtctw,reading,tmtctw,0.5,0.5,True,explicit_reading_or_audiobook_duration,0.5,calendar_analysis_duration,,,0.0,the machine that changed the world,finish_0032,2022-09-26,ref_to_finished_title
calendar_analysis_row_007597_part_0,calendar_analysis_row_007597,2022-09-22,2022-09-22 23:00:00+00:00,2022-09-22 23:30:00+00:00,Things,finished: Deep Learning by Goodfellow et all,finished: Deep Learning by Goodfellow et all,finished,Deep Learning by Goodfellow et all,0.25,0.5,True,bare_finished_marker_with_book_ref_duration,0.5,full_duration_minor_overlap,Job: Hive,clark.benham@gmail.com,0.25,Deep Learning by Goodfellow et all,finish_0031,2022-09-22,finished_event_identity
calendar_analysis_row_007633_part_0,calendar_analysis_row_007633,2022-09-24,2022-09-24 21:00:00+00:00,2022-09-24 21:30:00+00:00,Things,book:lftt,book:lftt,reading,lftt,0.5,0.5,True,explicit_reading_or_audiobook_duration,0.5,calendar_analysis_duration,,,0.0,,,,
calendar_analysis_row_007648_part_0,calendar_analysis_row_007648,2022-09-25,2022-09-25 11:00:00+00:00,2022-09-25 11:30:00+00:00,Things,read: tmtctw,read: tmtctw,reading,tmtctw,0.5,0.5,True,explicit_reading_or_audiobook_duration,0.5,calendar_analysis_duration,,,0.0,the machine that changed the world,finish_0032,2022-09-26,ref_to_finished_title
calendar_analysis_row_007673_part_0,calendar_analysis_row_007673,2022-09-26,2022-09-26 04:45:00+00:00,2022-09-26 05:00:00+00:00,Things,finished book: the machine that changed the world,finished book: the machine that changed the world,finished,the machine that changed the world,0.25,0.25,True,explicit_finished_book_duration,0.25,calendar_analysis_duration,,,0.0,the machine that changed the world,finish_0032,2022-09-26,finished_event_identity
calendar_analysis_row_007689_part_0,calendar_analysis_row_007689,2022-09-27,2022-09-27 08:00:00+00:00,2022-09-27 08:15:00+00:00,Things,read: python,read: python,reading,python,0.25,0.25,True,explicit_reading_or_audiobook_duration,0.25,calendar_analysis_duration,,,0.0,,,,
calendar_analysis_row_007690_part_0,calendar_analysis_row_007690,2022-09-27,2022-09-27 08:30:00+00:00,2022-09-27 08:45:00+00:00,Things,read: prml,read: prml,reading,prml,0.25,0.25,True,explicit_reading_or_audiobook_duration,0.25,calendar_analysis_duration,,,0.0,,,,
calendar_analysis_row_007745_part_0,calendar_analysis_row_007745,2022-10-01,2022-10-01 02:00:00+00:00,2022-10-01 03:30:00+00:00,Things,read: Kipling,read: Kipling,reading,Kipling,1.5,1.5,True,explicit_reading_or_audiobook_duration,1.5,calendar_analysis_duration,,,0.0,Kipling by Harold bloom,finish_0115,2024-12-23,ref_to_finished_title
calendar_analysis_row_007749_part_0,calendar_analysis_row_007749,2022-10-01,2022-10-01 07:45:00+00:00,2022-10-01 08:45:00+00:00,Things,read: Kipling,read: Kipling,reading,Kipling,1.0,1.0,True,explicit_reading_or_audiobook_duration,1.0,calendar_analysis_duration,,,0.0,Kipling by Harold bloom,finish_0115,2024-12-23,ref_to_finished_title
calendar_analysis_row_007771_part_0,calendar_analysis_row_007771,2022-10-02,2022-10-02 07:30:00+00:00,2022-10-02 07:45:00+00:00,Things,read: prml,read: prml,reading,prml,0.25,0.25,True,explicit_reading_or_audiobook_duration,0.25,calendar_analysis_duration,,,0.0,,,,
calendar_analysis_row_007772_part_0,calendar_analysis_row_007772,2022-10-02,2022-10-02 08:00:00+00:00,2022-10-02 08:15:00+00:00,Things,read: python,read: python,reading,python,0.25,0.25,True,explicit_reading_or_audiobook_duration,0.25,calendar_analysis_duration,,,0.0,,,,
calendar_analysis_row_007774_part_0,calendar_analysis_row_007774,2022-10-02,2022-10-02 10:00:00+00:00,2022-10-02 10:30:00+00:00,clark.benham@gmail.com,book:fp,book:fp,reading,fp,0.5,0.5,True,explicit_reading_or_audiobook_duration,0.5,calendar_analysis_duration,,,0.0,,,,
calendar_analysis_row_007793_part_0,calendar_analysis_row_007793,2022-10-03,2022-10-03 03:15:00+00:00,2022-10-03 04:30:00+00:00,clark.benham@gmail.com,read: Python,read: Python,reading,Python,1.25,1.25,True,explicit_reading_or_audiobook_duration,1.25,calendar_analysis_duration,,,0.0,,,,
calendar_analysis_row_007825_part_0,calendar_analysis_row_007825,2022-10-05,2022-10-05 04:00:00+00:00,2022-10-05 04:30:00+00:00,Things,read: Kipling,read: Kipling,reading,Kipling,0.5,0.5,True,explicit_reading_or_audiobook_duration,0.5,calendar_analysis_duration,,,0.0,Kipling by Harold bloom,finish_0115,2024-12-23,ref_to_finished_title
calendar_analysis_row_007912_part_0,calendar_analysis_row_007912,2022-10-12,2022-10-12 07:00:00+00:00,2022-10-12 07:30:00+00:00,clark.benham@gmail.com,read: pragmatic programmer,read: pragmatic programmer,reading,pragmatic programmer,0.5,0.5,True,explicit_reading_or_audiobook_duration,0.5,calendar_analysis_duration,,,0.0,pragmatic programmer,finish_0033,2022-10-27,ref_to_finished_title
calendar_analysis_row_007926_part_0,calendar_analysis_row_007926,2022-10-13,2022-10-13 09:45:00+00:00,2022-10-13 10:00:00+00:00,Things,Read: prml,Read: prml,reading,prml,0.25,0.25,True,explicit_reading_or_audiobook_duration,0.25,calendar_analysis_duration,,,0.0,,,,
calendar_analysis_row_007928_part_0,calendar_analysis_row_007928,2022-10-13,2022-10-13 10:45:00+00:00,2022-10-13 11:00:00+00:00,Things,Read: prml,Read: prml,reading,prml,0.25,0.25,True,explicit_reading_or_audiobook_duration,0.25,calendar_analysis_duration,,,0.0,,,,
calendar_analysis_row_007929_part_0,calendar_analysis_row_007929,2022-10-13,2022-10-13 11:15:00+00:00,2022-10-13 12:45:00+00:00,clark.benham@gmail.com,read: Python,read: Python,reading,Python,1.5,1.5,True,explicit_reading_or_audiobook_duration,1.5,calendar_analysis_duration,,,0.0,,,,
calendar_analysis_row_007948_part_0,calendar_analysis_row_007948,2022-10-15,2022-10-15 03:15:00+00:00,2022-10-15 03:45:00+00:00,Things,book:tpp,book:tpp,reading,tpp,0.5,0.5,True,explicit_reading_or_audiobook_duration,0.5,calendar_analysis_duration,,,0.0,The Path to Power: The Years of Lyndon Johnson I,finish_0136,2025-05-04,ref_to_finished_title
calendar_analysis_row_007951_part_0,calendar_analysis_row_007951,2022-10-15,2022-10-15 07:00:00+00:00,2022-10-15 08:20:00+00:00,Things,book:tpp,book:tpp,reading,tpp,1.3333333333333333,1.3333333333333333,True,explicit_reading_or_audiobook_duration,1.3333333333333333,calendar_analysis_duration,,,0.0,The Path to Power: The Years of Lyndon Johnson I,finish_0136,2025-05-04,ref_to_finished_title
calendar_analysis_row_007967_part_0,calendar_analysis_row_007967,2022-10-16,2022-10-16 06:00:00+00:00,2022-10-16 07:30:00+00:00,Things,Read: pp,Read: pp,reading,pp,1.5,1.5,True,explicit_reading_or_audiobook_duration,1.5,calendar_analysis_duration,,,0.0,pragmatic programmer,finish_0033,2022-10-27,ref_to_finished_title
calendar_analysis_row_007979_part_0,calendar_analysis_row_007979,2022-10-16,2022-10-16 23:00:00+00:00,2022-10-16 23:30:00+00:00,clark.benham@gmail.com,read: algo,read: algo,reading,algo,0.5,0.5,True,explicit_reading_or_audiobook_duration,0.5,calendar_analysis_duration,,,0.0,,,,
calendar_analysis_row_007987_part_0,calendar_analysis_row_007987,2022-10-17,2022-10-17 05:45:00+00:00,2022-10-17 06:15:00+00:00,clark.benham@gmail.com,read: python,read: python,reading,python,0.5,0.5,True,explicit_reading_or_audiobook_duration,0.5,calendar_analysis_duration,,,0.0,,,,
calendar_analysis_row_008003_part_0,calendar_analysis_row_008003,2022-10-18,2022-10-18 05:00:00+00:00,2022-10-18 05:15:00+00:00,clark.benham@gmail.com,read: Python,read: Python,reading,Python,0.25,0.25,True,explicit_reading_or_audiobook_duration,0.25,calendar_analysis_duration,,,0.0,,,,
calendar_analysis_row_008009_part_0,calendar_analysis_row_008009,2022-10-18,2022-10-18 08:15:00+00:00,2022-10-18 08:45:00+00:00,clark.benham@gmail.com,read: python,read: python,reading,python,0.5,0.5,True,explicit_reading_or_audiobook_duration,0.5,calendar_analysis_duration,,,0.0,,,,
calendar_analysis_row_008026_part_0,calendar_analysis_row_008026,2022-10-19,2022-10-19 06:15:00+00:00,2022-10-19 06:45:00+00:00,Things,read: pp,read: pp,reading,pp,0.5,0.5,True,explicit_reading_or_audiobook_duration,0.5,calendar_analysis_duration,,,0.0,pragmatic programmer,finish_0033,2022-10-27,ref_to_finished_title
calendar_analysis_row_008040_part_0,calendar_analysis_row_008040,2022-10-20,2022-10-20 04:00:00+00:00,2022-10-20 06:15:00+00:00,clark.benham@gmail.com,read: Python,read: Python,reading,Python,2.25,2.25,True,explicit_reading_or_audiobook_duration,2.25,calendar_analysis_duration,,,0.0,,,,
calendar_analysis_row_008041_part_0,calendar_analysis_row_008041,2022-10-20,2022-10-20 06:15:00+00:00,2022-10-20 06:45:00+00:00,Things,read: Python,read: Python,reading,Python,0.5,0.5,True,explicit_reading_or_audiobook_duration,0.5,calendar_analysis_duration,,,0.0,,,,
calendar_analysis_row_008042_part_0,calendar_analysis_row_008042,2022-10-20,2022-10-20 06:45:00+00:00,2022-10-20 07:00:00+00:00,clark.benham@gmail.com,read: Python,read: Python,reading,Python,0.25,0.25,True,explicit_reading_or_audiobook_duration,0.25,calendar_analysis_duration,,,0.0,,,,
calendar_analysis_row_008043_part_0,calendar_analysis_row_008043,2022-10-20,2022-10-20 07:00:00+00:00,2022-10-20 07:15:00+00:00,Things,read: pp,read: pp,reading,pp,0.25,0.25,True,explicit_reading_or_audiobook_duration,0.25,calendar_analysis_duration,,,0.0,pragmatic programmer,finish_0033,2022-10-27,ref_to_finished_title
calendar_analysis_row_008057_part_0,calendar_analysis_row_008057,2022-10-21,2022-10-21 06:30:00+00:00,2022-10-21 06:45:00+00:00,Things,Read: Bazel,Read: Bazel,reading,Bazel,0.25,0.25,True,explicit_reading_or_audiobook_duration,0.25,calendar_analysis_duration,,,0.0,,,,
calendar_analysis_row_008082_part_0,calendar_analysis_row_008082,2022-10-22,2022-10-22 20:30:00+00:00,2022-10-22 21:00:00+00:00,clark.benham@gmail.com,read: linking,read: linking,reading,linking,0.5,0.5,True,explicit_reading_or_audiobook_duration,0.5,calendar_analysis_duration,,,0.0,,,,
calendar_analysis_row_008086_part_0,calendar_analysis_row_008086,2022-10-22,2022-10-22 23:15:00+00:00,2022-10-22 23:30:00+00:00,clark.benham@gmail.com,read: Python,read: Python,reading,Python,0.25,0.25,True,explicit_reading_or_audiobook_duration,0.25,calendar_analysis_duration,,,0.0,,,,
calendar_analysis_row_008095_part_0,calendar_analysis_row_008095,2022-10-23,2022-10-23 09:30:00+00:00,2022-10-23 09:45:00+00:00,Things,read: prml,read: prml,reading,prml,0.25,0.25,True,explicit_reading_or_audiobook_duration,0.25,calendar_analysis_duration,,,0.0,,,,
calendar_analysis_row_008107_part_0,calendar_analysis_row_008107,2022-10-23,2022-10-23 22:30:00+00:00,2022-10-23 23:00:00+00:00,clark.benham@gmail.com,read: ml,read: ml,reading,ml,0.5,0.5,True,explicit_reading_or_audiobook_duration,0.5,calendar_analysis_duration,,,0.0,,,,
calendar_analysis_row_008108_part_0,calendar_analysis_row_008108,2022-10-23,2022-10-23 23:15:00+00:00,2022-10-23 23:30:00+00:00,Things,book:pp,book:pp,reading,pp,0.25,0.25,True,explicit_reading_or_audiobook_duration,0.25,calendar_analysis_duration,,,0.0,pragmatic programmer,finish_0033,2022-10-27,ref_to_finished_title
calendar_analysis_row_008117_part_0,calendar_analysis_row_008117,2022-10-24,2022-10-24 05:15:00+00:00,2022-10-24 05:30:00+00:00,clark.benham@gmail.com,read: python,read: python,reading,python,0.25,0.25,True,explicit_reading_or_audiobook_duration,0.25,calendar_analysis_duration,,,0.0,,,,
calendar_analysis_row_008118_part_0,calendar_analysis_row_008118,2022-10-24,2022-10-24 05:30:00+00:00,2022-10-24 06:30:00+00:00,Things,read: Kipling,read: Kipling,reading,Kipling,1.0,1.0,True,explicit_reading_or_audiobook_duration,1.0,calendar_analysis_duration,,,0.0,Kipling by Harold bloom,finish_0115,2024-12-23,ref_to_finished_title
calendar_analysis_row_008120_part_0,calendar_analysis_row_008120,2022-10-24,2022-10-24 07:00:00+00:00,2022-10-24 07:30:00+00:00,clark.benham@gmail.com,read: python,read: python,reading,python,0.5,0.5,True,explicit_reading_or_audiobook_duration,0.5,calendar_analysis_duration,,,0.0,,,,
calendar_analysis_row_008131_part_0,calendar_analysis_row_008131,2022-10-25,2022-10-25 05:30:00+00:00,2022-10-25 06:30:00+00:00,clark.benham@gmail.com,read: Python,read: Python,reading,Python,1.0,1.0,True,explicit_reading_or_audiobook_duration,1.0,calendar_analysis_duration,,,0.0,,,,
calendar_analysis_row_008133_part_0,calendar_analysis_row_008133,2022-10-25,2022-10-25 07:45:00+00:00,2022-10-25 08:00:00+00:00,Things,read: prml,read: prml,reading,prml,0.25,0.25,True,explicit_reading_or_audiobook_duration,0.25,calendar_analysis_duration,,,0.0,,,,
calendar_analysis_row_008143_part_0,calendar_analysis_row_008143,2022-10-26,2022-10-26 05:15:00+00:00,2022-10-26 05:45:00+00:00,clark.benham@gmail.com,read: Python,read: Python,reading,Python,0.5,0.5,True,explicit_reading_or_audiobook_duration,0.5,calendar_analysis_duration,,,0.0,,,,
calendar_analysis_row_008146_part_0,calendar_analysis_row_008146,2022-10-26,2022-10-26 07:45:00+00:00,2022-10-26 08:15:00+00:00,Things,read: pp,read: pp,reading,pp,0.5,0.5,True,explicit_reading_or_audiobook_duration,0.5,calendar_analysis_duration,,,0.0,pragmatic programmer,finish_0033,2022-10-27,ref_to_finished_title
calendar_analysis_row_008160_part_0,calendar_analysis_row_008160,2022-10-27,2022-10-27 02:30:00+00:00,2022-10-27 02:45:00+00:00,clark.benham@gmail.com,read: c++,read: c++,reading,c++,0.25,0.25,True,explicit_reading_or_audiobook_duration,0.25,calendar_analysis_duration,,,0.0,A Connecticut Yankee in King Arthur’s Court,finish_0074,2024-03-12,ref_to_finished_title
calendar_analysis_row_008168_part_0,calendar_analysis_row_008168,2022-10-27,2022-10-27 08:00:00+00:00,2022-10-27 08:30:00+00:00,Things,finished: pp,finished: pp,finished,pp,0.5,0.5,True,bare_finished_marker_with_book_ref_duration,0.5,calendar_analysis_duration,,,0.0,pragmatic programmer,finish_0033,2022-10-27,finished_event_identity
calendar_analysis_row_008213_part_0,calendar_analysis_row_008213,2022-10-30,2022-10-30 00:00:00+00:00,2022-10-30 00:15:00+00:00,clark.benham@gmail.com,read: cpp,read: cpp,reading,cpp,0.25,0.25,True,explicit_reading_or_audiobook_duration,0.25,calendar_analysis_duration,,,0.0,,,,
calendar_analysis_row_008219_part_0,calendar_analysis_row_008219,2022-10-30,2022-10-30 05:00:00+00:00,2022-10-30 06:00:00+00:00,Things,book:seag,book:seag,reading,seag,1.0,1.0,True,explicit_reading_or_audiobook_duration,1.0,calendar_analysis_duration,,,0.0,,,,
calendar_analysis_row_008221_part_0,calendar_analysis_row_008221,2022-10-30,2022-10-30 08:15:00+00:00,2022-10-30 08:45:00+00:00,clark.benham@gmail.com,read: cpp,read: cpp,reading,cpp,0.5,0.5,True,explicit_reading_or_audiobook_duration,0.5,calendar_analysis_duration,,,0.0,,,,
calendar_analysis_row_008222_part_0,calendar_analysis_row_008222,2022-10-30,2022-10-30 09:00:00+00:00,2022-10-30 10:00:00+00:00,Things,book:seag,book:seag,reading,seag,1.0,1.0,True,explicit_reading_or_audiobook_duration,1.0,calendar_analysis_duration,,,0.0,,,,
calendar_analysis_row_008229_part_0,calendar_analysis_row_008229,2022-10-30,2022-10-30 22:15:00+00:00,2022-10-30 23:00:00+00:00,clark.benham@gmail.com,read: cpp,read: cpp,reading,cpp,0.625,0.75,True,explicit_reading_or_audiobook_duration,0.75,full_duration_minor_overlap,football,Waste Time,0.125,,,,
calendar_analysis_row_008264_part_0,calendar_analysis_row_008264,2022-11-02,2022-11-02 01:45:00+00:00,2022-11-02 03:30:00+00:00,clark.benham@gmail.com,read: cpp,read: cpp,reading,cpp,1.75,1.75,True,explicit_reading_or_audiobook_duration,1.75,calendar_analysis_duration,,,0.0,,,,
calendar_analysis_row_008300_part_0,calendar_analysis_row_008300,2022-11-04,2022-11-04 05:45:00+00:00,2022-11-04 07:00:00+00:00,Things,book:seag,book:seag,reading,seag,1.25,1.25,True,explicit_reading_or_audiobook_duration,1.25,calendar_analysis_duration,,,0.0,,,,
calendar_analysis_row_008321_part_0,calendar_analysis_row_008321,2022-11-05,2022-11-05 21:45:00+00:00,2022-11-05 22:00:00+00:00,Things,book:seag,book:seag,reading,seag,0.25,0.25,True,explicit_reading_or_audiobook_duration,0.25,calendar_analysis_duration,,,0.0,,,,
calendar_analysis_row_008361_part_0,calendar_analysis_row_008361,2022-11-07,2022-11-07 08:30:00+00:00,2022-11-07 08:45:00+00:00,Things,read: cpp,read: cpp,reading,cpp,0.25,0.25,True,explicit_reading_or_audiobook_duration,0.25,calendar_analysis_duration,,,0.0,,,,
calendar_analysis_row_008373_part_0,calendar_analysis_row_008373,2022-11-08,2022-11-08 07:30:00+00:00,2022-11-08 08:15:00+00:00,Things,book:jos,book:jos,reading,jos,0.75,0.75,True,explicit_reading_or_audiobook_duration,0.75,calendar_analysis_duration,,,0.0,,,,
calendar_analysis_row_008404_part_0,calendar_analysis_row_008404,2022-11-10,2022-11-10 09:45:00+00:00,2022-11-10 10:00:00+00:00,Things,read: prml,read: prml,reading,prml,0.25,0.25,True,explicit_reading_or_audiobook_duration,0.25,calendar_analysis_duration,,,0.0,,,,
calendar_analysis_row_008421_part_0,calendar_analysis_row_008421,2022-11-11,2022-11-11 09:30:00+00:00,2022-11-11 09:45:00+00:00,clark.benham@gmail.com,read: cpp,read: cpp,reading,cpp,0.25,0.25,True,explicit_reading_or_audiobook_duration,0.25,calendar_analysis_duration,,,0.0,,,,
calendar_analysis_row_008433_part_0,calendar_analysis_row_008433,2022-11-12,2022-11-12 06:30:00+00:00,2022-11-12 07:30:00+00:00,clark.benham@gmail.com,read: Python,read: Python,reading,Python,1.0,1.0,True,explicit_reading_or_audiobook_duration,1.0,calendar_analysis_duration,,,0.0,,,,
calendar_analysis_row_008434_part_0,calendar_analysis_row_008434,2022-11-12,2022-11-12 07:30:00+00:00,2022-11-12 08:00:00+00:00,Things,book:jos,book:jos,reading,jos,0.5,0.5,True,explicit_reading_or_audiobook_duration,0.5,calendar_analysis_duration,,,0.0,,,,
calendar_analysis_row_008450_part_0,calendar_analysis_row_008450,2022-11-13,2022-11-13 05:30:00+00:00,2022-11-13 05:45:00+00:00,clark.benham@gmail.com,Read: python,Read: python,reading,python,0.25,0.25,True,explicit_reading_or_audiobook_duration,0.25,calendar_analysis_duration,,,0.0,,,,
calendar_analysis_row_008451_part_0,calendar_analysis_row_008451,2022-11-13,2022-11-13 05:45:00+00:00,2022-11-13 06:15:00+00:00,Things,book:seag,book:seag,reading,seag,0.5,0.5,True,explicit_reading_or_audiobook_duration,0.5,calendar_analysis_duration,,,0.0,,,,
calendar_analysis_row_008452_part_0,calendar_analysis_row_008452,2022-11-13,2022-11-13 06:15:00+00:00,2022-11-13 06:45:00+00:00,Things,book:jos,book:jos,reading,jos,0.5,0.5,True,explicit_reading_or_audiobook_duration,0.5,calendar_analysis_duration,,,0.0,,,,
calendar_analysis_row_008454_part_0,calendar_analysis_row_008454,2022-11-13,2022-11-13 08:00:00+00:00,2022-11-13 08:30:00+00:00,Things,Book:jos,Book:jos,reading,jos,0.5,0.5,True,explicit_reading_or_audiobook_duration,0.5,calendar_analysis_duration,,,0.0,,,,
calendar_analysis_row_008467_part_0,calendar_analysis_row_008467,2022-11-14,2022-11-14 00:30:00+00:00,2022-11-14 01:00:00+00:00,clark.benham@gmail.com,read: Python,read: Python,reading,Python,0.5,0.5,True,explicit_reading_or_audiobook_duration,0.5,calendar_analysis_duration,,,0.0,,,,
calendar_analysis_row_008493_part_0,calendar_analysis_row_008493,2022-11-15,2022-11-15 08:00:00+00:00,2022-11-15 08:30:00+00:00,Things, book: the art of readable code,book: the art of readable code,reading,the art of readable code,0.5,0.5,True,explicit_reading_or_audiobook_duration,0.5,calendar_analysis_duration,,,0.0,The Art of Readable Code,finish_0034,2022-11-30,ref_to_finished_title
calendar_analysis_row_008528_part_0,calendar_analysis_row_008528,2022-11-17,2022-11-17 07:30:00+00:00,2022-11-17 08:15:00+00:00,clark.benham@gmail.com,read: Python,read: Python,reading,Python,0.75,0.75,True,explicit_reading_or_audiobook_duration,0.75,calendar_analysis_duration,,,0.0,,,,
calendar_analysis_row_008582_part_0,calendar_analysis_row_008582,2022-11-22,2022-11-22 05:45:00+00:00,2022-11-22 06:00:00+00:00,clark.benham@gmail.com,read: python,read: python,reading,python,0.25,0.25,True,explicit_reading_or_audiobook_duration,0.25,calendar_analysis_duration,,,0.0,,,,
calendar_analysis_row_008584_part_0,calendar_analysis_row_008584,2022-11-22,2022-11-22 08:00:00+00:00,2022-11-22 08:30:00+00:00,Things,read: taorc,read: taorc,reading,taorc,0.5,0.5,True,explicit_reading_or_audiobook_duration,0.5,calendar_analysis_duration,,,0.0,The Art of Readable Code,finish_0034,2022-11-30,ref_to_finished_title
calendar_analysis_row_008659_part_0,calendar_analysis_row_008659,2022-11-29,2022-11-29 07:30:00+00:00,2022-11-29 08:15:00+00:00,clark.benham@gmail.com,read: Python,read: Python,reading,Python,0.75,0.75,True,explicit_reading_or_audiobook_duration,0.75,calendar_analysis_duration,,,0.0,,,,
calendar_analysis_row_008675_part_0,calendar_analysis_row_008675,2022-11-30,2022-11-30 03:15:00+00:00,2022-11-30 03:30:00+00:00,Things,read,read,generic,,0.25,0.25,False,generic_temporal_read_not_counted_by_default,0.25,calendar_analysis_duration,,,0.0,The Art of Readable Code,finish_0034,2022-11-30,generic_temporal
calendar_analysis_row_008679_part_0,calendar_analysis_row_008679,2022-11-30,2022-11-30 04:30:00+00:00,2022-11-30 04:45:00+00:00,Things,finished: The Art of Readable Code,finished: The Art of Readable Code,finished,The Art of Readable Code,0.25,0.25,True,bare_finished_marker_with_book_ref_duration,0.25,calendar_analysis_duration,,,0.0,The Art of Readable Code,finish_0034,2022-11-30,finished_event_identity
calendar_analysis_row_008711_part_0,calendar_analysis_row_008711,2022-12-02,2022-12-02 03:30:00+00:00,2022-12-02 03:45:00+00:00,Things,read: Rayleigh,read: Rayleigh,reading,Rayleigh,0.25,0.25,True,explicit_reading_or_audiobook_duration,0.25,calendar_analysis_duration,,,0.0,,,,
calendar_analysis_row_008712_part_0,calendar_analysis_row_008712,2022-12-02,2022-12-02 03:45:00+00:00,2022-12-02 04:15:00+00:00,Things,book:pteasp,book:pteasp,reading,pteasp,0.5,0.5,True,explicit_reading_or_audiobook_duration,0.5,calendar_analysis_duration,,,0.0,,,,
calendar_analysis_row_008717_part_0,calendar_analysis_row_008717,2022-12-02,2022-12-02 09:30:00+00:00,2022-12-02 10:30:00+00:00,Things,book:pteasp,book:pteasp,reading,pteasp,1.0,1.0,True,explicit_reading_or_audiobook_duration,1.0,calendar_analysis_duration,,,0.0,,,,
calendar_analysis_row_008724_part_0,calendar_analysis_row_008724,2022-12-02,2022-12-02 23:00:00+00:00,2022-12-02 23:30:00+00:00,Things,book:ptaesp,book:ptaesp,reading,ptaesp,0.25,0.5,True,explicit_reading_or_audiobook_duration,0.5,full_duration_minor_overlap,Job: Hive,clark.benham@gmail.com,0.25,ptaesp,finish_0035,2022-12-03,ref_to_finished_title
calendar_analysis_row_008725_part_0,calendar_analysis_row_008725,2022-12-03,2022-12-03 00:15:00+00:00,2022-12-03 02:15:00+00:00,Things,book:ptaesp,book:ptaesp,reading,ptaesp,0.9583333333333334,2.0,True,explicit_reading_or_audiobook_duration,0.9583333333333334,calendar_analysis_duration_incompatible_overlap,Job: Hive | dinner,"Meals, Supplements, Sleep | clark.benham@gmail.com",0.0,ptaesp,finish_0035,2022-12-03,ref_to_finished_title
calendar_analysis_row_008727_part_0,calendar_analysis_row_008727,2022-12-03,2022-12-03 03:00:00+00:00,2022-12-03 03:15:00+00:00,Things,finished: ptaesp,finished: ptaesp,finished,ptaesp,0.25,0.25,True,bare_finished_marker_with_book_ref_duration,0.25,calendar_analysis_duration,,,0.0,ptaesp,finish_0035,2022-12-03,finished_event_identity
calendar_analysis_row_008750_part_0,calendar_analysis_row_008750,2022-12-04,2022-12-04 07:30:00+00:00,2022-12-04 08:00:00+00:00,Things,read: lem,read: lem,reading,lem,0.5,0.5,True,explicit_reading_or_audiobook_duration,0.5,calendar_analysis_duration,,,0.0,,,,
calendar_analysis_row_008751_part_0,calendar_analysis_row_008751,2022-12-04,2022-12-04 08:15:00+00:00,2022-12-04 14:00:00+00:00,Things,finished book: the scholomancer,finished book: the scholomancer,finished,the scholomancer,5.75,5.75,True,explicit_finished_book_duration,5.75,calendar_analysis_duration,,,0.0,the scholomancer,finish_0036,2022-12-04,finished_event_identity
calendar_analysis_row_008758_part_0,calendar_analysis_row_008758,2022-12-05,2022-12-05 06:00:00+00:00,2022-12-05 06:30:00+00:00,Things,book:tlg,book:tlg,reading,tlg,0.5,0.5,True,explicit_reading_or_audiobook_duration,0.5,calendar_analysis_duration,,,0.0,The Last Graduate,finish_0037,2022-12-06,ref_to_finished_title
calendar_analysis_row_008760_part_0,calendar_analysis_row_008760,2022-12-05,2022-12-05 07:30:00+00:00,2022-12-05 10:45:00+00:00,Things,book:tlg,book:tlg,reading,tlg,3.25,3.25,True,explicit_reading_or_audiobook_duration,3.25,calendar_analysis_duration,,,0.0,The Last Graduate,finish_0037,2022-12-06,ref_to_finished_title
calendar_analysis_row_008772_part_0,calendar_analysis_row_008772,2022-12-06,2022-12-06 03:15:00+00:00,2022-12-06 05:45:00+00:00,Things,finished book: the last graduate,finished book: the last graduate,finished,the last graduate,2.5,2.5,True,explicit_finished_book_duration,2.5,calendar_analysis_duration,,,0.0,The Last Graduate,finish_0037,2022-12-06,finished_event_identity
calendar_analysis_row_008773_part_0,calendar_analysis_row_008773,2022-12-06,2022-12-06 05:45:00+00:00,2022-12-06 12:00:00+00:00,Things,book:tge,book:tge,reading,tge,6.25,6.25,True,explicit_reading_or_audiobook_duration,6.25,calendar_analysis_duration,,,0.0,The Golden Enclaves,finish_0038,2022-12-06,ref_to_finished_title
calendar_analysis_row_008775_part_0,calendar_analysis_row_008775,2022-12-06,2022-12-06 19:00:00+00:00,2022-12-06 20:30:00+00:00,Things,finished book: the golden enclaves,finished book: the golden enclaves,finished,the golden enclaves,1.375,1.5,True,explicit_finished_book_duration,1.5,full_duration_minor_overlap,jack,Waste Time,0.125,The Golden Enclaves,finish_0038,2022-12-06,finished_event_identity
calendar_analysis_row_008809_part_0,calendar_analysis_row_008809,2022-12-08,2022-12-08 10:30:00+00:00,2022-12-08 10:45:00+00:00,Things,book:mfp,book:mfp,reading,mfp,0.25,0.25,True,explicit_reading_or_audiobook_duration,0.25,calendar_analysis_duration,,,0.0,,,,
calendar_analysis_row_008831_part_0,calendar_analysis_row_008831,2022-12-09,2022-12-09 07:45:00+00:00,2022-12-09 08:15:00+00:00,Things,book:mlfp,book:mlfp,reading,mlfp,0.5,0.5,True,explicit_reading_or_audiobook_duration,0.5,calendar_analysis_duration,,,0.0,,,,
calendar_analysis_row_008872_part_0,calendar_analysis_row_008872,2022-12-12,2022-12-12 00:00:00+00:00,2022-12-12 01:00:00+00:00,Things,book:tiobe,book:tiobe,reading,tiobe,1.0,1.0,True,explicit_reading_or_audiobook_duration,1.0,calendar_analysis_duration,,,0.0,,,,
calendar_analysis_row_008875_part_0,calendar_analysis_row_008875,2022-12-12,2022-12-12 02:15:00+00:00,2022-12-12 03:30:00+00:00,Things,read: Conrad,read: Conrad,reading,Conrad,1.25,1.25,True,explicit_reading_or_audiobook_duration,1.25,calendar_analysis_duration,,,0.0,and call me conrad,finish_0172,2025-11-13,ref_to_finished_title
calendar_analysis_row_008876_part_0,calendar_analysis_row_008876,2022-12-12,2022-12-12 03:45:00+00:00,2022-12-12 05:00:00+00:00,Things,book:emswyltbakoi,book:emswyltbakoi,reading,emswyltbakoi,1.25,1.25,True,explicit_reading_or_audiobook_duration,1.25,calendar_analysis_duration,,,0.0,,,,
calendar_analysis_row_008877_part_0,calendar_analysis_row_008877,2022-12-12,2022-12-12 05:00:00+00:00,2022-12-12 05:30:00+00:00,Things,book:bc,book:bc,reading,bc,0.5,0.5,True,explicit_reading_or_audiobook_duration,0.5,calendar_analysis_duration,,,0.0,,,,
calendar_analysis_row_008974_part_0,calendar_analysis_row_008974,2022-12-21,2022-12-21 06:30:00+00:00,2022-12-21 07:15:00+00:00,Things,book:hswyltbakoi,book:hswyltbakoi,reading,hswyltbakoi,0.75,0.75,True,explicit_reading_or_audiobook_duration,0.75,calendar_analysis_duration,,,0.0,hswyltbakoib,finish_0042,2023-01-11,ref_to_finished_title
calendar_analysis_row_008975_part_0,calendar_analysis_row_008975,2022-12-21,2022-12-21 07:15:00+00:00,2022-12-21 07:30:00+00:00,Things,book:Kaplan,book:Kaplan,reading,Kaplan,0.25,0.25,True,explicit_reading_or_audiobook_duration,0.25,calendar_analysis_duration,,,0.0,,,,
calendar_analysis_row_008992_part_0,calendar_analysis_row_008992,2022-12-22,2022-12-22 08:30:00+00:00,2022-12-22 09:00:00+00:00,Things,book:Kaplan,book:Kaplan,reading,Kaplan,0.5,0.5,True,explicit_reading_or_audiobook_duration,0.5,calendar_analysis_duration,,,0.0,,,,
calendar_analysis_row_009033_part_0,calendar_analysis_row_009033,2022-12-24,2022-12-24 21:15:00+00:00,2022-12-24 23:00:00+00:00,Things,book:t3bp,book:t3bp,reading,t3bp,1.75,1.75,True,explicit_reading_or_audiobook_duration,1.75,calendar_analysis_duration,,,0.0,The Three-Body Problem,finish_0039,2022-12-26,ref_to_finished_title
calendar_analysis_row_009036_part_0,calendar_analysis_row_009036,2022-12-24,2022-12-24 23:45:00+00:00,2022-12-25 00:30:00+00:00,Things,book:ttbp,book:ttbp,reading,ttbp,0.375,0.75,True,explicit_reading_or_audiobook_duration,0.375,calendar_analysis_duration_incompatible_overlap,airplane,Things,0.0,The Three-Body Problem,finish_0039,2022-12-26,ref_to_finished_title
calendar_analysis_row_009038_part_0,calendar_analysis_row_009038,2022-12-25,2022-12-25 02:30:00+00:00,2022-12-25 03:45:00+00:00,Things,book:ttbp,book:ttbp,reading,ttbp,0.625,1.25,True,explicit_reading_or_audiobook_duration,0.625,calendar_analysis_duration_incompatible_overlap,airplane,Things,0.0,The Three-Body Problem,finish_0039,2022-12-26,ref_to_finished_title
calendar_analysis_row_009042_part_0,calendar_analysis_row_009042,2022-12-25,2022-12-25 07:00:00+00:00,2022-12-25 08:00:00+00:00,Things,book:ttbp,book:ttbp,reading,ttbp,1.0,1.0,True,explicit_reading_or_audiobook_duration,1.0,calendar_analysis_duration,,,0.0,The Three-Body Problem,finish_0039,2022-12-26,ref_to_finished_title
calendar_analysis_row_009056_part_0,calendar_analysis_row_009056,2022-12-26,2022-12-26 15:45:00+00:00,2022-12-26 16:15:00+00:00,Things,finished book: ttbp,finished book: ttbp,finished,ttbp,0.5,0.5,True,explicit_finished_book_duration,0.5,calendar_analysis_duration,,,0.0,The Three-Body Problem,finish_0039,2022-12-26,finished_event_identity
calendar_analysis_row_009059_part_0,calendar_analysis_row_009059,2022-12-26,2022-12-26 17:45:00+00:00,2022-12-26 19:00:00+00:00,Things,book:tdf,book:tdf,reading,tdf,1.25,1.25,True,explicit_reading_or_audiobook_duration,1.25,calendar_analysis_duration,,,0.0,tdf,finish_0040,2022-12-27,ref_to_finished_title
calendar_analysis_row_009065_part_0,calendar_analysis_row_009065,2022-12-26,2022-12-26 21:45:00+00:00,2022-12-27 00:15:00+00:00,Things,book:tdf,book:tdf,reading,tdf,2.5,2.5,True,explicit_reading_or_audiobook_duration,2.5,calendar_analysis_duration,,,0.0,tdf,finish_0040,2022-12-27,ref_to_finished_title
calendar_analysis_row_009069_part_0,calendar_analysis_row_009069,2022-12-27,2022-12-27 04:15:00+00:00,2022-12-27 07:30:00+00:00,Things,book:tdf,book:tdf,reading,tdf,3.25,3.25,True,explicit_reading_or_audiobook_duration,3.25,calendar_analysis_duration,,,0.0,tdf,finish_0040,2022-12-27,ref_to_finished_title
calendar_analysis_row_009075_part_0,calendar_analysis_row_009075,2022-12-27,2022-12-27 16:00:00+00:00,2022-12-27 16:45:00+00:00,Things,book:tdf,book:tdf,reading,tdf,0.75,0.75,True,explicit_reading_or_audiobook_duration,0.75,calendar_analysis_duration,,,0.0,tdf,finish_0040,2022-12-27,ref_to_finished_title
calendar_analysis_row_009077_part_0,calendar_analysis_row_009077,2022-12-27,2022-12-27 18:00:00+00:00,2022-12-27 19:30:00+00:00,Things,finished book: tdf,finished book: tdf,finished,tdf,1.5,1.5,True,explicit_finished_book_duration,1.5,calendar_analysis_duration,,,0.0,tdf,finish_0040,2022-12-27,finished_event_identity
calendar_analysis_row_009104_part_0,calendar_analysis_row_009104,2022-12-29,2022-12-29 07:15:00+00:00,2022-12-29 10:45:00+00:00,Things,book:de,book:de,reading,de,3.5,3.5,True,explicit_reading_or_audiobook_duration,3.5,calendar_analysis_duration,,,0.0,deaths end,finish_0041,2023-01-01,ref_to_finished_title
calendar_analysis_row_009109_part_0,calendar_analysis_row_009109,2022-12-29,2022-12-29 15:45:00+00:00,2022-12-29 17:00:00+00:00,Things,book:de,book:de,reading,de,1.25,1.25,True,explicit_reading_or_audiobook_duration,1.25,calendar_analysis_duration,,,0.0,deaths end,finish_0041,2023-01-01,ref_to_finished_title
calendar_analysis_row_009114_part_0,calendar_analysis_row_009114,2022-12-29,2022-12-29 18:15:00+00:00,2022-12-29 19:15:00+00:00,Things,book:de,book:de,reading,de,1.0,1.0,True,explicit_reading_or_audiobook_duration,1.0,calendar_analysis_duration,,,0.0,deaths end,finish_0041,2023-01-01,ref_to_finished_title
calendar_analysis_row_009143_part_0,calendar_analysis_row_009143,2022-12-31,2022-12-31 19:00:00+00:00,2022-12-31 20:45:00+00:00,Things,book:de,book:de,reading,de,0.875,1.75,True,explicit_reading_or_audiobook_duration,1.75,full_duration_compatible_overlap,travel,Things,0.875,deaths end,finish_0041,2023-01-01,ref_to_finished_title
calendar_analysis_row_009147_part_0,calendar_analysis_row_009147,2022-12-31,2022-12-31 22:30:00+00:00,2022-12-31 22:45:00+00:00,clark.benham@gmail.com,read ml,read ml,reading,ml,0.25,0.25,True,explicit_reading_or_audiobook_duration,0.25,calendar_analysis_duration,,,0.0,,,,
calendar_analysis_row_009153_part_0,calendar_analysis_row_009153,2023-01-01,2023-01-01 01:00:00+00:00,2023-01-01 02:45:00+00:00,Things,finished book: deaths end,finished book: deaths end,finished,deaths end,1.25,1.75,True,explicit_finished_book_duration,1.75,full_duration_compatible_overlap,travel,Things,0.5,deaths end,finish_0041,2023-01-01,finished_event_identity
calendar_analysis_row_009172_part_0,calendar_analysis_row_009172,2023-01-02,2023-01-02 01:30:00+00:00,2023-01-02 01:45:00+00:00,Things,book,book,generic,,0.25,0.25,False,generic_temporal_read_not_counted_by_default,0.25,calendar_analysis_duration,,,0.0,hswyltbakoib,finish_0042,2023-01-11,generic_temporal
calendar_analysis_row_009197_part_0,calendar_analysis_row_009197,2023-01-03,2023-01-03 01:00:00+00:00,2023-01-03 01:15:00+00:00,clark.benham@gmail.com,read: ml,read: ml,reading,ml,0.25,0.25,True,explicit_reading_or_audiobook_duration,0.25,calendar_analysis_duration,,,0.0,,,,
calendar_analysis_row_009202_part_0,calendar_analysis_row_009202,2023-01-03,2023-01-03 04:30:00+00:00,2023-01-03 05:00:00+00:00,Things,read ml,read ml,reading,ml,0.5,0.5,True,explicit_reading_or_audiobook_duration,0.5,calendar_analysis_duration,,,0.0,,,,
calendar_analysis_row_009212_part_0,calendar_analysis_row_009212,2023-01-04,2023-01-04 00:45:00+00:00,2023-01-04 03:15:00+00:00,Things,book:nf,book:nf,reading,nf,2.25,2.5,True,explicit_reading_or_audiobook_duration,2.5,full_duration_minor_overlap,dinner,"Meals, Supplements, Sleep",0.25,Never Finished,finish_0043,2023-01-12,ref_to_finished_title
calendar_analysis_row_009215_part_0,calendar_analysis_row_009215,2023-01-04,2023-01-04 05:00:00+00:00,2023-01-04 05:15:00+00:00,Things,book:nf,book:nf,reading,nf,0.25,0.25,True,explicit_reading_or_audiobook_duration,0.25,calendar_analysis_duration,,,0.0,Never Finished,finish_0043,2023-01-12,ref_to_finished_title
calendar_analysis_row_009217_part_0,calendar_analysis_row_009217,2023-01-04,2023-01-04 05:30:00+00:00,2023-01-04 05:45:00+00:00,clark.benham@gmail.com,read: Python,read: Python,reading,Python,0.25,0.25,True,explicit_reading_or_audiobook_duration,0.25,calendar_analysis_duration,,,0.0,,,,
calendar_analysis_row_009227_part_0,calendar_analysis_row_009227,2023-01-05,2023-01-05 03:15:00+00:00,2023-01-05 04:00:00+00:00,Things,book:nf,book:nf,reading,nf,0.75,0.75,True,explicit_reading_or_audiobook_duration,0.75,calendar_analysis_duration,,,0.0,Never Finished,finish_0043,2023-01-12,ref_to_finished_title
calendar_analysis_row_009246_part_0,calendar_analysis_row_009246,2023-01-06,2023-01-06 05:45:00+00:00,2023-01-06 06:00:00+00:00,Things,read: ml,read: ml,reading,ml,0.25,0.25,True,explicit_reading_or_audiobook_duration,0.25,calendar_analysis_duration,,,0.0,,,,
calendar_analysis_row_009247_part_0,calendar_analysis_row_009247,2023-01-06,2023-01-06 06:15:00+00:00,2023-01-06 06:30:00+00:00,Things,book:metamorphoses,book:metamorphoses,reading,metamorphoses,0.25,0.25,True,explicit_reading_or_audiobook_duration,0.25,calendar_analysis_duration,,,0.0,,,,
calendar_analysis_row_009248_part_0,calendar_analysis_row_009248,2023-01-06,2023-01-06 06:45:00+00:00,2023-01-06 07:00:00+00:00,Things,book:m,book:m,reading,m,0.25,0.25,True,explicit_reading_or_audiobook_duration,0.25,calendar_analysis_duration,,,0.0,move: the dark knight,finish_0082,2024-05-17,ref_to_finished_title
calendar_analysis_row_009259_part_0,calendar_analysis_row_009259,2023-01-07,2023-01-07 10:15:00+00:00,2023-01-07 11:00:00+00:00,Things,book:dmmt,book:dmmt,reading,dmmt,0.75,0.75,True,explicit_reading_or_audiobook_duration,0.75,calendar_analysis_duration,,,0.0,,,,
calendar_analysis_row_009266_part_0,calendar_analysis_row_009266,2023-01-08,2023-01-08 04:00:00+00:00,2023-01-08 04:30:00+00:00,Things,book:dmmt,book:dmmt,reading,dmmt,0.5,0.5,True,explicit_reading_or_audiobook_duration,0.5,calendar_analysis_duration,,,0.0,,,,
calendar_analysis_row_009267_part_0,calendar_analysis_row_009267,2023-01-08,2023-01-08 04:30:00+00:00,2023-01-08 04:45:00+00:00,Things,read: Raleigh,read: Raleigh,reading,Raleigh,0.25,0.25,True,explicit_reading_or_audiobook_duration,0.25,calendar_analysis_duration,,,0.0,,,,
calendar_analysis_row_009279_part_0,calendar_analysis_row_009279,2023-01-09,2023-01-09 03:15:00+00:00,2023-01-09 03:30:00+00:00,Things,book:mlfp,book:mlfp,reading,mlfp,0.25,0.25,True,explicit_reading_or_audiobook_duration,0.25,calendar_analysis_duration,,,0.0,,,,
calendar_analysis_row_009293_part_0,calendar_analysis_row_009293,2023-01-10,2023-01-10 18:45:00+00:00,2023-01-10 19:00:00+00:00,Things,book:dmmt,book:dmmt,reading,dmmt,0.25,0.25,True,explicit_reading_or_audiobook_duration,0.25,calendar_analysis_duration,,,0.0,,,,
calendar_analysis_row_009294_part_0,calendar_analysis_row_009294,2023-01-10,2023-01-10 19:00:00+00:00,2023-01-10 19:15:00+00:00,Things,book:nf,book:nf,reading,nf,0.25,0.25,True,explicit_reading_or_audiobook_duration,0.25,calendar_analysis_duration,,,0.0,Never Finished,finish_0043,2023-01-12,ref_to_finished_title
calendar_analysis_row_009298_part_0,calendar_analysis_row_009298,2023-01-10,2023-01-10 22:00:00+00:00,2023-01-10 22:15:00+00:00,Things,book:nf,book:nf,reading,nf,0.125,0.25,True,explicit_reading_or_audiobook_duration,0.25,full_duration_minor_overlap,Job: Hive,clark.benham@gmail.com,0.125,Never Finished,finish_0043,2023-01-12,ref_to_finished_title
calendar_analysis_row_009299_part_0,calendar_analysis_row_009299,2023-01-11,2023-01-11 00:15:00+00:00,2023-01-11 00:45:00+00:00,Things,book:nf,book:nf,reading,nf,0.25,0.5,True,explicit_reading_or_audiobook_duration,0.5,full_duration_minor_overlap,Job: Hive,clark.benham@gmail.com,0.25,Never Finished,finish_0043,2023-01-12,ref_to_finished_title
calendar_analysis_row_009304_part_0,calendar_analysis_row_009304,2023-01-11,2023-01-11 03:30:00+00:00,2023-01-11 05:15:00+00:00,Things,finished book: hswyltbakoib,finished book: hswyltbakoib,finished,hswyltbakoib,1.75,1.75,True,explicit_finished_book_duration,1.75,calendar_analysis_duration,,,0.0,hswyltbakoib,finish_0042,2023-01-11,finished_event_identity
calendar_analysis_row_009308_part_0,calendar_analysis_row_009308,2023-01-11,2023-01-11 06:15:00+00:00,2023-01-11 06:30:00+00:00,Things,book:mlfp,book:mlfp,reading,mlfp,0.25,0.25,True,explicit_reading_or_audiobook_duration,0.25,calendar_analysis_duration,,,0.0,,,,
calendar_analysis_row_009319_part_0,calendar_analysis_row_009319,2023-01-12,2023-01-12 03:15:00+00:00,2023-01-12 03:30:00+00:00,Things,finished book: nf,finished book: nf,finished,nf,0.25,0.25,True,explicit_finished_book_duration,0.25,calendar_analysis_duration,,,0.0,Never Finished,finish_0043,2023-01-12,finished_event_identity
calendar_analysis_row_009324_part_0,calendar_analysis_row_009324,2023-01-12,2023-01-12 06:30:00+00:00,2023-01-12 06:45:00+00:00,Things,book:mlfp,book:mlfp,reading,mlfp,0.25,0.25,True,explicit_reading_or_audiobook_duration,0.25,calendar_analysis_duration,,,0.0,,,,
calendar_analysis_row_009338_part_0,calendar_analysis_row_009338,2023-01-13,2023-01-13 05:00:00+00:00,2023-01-13 05:45:00+00:00,clark.benham@gmail.com,read: ml,read: ml,reading,ml,0.75,0.75,True,explicit_reading_or_audiobook_duration,0.75,calendar_analysis_duration,,,0.0,,,,
calendar_analysis_row_009367_part_0,calendar_analysis_row_009367,2023-01-15,2023-01-15 09:30:00+00:00,2023-01-15 10:00:00+00:00,Things,book:mlfp,book:mlfp,reading,mlfp,0.5,0.5,True,explicit_reading_or_audiobook_duration,0.5,calendar_analysis_duration,,,0.0,,,,
calendar_analysis_row_009388_part_0,calendar_analysis_row_009388,2023-01-16,2023-01-16 06:30:00+00:00,2023-01-16 07:00:00+00:00,Things,book:mlfp,book:mlfp,reading,mlfp,0.5,0.5,True,explicit_reading_or_audiobook_duration,0.5,calendar_analysis_duration,,,0.0,,,,
calendar_analysis_row_009395_part_0,calendar_analysis_row_009395,2023-01-16,2023-01-16 19:00:00+00:00,2023-01-16 19:30:00+00:00,clark.benham@gmail.com,read: ml,read: ml,reading,ml,0.5,0.5,True,explicit_reading_or_audiobook_duration,0.5,calendar_analysis_duration,,,0.0,,,,
calendar_analysis_row_009401_part_0,calendar_analysis_row_009401,2023-01-16,2023-01-16 23:15:00+00:00,2023-01-16 23:45:00+00:00,Things,read: rayleigh,read: rayleigh,reading,rayleigh,0.5,0.5,True,explicit_reading_or_audiobook_duration,0.5,calendar_analysis_duration,,,0.0,,,,
calendar_analysis_row_009407_part_0,calendar_analysis_row_009407,2023-01-17,2023-01-17 05:00:00+00:00,2023-01-17 06:30:00+00:00,Things,book:mlfp,book:mlfp,reading,mlfp,1.5,1.5,True,explicit_reading_or_audiobook_duration,1.5,calendar_analysis_duration,,,0.0,,,,
calendar_analysis_row_009409_part_0,calendar_analysis_row_009409,2023-01-17,2023-01-17 06:45:00+00:00,2023-01-17 07:00:00+00:00,Things,book:mlfp,book:mlfp,reading,mlfp,0.25,0.25,True,explicit_reading_or_audiobook_duration,0.25,calendar_analysis_duration,,,0.0,,,,
calendar_analysis_row_009424_part_0,calendar_analysis_row_009424,2023-01-18,2023-01-18 06:30:00+00:00,2023-01-18 07:00:00+00:00,Things,Book:mlfp,Book:mlfp,reading,mlfp,0.5,0.5,True,explicit_reading_or_audiobook_duration,0.5,calendar_analysis_duration,,,0.0,,,,
calendar_analysis_row_009434_part_0,calendar_analysis_row_009434,2023-01-19,2023-01-19 04:15:00+00:00,2023-01-19 04:30:00+00:00,Things,book:pj,book:pj,reading,pj,0.25,0.25,True,explicit_reading_or_audiobook_duration,0.25,calendar_analysis_duration,,,0.0,Piccadilly Jim,finish_0044,2023-01-24,ref_to_finished_title
calendar_analysis_row_009436_part_0,calendar_analysis_row_009436,2023-01-19,2023-01-19 06:15:00+00:00,2023-01-19 06:45:00+00:00,Things,Book:mlfp,Book:mlfp,reading,mlfp,0.5,0.5,True,explicit_reading_or_audiobook_duration,0.5,calendar_analysis_duration,,,0.0,,,,
calendar_analysis_row_009453_part_0,calendar_analysis_row_009453,2023-01-20,2023-01-20 05:45:00+00:00,2023-01-20 06:00:00+00:00,Things,Book:mlfp,Book:mlfp,reading,mlfp,0.25,0.25,True,explicit_reading_or_audiobook_duration,0.25,calendar_analysis_duration,,,0.0,,,,
calendar_analysis_row_009488_part_0,calendar_analysis_row_009488,2023-01-22,2023-01-22 07:00:00+00:00,2023-01-22 08:00:00+00:00,Things,book:pj,book:pj,reading,pj,1.0,1.0,True,explicit_reading_or_audiobook_duration,1.0,calendar_analysis_duration,,,0.0,Piccadilly Jim,finish_0044,2023-01-24,ref_to_finished_title
calendar_analysis_row_009498_part_0,calendar_analysis_row_009498,2023-01-22,2023-01-22 22:30:00+00:00,2023-01-22 23:30:00+00:00,Things,book:pj,book:pj,reading,pj,1.0,1.0,True,explicit_reading_or_audiobook_duration,1.0,calendar_analysis_duration,,,0.0,Piccadilly Jim,finish_0044,2023-01-24,ref_to_finished_title
calendar_analysis_row_009511_part_0,calendar_analysis_row_009511,2023-01-23,2023-01-23 07:15:00+00:00,2023-01-23 09:00:00+00:00,Things,book:pj,book:pj,reading,pj,1.75,1.75,True,explicit_reading_or_audiobook_duration,1.75,calendar_analysis_duration,,,0.0,Piccadilly Jim,finish_0044,2023-01-24,ref_to_finished_title
calendar_analysis_row_009512_part_0,calendar_analysis_row_009512,2023-01-23,2023-01-23 09:00:00+00:00,2023-01-23 09:15:00+00:00,Things,book:mlfp,book:mlfp,reading,mlfp,0.25,0.25,True,explicit_reading_or_audiobook_duration,0.25,calendar_analysis_duration,,,0.0,,,,
calendar_analysis_row_009526_part_0,calendar_analysis_row_009526,2023-01-24,2023-01-24 04:15:00+00:00,2023-01-24 05:30:00+00:00,Things,finished book: pj,finished book: pj,finished,pj,1.25,1.25,True,explicit_finished_book_duration,1.25,calendar_analysis_duration,,,0.0,Piccadilly Jim,finish_0044,2023-01-24,finished_event_identity
calendar_analysis_row_009540_part_0,calendar_analysis_row_009540,2023-01-25,2023-01-25 05:15:00+00:00,2023-01-25 06:15:00+00:00,Things,book:mts,book:mts,reading,mts,1.0,1.0,True,explicit_reading_or_audiobook_duration,1.0,calendar_analysis_duration,,,0.0,master of the senate,finish_0139,2025-05-19,ref_to_finished_title
calendar_analysis_row_009599_part_0,calendar_analysis_row_009599,2023-01-29,2023-01-29 06:00:00+00:00,2023-01-29 06:30:00+00:00,Things,Book:mts,Book:mts,reading,mts,0.5,0.5,True,explicit_reading_or_audiobook_duration,0.5,calendar_analysis_duration,,,0.0,master of the senate,finish_0139,2025-05-19,ref_to_finished_title
calendar_analysis_row_009600_part_0,calendar_analysis_row_009600,2023-01-29,2023-01-29 06:30:00+00:00,2023-01-29 07:00:00+00:00,Things,Book:sp,Book:sp,reading,sp,0.5,0.5,True,explicit_reading_or_audiobook_duration,0.5,calendar_analysis_duration,,,0.0,,,,
calendar_analysis_row_009609_part_0,calendar_analysis_row_009609,2023-01-29,2023-01-29 17:45:00+00:00,2023-01-29 18:00:00+00:00,Things,book:agol,book:agol,reading,agol,0.25,0.25,True,explicit_reading_or_audiobook_duration,0.25,calendar_analysis_duration,,,0.0,,,,
calendar_analysis_row_009611_part_0,calendar_analysis_row_009611,2023-01-29,2023-01-29 18:45:00+00:00,2023-01-29 19:00:00+00:00,Things,book:seag,book:seag,reading,seag,0.25,0.25,True,explicit_reading_or_audiobook_duration,0.25,calendar_analysis_duration,,,0.0,,,,
calendar_analysis_row_009631_part_0,calendar_analysis_row_009631,2023-01-31,2023-01-31 03:00:00+00:00,2023-01-31 03:15:00+00:00,Things,book:trboc,book:trboc,reading,trboc,0.25,0.25,True,explicit_reading_or_audiobook_duration,0.25,calendar_analysis_duration,,,0.0,The Red Badge of Courage,finish_0045,2023-02-07,ref_to_finished_title
calendar_analysis_row_009678_part_0,calendar_analysis_row_009678,2023-02-03,2023-02-03 05:45:00+00:00,2023-02-03 06:15:00+00:00,clark.benham@gmail.com,read: ml,read: ml,reading,ml,0.5,0.5,True,explicit_reading_or_audiobook_duration,0.5,calendar_analysis_duration,,,0.0,,,,
calendar_analysis_row_009679_part_0,calendar_analysis_row_009679,2023-02-03,2023-02-03 06:15:00+00:00,2023-02-03 06:30:00+00:00,clark.benham@gmail.com,read: Python,read: Python,reading,Python,0.25,0.25,True,explicit_reading_or_audiobook_duration,0.25,calendar_analysis_duration,,,0.0,,,,
calendar_analysis_row_009695_part_0,calendar_analysis_row_009695,2023-02-04,2023-02-04 07:15:00+00:00,2023-02-04 07:30:00+00:00,Things,read: python,read: python,reading,python,0.25,0.25,True,explicit_reading_or_audiobook_duration,0.25,calendar_analysis_duration,,,0.0,,,,
calendar_analysis_row_009714_part_0,calendar_analysis_row_009714,2023-02-05,2023-02-05 03:30:00+00:00,2023-02-05 04:00:00+00:00,clark.benham@gmail.com,read: ml,read: ml,reading,ml,0.5,0.5,True,explicit_reading_or_audiobook_duration,0.5,calendar_analysis_duration,,,0.0,,,,
calendar_analysis_row_009718_part_0,calendar_analysis_row_009718,2023-02-05,2023-02-05 06:15:00+00:00,2023-02-05 06:30:00+00:00,Things,book:rboc,book:rboc,reading,rboc,0.25,0.25,True,explicit_reading_or_audiobook_duration,0.25,calendar_analysis_duration,,,0.0,The Red Badge of Courage,finish_0045,2023-02-07,ref_to_finished_title
calendar_analysis_row_009727_part_0,calendar_analysis_row_009727,2023-02-05,2023-02-05 22:00:00+00:00,2023-02-05 23:30:00+00:00,Things,book:rboc,book:rboc,reading,rboc,1.5,1.5,True,explicit_reading_or_audiobook_duration,1.5,calendar_analysis_duration,,,0.0,The Red Badge of Courage,finish_0045,2023-02-07,ref_to_finished_title
calendar_analysis_row_009739_part_0,calendar_analysis_row_009739,2023-02-06,2023-02-06 06:30:00+00:00,2023-02-06 06:45:00+00:00,Things,book:mlfp,book:mlfp,reading,mlfp,0.25,0.25,True,explicit_reading_or_audiobook_duration,0.25,calendar_analysis_duration,,,0.0,,,,
calendar_analysis_row_009755_part_0,calendar_analysis_row_009755,2023-02-07,2023-02-07 05:00:00+00:00,2023-02-07 06:15:00+00:00,Things,finished book: rboc,finished book: rboc,finished,rboc,1.25,1.25,True,explicit_finished_book_duration,1.25,calendar_analysis_duration,,,0.0,The Red Badge of Courage,finish_0045,2023-02-07,finished_event_identity
calendar_analysis_row_009756_part_0,calendar_analysis_row_009756,2023-02-07,2023-02-07 06:15:00+00:00,2023-02-07 06:30:00+00:00,Things,book:mlfp,book:mlfp,reading,mlfp,0.25,0.25,True,explicit_reading_or_audiobook_duration,0.25,calendar_analysis_duration,,,0.0,,,,
calendar_analysis_row_009772_part_0,calendar_analysis_row_009772,2023-02-08,2023-02-08 05:45:00+00:00,2023-02-08 07:15:00+00:00,Things,Book:mlfp,Book:mlfp,reading,mlfp,1.5,1.5,True,explicit_reading_or_audiobook_duration,1.5,calendar_analysis_duration,,,0.0,,,,
calendar_analysis_row_009803_part_0,calendar_analysis_row_009803,2023-02-10,2023-02-10 05:45:00+00:00,2023-02-10 06:15:00+00:00,Things,Book:mlfp,Book:mlfp,reading,mlfp,0.5,0.5,True,explicit_reading_or_audiobook_duration,0.5,calendar_analysis_duration,,,0.0,,,,
calendar_analysis_row_009819_part_0,calendar_analysis_row_009819,2023-02-11,2023-02-11 06:45:00+00:00,2023-02-11 07:00:00+00:00,Things,book:mlfp,book:mlfp,reading,mlfp,0.25,0.25,True,explicit_reading_or_audiobook_duration,0.25,calendar_analysis_duration,,,0.0,,,,
calendar_analysis_row_009837_part_0,calendar_analysis_row_009837,2023-02-12,2023-02-12 05:45:00+00:00,2023-02-12 07:00:00+00:00,Things,read: Conrad,read: Conrad,reading,Conrad,1.25,1.25,True,explicit_reading_or_audiobook_duration,1.25,calendar_analysis_duration,,,0.0,and call me conrad,finish_0172,2025-11-13,ref_to_finished_title
calendar_analysis_row_009849_part_0,calendar_analysis_row_009849,2023-02-12,2023-02-12 20:00:00+00:00,2023-02-12 20:30:00+00:00,Things,read: Conrad,read: Conrad,reading,Conrad,0.5,0.5,True,explicit_reading_or_audiobook_duration,0.5,calendar_analysis_duration,,,0.0,and call me conrad,finish_0172,2025-11-13,ref_to_finished_title
calendar_analysis_row_009875_part_0,calendar_analysis_row_009875,2023-02-14,2023-02-14 06:15:00+00:00,2023-02-14 06:45:00+00:00,Things,Book:mlfp,Book:mlfp,reading,mlfp,0.5,0.5,True,explicit_reading_or_audiobook_duration,0.5,calendar_analysis_duration,,,0.0,,,,
calendar_analysis_row_009942_part_0,calendar_analysis_row_009942,2023-02-18,2023-02-18 19:15:00+00:00,2023-02-18 20:00:00+00:00,clark.benham@gmail.com,read: ml,read: ml,reading,ml,0.75,0.75,True,explicit_reading_or_audiobook_duration,0.75,calendar_analysis_duration,,,0.0,,,,
calendar_analysis_row_009984_part_0,calendar_analysis_row_009984,2023-02-20,2023-02-20 19:15:00+00:00,2023-02-20 19:45:00+00:00,Things,Read: Kipling,Read: Kipling,reading,Kipling,0.5,0.5,True,explicit_reading_or_audiobook_duration,0.5,calendar_analysis_duration,,,0.0,Kipling by Harold bloom,finish_0115,2024-12-23,ref_to_finished_title
calendar_analysis_row_009988_part_0,calendar_analysis_row_009988,2023-02-20,2023-02-20 22:45:00+00:00,2023-02-20 23:30:00+00:00,Things,Read: Kipling,Read: Kipling,reading,Kipling,0.375,0.75,True,explicit_reading_or_audiobook_duration,0.375,calendar_analysis_duration_incompatible_overlap,ml matrix mult,clark.benham@gmail.com,0.0,Kipling by Harold bloom,finish_0115,2024-12-23,ref_to_finished_title
calendar_analysis_row_009999_part_0,calendar_analysis_row_009999,2023-02-21,2023-02-21 07:45:00+00:00,2023-02-21 08:30:00+00:00,clark.benham@gmail.com,Read: ml,Read: ml,reading,ml,0.75,0.75,True,explicit_reading_or_audiobook_duration,0.75,calendar_analysis_duration,,,0.0,,,,
calendar_analysis_row_010001_part_0,calendar_analysis_row_010001,2023-02-21,2023-02-21 09:00:00+00:00,2023-02-21 09:30:00+00:00,clark.benham@gmail.com,Read: ml,Read: ml,reading,ml,0.5,0.5,True,explicit_reading_or_audiobook_duration,0.5,calendar_analysis_duration,,,0.0,,,,
calendar_analysis_row_010014_part_0,calendar_analysis_row_010014,2023-02-22,2023-02-22 07:30:00+00:00,2023-02-22 08:00:00+00:00,Things,read: Kipling,read: Kipling,reading,Kipling,0.5,0.5,True,explicit_reading_or_audiobook_duration,0.5,calendar_analysis_duration,,,0.0,Kipling by Harold bloom,finish_0115,2024-12-23,ref_to_finished_title
calendar_analysis_row_010018_part_0,calendar_analysis_row_010018,2023-02-22,2023-02-22 17:15:00+00:00,2023-02-22 17:30:00+00:00,Things,read: Kipling,read: Kipling,reading,Kipling,0.25,0.25,True,explicit_reading_or_audiobook_duration,0.25,calendar_analysis_duration,,,0.0,Kipling by Harold bloom,finish_0115,2024-12-23,ref_to_finished_title
calendar_analysis_row_010024_part_0,calendar_analysis_row_010024,2023-02-23,2023-02-23 03:30:00+00:00,2023-02-23 03:45:00+00:00,Things,read: Kipling,read: Kipling,reading,Kipling,0.25,0.25,True,explicit_reading_or_audiobook_duration,0.25,calendar_analysis_duration,,,0.0,Kipling by Harold bloom,finish_0115,2024-12-23,ref_to_finished_title
calendar_analysis_row_010042_part_0,calendar_analysis_row_010042,2023-02-24,2023-02-24 06:30:00+00:00,2023-02-24 06:45:00+00:00,Things,Book:mlfp,Book:mlfp,reading,mlfp,0.25,0.25,True,explicit_reading_or_audiobook_duration,0.25,calendar_analysis_duration,,,0.0,,,,
calendar_analysis_row_010083_part_0,calendar_analysis_row_010083,2023-02-26,2023-02-26 08:45:00+00:00,2023-02-26 10:30:00+00:00,Things,book:wdycwopt,book:wdycwopt,reading,wdycwopt,1.75,1.75,True,explicit_reading_or_audiobook_duration,1.75,calendar_analysis_duration,,,0.0,wdycwopt,finish_0046,2023-02-27,ref_to_finished_title
calendar_analysis_row_010085_part_0,calendar_analysis_row_010085,2023-02-26,2023-02-26 18:15:00+00:00,2023-02-26 18:45:00+00:00,Things,book:wdycwopy,book:wdycwopy,reading,wdycwopy,0.5,0.5,True,explicit_reading_or_audiobook_duration,0.5,calendar_analysis_duration,,,0.0,,,,
calendar_analysis_row_010089_part_0,calendar_analysis_row_010089,2023-02-26,2023-02-26 21:00:00+00:00,2023-02-26 21:15:00+00:00,Things,book:wdycwopt,book:wdycwopt,reading,wdycwopt,0.125,0.25,True,explicit_reading_or_audiobook_duration,0.25,full_duration_minor_overlap,breakfast,"Meals, Supplements, Sleep",0.125,wdycwopt,finish_0046,2023-02-27,ref_to_finished_title
calendar_analysis_row_010090_part_0,calendar_analysis_row_010090,2023-02-26,2023-02-26 21:30:00+00:00,2023-02-26 23:30:00+00:00,Things,book:wdycwopt,book:wdycwopt,reading,wdycwopt,2.0,2.0,True,explicit_reading_or_audiobook_duration,2.0,calendar_analysis_duration,,,0.0,wdycwopt,finish_0046,2023-02-27,ref_to_finished_title
calendar_analysis_row_010096_part_0,calendar_analysis_row_010096,2023-02-27,2023-02-27 03:15:00+00:00,2023-02-27 03:30:00+00:00,Things,finished book: wdycwopt,finished book: wdycwopt,finished,wdycwopt,0.25,0.25,True,explicit_finished_book_duration,0.25,calendar_analysis_duration,,,0.0,wdycwopt,finish_0046,2023-02-27,finished_event_identity
calendar_analysis_row_010101_part_0,calendar_analysis_row_010101,2023-02-27,2023-02-27 07:00:00+00:00,2023-02-27 07:15:00+00:00,Things,book:rlai,book:rlai,reading,rlai,0.25,0.25,True,explicit_reading_or_audiobook_duration,0.25,calendar_analysis_duration,,,0.0,,,,
calendar_analysis_row_010104_part_0,calendar_analysis_row_010104,2023-02-27,2023-02-27 11:00:00+00:00,2023-02-27 11:15:00+00:00,Things,Book:rlai,Book:rlai,reading,rlai,0.25,0.25,True,explicit_reading_or_audiobook_duration,0.25,calendar_analysis_duration,,,0.0,,,,
calendar_analysis_row_010114_part_0,calendar_analysis_row_010114,2023-02-28,2023-02-28 03:30:00+00:00,2023-02-28 04:45:00+00:00,Things,book:syjf,book:syjf,reading,syjf,1.25,1.25,True,explicit_reading_or_audiobook_duration,1.25,calendar_analysis_duration,,,0.0,surely you’re joking Feynman,finish_0047,2023-03-01,ref_to_finished_title
calendar_analysis_row_010125_part_0,calendar_analysis_row_010125,2023-02-28,2023-02-28 19:30:00+00:00,2023-02-28 21:30:00+00:00,Things,book:syjf,book:syjf,reading,syjf,2.0,2.0,True,explicit_reading_or_audiobook_duration,2.0,calendar_analysis_duration,,,0.0,surely you’re joking Feynman,finish_0047,2023-03-01,ref_to_finished_title
calendar_analysis_row_010129_part_0,calendar_analysis_row_010129,2023-02-28,2023-02-28 23:00:00+00:00,2023-03-01 00:00:00+00:00,Things,book:syjf,book:syjf,reading,syjf,1.0,1.0,True,explicit_reading_or_audiobook_duration,1.0,calendar_analysis_duration,,,0.0,surely you’re joking Feynman,finish_0047,2023-03-01,ref_to_finished_title
calendar_analysis_row_010131_part_0,calendar_analysis_row_010131,2023-03-01,2023-03-01 02:15:00+00:00,2023-03-01 03:00:00+00:00,Things,book:syfj,book:syfj,reading,syfj,0.75,0.75,True,explicit_reading_or_audiobook_duration,0.75,calendar_analysis_duration,,,0.0,,,,
calendar_analysis_row_010133_part_0,calendar_analysis_row_010133,2023-03-01,2023-03-01 03:30:00+00:00,2023-03-01 04:45:00+00:00,Things,book:syjf,book:syjf,reading,syjf,1.1333333333333333,1.25,True,explicit_reading_or_audiobook_duration,1.25,full_duration_minor_overlap,dinner,"Meals, Supplements, Sleep",0.1166666666666667,surely you’re joking Feynman,finish_0047,2023-03-01,ref_to_finished_title
calendar_analysis_row_010136_part_0,calendar_analysis_row_010136,2023-03-01,2023-03-01 06:15:00+00:00,2023-03-01 07:00:00+00:00,Things,finished book: syjf,finished book: syjf,finished,syjf,0.75,0.75,True,explicit_finished_book_duration,0.75,calendar_analysis_duration,,,0.0,surely you’re joking Feynman,finish_0047,2023-03-01,finished_event_identity
calendar_analysis_row_010140_part_0,calendar_analysis_row_010140,2023-03-01,2023-03-01 09:30:00+00:00,2023-03-01 09:45:00+00:00,Things,book:rlai,book:rlai,reading,rlai,0.25,0.25,True,explicit_reading_or_audiobook_duration,0.25,calendar_analysis_duration,,,0.0,,,,
calendar_analysis_row_010148_part_0,calendar_analysis_row_010148,2023-03-02,2023-03-02 03:45:00+00:00,2023-03-02 04:15:00+00:00,Things,read: Kipling,read: Kipling,reading,Kipling,0.5,0.5,True,explicit_reading_or_audiobook_duration,0.5,calendar_analysis_duration,,,0.0,Kipling by Harold bloom,finish_0115,2024-12-23,ref_to_finished_title
calendar_analysis_row_010152_part_0,calendar_analysis_row_010152,2023-03-02,2023-03-02 05:45:00+00:00,2023-03-02 06:00:00+00:00,Things,Book:rlai,Book:rlai,reading,rlai,0.25,0.25,True,explicit_reading_or_audiobook_duration,0.25,calendar_analysis_duration,,,0.0,,,,
calendar_analysis_row_010160_part_0,calendar_analysis_row_010160,2023-03-02,2023-03-02 14:30:00+00:00,2023-03-02 14:45:00+00:00,clark.benham@gmail.com,read: rlai,read: rlai,reading,rlai,0.25,0.25,True,explicit_reading_or_audiobook_duration,0.25,calendar_analysis_duration,,,0.0,,,,
calendar_analysis_row_010184_part_0,calendar_analysis_row_010184,2023-03-04,2023-03-04 02:45:00+00:00,2023-03-04 03:15:00+00:00,Things,book:mod,book:mod,reading,mod,0.5,0.5,True,explicit_reading_or_audiobook_duration,0.5,calendar_analysis_duration,,,0.0,,,,
calendar_analysis_row_010221_part_0,calendar_analysis_row_010221,2023-03-06,2023-03-06 03:30:00+00:00,2023-03-06 03:45:00+00:00,Things,read,read,generic,,0.25,0.25,False,generic_temporal_read_not_counted_by_default,0.25,calendar_analysis_duration,,,0.0,tltf,finish_0048,2023-04-09,generic_temporal
calendar_analysis_row_010235_part_0,calendar_analysis_row_010235,2023-03-07,2023-03-07 06:15:00+00:00,2023-03-07 06:30:00+00:00,clark.benham@gmail.com,Read: ml,Read: ml,reading,ml,0.25,0.25,True,explicit_reading_or_audiobook_duration,0.25,calendar_analysis_duration,,,0.0,,,,
calendar_analysis_row_010236_part_0,calendar_analysis_row_010236,2023-03-07,2023-03-07 06:45:00+00:00,2023-03-07 07:00:00+00:00,Things,Book:rlai,Book:rlai,reading,rlai,0.25,0.25,True,explicit_reading_or_audiobook_duration,0.25,calendar_analysis_duration,,,0.0,,,,
calendar_analysis_row_010269_part_0,calendar_analysis_row_010269,2023-03-09,2023-03-09 04:30:00+00:00,2023-03-09 05:15:00+00:00,clark.benham@gmail.com,read: ml,read: ml,reading,ml,0.75,0.75,True,explicit_reading_or_audiobook_duration,0.75,calendar_analysis_duration,,,0.0,,,,
calendar_analysis_row_010297_part_0,calendar_analysis_row_010297,2023-03-13,2023-03-13 00:15:00+00:00,2023-03-13 03:55:00+00:00,clark.benham@gmail.com,read: ml,read: ml,reading,ml,3.541666666666667,3.6666666666666665,True,explicit_reading_or_audiobook_duration,3.6666666666666665,full_duration_minor_overlap,dinner,"Meals, Supplements, Sleep",0.12499999999999956,,,,
calendar_analysis_row_010300_part_0,calendar_analysis_row_010300,2023-03-13,2023-03-13 04:45:00+00:00,2023-03-13 05:15:00+00:00,Things,read: Kipling,read: Kipling,reading,Kipling,0.25,0.5,True,explicit_reading_or_audiobook_duration,0.5,full_duration_minor_overlap,travel,Things,0.25,Kipling by Harold bloom,finish_0115,2024-12-23,ref_to_finished_title
calendar_analysis_row_010357_part_0,calendar_analysis_row_010357,2023-03-16,2023-03-16 06:00:00+00:00,2023-03-16 06:15:00+00:00,Things,book:rlai,book:rlai,reading,rlai,0.25,0.25,True,explicit_reading_or_audiobook_duration,0.25,calendar_analysis_duration,,,0.0,,,,
calendar_analysis_row_010401_part_0,calendar_analysis_row_010401,2023-03-18,2023-03-18 07:45:00+00:00,2023-03-18 09:15:00+00:00,Things,read: Kipling,read: Kipling,reading,Kipling,1.5,1.5,True,explicit_reading_or_audiobook_duration,1.5,calendar_analysis_duration,,,0.0,Kipling by Harold bloom,finish_0115,2024-12-23,ref_to_finished_title
calendar_analysis_row_010419_part_0,calendar_analysis_row_010419,2023-03-18,2023-03-18 22:45:00+00:00,2023-03-18 23:30:00+00:00,Things,book:lmam,book:lmam,reading,lmam,0.75,0.75,True,explicit_reading_or_audiobook_duration,0.75,calendar_analysis_duration,,,0.0,,,,
calendar_analysis_row_010465_part_0,calendar_analysis_row_010465,2023-03-21,2023-03-21 05:15:00+00:00,2023-03-21 06:00:00+00:00,Things,read about Kipling,read about Kipling,reading,about Kipling,0.75,0.75,True,explicit_reading_or_audiobook_duration,0.75,calendar_analysis_duration,,,0.0,Kipling by Harold bloom,finish_0115,2024-12-23,ref_to_finished_title
calendar_analysis_row_010467_part_0,calendar_analysis_row_010467,2023-03-21,2023-03-21 14:15:00+00:00,2023-03-21 15:00:00+00:00,Things,Read: Kipling,Read: Kipling,reading,Kipling,0.75,0.75,True,explicit_reading_or_audiobook_duration,0.75,calendar_analysis_duration,,,0.0,Kipling by Harold bloom,finish_0115,2024-12-23,ref_to_finished_title
calendar_analysis_row_010484_part_0,calendar_analysis_row_010484,2023-03-22,2023-03-22 06:45:00+00:00,2023-03-22 07:00:00+00:00,Things,Book:rlai,Book:rlai,reading,rlai,0.25,0.25,True,explicit_reading_or_audiobook_duration,0.25,calendar_analysis_duration,,,0.0,,,,
calendar_analysis_row_010512_part_0,calendar_analysis_row_010512,2023-03-24,2023-03-24 03:00:00+00:00,2023-03-24 03:15:00+00:00,Things,Book:dmm,Book:dmm,reading,dmm,0.25,0.25,True,explicit_reading_or_audiobook_duration,0.25,calendar_analysis_duration,,,0.0,,,,
calendar_analysis_row_010516_part_0,calendar_analysis_row_010516,2023-03-24,2023-03-24 07:00:00+00:00,2023-03-24 08:00:00+00:00,Things,Book:rust,Book:rust,reading,rust,1.0,1.0,True,explicit_reading_or_audiobook_duration,1.0,calendar_analysis_duration,,,0.0,,,,
calendar_analysis_row_010556_part_0,calendar_analysis_row_010556,2023-03-26,2023-03-26 06:45:00+00:00,2023-03-26 07:30:00+00:00,Things,book:tltf,book:tltf,reading,tltf,0.75,0.75,True,explicit_reading_or_audiobook_duration,0.75,calendar_analysis_duration,,,0.0,tltf,finish_0048,2023-04-09,ref_to_finished_title
calendar_analysis_row_010603_part_0,calendar_analysis_row_010603,2023-03-28,2023-03-28 05:45:00+00:00,2023-03-28 06:15:00+00:00,Things,Book:rlai,Book:rlai,reading,rlai,0.5,0.5,True,explicit_reading_or_audiobook_duration,0.5,calendar_analysis_duration,,,0.0,,,,
calendar_analysis_row_010691_part_0,calendar_analysis_row_010691,2023-04-02,2023-04-02 05:30:00+00:00,2023-04-02 07:00:00+00:00,Things,book:tltf,book:tltf,reading,tltf,1.5,1.5,True,explicit_reading_or_audiobook_duration,1.5,calendar_analysis_duration,,,0.0,tltf,finish_0048,2023-04-09,ref_to_finished_title
calendar_analysis_row_010693_part_0,calendar_analysis_row_010693,2023-04-02,2023-04-02 08:30:00+00:00,2023-04-02 09:30:00+00:00,Things,Read: tlp,Read: tlp,reading,tlp,1.0,1.0,True,explicit_reading_or_audiobook_duration,1.0,calendar_analysis_duration,,,0.0,,,,
calendar_analysis_row_010702_part_0,calendar_analysis_row_010702,2023-04-02,2023-04-02 21:15:00+00:00,2023-04-02 23:00:00+00:00,Things,Read: TLP,Read: TLP,reading,TLP,1.75,1.75,True,explicit_reading_or_audiobook_duration,1.75,calendar_analysis_duration,,,0.0,,,,
calendar_analysis_row_010716_part_0,calendar_analysis_row_010716,2023-04-03,2023-04-03 05:00:00+00:00,2023-04-03 07:30:00+00:00,Things,Read: TLP,Read: TLP,reading,TLP,2.5,2.5,True,explicit_reading_or_audiobook_duration,2.5,calendar_analysis_duration,,,0.0,,,,
calendar_analysis_row_010720_part_0,calendar_analysis_row_010720,2023-04-03,2023-04-03 09:30:00+00:00,2023-04-03 10:45:00+00:00,Things,Read: TLP,Read: TLP,reading,TLP,1.25,1.25,True,explicit_reading_or_audiobook_duration,1.25,calendar_analysis_duration,,,0.0,,,,
calendar_analysis_row_010727_part_0,calendar_analysis_row_010727,2023-04-03,2023-04-03 12:30:00+00:00,2023-04-03 13:30:00+00:00,Things,Read: TLP,Read: TLP,reading,TLP,1.0,1.0,True,explicit_reading_or_audiobook_duration,1.0,calendar_analysis_duration,,,0.0,,,,
calendar_analysis_row_010812_part_0,calendar_analysis_row_010812,2023-04-08,2023-04-08 08:30:00+00:00,2023-04-08 09:15:00+00:00,Things,Book:tltf,Book:tltf,reading,tltf,0.75,0.75,True,explicit_reading_or_audiobook_duration,0.75,calendar_analysis_duration,,,0.0,tltf,finish_0048,2023-04-09,ref_to_finished_title
calendar_analysis_row_010823_part_0,calendar_analysis_row_010823,2023-04-08,2023-04-08 20:30:00+00:00,2023-04-08 21:30:00+00:00,Things,Book:tltf,Book:tltf,reading,tltf,1.0,1.0,True,explicit_reading_or_audiobook_duration,1.0,calendar_analysis_duration,,,0.0,tltf,finish_0048,2023-04-09,ref_to_finished_title
calendar_analysis_row_010830_part_0,calendar_analysis_row_010830,2023-04-09,2023-04-09 07:00:00+00:00,2023-04-09 07:15:00+00:00,Things,Finished book: tltf,Finished book: tltf,finished,tltf,0.25,0.25,True,explicit_finished_book_duration,0.25,calendar_analysis_duration,,,0.0,tltf,finish_0048,2023-04-09,finished_event_identity
calendar_analysis_row_010839_part_0,calendar_analysis_row_010839,2023-04-09,2023-04-09 16:30:00+00:00,2023-04-09 17:00:00+00:00,Things,Book:diaspora,Book:diaspora,reading,diaspora,0.5,0.5,True,explicit_reading_or_audiobook_duration,0.5,calendar_analysis_duration,,,0.0,,,,
calendar_analysis_row_010932_part_0,calendar_analysis_row_010932,2023-04-13,2023-04-13 21:15:00+00:00,2023-04-14 00:00:00+00:00,Things,book:tmc,book:tmc,reading,tmc,1.375,2.75,True,explicit_reading_or_audiobook_duration,1.375,calendar_analysis_duration_incompatible_overlap,Job: Hive,clark.benham@gmail.com,0.0,,,,
calendar_analysis_row_010951_part_0,calendar_analysis_row_010951,2023-04-15,2023-04-15 01:15:00+00:00,2023-04-15 01:30:00+00:00,Things,book:afrm,book:afrm,reading,afrm,0.25,0.25,True,explicit_reading_or_audiobook_duration,0.25,calendar_analysis_duration,,,0.0,,,,
calendar_analysis_row_010953_part_0,calendar_analysis_row_010953,2023-04-15,2023-04-15 09:30:00+00:00,2023-04-15 11:00:00+00:00,Things,Book:afrm,Book:afrm,reading,afrm,1.5,1.5,True,explicit_reading_or_audiobook_duration,1.5,calendar_analysis_duration,,,0.0,,,,
calendar_analysis_row_010983_part_0,calendar_analysis_row_010983,2023-04-16,2023-04-16 08:45:00+00:00,2023-04-16 09:45:00+00:00,Things,book:ffac,book:ffac,reading,ffac,1.0,1.0,True,explicit_reading_or_audiobook_duration,1.0,calendar_analysis_duration,,,0.0,Full Faith and Credit,finish_0049,2023-04-24,ref_to_finished_title
calendar_analysis_row_010986_part_0,calendar_analysis_row_010986,2023-04-16,2023-04-16 15:15:00+00:00,2023-04-16 16:00:00+00:00,Things,Book:ffac,Book:ffac,reading,ffac,0.75,0.75,True,explicit_reading_or_audiobook_duration,0.75,calendar_analysis_duration,,,0.0,Full Faith and Credit,finish_0049,2023-04-24,ref_to_finished_title
calendar_analysis_row_011042_part_0,calendar_analysis_row_011042,2023-04-19,2023-04-19 07:15:00+00:00,2023-04-19 08:15:00+00:00,Things,Book:ffac,Book:ffac,reading,ffac,1.0,1.0,True,explicit_reading_or_audiobook_duration,1.0,calendar_analysis_duration,,,0.0,Full Faith and Credit,finish_0049,2023-04-24,ref_to_finished_title
calendar_analysis_row_011057_part_0,calendar_analysis_row_011057,2023-04-20,2023-04-20 04:30:00+00:00,2023-04-20 06:15:00+00:00,Things,Book:ffac,Book:ffac,reading,ffac,1.75,1.75,True,explicit_reading_or_audiobook_duration,1.75,calendar_analysis_duration,,,0.0,Full Faith and Credit,finish_0049,2023-04-24,ref_to_finished_title
calendar_analysis_row_011073_part_0,calendar_analysis_row_011073,2023-04-21,2023-04-21 05:45:00+00:00,2023-04-21 06:15:00+00:00,Things,Book:ffac,Book:ffac,reading,ffac,0.5,0.5,True,explicit_reading_or_audiobook_duration,0.5,calendar_analysis_duration,,,0.0,Full Faith and Credit,finish_0049,2023-04-24,ref_to_finished_title
calendar_analysis_row_011074_part_0,calendar_analysis_row_011074,2023-04-21,2023-04-21 06:30:00+00:00,2023-04-21 06:45:00+00:00,Things,Read: ml,Read: ml,reading,ml,0.25,0.25,True,explicit_reading_or_audiobook_duration,0.25,calendar_analysis_duration,,,0.0,,,,
calendar_analysis_row_011105_part_0,calendar_analysis_row_011105,2023-04-22,2023-04-22 22:00:00+00:00,2023-04-22 22:45:00+00:00,Things,read: kipling,read: kipling,reading,kipling,0.75,0.75,True,explicit_reading_or_audiobook_duration,0.75,calendar_analysis_duration,,,0.0,Kipling by Harold bloom,finish_0115,2024-12-23,ref_to_finished_title
calendar_analysis_row_011120_part_0,calendar_analysis_row_011120,2023-04-23,2023-04-23 19:00:00+00:00,2023-04-23 20:15:00+00:00,Things,book:ffac,book:ffac,reading,ffac,1.25,1.25,True,explicit_reading_or_audiobook_duration,1.25,calendar_analysis_duration,,,0.0,Full Faith and Credit,finish_0049,2023-04-24,ref_to_finished_title
calendar_analysis_row_011131_part_0,calendar_analysis_row_011131,2023-04-24,2023-04-24 02:15:00+00:00,2023-04-24 03:30:00+00:00,Things,Finished book: ffac,Finished book: ffac,finished,ffac,1.25,1.25,True,explicit_finished_book_duration,1.25,calendar_analysis_duration,,,0.0,Full Faith and Credit,finish_0049,2023-04-24,finished_event_identity
calendar_analysis_row_011189_part_0,calendar_analysis_row_011189,2023-04-28,2023-04-28 04:30:00+00:00,2023-04-28 04:45:00+00:00,clark.benham@gmail.com,read: ml,read: ml,reading,ml,0.25,0.25,True,explicit_reading_or_audiobook_duration,0.25,calendar_analysis_duration,,,0.0,,,,
calendar_analysis_row_011209_part_0,calendar_analysis_row_011209,2023-04-29,2023-04-29 18:00:00+00:00,2023-04-29 18:30:00+00:00,Things,read: Kipling,read: Kipling,reading,Kipling,0.5,0.5,True,explicit_reading_or_audiobook_duration,0.5,calendar_analysis_duration,,,0.0,Kipling by Harold bloom,finish_0115,2024-12-23,ref_to_finished_title
calendar_analysis_row_011249_part_0,calendar_analysis_row_011249,2023-05-01,2023-05-01 05:45:00+00:00,2023-05-01 06:15:00+00:00,Things,book:sl,book:sl,reading,sl,0.5,0.5,True,explicit_reading_or_audiobook_duration,0.5,calendar_analysis_duration,,,0.0,screwtape letters,finish_0050,2023-05-03,ref_to_finished_title
calendar_analysis_row_011263_part_0,calendar_analysis_row_011263,2023-05-02,2023-05-02 05:00:00+00:00,2023-05-02 05:15:00+00:00,Things,Book:sl,Book:sl,reading,sl,0.25,0.25,True,explicit_reading_or_audiobook_duration,0.25,calendar_analysis_duration,,,0.0,screwtape letters,finish_0050,2023-05-03,ref_to_finished_title
calendar_analysis_row_011268_part_0,calendar_analysis_row_011268,2023-05-02,2023-05-02 15:45:00+00:00,2023-05-02 16:30:00+00:00,Things,Book:sl,Book:sl,reading,sl,0.75,0.75,True,explicit_reading_or_audiobook_duration,0.75,calendar_analysis_duration,,,0.0,screwtape letters,finish_0050,2023-05-03,ref_to_finished_title
calendar_analysis_row_011274_part_0,calendar_analysis_row_011274,2023-05-03,2023-05-03 01:45:00+00:00,2023-05-03 02:15:00+00:00,Things,Finished book: Screwtape letters,Finished book: Screwtape letters,finished,Screwtape letters,0.5,0.5,True,explicit_finished_book_duration,0.5,calendar_analysis_duration,,,0.0,screwtape letters,finish_0050,2023-05-03,finished_event_identity
calendar_analysis_row_011275_part_0,calendar_analysis_row_011275,2023-05-03,2023-05-03 02:15:00+00:00,2023-05-03 04:00:00+00:00,Things,book:tgd,book:tgd,reading,tgd,1.75,1.75,True,explicit_reading_or_audiobook_duration,1.75,calendar_analysis_duration,,,0.0,the great divorce,finish_0129,2025-03-06,ref_to_finished_title
calendar_analysis_row_011279_part_0,calendar_analysis_row_011279,2023-05-03,2023-05-03 05:30:00+00:00,2023-05-03 05:45:00+00:00,Things,Read: Kipling,Read: Kipling,reading,Kipling,0.25,0.25,True,explicit_reading_or_audiobook_duration,0.25,calendar_analysis_duration,,,0.0,Kipling by Harold bloom,finish_0115,2024-12-23,ref_to_finished_title
calendar_analysis_row_011352_part_0,calendar_analysis_row_011352,2023-05-07,2023-05-07 05:30:00+00:00,2023-05-07 06:15:00+00:00,Things,Read: Kipling,Read: Kipling,reading,Kipling,0.75,0.75,True,explicit_reading_or_audiobook_duration,0.75,calendar_analysis_duration,,,0.0,Kipling by Harold bloom,finish_0115,2024-12-23,ref_to_finished_title
calendar_analysis_row_011379_part_0,calendar_analysis_row_011379,2023-05-08,2023-05-08 03:45:00+00:00,2023-05-08 07:45:00+00:00,Things,Read: Kipling,Read: Kipling,reading,Kipling,4.0,4.0,True,explicit_reading_or_audiobook_duration,4.0,calendar_analysis_duration,,,0.0,Kipling by Harold bloom,finish_0115,2024-12-23,ref_to_finished_title
calendar_analysis_row_011405_part_0,calendar_analysis_row_011405,2023-05-10,2023-05-10 01:45:00+00:00,2023-05-10 02:45:00+00:00,clark.benham@gmail.com,read: ml,read: ml,reading,ml,1.0,1.0,True,explicit_reading_or_audiobook_duration,1.0,calendar_analysis_duration,,,0.0,,,,
calendar_analysis_row_011411_part_0,calendar_analysis_row_011411,2023-05-10,2023-05-10 05:45:00+00:00,2023-05-10 06:15:00+00:00,Things,book:wthwos,book:wthwos,reading,wthwos,0.5,0.5,True,explicit_reading_or_audiobook_duration,0.5,calendar_analysis_duration,,,0.0,,,,
calendar_analysis_row_011413_part_0,calendar_analysis_row_011413,2023-05-10,2023-05-10 07:30:00+00:00,2023-05-10 08:00:00+00:00,Things,Book,Book,generic,,0.5,0.5,False,generic_temporal_read_not_counted_by_default,0.5,calendar_analysis_duration,,,0.0,autobiography of ben franklin,finish_0051,2023-05-20,generic_temporal
calendar_analysis_row_011414_part_0,calendar_analysis_row_011414,2023-05-10,2023-05-10 08:00:00+00:00,2023-05-10 08:30:00+00:00,Things,listen to Kipling,listen to Kipling,audiobook,Kipling,0.5,0.5,True,explicit_reading_or_audiobook_duration,0.5,calendar_analysis_duration,,,0.0,Kipling by Harold bloom,finish_0115,2024-12-23,ref_to_finished_title
calendar_analysis_row_011448_part_0,calendar_analysis_row_011448,2023-05-14,2023-05-14 04:15:00+00:00,2023-05-14 04:45:00+00:00,Things,book:pl,book:pl,reading,pl,0.5,0.5,True,explicit_reading_or_audiobook_duration,0.5,calendar_analysis_duration,,,0.0,parkinson's law,finish_0119,2025-01-15,ref_to_finished_title
calendar_analysis_row_011456_part_0,calendar_analysis_row_011456,2023-05-15,2023-05-15 03:45:00+00:00,2023-05-15 04:00:00+00:00,Things,book:pra,book:pra,reading,pra,0.25,0.25,True,explicit_reading_or_audiobook_duration,0.25,calendar_analysis_duration,,,0.0,,,,
calendar_analysis_row_011467_part_0,calendar_analysis_row_011467,2023-05-15,2023-05-15 21:45:00+00:00,2023-05-15 22:30:00+00:00,Things,book:pr,book:pr,reading,pr,0.75,0.75,True,explicit_reading_or_audiobook_duration,0.75,calendar_analysis_duration,,,0.0,,,,
calendar_analysis_row_011487_part_0,calendar_analysis_row_011487,2023-05-16,2023-05-16 17:45:00+00:00,2023-05-16 19:00:00+00:00,Things,book:abbf,book:abbf,reading,abbf,1.25,1.25,True,explicit_reading_or_audiobook_duration,1.25,calendar_analysis_duration,,,0.0,,,,
calendar_analysis_row_011502_part_0,calendar_analysis_row_011502,2023-05-17,2023-05-17 04:45:00+00:00,2023-05-17 05:30:00+00:00,Things,Book:bfa,Book:bfa,reading,bfa,0.75,0.75,True,explicit_reading_or_audiobook_duration,0.75,calendar_analysis_duration,,,0.0,,,,
calendar_analysis_row_011503_part_0,calendar_analysis_row_011503,2023-05-17,2023-05-17 06:00:00+00:00,2023-05-17 06:15:00+00:00,Things,Book:bfa,Book:bfa,reading,bfa,0.25,0.25,True,explicit_reading_or_audiobook_duration,0.25,calendar_analysis_duration,,,0.0,,,,
calendar_analysis_row_011518_part_0,calendar_analysis_row_011518,2023-05-18,2023-05-18 04:15:00+00:00,2023-05-18 04:45:00+00:00,Things,Book:abf,Book:abf,reading,abf,0.5,0.5,True,explicit_reading_or_audiobook_duration,0.5,calendar_analysis_duration,,,0.0,autobiography of ben franklin,finish_0051,2023-05-20,ref_to_finished_title
calendar_analysis_row_011520_part_0,calendar_analysis_row_011520,2023-05-18,2023-05-18 11:00:00+00:00,2023-05-18 11:45:00+00:00,Things,Book:abf,Book:abf,reading,abf,0.75,0.75,True,explicit_reading_or_audiobook_duration,0.75,calendar_analysis_duration,,,0.0,autobiography of ben franklin,finish_0051,2023-05-20,ref_to_finished_title
calendar_analysis_row_011537_part_0,calendar_analysis_row_011537,2023-05-19,2023-05-19 06:30:00+00:00,2023-05-19 07:00:00+00:00,Things,Book:abf,Book:abf,reading,abf,0.5,0.5,True,explicit_reading_or_audiobook_duration,0.5,calendar_analysis_duration,,,0.0,autobiography of ben franklin,finish_0051,2023-05-20,ref_to_finished_title
calendar_analysis_row_011549_part_0,calendar_analysis_row_011549,2023-05-20,2023-05-20 07:00:00+00:00,2023-05-20 08:00:00+00:00,Things,Finished Book: abf,Finished Book: abf,finished,abf,1.0,1.0,True,explicit_finished_book_duration,1.0,calendar_analysis_duration,,,0.0,autobiography of ben franklin,finish_0051,2023-05-20,finished_event_identity
calendar_analysis_row_011712_part_0,calendar_analysis_row_011712,2023-06-01,2023-06-01 11:15:00+00:00,2023-06-01 11:30:00+00:00,Things,Book:sp,Book:sp,reading,sp,0.25,0.25,True,explicit_reading_or_audiobook_duration,0.25,calendar_analysis_duration,,,0.0,,,,
calendar_analysis_row_011840_part_0,calendar_analysis_row_011840,2023-06-07,2023-06-07 05:30:00+00:00,2023-06-07 05:45:00+00:00,clark.benham@gmail.com,Read: ML,Read: ML,reading,ML,0.25,0.25,True,explicit_reading_or_audiobook_duration,0.25,calendar_analysis_duration,,,0.0,,,,
calendar_analysis_row_011887_part_0,calendar_analysis_row_011887,2023-06-09,2023-06-09 06:00:00+00:00,2023-06-09 06:15:00+00:00,Things,Book:etdg,Book:etdg,reading,etdg,0.25,0.25,True,explicit_reading_or_audiobook_duration,0.25,calendar_analysis_duration,,,0.0,Essays to Do Good,finish_0056,2023-08-05,ref_to_finished_title
calendar_analysis_row_011888_part_0,calendar_analysis_row_011888,2023-06-09,2023-06-09 06:30:00+00:00,2023-06-09 06:45:00+00:00,Things,Book:etdg,Book:etdg,reading,etdg,0.25,0.25,True,explicit_reading_or_audiobook_duration,0.25,calendar_analysis_duration,,,0.0,Essays to Do Good,finish_0056,2023-08-05,ref_to_finished_title
calendar_analysis_row_011905_part_0,calendar_analysis_row_011905,2023-06-10,2023-06-10 00:30:00+00:00,2023-06-10 00:45:00+00:00,clark.benham@gmail.com,read,read,generic,,0.25,0.25,False,generic_temporal_read_not_counted_by_default,0.25,calendar_analysis_duration,,,0.0,starship troopers,finish_0052,2023-06-20,generic_temporal
calendar_analysis_row_011953_part_0,calendar_analysis_row_011953,2023-06-12,2023-06-12 04:00:00+00:00,2023-06-12 04:15:00+00:00,Things,book:st,book:st,reading,st,0.25,0.25,True,explicit_reading_or_audiobook_duration,0.25,calendar_analysis_duration,,,0.0,starship troopers,finish_0052,2023-06-20,ref_to_finished_title
calendar_analysis_row_012087_part_0,calendar_analysis_row_012087,2023-06-20,2023-06-20 04:15:00+00:00,2023-06-20 05:15:00+00:00,Things,book:st,book:st,reading,st,1.0,1.0,True,explicit_reading_or_audiobook_duration,1.0,calendar_analysis_duration,,,0.0,starship troopers,finish_0052,2023-06-20,ref_to_finished_title
calendar_analysis_row_012096_part_0,calendar_analysis_row_012096,2023-06-20,2023-06-20 17:15:00+00:00,2023-06-20 20:45:00+00:00,Things,finished book: starship troopers,finished book: starship troopers,finished,starship troopers,1.6666666666666663,3.5,True,explicit_finished_book_duration,1.6666666666666663,calendar_analysis_duration_incompatible_overlap,Job: Hive | breakfast | lunch,"Meals, Supplements, Sleep | clark.benham@gmail.com",0.0,starship troopers,finish_0052,2023-06-20,finished_event_identity
calendar_analysis_row_012103_part_0,calendar_analysis_row_012103,2023-06-21,2023-06-21 01:15:00+00:00,2023-06-21 01:45:00+00:00,Things,Read: rust,Read: rust,reading,rust,0.5,0.5,True,explicit_reading_or_audiobook_duration,0.5,calendar_analysis_duration,,,0.0,,,,
calendar_analysis_row_012112_part_0,calendar_analysis_row_012112,2023-06-21,2023-06-21 05:00:00+00:00,2023-06-21 05:30:00+00:00,Things,Read: Rust,Read: Rust,reading,Rust,0.5,0.5,True,explicit_reading_or_audiobook_duration,0.5,calendar_analysis_duration,,,0.0,,,,
calendar_analysis_row_012128_part_0,calendar_analysis_row_012128,2023-06-22,2023-06-22 05:30:00+00:00,2023-06-22 06:00:00+00:00,Things,Read: rust,Read: rust,reading,rust,0.5,0.5,True,explicit_reading_or_audiobook_duration,0.5,calendar_analysis_duration,,,0.0,,,,
calendar_analysis_row_012129_part_0,calendar_analysis_row_012129,2023-06-22,2023-06-22 06:15:00+00:00,2023-06-22 06:30:00+00:00,Things,Read: Rust,Read: Rust,reading,Rust,0.25,0.25,True,explicit_reading_or_audiobook_duration,0.25,calendar_analysis_duration,,,0.0,,,,
calendar_analysis_row_012150_part_0,calendar_analysis_row_012150,2023-06-23,2023-06-23 05:45:00+00:00,2023-06-23 06:00:00+00:00,Things,book:Rust,book:Rust,reading,Rust,0.25,0.25,True,explicit_reading_or_audiobook_duration,0.25,calendar_analysis_duration,,,0.0,,,,
calendar_analysis_row_012186_part_0,calendar_analysis_row_012186,2023-06-25,2023-06-25 08:30:00+00:00,2023-06-25 09:30:00+00:00,Things,Read: Kipling,Read: Kipling,reading,Kipling,1.0,1.0,True,explicit_reading_or_audiobook_duration,1.0,calendar_analysis_duration,,,0.0,Kipling by Harold bloom,finish_0115,2024-12-23,ref_to_finished_title
calendar_analysis_row_012279_part_0,calendar_analysis_row_012279,2023-06-29,2023-06-29 06:00:00+00:00,2023-06-29 06:15:00+00:00,Things,Book:mlfp,Book:mlfp,reading,mlfp,0.25,0.25,True,explicit_reading_or_audiobook_duration,0.25,calendar_analysis_duration,,,0.0,,,,
calendar_analysis_row_012327_part_0,calendar_analysis_row_012327,2023-07-02,2023-07-02 05:15:00+00:00,2023-07-02 06:00:00+00:00,Things,book:siasl,book:siasl,reading,siasl,0.75,0.75,True,explicit_reading_or_audiobook_duration,0.75,calendar_analysis_duration,,,0.0,Stranger in a Strange Land,finish_0053,2023-07-05,ref_to_finished_title
calendar_analysis_row_012329_part_0,calendar_analysis_row_012329,2023-07-02,2023-07-02 06:15:00+00:00,2023-07-02 07:45:00+00:00,Things,Book:siasl,Book:siasl,reading,siasl,1.5,1.5,True,explicit_reading_or_audiobook_duration,1.5,calendar_analysis_duration,,,0.0,Stranger in a Strange Land,finish_0053,2023-07-05,ref_to_finished_title
calendar_analysis_row_012356_part_0,calendar_analysis_row_012356,2023-07-03,2023-07-03 02:00:00+00:00,2023-07-03 02:15:00+00:00,Things,book:siasl,book:siasl,reading,siasl,0.25,0.25,True,explicit_reading_or_audiobook_duration,0.25,calendar_analysis_duration,,,0.0,Stranger in a Strange Land,finish_0053,2023-07-05,ref_to_finished_title
calendar_analysis_row_012361_part_0,calendar_analysis_row_012361,2023-07-03,2023-07-03 05:00:00+00:00,2023-07-03 06:45:00+00:00,Things,Book:siasl,Book:siasl,reading,siasl,1.75,1.75,True,explicit_reading_or_audiobook_duration,1.75,calendar_analysis_duration,,,0.0,Stranger in a Strange Land,finish_0053,2023-07-05,ref_to_finished_title
calendar_analysis_row_012372_part_0,calendar_analysis_row_012372,2023-07-03,2023-07-03 19:45:00+00:00,2023-07-03 22:15:00+00:00,Things,book:siasl,book:siasl,reading,siasl,1.25,2.5,True,explicit_reading_or_audiobook_duration,1.25,calendar_analysis_duration_incompatible_overlap,Job: Hive,clark.benham@gmail.com,0.0,Stranger in a Strange Land,finish_0053,2023-07-05,ref_to_finished_title
calendar_analysis_row_012374_part_0,calendar_analysis_row_012374,2023-07-03,2023-07-03 23:00:00+00:00,2023-07-03 23:15:00+00:00,Things,book:siasl,book:siasl,reading,siasl,0.125,0.25,True,explicit_reading_or_audiobook_duration,0.25,full_duration_minor_overlap,Job: Hive,clark.benham@gmail.com,0.125,Stranger in a Strange Land,finish_0053,2023-07-05,ref_to_finished_title
calendar_analysis_row_012375_part_0,calendar_analysis_row_012375,2023-07-04,2023-07-04 01:30:00+00:00,2023-07-04 02:00:00+00:00,Things,Book:siasl,Book:siasl,reading,siasl,0.5,0.5,True,explicit_reading_or_audiobook_duration,0.5,calendar_analysis_duration,,,0.0,Stranger in a Strange Land,finish_0053,2023-07-05,ref_to_finished_title
calendar_analysis_row_012377_part_0,calendar_analysis_row_012377,2023-07-04,2023-07-04 02:30:00+00:00,2023-07-04 02:45:00+00:00,Things,Book:siasl,Book:siasl,reading,siasl,0.25,0.25,True,explicit_reading_or_audiobook_duration,0.25,calendar_analysis_duration,,,0.0,Stranger in a Strange Land,finish_0053,2023-07-05,ref_to_finished_title
calendar_analysis_row_012393_part_0,calendar_analysis_row_012393,2023-07-04,2023-07-04 19:45:00+00:00,2023-07-04 20:45:00+00:00,Things,Book:siasl,Book:siasl,reading,siasl,1.0,1.0,True,explicit_reading_or_audiobook_duration,1.0,calendar_analysis_duration,,,0.0,Stranger in a Strange Land,finish_0053,2023-07-05,ref_to_finished_title
calendar_analysis_row_012401_part_0,calendar_analysis_row_012401,2023-07-05,2023-07-05 02:30:00+00:00,2023-07-05 05:00:00+00:00,Things,Finished Book: siasl,Finished Book: siasl,finished,siasl,2.5,2.5,True,explicit_finished_book_duration,2.5,calendar_analysis_duration,,,0.0,Stranger in a Strange Land,finish_0053,2023-07-05,finished_event_identity
calendar_analysis_row_012420_part_0,calendar_analysis_row_012420,2023-07-06,2023-07-06 05:30:00+00:00,2023-07-06 05:45:00+00:00,Things,read: mlfp,read: mlfp,reading,mlfp,0.25,0.25,True,explicit_reading_or_audiobook_duration,0.25,calendar_analysis_duration,,,0.0,,,,
calendar_analysis_row_012450_part_0,calendar_analysis_row_012450,2023-07-08,2023-07-08 06:15:00+00:00,2023-07-08 07:30:00+00:00,Things,Read: Kipling,Read: Kipling,reading,Kipling,1.25,1.25,True,explicit_reading_or_audiobook_duration,1.25,calendar_analysis_duration,,,0.0,Kipling by Harold bloom,finish_0115,2024-12-23,ref_to_finished_title
calendar_analysis_row_012512_part_0,calendar_analysis_row_012512,2023-07-10,2023-07-10 06:00:00+00:00,2023-07-10 06:15:00+00:00,Things,Read,Read,generic,,0.25,0.25,False,generic_temporal_read_not_counted_by_default,0.25,calendar_analysis_duration,,,0.0,Bone,finish_0054,2023-07-14,generic_temporal
calendar_analysis_row_012513_part_0,calendar_analysis_row_012513,2023-07-10,2023-07-10 06:30:00+00:00,2023-07-10 06:45:00+00:00,Things,Book:etdg,Book:etdg,reading,etdg,0.25,0.25,True,explicit_reading_or_audiobook_duration,0.25,calendar_analysis_duration,,,0.0,Essays to Do Good,finish_0056,2023-08-05,ref_to_finished_title
calendar_analysis_row_012567_part_0,calendar_analysis_row_012567,2023-07-13,2023-07-13 03:00:00+00:00,2023-07-13 03:15:00+00:00,Waste Time,Book:Bone,Book:Bone,reading,Bone,0.25,0.25,True,explicit_reading_or_audiobook_duration,0.25,calendar_analysis_duration,,,0.0,Bone,finish_0054,2023-07-14,ref_to_finished_title
calendar_analysis_row_012576_part_0,calendar_analysis_row_012576,2023-07-13,2023-07-13 16:00:00+00:00,2023-07-13 18:00:00+00:00,Waste Time,book:Bone,book:Bone,reading,Bone,2.0,2.0,True,explicit_reading_or_audiobook_duration,2.0,calendar_analysis_duration,,,0.0,Bone,finish_0054,2023-07-14,ref_to_finished_title
calendar_analysis_row_012587_part_0,calendar_analysis_row_012587,2023-07-13,2023-07-13 21:30:00+00:00,2023-07-13 22:45:00+00:00,Waste Time,Book:Bone,Book:Bone,reading,Bone,1.25,1.25,True,explicit_reading_or_audiobook_duration,1.25,calendar_analysis_duration,,,0.0,Bone,finish_0054,2023-07-14,ref_to_finished_title
calendar_analysis_row_012591_part_0,calendar_analysis_row_012591,2023-07-14,2023-07-14 05:15:00+00:00,2023-07-14 05:45:00+00:00,Waste Time,finished book: Bone,finished book: Bone,finished,Bone,0.5,0.5,True,explicit_finished_book_duration,0.5,calendar_analysis_duration,,,0.0,Bone,finish_0054,2023-07-14,finished_event_identity
calendar_analysis_row_012690_part_0,calendar_analysis_row_012690,2023-07-19,2023-07-19 05:00:00+00:00,2023-07-19 05:30:00+00:00,Things,Book:mlfp,Book:mlfp,reading,mlfp,0.5,0.5,True,explicit_reading_or_audiobook_duration,0.5,calendar_analysis_duration,,,0.0,,,,
calendar_analysis_row_012794_part_0,calendar_analysis_row_012794,2023-07-23,2023-07-23 23:00:00+00:00,2023-07-23 23:15:00+00:00,Things,Books,Books,generic,,0.25,0.25,False,generic_temporal_read_not_counted_by_default,0.25,calendar_analysis_duration,,,0.0,The Moon Is A Harsh Mistress,finish_0055,2023-07-26,generic_temporal
calendar_analysis_row_012835_part_0,calendar_analysis_row_012835,2023-07-25,2023-07-25 17:30:00+00:00,2023-07-25 18:45:00+00:00,Things,book:tmiahm,book:tmiahm,reading,tmiahm,1.25,1.25,True,explicit_reading_or_audiobook_duration,1.25,calendar_analysis_duration,,,0.0,The Moon Is A Harsh Mistress,finish_0055,2023-07-26,ref_to_finished_title
calendar_analysis_row_012843_part_0,calendar_analysis_row_012843,2023-07-25,2023-07-25 21:00:00+00:00,2023-07-25 21:45:00+00:00,Things,Book:tmiahm,Book:tmiahm,reading,tmiahm,0.75,0.75,True,explicit_reading_or_audiobook_duration,0.75,calendar_analysis_duration,,,0.0,The Moon Is A Harsh Mistress,finish_0055,2023-07-26,ref_to_finished_title
calendar_analysis_row_012853_part_0,calendar_analysis_row_012853,2023-07-26,2023-07-26 05:00:00+00:00,2023-07-26 08:30:00+00:00,Things,Book:tmiahm,Book:tmiahm,reading,tmiahm,3.5,3.5,True,explicit_reading_or_audiobook_duration,3.5,calendar_analysis_duration,,,0.0,The Moon Is A Harsh Mistress,finish_0055,2023-07-26,ref_to_finished_title
calendar_analysis_row_012856_part_0,calendar_analysis_row_012856,2023-07-26,2023-07-26 16:00:00+00:00,2023-07-26 17:45:00+00:00,Things,Finished book: The Moon Is A Harsh Mistress,Finished book: The Moon Is A Harsh Mistress,finished,The Moon Is A Harsh Mistress,1.75,1.75,True,explicit_finished_book_duration,1.75,calendar_analysis_duration,,,0.0,The Moon Is A Harsh Mistress,finish_0055,2023-07-26,finished_event_identity
calendar_analysis_row_012903_part_0,calendar_analysis_row_012903,2023-07-28,2023-07-28 06:30:00+00:00,2023-07-28 07:00:00+00:00,Things,Book:etdg,Book:etdg,reading,etdg,0.5,0.5,True,explicit_reading_or_audiobook_duration,0.5,calendar_analysis_duration,,,0.0,Essays to Do Good,finish_0056,2023-08-05,ref_to_finished_title
calendar_analysis_row_012935_part_0,calendar_analysis_row_012935,2023-07-29,2023-07-29 06:00:00+00:00,2023-07-29 07:00:00+00:00,Things,Read: Kipling,Read: Kipling,reading,Kipling,1.0,1.0,True,explicit_reading_or_audiobook_duration,1.0,calendar_analysis_duration,,,0.0,Kipling by Harold bloom,finish_0115,2024-12-23,ref_to_finished_title
calendar_analysis_row_012937_part_0,calendar_analysis_row_012937,2023-07-29,2023-07-29 14:15:00+00:00,2023-07-29 15:15:00+00:00,Things,Read: Kipling,Read: Kipling,reading,Kipling,1.0,1.0,True,explicit_reading_or_audiobook_duration,1.0,calendar_analysis_duration,,,0.0,Kipling by Harold bloom,finish_0115,2024-12-23,ref_to_finished_title
calendar_analysis_row_013063_part_0,calendar_analysis_row_013063,2023-08-05,2023-08-05 18:45:00+00:00,2023-08-05 19:15:00+00:00,Things,Book:etdg,Book:etdg,reading,etdg,0.5,0.5,True,explicit_reading_or_audiobook_duration,0.5,calendar_analysis_duration,,,0.0,Essays to Do Good,finish_0056,2023-08-05,ref_to_finished_title
calendar_analysis_row_013071_part_0,calendar_analysis_row_013071,2023-08-05,2023-08-05 21:45:00+00:00,2023-08-05 22:45:00+00:00,Things,finished book: Essays to do good,finished book: Essays to do good,finished,Essays to do good,0.75,1.0,True,explicit_finished_book_duration,1.0,full_duration_minor_overlap,purge | tug | Jack,Waste Time,0.25,Essays to Do Good,finish_0056,2023-08-05,finished_event_identity
calendar_analysis_row_013075_part_0,calendar_analysis_row_013075,2023-08-05,2023-08-05 23:00:00+00:00,2023-08-06 00:15:00+00:00,Things,Book:wthwos,Book:wthwos,reading,wthwos,1.25,1.25,True,explicit_reading_or_audiobook_duration,1.25,calendar_analysis_duration,,,0.0,,,,
calendar_analysis_row_013078_part_0,calendar_analysis_row_013078,2023-08-06,2023-08-06 04:30:00+00:00,2023-08-06 06:30:00+00:00,Things,Book:wthwos,Book:wthwos,reading,wthwos,2.0,2.0,True,explicit_reading_or_audiobook_duration,2.0,calendar_analysis_duration,,,0.0,,,,
calendar_analysis_row_013114_part_0,calendar_analysis_row_013114,2023-08-07,2023-08-07 18:45:00+00:00,2023-08-07 19:00:00+00:00,Things,book:wthwos,book:wthwos,reading,wthwos,0.25,0.25,True,explicit_reading_or_audiobook_duration,0.25,calendar_analysis_duration,,,0.0,,,,
calendar_analysis_row_013145_part_0,calendar_analysis_row_013145,2023-08-08,2023-08-08 19:00:00+00:00,2023-08-08 20:00:00+00:00,Things,Book:wthwos,Book:wthwos,reading,wthwos,1.0,1.0,True,explicit_reading_or_audiobook_duration,1.0,calendar_analysis_duration,,,0.0,,,,
calendar_analysis_row_013252_part_0,calendar_analysis_row_013252,2023-08-14,2023-08-14 21:00:00+00:00,2023-08-14 21:30:00+00:00,Things,book:pog,book:pog,reading,pog,0.5,0.5,True,explicit_reading_or_audiobook_duration,0.5,calendar_analysis_duration,,,0.0,Player of Games,finish_0057,2023-08-17,ref_to_finished_title
calendar_analysis_row_013258_part_0,calendar_analysis_row_013258,2023-08-14,2023-08-14 23:15:00+00:00,2023-08-15 00:15:00+00:00,Things,book:pog,book:pog,reading,pog,1.0,1.0,True,explicit_reading_or_audiobook_duration,1.0,calendar_analysis_duration,,,0.0,Player of Games,finish_0057,2023-08-17,ref_to_finished_title
calendar_analysis_row_013273_part_0,calendar_analysis_row_013273,2023-08-15,2023-08-15 22:00:00+00:00,2023-08-16 00:00:00+00:00,Things,Read journal,Read journal,reading,journal,2.0,2.0,True,explicit_reading_or_audiobook_duration,2.0,calendar_analysis_duration,,,0.0,,,,
calendar_analysis_row_013288_part_0,calendar_analysis_row_013288,2023-08-16,2023-08-16 20:30:00+00:00,2023-08-16 22:30:00+00:00,Things,book:pog,book:pog,reading,pog,2.0,2.0,True,explicit_reading_or_audiobook_duration,2.0,calendar_analysis_duration,,,0.0,Player of Games,finish_0057,2023-08-17,ref_to_finished_title
calendar_analysis_row_013290_part_0,calendar_analysis_row_013290,2023-08-16,2023-08-16 23:00:00+00:00,2023-08-16 23:15:00+00:00,Things,Book:pog,Book:pog,reading,pog,0.25,0.25,True,explicit_reading_or_audiobook_duration,0.25,calendar_analysis_duration,,,0.0,Player of Games,finish_0057,2023-08-17,ref_to_finished_title
calendar_analysis_row_013297_part_0,calendar_analysis_row_013297,2023-08-17,2023-08-17 06:30:00+00:00,2023-08-17 09:45:00+00:00,Things,Finished book: Player of Games,Finished book: Player of Games,finished,Player of Games,3.25,3.25,True,explicit_finished_book_duration,3.25,calendar_analysis_duration,,,0.0,Player of Games,finish_0057,2023-08-17,finished_event_identity
calendar_analysis_row_013326_part_0,calendar_analysis_row_013326,2023-08-18,2023-08-18 06:30:00+00:00,2023-08-18 07:30:00+00:00,Things,Books,Books,generic,,1.0,1.0,False,generic_temporal_read_not_counted_by_default,1.0,calendar_analysis_duration,,,0.0,King Solomons Mines,finish_0058,2023-08-23,generic_temporal
calendar_analysis_row_013418_part_0,calendar_analysis_row_013418,2023-08-22,2023-08-22 20:30:00+00:00,2023-08-22 23:15:00+00:00,Things,book:ksm,book:ksm,reading,ksm,2.625,2.75,True,explicit_reading_or_audiobook_duration,2.75,full_duration_minor_overlap,lunch,"Meals, Supplements, Sleep",0.125,King Solomons Mines,finish_0058,2023-08-23,ref_to_finished_title
calendar_analysis_row_013443_part_0,calendar_analysis_row_013443,2023-08-23,2023-08-23 20:30:00+00:00,2023-08-23 23:15:00+00:00,Things,Finished book: King Solomons Mines,Finished book: King Solomons Mines,finished,King Solomons Mines,2.75,2.75,True,explicit_finished_book_duration,2.75,calendar_analysis_duration,,,0.0,King Solomons Mines,finish_0058,2023-08-23,finished_event_identity
calendar_analysis_row_013498_part_0,calendar_analysis_row_013498,2023-08-27,2023-08-27 06:15:00+00:00,2023-08-27 06:45:00+00:00,Things,book:htwfaip,book:htwfaip,reading,htwfaip,0.5,0.5,True,explicit_reading_or_audiobook_duration,0.5,calendar_analysis_duration,,,0.0,how to win friends and influence people,finish_0071,2024-02-24,ref_to_finished_title
calendar_analysis_row_013552_part_0,calendar_analysis_row_013552,2023-08-29,2023-08-29 18:00:00+00:00,2023-08-29 22:15:00+00:00,Things,Finished book: The Peace War,Finished book: The Peace War,finished,The Peace War,4.0,4.25,True,explicit_finished_book_duration,4.25,full_duration_minor_overlap,Jack | Food,"Meals, Supplements, Sleep | Waste Time",0.25,The Peace War,finish_0059,2023-08-29,finished_event_identity
calendar_analysis_row_013564_part_0,calendar_analysis_row_013564,2023-08-30,2023-08-30 05:15:00+00:00,2023-08-30 05:30:00+00:00,Things,Book:htwfaip,Book:htwfaip,reading,htwfaip,0.25,0.25,True,explicit_reading_or_audiobook_duration,0.25,calendar_analysis_duration,,,0.0,how to win friends and influence people,finish_0071,2024-02-24,ref_to_finished_title
calendar_analysis_row_013685_part_0,calendar_analysis_row_013685,2023-09-04,2023-09-04 22:15:00+00:00,2023-09-04 23:15:00+00:00,Things,book:Knudsen,book:Knudsen,reading,Knudsen,1.0,1.0,True,explicit_reading_or_audiobook_duration,1.0,calendar_analysis_duration,,,0.0,,,,
calendar_analysis_row_013694_part_0,calendar_analysis_row_013694,2023-09-05,2023-09-05 05:00:00+00:00,2023-09-05 07:30:00+00:00,Things,Book:Knudsen,Book:Knudsen,reading,Knudsen,2.375,2.5,True,explicit_reading_or_audiobook_duration,2.5,full_duration_minor_overlap,sleep,"Meals, Supplements, Sleep",0.125,,,,
calendar_analysis_row_013722_part_0,calendar_analysis_row_013722,2023-09-06,2023-09-06 03:45:00+00:00,2023-09-06 04:00:00+00:00,Things,Book:mlfp,Book:mlfp,reading,mlfp,0.25,0.25,True,explicit_reading_or_audiobook_duration,0.25,calendar_analysis_duration,,,0.0,,,,
calendar_analysis_row_013746_part_0,calendar_analysis_row_013746,2023-09-07,2023-09-07 04:30:00+00:00,2023-09-07 04:45:00+00:00,Things,Book:mlfp,Book:mlfp,reading,mlfp,0.25,0.25,True,explicit_reading_or_audiobook_duration,0.25,calendar_analysis_duration,,,0.0,,,,
calendar_analysis_row_013758_part_0,calendar_analysis_row_013758,2023-09-07,2023-09-07 17:30:00+00:00,2023-09-07 17:37:30+00:00,Things,book,book,generic,,0.125,0.125,False,generic_temporal_read_not_counted_by_default,0.125,calendar_analysis_duration,,,0.0,The Sun Also Rises,finish_0060,2023-10-04,generic_temporal
calendar_analysis_row_013784_part_0,calendar_analysis_row_013784,2023-09-08,2023-09-08 20:30:00+00:00,2023-09-08 21:00:00+00:00,Things,Read: Kipling,Read: Kipling,reading,Kipling,0.5,0.5,True,explicit_reading_or_audiobook_duration,0.5,calendar_analysis_duration,,,0.0,Kipling by Harold bloom,finish_0115,2024-12-23,ref_to_finished_title
calendar_analysis_row_013787_part_0,calendar_analysis_row_013787,2023-09-08,2023-09-08 21:45:00+00:00,2023-09-08 22:15:00+00:00,Things,Read: Kipling,Read: Kipling,reading,Kipling,0.5,0.5,True,explicit_reading_or_audiobook_duration,0.5,calendar_analysis_duration,,,0.0,Kipling by Harold bloom,finish_0115,2024-12-23,ref_to_finished_title
calendar_analysis_row_013793_part_0,calendar_analysis_row_013793,2023-09-09,2023-09-09 01:30:00+00:00,2023-09-09 02:00:00+00:00,Things,Read: Kipling,Read: Kipling,reading,Kipling,0.5,0.5,True,explicit_reading_or_audiobook_duration,0.5,calendar_analysis_duration,,,0.0,Kipling by Harold bloom,finish_0115,2024-12-23,ref_to_finished_title
calendar_analysis_row_013797_part_0,calendar_analysis_row_013797,2023-09-09,2023-09-09 03:45:00+00:00,2023-09-09 04:15:00+00:00,Things,Book:mlfp,Book:mlfp,reading,mlfp,0.5,0.5,True,explicit_reading_or_audiobook_duration,0.5,calendar_analysis_duration,,,0.0,,,,
calendar_analysis_row_013862_part_0,calendar_analysis_row_013862,2023-09-12,2023-09-12 02:30:00+00:00,2023-09-12 03:15:00+00:00,clark.benham@gmail.com,read ml papers,read ml papers,reading,ml papers,0.75,0.75,True,explicit_reading_or_audiobook_duration,0.75,calendar_analysis_duration,,,0.0,,,,
calendar_analysis_row_013867_part_0,calendar_analysis_row_013867,2023-09-12,2023-09-12 06:15:00+00:00,2023-09-12 06:45:00+00:00,Things,Book:mlfp,Book:mlfp,reading,mlfp,0.5,0.5,True,explicit_reading_or_audiobook_duration,0.5,calendar_analysis_duration,,,0.0,,,,
calendar_analysis_row_013926_part_0,calendar_analysis_row_013926,2023-09-14,2023-09-14 05:45:00+00:00,2023-09-14 06:00:00+00:00,Things,book:mlfp,book:mlfp,reading,mlfp,0.25,0.25,True,explicit_reading_or_audiobook_duration,0.25,calendar_analysis_duration,,,0.0,,,,
calendar_analysis_row_013931_part_0,calendar_analysis_row_013931,2023-09-14,2023-09-14 07:45:00+00:00,2023-09-14 08:00:00+00:00,Things,book:Knudsen,book:Knudsen,reading,Knudsen,0.25,0.25,True,explicit_reading_or_audiobook_duration,0.25,calendar_analysis_duration,,,0.0,,,,
calendar_analysis_row_013978_part_0,calendar_analysis_row_013978,2023-09-16,2023-09-16 04:30:00+00:00,2023-09-16 05:00:00+00:00,Things,book:litfw,book:litfw,reading,litfw,0.5,0.5,True,explicit_reading_or_audiobook_duration,0.5,calendar_analysis_duration,,,0.0,,,,
calendar_analysis_row_013986_part_0,calendar_analysis_row_013986,2023-09-16,2023-09-16 15:30:00+00:00,2023-09-16 16:45:00+00:00,Things,Book:litfw,Book:litfw,reading,litfw,1.25,1.25,True,explicit_reading_or_audiobook_duration,1.25,calendar_analysis_duration,,,0.0,,,,
calendar_analysis_row_013998_part_0,calendar_analysis_row_013998,2023-09-16,2023-09-16 23:45:00+00:00,2023-09-17 00:00:00+00:00,Things,book,book,generic,,0.25,0.25,False,generic_temporal_read_not_counted_by_default,0.25,calendar_analysis_duration,,,0.0,The Sun Also Rises,finish_0060,2023-10-04,generic_temporal
calendar_analysis_row_014003_part_0,calendar_analysis_row_014003,2023-09-17,2023-09-17 04:30:00+00:00,2023-09-17 05:00:00+00:00,Things,Book:litfw,Book:litfw,reading,litfw,0.5,0.5,True,explicit_reading_or_audiobook_duration,0.5,calendar_analysis_duration,,,0.0,,,,
calendar_analysis_row_014020_part_0,calendar_analysis_row_014020,2023-09-17,2023-09-17 19:30:00+00:00,2023-09-17 20:30:00+00:00,Things,Book:litfw,Book:litfw,reading,litfw,1.0,1.0,True,explicit_reading_or_audiobook_duration,1.0,calendar_analysis_duration,,,0.0,,,,
calendar_analysis_row_014029_part_0,calendar_analysis_row_014029,2023-09-18,2023-09-18 03:00:00+00:00,2023-09-18 03:30:00+00:00,Things,Listen Feynman,Listen Feynman,audiobook,Feynman,0.5,0.5,True,explicit_reading_or_audiobook_duration,0.5,calendar_analysis_duration,,,0.0,surely you’re joking Feynman,finish_0200,2026-04-19,ref_to_finished_title
calendar_analysis_row_014031_part_0,calendar_analysis_row_014031,2023-09-18,2023-09-18 04:15:00+00:00,2023-09-18 04:45:00+00:00,Things,Book:htwfaip,Book:htwfaip,reading,htwfaip,0.5,0.5,True,explicit_reading_or_audiobook_duration,0.5,calendar_analysis_duration,,,0.0,how to win friends and influence people,finish_0071,2024-02-24,ref_to_finished_title
calendar_analysis_row_014033_part_0,calendar_analysis_row_014033,2023-09-18,2023-09-18 05:00:00+00:00,2023-09-18 05:30:00+00:00,Things,Book:mlfp,Book:mlfp,reading,mlfp,0.5,0.5,True,explicit_reading_or_audiobook_duration,0.5,calendar_analysis_duration,,,0.0,,,,
calendar_analysis_row_014055_part_0,calendar_analysis_row_014055,2023-09-19,2023-09-19 04:00:00+00:00,2023-09-19 04:15:00+00:00,clark.benham@gmail.com,read,read,generic,,0.25,0.25,False,generic_temporal_read_not_counted_by_default,0.25,calendar_analysis_duration,,,0.0,The Sun Also Rises,finish_0060,2023-10-04,generic_temporal
calendar_analysis_row_014056_part_0,calendar_analysis_row_014056,2023-09-19,2023-09-19 04:45:00+00:00,2023-09-19 05:00:00+00:00,Things,Book:mlfp,Book:mlfp,reading,mlfp,0.25,0.25,True,explicit_reading_or_audiobook_duration,0.25,calendar_analysis_duration,,,0.0,,,,
calendar_analysis_row_014076_part_0,calendar_analysis_row_014076,2023-09-20,2023-09-20 04:00:00+00:00,2023-09-20 04:45:00+00:00,Things,book:mlfp,book:mlfp,reading,mlfp,0.75,0.75,True,explicit_reading_or_audiobook_duration,0.75,calendar_analysis_duration,,,0.0,,,,
calendar_analysis_row_014100_part_0,calendar_analysis_row_014100,2023-09-21,2023-09-21 04:30:00+00:00,2023-09-21 05:00:00+00:00,Things,Book:ladr,Book:ladr,reading,ladr,0.5,0.5,True,explicit_reading_or_audiobook_duration,0.5,calendar_analysis_duration,,,0.0,,,,
calendar_analysis_row_014136_part_0,calendar_analysis_row_014136,2023-09-23,2023-09-23 06:15:00+00:00,2023-09-23 06:30:00+00:00,Things,Book:ladr,Book:ladr,reading,ladr,0.25,0.25,True,explicit_reading_or_audiobook_duration,0.25,calendar_analysis_duration,,,0.0,,,,
calendar_analysis_row_014157_part_0,calendar_analysis_row_014157,2023-09-24,2023-09-24 08:30:00+00:00,2023-09-24 09:00:00+00:00,Things,book:tsar,book:tsar,reading,tsar,0.5,0.5,True,explicit_reading_or_audiobook_duration,0.5,calendar_analysis_duration,,,0.0,The Sun Also Rises,finish_0060,2023-10-04,ref_to_finished_title
calendar_analysis_row_014187_part_0,calendar_analysis_row_014187,2023-09-25,2023-09-25 05:15:00+00:00,2023-09-25 05:45:00+00:00,Things,Book:ladr,Book:ladr,reading,ladr,0.5,0.5,True,explicit_reading_or_audiobook_duration,0.5,calendar_analysis_duration,,,0.0,,,,
calendar_analysis_row_014193_part_0,calendar_analysis_row_014193,2023-09-25,2023-09-25 18:00:00+00:00,2023-09-25 18:30:00+00:00,Things,read: Kipling,read: Kipling,reading,Kipling,0.5,0.5,True,explicit_reading_or_audiobook_duration,0.5,calendar_analysis_duration,,,0.0,Kipling by Harold bloom,finish_0115,2024-12-23,ref_to_finished_title
calendar_analysis_row_014210_part_0,calendar_analysis_row_014210,2023-09-26,2023-09-26 04:30:00+00:00,2023-09-26 04:45:00+00:00,Things,Book:ladr,Book:ladr,reading,ladr,0.25,0.25,True,explicit_reading_or_audiobook_duration,0.25,calendar_analysis_duration,,,0.0,,,,
calendar_analysis_row_014255_part_0,calendar_analysis_row_014255,2023-09-28,2023-09-28 04:45:00+00:00,2023-09-28 05:00:00+00:00,Things,book:ladr,book:ladr,reading,ladr,0.25,0.25,True,explicit_reading_or_audiobook_duration,0.25,calendar_analysis_duration,,,0.0,,,,
calendar_analysis_row_014272_part_0,calendar_analysis_row_014272,2023-09-29,2023-09-29 04:15:00+00:00,2023-09-29 05:00:00+00:00,Things,Book:tsar,Book:tsar,reading,tsar,0.75,0.75,True,explicit_reading_or_audiobook_duration,0.75,calendar_analysis_duration,,,0.0,The Sun Also Rises,finish_0060,2023-10-04,ref_to_finished_title
calendar_analysis_row_014288_part_0,calendar_analysis_row_014288,2023-09-29,2023-09-29 21:00:00+00:00,2023-09-29 21:30:00+00:00,Things,Book:tsar,Book:tsar,reading,tsar,0.5,0.5,True,explicit_reading_or_audiobook_duration,0.5,calendar_analysis_duration,,,0.0,The Sun Also Rises,finish_0060,2023-10-04,ref_to_finished_title
calendar_analysis_row_014296_part_0,calendar_analysis_row_014296,2023-09-30,2023-09-30 01:30:00+00:00,2023-09-30 02:00:00+00:00,Things,Read: run bookworm,Read: run bookworm,reading,run bookworm,0.5,0.5,True,explicit_reading_or_audiobook_duration,0.5,calendar_analysis_duration,,,0.0,,,,
calendar_analysis_row_014301_part_0,calendar_analysis_row_014301,2023-09-30,2023-09-30 05:15:00+00:00,2023-09-30 05:30:00+00:00,Things,book:tsar,book:tsar,reading,tsar,0.25,0.25,True,explicit_reading_or_audiobook_duration,0.25,calendar_analysis_duration,,,0.0,The Sun Also Rises,finish_0060,2023-10-04,ref_to_finished_title
calendar_analysis_row_014302_part_0,calendar_analysis_row_014302,2023-09-30,2023-09-30 05:30:00+00:00,2023-09-30 05:45:00+00:00,Things,Book:ladr,Book:ladr,reading,ladr,0.25,0.25,True,explicit_reading_or_audiobook_duration,0.25,calendar_analysis_duration,,,0.0,,,,
calendar_analysis_row_014349_part_0,calendar_analysis_row_014349,2023-10-01,2023-10-01 21:15:00+00:00,2023-10-01 22:00:00+00:00,Things,Book:tsar,Book:tsar,reading,tsar,0.75,0.75,True,explicit_reading_or_audiobook_duration,0.75,calendar_analysis_duration,,,0.0,The Sun Also Rises,finish_0060,2023-10-04,ref_to_finished_title
calendar_analysis_row_014402_part_0,calendar_analysis_row_014402,2023-10-04,2023-10-04 16:15:00+00:00,2023-10-04 17:15:00+00:00,Things,Finished book:the sun also rises,Finished book:the sun also rises,finished,the sun also rises,1.0,1.0,True,explicit_finished_book_duration,1.0,calendar_analysis_duration,,,0.0,The Sun Also Rises,finish_0060,2023-10-04,finished_event_identity
calendar_analysis_row_014438_part_0,calendar_analysis_row_014438,2023-10-06,2023-10-06 04:30:00+00:00,2023-10-06 04:45:00+00:00,Things,Book:ladr,Book:ladr,reading,ladr,0.25,0.25,True,explicit_reading_or_audiobook_duration,0.25,calendar_analysis_duration,,,0.0,,,,
calendar_analysis_row_014470_part_0,calendar_analysis_row_014470,2023-10-07,2023-10-07 14:15:00+00:00,2023-10-07 15:30:00+00:00,Things,Read: Kipling,Read: Kipling,reading,Kipling,1.25,1.25,True,explicit_reading_or_audiobook_duration,1.25,calendar_analysis_duration,,,0.0,Kipling by Harold bloom,finish_0115,2024-12-23,ref_to_finished_title
calendar_analysis_row_014493_part_0,calendar_analysis_row_014493,2023-10-08,2023-10-08 19:15:00+00:00,2023-10-08 19:30:00+00:00,Things,Book:litfw,Book:litfw,reading,litfw,0.25,0.25,True,explicit_reading_or_audiobook_duration,0.25,calendar_analysis_duration,,,0.0,,,,
calendar_analysis_row_014502_part_0,calendar_analysis_row_014502,2023-10-08,2023-10-08 22:00:00+00:00,2023-10-08 22:15:00+00:00,Things,Book:wthwos,Book:wthwos,reading,wthwos,0.25,0.25,True,explicit_reading_or_audiobook_duration,0.25,calendar_analysis_duration,,,0.0,,,,
calendar_analysis_row_014541_part_0,calendar_analysis_row_014541,2023-10-10,2023-10-10 04:45:00+00:00,2023-10-10 05:00:00+00:00,Things,book:ladr,book:ladr,reading,ladr,0.25,0.25,True,explicit_reading_or_audiobook_duration,0.25,calendar_analysis_duration,,,0.0,,,,
calendar_analysis_row_014548_part_0,calendar_analysis_row_014548,2023-10-10,2023-10-10 10:15:00+00:00,2023-10-10 10:45:00+00:00,Things,Book:ladr,Book:ladr,reading,ladr,0.25,0.5,True,explicit_reading_or_audiobook_duration,0.5,full_duration_minor_overlap,sleep,"Meals, Supplements, Sleep",0.25,,,,
calendar_analysis_row_014579_part_0,calendar_analysis_row_014579,2023-10-11,2023-10-11 15:15:00+00:00,2023-10-11 16:00:00+00:00,Things,Book:htwfaip,Book:htwfaip,reading,htwfaip,0.75,0.75,True,explicit_reading_or_audiobook_duration,0.75,calendar_analysis_duration,,,0.0,how to win friends and influence people,finish_0071,2024-02-24,ref_to_finished_title
calendar_analysis_row_014632_part_0,calendar_analysis_row_014632,2023-10-16,2023-10-16 02:45:00+00:00,2023-10-16 03:00:00+00:00,Things,Book:ladr,Book:ladr,reading,ladr,0.25,0.25,True,explicit_reading_or_audiobook_duration,0.25,calendar_analysis_duration,,,0.0,,,,
calendar_analysis_row_014672_part_0,calendar_analysis_row_014672,2023-10-18,2023-10-18 03:30:00+00:00,2023-10-18 04:15:00+00:00,Things,Book:ladr,Book:ladr,reading,ladr,0.75,0.75,True,explicit_reading_or_audiobook_duration,0.75,calendar_analysis_duration,,,0.0,,,,
calendar_analysis_row_014714_part_0,calendar_analysis_row_014714,2023-10-19,2023-10-19 22:00:00+00:00,2023-10-19 23:45:00+00:00,Things,book:tkt,book:tkt,reading,tkt,1.75,1.75,True,explicit_reading_or_audiobook_duration,1.75,calendar_analysis_duration,,,0.0,,,,
calendar_analysis_row_014725_part_0,calendar_analysis_row_014725,2023-10-20,2023-10-20 04:30:00+00:00,2023-10-20 04:45:00+00:00,Things,Book:ladr,Book:ladr,reading,ladr,0.25,0.25,True,explicit_reading_or_audiobook_duration,0.25,calendar_analysis_duration,,,0.0,,,,
calendar_analysis_row_014732_part_0,calendar_analysis_row_014732,2023-10-20,2023-10-20 15:15:00+00:00,2023-10-20 15:30:00+00:00,Things,Book:ladr,Book:ladr,reading,ladr,0.125,0.25,True,explicit_reading_or_audiobook_duration,0.25,full_duration_minor_overlap,breakfast,"Meals, Supplements, Sleep",0.125,,,,
calendar_analysis_row_014754_part_0,calendar_analysis_row_014754,2023-10-21,2023-10-21 09:30:00+00:00,2023-10-21 09:45:00+00:00,Things,Book:hmpor,Book:hmpor,reading,hmpor,0.25,0.25,True,explicit_reading_or_audiobook_duration,0.25,calendar_analysis_duration,,,0.0,,,,
calendar_analysis_row_014777_part_0,calendar_analysis_row_014777,2023-10-22,2023-10-22 05:00:00+00:00,2023-10-22 05:45:00+00:00,Things,Book:hpmor,Book:hpmor,reading,hpmor,0.75,0.75,True,explicit_reading_or_audiobook_duration,0.75,calendar_analysis_duration,,,0.0,Harry Potter and the Methods of Rationality,finish_0061,2023-10-25,ref_to_finished_title
calendar_analysis_row_014784_part_0,calendar_analysis_row_014784,2023-10-22,2023-10-22 15:30:00+00:00,2023-10-22 19:30:00+00:00,Things,Book:hpmor,Book:hpmor,reading,hpmor,3.875,4.0,True,explicit_reading_or_audiobook_duration,4.0,full_duration_minor_overlap,breakfast,"Meals, Supplements, Sleep",0.125,Harry Potter and the Methods of Rationality,finish_0061,2023-10-25,ref_to_finished_title
calendar_analysis_row_014801_part_0,calendar_analysis_row_014801,2023-10-23,2023-10-23 05:15:00+00:00,2023-10-23 05:30:00+00:00,Things,Book:ladr,Book:ladr,reading,ladr,0.25,0.25,True,explicit_reading_or_audiobook_duration,0.25,calendar_analysis_duration,,,0.0,,,,
calendar_analysis_row_014810_part_0,calendar_analysis_row_014810,2023-10-23,2023-10-23 14:45:00+00:00,2023-10-23 16:45:00+00:00,Things,book:hpmor,book:hpmor,reading,hpmor,2.0,2.0,True,explicit_reading_or_audiobook_duration,2.0,calendar_analysis_duration,,,0.0,Harry Potter and the Methods of Rationality,finish_0061,2023-10-25,ref_to_finished_title
calendar_analysis_row_014813_part_0,calendar_analysis_row_014813,2023-10-23,2023-10-23 17:30:00+00:00,2023-10-23 21:45:00+00:00,Things,Book:hpmor,Book:hpmor,reading,hpmor,4.125,4.25,True,explicit_reading_or_audiobook_duration,4.25,full_duration_minor_overlap,lunch,"Meals, Supplements, Sleep",0.125,Harry Potter and the Methods of Rationality,finish_0061,2023-10-25,ref_to_finished_title
calendar_analysis_row_014819_part_0,calendar_analysis_row_014819,2023-10-24,2023-10-24 00:45:00+00:00,2023-10-24 01:00:00+00:00,Things,book:mwc,book:mwc,reading,mwc,0.25,0.25,True,explicit_reading_or_audiobook_duration,0.25,calendar_analysis_duration,,,0.0,,,,
calendar_analysis_row_014824_part_0,calendar_analysis_row_014824,2023-10-24,2023-10-24 04:15:00+00:00,2023-10-24 06:00:00+00:00,Things,Book:hpmor,Book:hpmor,reading,hpmor,1.75,1.75,True,explicit_reading_or_audiobook_duration,1.75,calendar_analysis_duration,,,0.0,Harry Potter and the Methods of Rationality,finish_0061,2023-10-25,ref_to_finished_title
calendar_analysis_row_014825_part_0,calendar_analysis_row_014825,2023-10-24,2023-10-24 06:00:00+00:00,2023-10-24 06:30:00+00:00,Things,book:ladr,book:ladr,reading,ladr,0.5,0.5,True,explicit_reading_or_audiobook_duration,0.5,calendar_analysis_duration,,,0.0,,,,
calendar_analysis_row_014841_part_0,calendar_analysis_row_014841,2023-10-24,2023-10-24 23:00:00+00:00,2023-10-25 02:00:00+00:00,Things,Book:hpmor,Book:hpmor,reading,hpmor,3.0,3.0,True,explicit_reading_or_audiobook_duration,3.0,calendar_analysis_duration,,,0.0,Harry Potter and the Methods of Rationality,finish_0061,2023-10-25,ref_to_finished_title
calendar_analysis_row_014849_part_0,calendar_analysis_row_014849,2023-10-25,2023-10-25 05:00:00+00:00,2023-10-25 05:15:00+00:00,Things,Book:ladr,Book:ladr,reading,ladr,0.25,0.25,True,explicit_reading_or_audiobook_duration,0.25,calendar_analysis_duration,,,0.0,,,,
calendar_analysis_row_014850_part_0,calendar_analysis_row_014850,2023-10-25,2023-10-25 05:15:00+00:00,2023-10-25 07:45:00+00:00,Things,Book:hpmor,Book:hpmor,reading,hpmor,2.5,2.5,True,explicit_reading_or_audiobook_duration,2.5,calendar_analysis_duration,,,0.0,Harry Potter and the Methods of Rationality,finish_0061,2023-10-25,ref_to_finished_title
calendar_analysis_row_014852_part_0,calendar_analysis_row_014852,2023-10-25,2023-10-25 15:30:00+00:00,2023-10-25 17:15:00+00:00,Things,Book:hpmor,Book:hpmor,reading,hpmor,1.75,1.75,True,explicit_reading_or_audiobook_duration,1.75,calendar_analysis_duration,,,0.0,Harry Potter and the Methods of Rationality,finish_0061,2023-10-25,ref_to_finished_title
calendar_analysis_row_014855_part_0,calendar_analysis_row_014855,2023-10-25,2023-10-25 18:00:00+00:00,2023-10-26 00:30:00+00:00,Things,Finished book: hpmor,Finished book: hpmor,finished,hpmor,6.5,6.5,True,explicit_finished_book_duration,6.5,calendar_analysis_duration,,,0.0,Harry Potter and the Methods of Rationality,finish_0061,2023-10-25,finished_event_identity
calendar_analysis_row_014861_part_0,calendar_analysis_row_014861,2023-10-26,2023-10-26 04:15:00+00:00,2023-10-26 04:30:00+00:00,Things,book:ladr,book:ladr,reading,ladr,0.25,0.25,True,explicit_reading_or_audiobook_duration,0.25,calendar_analysis_duration,,,0.0,,,,
calendar_analysis_row_014887_part_0,calendar_analysis_row_014887,2023-10-27,2023-10-27 04:45:00+00:00,2023-10-27 05:00:00+00:00,Things,Book:ladr,Book:ladr,reading,ladr,0.25,0.25,True,explicit_reading_or_audiobook_duration,0.25,calendar_analysis_duration,,,0.0,,,,
calendar_analysis_row_014904_part_0,calendar_analysis_row_014904,2023-10-27,2023-10-27 18:00:00+00:00,2023-10-27 19:00:00+00:00,Things,book:sbj,book:sbj,reading,sbj,1.0,1.0,True,explicit_reading_or_audiobook_duration,1.0,calendar_analysis_duration,,,0.0,,,,
calendar_analysis_row_014929_part_0,calendar_analysis_row_014929,2023-10-28,2023-10-28 21:45:00+00:00,2023-10-28 23:00:00+00:00,Things,Book:sbj,Book:sbj,reading,sbj,1.25,1.25,True,explicit_reading_or_audiobook_duration,1.25,calendar_analysis_duration,,,0.0,,,,
calendar_analysis_row_014942_part_0,calendar_analysis_row_014942,2023-10-29,2023-10-29 06:30:00+00:00,2023-10-29 07:00:00+00:00,Things,Book:sbj,Book:sbj,reading,sbj,0.5,0.5,True,explicit_reading_or_audiobook_duration,0.5,calendar_analysis_duration,,,0.0,,,,
calendar_analysis_row_014957_part_0,calendar_analysis_row_014957,2023-10-29,2023-10-29 20:00:00+00:00,2023-10-29 21:15:00+00:00,Things,Book:sbj,Book:sbj,reading,sbj,1.25,1.25,True,explicit_reading_or_audiobook_duration,1.25,calendar_analysis_duration,,,0.0,,,,
calendar_analysis_row_014968_part_0,calendar_analysis_row_014968,2023-10-30,2023-10-30 04:00:00+00:00,2023-10-30 04:45:00+00:00,Things,Book:sbj,Book:sbj,reading,sbj,0.75,0.75,True,explicit_reading_or_audiobook_duration,0.75,calendar_analysis_duration,,,0.0,,,,
calendar_analysis_row_014986_part_0,calendar_analysis_row_014986,2023-10-30,2023-10-30 21:00:00+00:00,2023-10-30 21:45:00+00:00,Things,book:hpmor,book:hpmor,reading,hpmor,0.75,0.75,True,explicit_reading_or_audiobook_duration,0.75,calendar_analysis_duration,,,0.0,,,,
calendar_analysis_row_014989_part_0,calendar_analysis_row_014989,2023-10-30,2023-10-30 23:30:00+00:00,2023-10-31 00:00:00+00:00,Things,book:sbj,book:sbj,reading,sbj,0.5,0.5,True,explicit_reading_or_audiobook_duration,0.5,calendar_analysis_duration,,,0.0,,,,
calendar_analysis_row_015043_part_0,calendar_analysis_row_015043,2023-11-01,2023-11-01 22:30:00+00:00,2023-11-02 00:45:00+00:00,clark.benham@gmail.com,read math: ladr,read math: ladr,reading,math: ladr,2.25,2.25,True,explicit_reading_or_audiobook_duration,2.25,calendar_analysis_duration,,,0.0,,,,
calendar_analysis_row_015049_part_0,calendar_analysis_row_015049,2023-11-02,2023-11-02 04:45:00+00:00,2023-11-02 05:00:00+00:00,Things,Book:ladr,Book:ladr,reading,ladr,0.25,0.25,True,explicit_reading_or_audiobook_duration,0.25,calendar_analysis_duration,,,0.0,,,,
calendar_analysis_row_015066_part_0,calendar_analysis_row_015066,2023-11-03,2023-11-03 01:45:00+00:00,2023-11-03 02:15:00+00:00,Things,Read: Kipling,Read: Kipling,reading,Kipling,0.5,0.5,True,explicit_reading_or_audiobook_duration,0.5,calendar_analysis_duration,,,0.0,Kipling by Harold bloom,finish_0115,2024-12-23,ref_to_finished_title
calendar_analysis_row_015091_part_0,calendar_analysis_row_015091,2023-11-04,2023-11-04 09:00:00+00:00,2023-11-04 09:15:00+00:00,Things,Read:Kipling,Read:Kipling,reading,Kipling,0.25,0.25,True,explicit_reading_or_audiobook_duration,0.25,calendar_analysis_duration,,,0.0,Kipling by Harold bloom,finish_0115,2024-12-23,ref_to_finished_title
calendar_analysis_row_015097_part_0,calendar_analysis_row_015097,2023-11-04,2023-11-04 17:15:00+00:00,2023-11-04 17:45:00+00:00,Things,Read: Kipling,Read: Kipling,reading,Kipling,0.5,0.5,True,explicit_reading_or_audiobook_duration,0.5,calendar_analysis_duration,,,0.0,Kipling by Harold bloom,finish_0115,2024-12-23,ref_to_finished_title
calendar_analysis_row_015119_part_0,calendar_analysis_row_015119,2023-11-05,2023-11-05 05:00:00+00:00,2023-11-05 05:30:00+00:00,Things,book:pc,book:pc,reading,pc,0.375,0.5,True,explicit_reading_or_audiobook_duration,0.5,full_duration_minor_overlap,YouTube,Waste Time,0.125,,,,
calendar_analysis_row_015142_part_0,calendar_analysis_row_015142,2023-11-06,2023-11-06 06:00:00+00:00,2023-11-06 06:15:00+00:00,Things,Book:PyTorch,Book:PyTorch,reading,PyTorch,0.25,0.25,True,explicit_reading_or_audiobook_duration,0.25,calendar_analysis_duration,,,0.0,,,,
calendar_analysis_row_015156_part_0,calendar_analysis_row_015156,2023-11-07,2023-11-07 01:45:00+00:00,2023-11-07 02:00:00+00:00,Things,book:aa7,book:aa7,reading,aa7,0.25,0.25,True,explicit_reading_or_audiobook_duration,0.25,calendar_analysis_duration,,,0.0,,,,
calendar_analysis_row_015186_part_0,calendar_analysis_row_015186,2023-11-08,2023-11-08 09:00:00+00:00,2023-11-08 09:30:00+00:00,Things,book:3miab,book:3miab,reading,3miab,0.5,0.5,True,explicit_reading_or_audiobook_duration,0.5,calendar_analysis_duration,,,0.0,Three Men in a Boat,finish_0062,2023-11-09,ref_to_finished_title
calendar_analysis_row_015194_part_0,calendar_analysis_row_015194,2023-11-08,2023-11-08 18:00:00+00:00,2023-11-08 19:15:00+00:00,Things,book:3miab,book:3miab,reading,3miab,1.25,1.25,True,explicit_reading_or_audiobook_duration,1.25,calendar_analysis_duration,,,0.0,Three Men in a Boat,finish_0062,2023-11-09,ref_to_finished_title
calendar_analysis_row_015200_part_0,calendar_analysis_row_015200,2023-11-08,2023-11-08 22:30:00+00:00,2023-11-08 23:15:00+00:00,Things,Book:3miab,Book:3miab,reading,3miab,0.75,0.75,True,explicit_reading_or_audiobook_duration,0.75,calendar_analysis_duration,,,0.0,Three Men in a Boat,finish_0062,2023-11-09,ref_to_finished_title
calendar_analysis_row_015202_part_0,calendar_analysis_row_015202,2023-11-08,2023-11-08 23:45:00+00:00,2023-11-09 00:15:00+00:00,Things,Book:3miab,Book:3miab,reading,3miab,0.5,0.5,True,explicit_reading_or_audiobook_duration,0.5,calendar_analysis_duration,,,0.0,Three Men in a Boat,finish_0062,2023-11-09,ref_to_finished_title
calendar_analysis_row_015208_part_0,calendar_analysis_row_015208,2023-11-09,2023-11-09 04:45:00+00:00,2023-11-09 06:30:00+00:00,Things,Finished book: 3 men in a boat,Finished book: 3 men in a boat,finished,3 men in a boat,1.75,1.75,True,explicit_finished_book_duration,1.75,calendar_analysis_duration,,,0.0,Three Men in a Boat,finish_0062,2023-11-09,finished_event_identity
calendar_analysis_row_015228_part_0,calendar_analysis_row_015228,2023-11-10,2023-11-10 05:45:00+00:00,2023-11-10 06:00:00+00:00,Things,book:ladr,book:ladr,reading,ladr,0.25,0.25,True,explicit_reading_or_audiobook_duration,0.25,calendar_analysis_duration,,,0.0,,,,
calendar_analysis_row_015255_part_0,calendar_analysis_row_015255,2023-11-11,2023-11-11 07:15:00+00:00,2023-11-11 07:30:00+00:00,Things,Book:ladr,Book:ladr,reading,ladr,0.25,0.25,True,explicit_reading_or_audiobook_duration,0.25,calendar_analysis_duration,,,0.0,,,,
calendar_analysis_row_015275_part_0,calendar_analysis_row_015275,2023-11-11,2023-11-11 22:45:00+00:00,2023-11-11 23:15:00+00:00,Things,book:dm,book:dm,reading,dm,0.5,0.5,True,explicit_reading_or_audiobook_duration,0.5,calendar_analysis_duration,,,0.0,digital minamalism,finish_0069,2024-01-21,ref_to_finished_title
calendar_analysis_row_015289_part_0,calendar_analysis_row_015289,2023-11-12,2023-11-12 08:30:00+00:00,2023-11-12 09:30:00+00:00,Things,book:ewtca,book:ewtca,reading,ewtca,1.0,1.0,True,explicit_reading_or_audiobook_duration,1.0,calendar_analysis_duration,,,0.0,ewtca,finish_0070,2024-02-19,ref_to_finished_title
calendar_analysis_row_015301_part_0,calendar_analysis_row_015301,2023-11-12,2023-11-12 23:15:00+00:00,2023-11-13 00:45:00+00:00,clark.benham@gmail.com,read complex analysis,read complex analysis,reading,complex analysis,1.5,1.5,True,explicit_reading_or_audiobook_duration,1.5,calendar_analysis_duration,,,0.0,,,,
calendar_analysis_row_015312_part_0,calendar_analysis_row_015312,2023-11-13,2023-11-13 05:45:00+00:00,2023-11-13 06:00:00+00:00,Things,Book:ewtca,Book:ewtca,reading,ewtca,0.25,0.25,True,explicit_reading_or_audiobook_duration,0.25,calendar_analysis_duration,,,0.0,ewtca,finish_0070,2024-02-19,ref_to_finished_title
calendar_analysis_row_015337_part_0,calendar_analysis_row_015337,2023-11-14,2023-11-14 05:30:00+00:00,2023-11-14 06:00:00+00:00,Things,Book:ewtca,Book:ewtca,reading,ewtca,0.5,0.5,True,explicit_reading_or_audiobook_duration,0.5,calendar_analysis_duration,,,0.0,ewtca,finish_0070,2024-02-19,ref_to_finished_title
calendar_analysis_row_015343_part_0,calendar_analysis_row_015343,2023-11-14,2023-11-14 15:15:00+00:00,2023-11-14 15:45:00+00:00,Things,Read: Kipling,Read: Kipling,reading,Kipling,0.5,0.5,True,explicit_reading_or_audiobook_duration,0.5,calendar_analysis_duration,,,0.0,Kipling by Harold bloom,finish_0115,2024-12-23,ref_to_finished_title
calendar_analysis_row_015366_part_0,calendar_analysis_row_015366,2023-11-15,2023-11-15 05:45:00+00:00,2023-11-15 06:15:00+00:00,Things,book:ewtca,book:ewtca,reading,ewtca,0.5,0.5,True,explicit_reading_or_audiobook_duration,0.5,calendar_analysis_duration,,,0.0,ewtca,finish_0070,2024-02-19,ref_to_finished_title
calendar_analysis_row_015393_part_0,calendar_analysis_row_015393,2023-11-16,2023-11-16 05:45:00+00:00,2023-11-16 06:00:00+00:00,Things,Book:ewtca,Book:ewtca,reading,ewtca,0.25,0.25,True,explicit_reading_or_audiobook_duration,0.25,calendar_analysis_duration,,,0.0,ewtca,finish_0070,2024-02-19,ref_to_finished_title
calendar_analysis_row_015409_part_0,calendar_analysis_row_015409,2023-11-17,2023-11-17 05:15:00+00:00,2023-11-17 05:30:00+00:00,Things,book:ewtca,book:ewtca,reading,ewtca,0.25,0.25,True,explicit_reading_or_audiobook_duration,0.25,calendar_analysis_duration,,,0.0,ewtca,finish_0070,2024-02-19,ref_to_finished_title
calendar_analysis_row_015432_part_0,calendar_analysis_row_015432,2023-11-18,2023-11-18 08:30:00+00:00,2023-11-18 09:00:00+00:00,Things,Book:litfw,Book:litfw,reading,litfw,0.5,0.5,True,explicit_reading_or_audiobook_duration,0.5,calendar_analysis_duration,,,0.0,,,,
calendar_analysis_row_015451_part_0,calendar_analysis_row_015451,2023-11-19,2023-11-19 07:30:00+00:00,2023-11-19 07:45:00+00:00,Things,Book:litfw,Book:litfw,reading,litfw,0.25,0.25,True,explicit_reading_or_audiobook_duration,0.25,calendar_analysis_duration,,,0.0,,,,
calendar_analysis_row_015460_part_0,calendar_analysis_row_015460,2023-11-19,2023-11-19 20:15:00+00:00,2023-11-19 20:45:00+00:00,Things,read: Kipling,read: Kipling,reading,Kipling,0.5,0.5,True,explicit_reading_or_audiobook_duration,0.5,calendar_analysis_duration,,,0.0,Kipling by Harold bloom,finish_0115,2024-12-23,ref_to_finished_title
calendar_analysis_row_015479_part_0,calendar_analysis_row_015479,2023-11-20,2023-11-20 05:45:00+00:00,2023-11-20 06:30:00+00:00,Things,Book:litfw,Book:litfw,reading,litfw,0.75,0.75,True,explicit_reading_or_audiobook_duration,0.75,calendar_analysis_duration,,,0.0,,,,
calendar_analysis_row_015504_part_0,calendar_analysis_row_015504,2023-11-21,2023-11-21 05:30:00+00:00,2023-11-21 05:45:00+00:00,Things,book:dm,book:dm,reading,dm,0.25,0.25,True,explicit_reading_or_audiobook_duration,0.25,calendar_analysis_duration,,,0.0,digital minamalism,finish_0069,2024-01-21,ref_to_finished_title
calendar_analysis_row_015508_part_0,calendar_analysis_row_015508,2023-11-21,2023-11-21 12:00:00+00:00,2023-11-21 14:00:00+00:00,Things,book:tadm,book:tadm,reading,tadm,2.0,2.0,True,explicit_reading_or_audiobook_duration,2.0,calendar_analysis_duration,,,0.0,,,,
calendar_analysis_row_015531_part_0,calendar_analysis_row_015531,2023-11-22,2023-11-22 05:45:00+00:00,2023-11-22 06:15:00+00:00,Things,Book:ewtca,Book:ewtca,reading,ewtca,0.5,0.5,True,explicit_reading_or_audiobook_duration,0.5,calendar_analysis_duration,,,0.0,ewtca,finish_0070,2024-02-19,ref_to_finished_title
calendar_analysis_row_015684_part_0,calendar_analysis_row_015684,2023-11-30,2023-11-30 03:00:00+00:00,2023-11-30 03:15:00+00:00,Things,book:ootsp,book:ootsp,reading,ootsp,0.25,0.25,True,explicit_reading_or_audiobook_duration,0.25,calendar_analysis_duration,,,0.0,out of the silent planet,finish_0063,2023-12-05,ref_to_finished_title
calendar_analysis_row_015787_part_0,calendar_analysis_row_015787,2023-12-04,2023-12-04 18:45:00+00:00,2023-12-04 20:15:00+00:00,Things,Book:ootsp,Book:ootsp,reading,ootsp,1.5,1.5,True,explicit_reading_or_audiobook_duration,1.5,calendar_analysis_duration,,,0.0,out of the silent planet,finish_0063,2023-12-05,ref_to_finished_title
calendar_analysis_row_015789_part_0,calendar_analysis_row_015789,2023-12-04,2023-12-04 21:00:00+00:00,2023-12-04 22:00:00+00:00,Things,Book:ootsp,Book:ootsp,reading,ootsp,1.0,1.0,True,explicit_reading_or_audiobook_duration,1.0,calendar_analysis_duration,,,0.0,out of the silent planet,finish_0063,2023-12-05,ref_to_finished_title
calendar_analysis_row_015803_part_0,calendar_analysis_row_015803,2023-12-05,2023-12-05 05:45:00+00:00,2023-12-05 06:15:00+00:00,Things,Book:sp,Book:sp,reading,sp,0.5,0.5,True,explicit_reading_or_audiobook_duration,0.5,calendar_analysis_duration,,,0.0,,,,
calendar_analysis_row_015810_part_0,calendar_analysis_row_015810,2023-12-05,2023-12-05 16:00:00+00:00,2023-12-05 17:00:00+00:00,Things,Finished book: out of the silent planet,Finished book: out of the silent planet,finished,out of the silent planet,1.0,1.0,True,explicit_finished_book_duration,1.0,calendar_analysis_duration,,,0.0,out of the silent planet,finish_0063,2023-12-05,finished_event_identity
calendar_analysis_row_015811_part_0,calendar_analysis_row_015811,2023-12-05,2023-12-05 17:00:00+00:00,2023-12-05 17:45:00+00:00,Things,Started book: Perelandra,Started book: Perelandra,started,Perelandra,0.75,0.75,True,explicit_started_book_duration,0.75,calendar_analysis_duration,,,0.0,Perelandra by CS Lewis book 2.pdf,finish_0064,2023-12-10,ref_to_finished_title
calendar_analysis_row_015831_part_0,calendar_analysis_row_015831,2023-12-06,2023-12-06 06:15:00+00:00,2023-12-06 06:30:00+00:00,Things,read: Kipling,read: Kipling,reading,Kipling,0.25,0.25,True,explicit_reading_or_audiobook_duration,0.25,calendar_analysis_duration,,,0.0,Kipling by Harold bloom,finish_0115,2024-12-23,ref_to_finished_title
calendar_analysis_row_015846_part_0,calendar_analysis_row_015846,2023-12-06,2023-12-06 21:00:00+00:00,2023-12-06 21:15:00+00:00,Things,book:perelandra,book:perelandra,reading,perelandra,0.25,0.25,True,explicit_reading_or_audiobook_duration,0.25,calendar_analysis_duration,,,0.0,Perelandra by CS Lewis book 2.pdf,finish_0064,2023-12-10,ref_to_finished_title
calendar_analysis_row_015862_part_0,calendar_analysis_row_015862,2023-12-07,2023-12-07 06:30:00+00:00,2023-12-07 07:00:00+00:00,Things,book:sp,book:sp,reading,sp,0.5,0.5,True,explicit_reading_or_audiobook_duration,0.5,calendar_analysis_duration,,,0.0,,,,
calendar_analysis_row_015885_part_0,calendar_analysis_row_015885,2023-12-08,2023-12-08 07:45:00+00:00,2023-12-08 08:30:00+00:00,Things,Book:sp,Book:sp,reading,sp,0.75,0.75,True,explicit_reading_or_audiobook_duration,0.75,calendar_analysis_duration,,,0.0,,,,
calendar_analysis_row_015898_part_0,calendar_analysis_row_015898,2023-12-08,2023-12-08 20:45:00+00:00,2023-12-08 21:00:00+00:00,Things,book:perelandra,book:perelandra,reading,perelandra,0.25,0.25,True,explicit_reading_or_audiobook_duration,0.25,calendar_analysis_duration,,,0.0,Perelandra by CS Lewis book 2.pdf,finish_0064,2023-12-10,ref_to_finished_title
calendar_analysis_row_015912_part_0,calendar_analysis_row_015912,2023-12-09,2023-12-09 06:15:00+00:00,2023-12-09 06:30:00+00:00,Things,book:perelandra,book:perelandra,reading,perelandra,0.25,0.25,True,explicit_reading_or_audiobook_duration,0.25,calendar_analysis_duration,,,0.0,Perelandra by CS Lewis book 2.pdf,finish_0064,2023-12-10,ref_to_finished_title
calendar_analysis_row_015927_part_0,calendar_analysis_row_015927,2023-12-09,2023-12-09 20:30:00+00:00,2023-12-09 20:45:00+00:00,Things,book:perelandra,book:perelandra,reading,perelandra,0.25,0.25,True,explicit_reading_or_audiobook_duration,0.25,calendar_analysis_duration,,,0.0,Perelandra by CS Lewis book 2.pdf,finish_0064,2023-12-10,ref_to_finished_title
calendar_analysis_row_015940_part_0,calendar_analysis_row_015940,2023-12-10,2023-12-10 06:00:00+00:00,2023-12-10 06:30:00+00:00,Things,book:perelandra,book:perelandra,reading,perelandra,0.5,0.5,True,explicit_reading_or_audiobook_duration,0.5,calendar_analysis_duration,,,0.0,Perelandra by CS Lewis book 2.pdf,finish_0064,2023-12-10,ref_to_finished_title
calendar_analysis_row_015949_part_0,calendar_analysis_row_015949,2023-12-10,2023-12-10 19:15:00+00:00,2023-12-10 20:45:00+00:00,Things,Book:perelandra,Book:perelandra,reading,perelandra,1.5,1.5,True,explicit_reading_or_audiobook_duration,1.5,calendar_analysis_duration,,,0.0,Perelandra by CS Lewis book 2.pdf,finish_0064,2023-12-10,ref_to_finished_title
calendar_analysis_row_015952_part_0,calendar_analysis_row_015952,2023-12-10,2023-12-10 21:45:00+00:00,2023-12-10 23:15:00+00:00,Things,finished book: perelandra,finished book: perelandra,finished,perelandra,1.5,1.5,True,explicit_finished_book_duration,1.5,calendar_analysis_duration,,,0.0,Perelandra by CS Lewis book 2.pdf,finish_0064,2023-12-10,finished_event_identity
calendar_analysis_row_015980_part_0,calendar_analysis_row_015980,2023-12-11,2023-12-11 20:15:00+00:00,2023-12-11 21:30:00+00:00,Things,book:ths,book:ths,reading,ths,1.25,1.25,True,explicit_reading_or_audiobook_duration,1.25,calendar_analysis_duration,,,0.0,that hideous strength,finish_0065,2023-12-14,ref_to_finished_title
calendar_analysis_row_015992_part_0,calendar_analysis_row_015992,2023-12-12,2023-12-12 06:30:00+00:00,2023-12-12 07:00:00+00:00,Things,book:sp,book:sp,reading,sp,0.5,0.5,True,explicit_reading_or_audiobook_duration,0.5,calendar_analysis_duration,,,0.0,,,,
calendar_analysis_row_016022_part_0,calendar_analysis_row_016022,2023-12-13,2023-12-13 03:00:00+00:00,2023-12-13 03:30:00+00:00,Things,Book:ths,Book:ths,reading,ths,0.5,0.5,True,explicit_reading_or_audiobook_duration,0.5,calendar_analysis_duration,,,0.0,that hideous strength,finish_0065,2023-12-14,ref_to_finished_title
calendar_analysis_row_016027_part_0,calendar_analysis_row_016027,2023-12-13,2023-12-13 05:30:00+00:00,2023-12-13 06:30:00+00:00,Things,Book:ths,Book:ths,reading,ths,1.0,1.0,True,explicit_reading_or_audiobook_duration,1.0,calendar_analysis_duration,,,0.0,that hideous strength,finish_0065,2023-12-14,ref_to_finished_title
calendar_analysis_row_016034_part_0,calendar_analysis_row_016034,2023-12-13,2023-12-13 15:00:00+00:00,2023-12-13 16:00:00+00:00,Things,Book:ths,Book:ths,reading,ths,1.0,1.0,True,explicit_reading_or_audiobook_duration,1.0,calendar_analysis_duration,,,0.0,that hideous strength,finish_0065,2023-12-14,ref_to_finished_title
calendar_analysis_row_016037_part_0,calendar_analysis_row_016037,2023-12-13,2023-12-13 18:15:00+00:00,2023-12-13 21:00:00+00:00,Things,Book:ths,Book:ths,reading,ths,1.3333333333333333,2.75,True,explicit_reading_or_audiobook_duration,1.3333333333333333,calendar_analysis_duration_incompatible_overlap,Flight | Nap,"Meals, Supplements, Sleep | Things",0.0,that hideous strength,finish_0065,2023-12-14,ref_to_finished_title
calendar_analysis_row_016042_part_0,calendar_analysis_row_016042,2023-12-14,2023-12-14 00:30:00+00:00,2023-12-14 01:00:00+00:00,Things,Book:ths,Book:ths,reading,ths,0.25,0.5,True,explicit_reading_or_audiobook_duration,0.5,full_duration_minor_overlap,Flight,Things,0.25,that hideous strength,finish_0065,2023-12-14,ref_to_finished_title
calendar_analysis_row_016047_part_0,calendar_analysis_row_016047,2023-12-14,2023-12-14 04:45:00+00:00,2023-12-14 05:15:00+00:00,Things,Book:ths,Book:ths,reading,ths,0.5,0.5,True,explicit_reading_or_audiobook_duration,0.5,calendar_analysis_duration,,,0.0,that hideous strength,finish_0065,2023-12-14,ref_to_finished_title
calendar_analysis_row_016059_part_0,calendar_analysis_row_016059,2023-12-14,2023-12-14 18:15:00+00:00,2023-12-14 18:30:00+00:00,Things,Book:ths,Book:ths,reading,ths,0.25,0.25,True,explicit_reading_or_audiobook_duration,0.25,calendar_analysis_duration,,,0.0,that hideous strength,finish_0065,2023-12-14,ref_to_finished_title
calendar_analysis_row_016063_part_0,calendar_analysis_row_016063,2023-12-14,2023-12-14 21:30:00+00:00,2023-12-14 21:45:00+00:00,Things,Finished Book: that hideous strength,Finished Book: that hideous strength,finished,that hideous strength,0.25,0.25,True,explicit_finished_book_duration,0.25,calendar_analysis_duration,,,0.0,that hideous strength,finish_0065,2023-12-14,finished_event_identity
calendar_analysis_row_016073_part_0,calendar_analysis_row_016073,2023-12-15,2023-12-15 06:15:00+00:00,2023-12-15 06:30:00+00:00,Things,Book:ladr,Book:ladr,reading,ladr,0.25,0.25,True,explicit_reading_or_audiobook_duration,0.25,calendar_analysis_duration,,,0.0,,,,
calendar_analysis_row_016120_part_0,calendar_analysis_row_016120,2023-12-18,2023-12-18 03:30:00+00:00,2023-12-18 03:45:00+00:00,Things,book:ladr,book:ladr,reading,ladr,0.25,0.25,True,explicit_reading_or_audiobook_duration,0.25,calendar_analysis_duration,,,0.0,,,,
calendar_analysis_row_016186_part_0,calendar_analysis_row_016186,2023-12-20,2023-12-20 21:15:00+00:00,2023-12-20 21:30:00+00:00,Things,Book,Book,generic,,0.25,0.25,False,generic_temporal_read_not_counted_by_default,0.25,calendar_analysis_duration,,,0.0,The Screwtape Letters,finish_0066,2023-12-22,generic_temporal
calendar_analysis_row_016217_part_0,calendar_analysis_row_016217,2023-12-21,2023-12-21 23:45:00+00:00,2023-12-22 00:00:00+00:00,Things,Book:ewtca,Book:ewtca,reading,ewtca,0.25,0.25,True,explicit_reading_or_audiobook_duration,0.25,calendar_analysis_duration,,,0.0,ewtca,finish_0070,2024-02-19,ref_to_finished_title
calendar_analysis_row_016220_part_0,calendar_analysis_row_016220,2023-12-22,2023-12-22 07:00:00+00:00,2023-12-22 09:00:00+00:00,Things,Finished book: the screwtape letters,Finished book: the screwtape letters,finished,the screwtape letters,2.0,2.0,True,explicit_finished_book_duration,2.0,calendar_analysis_duration,,,0.0,The Screwtape Letters,finish_0066,2023-12-22,finished_event_identity
calendar_analysis_row_016255_part_0,calendar_analysis_row_016255,2023-12-23,2023-12-23 23:00:00+00:00,2023-12-24 00:45:00+00:00,Things,Finished book: the abolition of man,Finished book: the abolition of man,finished,the abolition of man,0.875,1.75,True,explicit_finished_book_duration,1.75,full_duration_compatible_overlap,Travel,Things,0.875,the abolition of man,finish_0067,2023-12-23,finished_event_identity
calendar_analysis_row_016282_part_0,calendar_analysis_row_016282,2023-12-25,2023-12-25 06:00:00+00:00,2023-12-25 06:15:00+00:00,Things,book:taom,book:taom,reading,taom,0.25,0.25,True,explicit_reading_or_audiobook_duration,0.25,calendar_analysis_duration,,,0.0,the abolition of man,finish_0067,2023-12-23,ref_to_finished_title
calendar_analysis_row_016299_part_0,calendar_analysis_row_016299,2023-12-26,2023-12-26 05:30:00+00:00,2023-12-26 06:00:00+00:00,Things,Book:dm,Book:dm,reading,dm,0.5,0.5,True,explicit_reading_or_audiobook_duration,0.5,calendar_analysis_duration,,,0.0,digital minamalism,finish_0069,2024-01-21,ref_to_finished_title
calendar_analysis_row_016303_part_0,calendar_analysis_row_016303,2023-12-26,2023-12-26 07:00:00+00:00,2023-12-26 07:15:00+00:00,Things,Book:ladr,Book:ladr,reading,ladr,0.25,0.25,True,explicit_reading_or_audiobook_duration,0.25,calendar_analysis_duration,,,0.0,,,,
calendar_analysis_row_016306_part_0,calendar_analysis_row_016306,2023-12-26,2023-12-26 07:45:00+00:00,2023-12-26 08:00:00+00:00,Things,Book:ladr,Book:ladr,reading,ladr,0.25,0.25,True,explicit_reading_or_audiobook_duration,0.25,calendar_analysis_duration,,,0.0,,,,
calendar_analysis_row_016307_part_0,calendar_analysis_row_016307,2023-12-26,2023-12-26 08:00:00+00:00,2023-12-26 08:45:00+00:00,Things,Read: Kipling,Read: Kipling,reading,Kipling,0.75,0.75,True,explicit_reading_or_audiobook_duration,0.75,calendar_analysis_duration,,,0.0,Kipling by Harold bloom,finish_0115,2024-12-23,ref_to_finished_title
calendar_analysis_row_016323_part_0,calendar_analysis_row_016323,2023-12-27,2023-12-27 02:30:00+00:00,2023-12-27 03:00:00+00:00,Things,Read: Kipling,Read: Kipling,reading,Kipling,0.5,0.5,True,explicit_reading_or_audiobook_duration,0.5,calendar_analysis_duration,,,0.0,Kipling by Harold bloom,finish_0115,2024-12-23,ref_to_finished_title
calendar_analysis_row_016363_part_0,calendar_analysis_row_016363,2023-12-28,2023-12-28 13:15:00+00:00,2023-12-28 13:45:00+00:00,Things,Read: Kipling,Read: Kipling,reading,Kipling,0.25,0.5,True,explicit_reading_or_audiobook_duration,0.5,full_duration_minor_overlap,Turkish air,Things,0.25,Kipling by Harold bloom,finish_0115,2024-12-23,ref_to_finished_title
calendar_analysis_row_016374_part_0,calendar_analysis_row_016374,2023-12-29,2023-12-29 01:00:00+00:00,2023-12-29 01:30:00+00:00,Things,Book:ladr,Book:ladr,reading,ladr,0.5,0.5,True,explicit_reading_or_audiobook_duration,0.5,calendar_analysis_duration,,,0.0,,,,
calendar_analysis_row_016410_part_0,calendar_analysis_row_016410,2023-12-30,2023-12-30 21:00:00+00:00,2023-12-30 21:30:00+00:00,Things,Book:ladr,Book:ladr,reading,ladr,0.5,0.5,True,explicit_reading_or_audiobook_duration,0.5,calendar_analysis_duration,,,0.0,,,,
calendar_analysis_row_016450_part_0,calendar_analysis_row_016450,2024-01-04,2024-01-04 01:00:00+00:00,2024-01-04 01:15:00+00:00,Things,Book:ladr,Book:ladr,reading,ladr,0.25,0.25,True,explicit_reading_or_audiobook_duration,0.25,calendar_analysis_duration,,,0.0,,,,
calendar_analysis_row_016509_part_0,calendar_analysis_row_016509,2024-01-08,2024-01-08 20:45:00+00:00,2024-01-08 21:15:00+00:00,Things,read: Kipling,read: Kipling,reading,Kipling,0.5,0.5,True,explicit_reading_or_audiobook_duration,0.5,calendar_analysis_duration,,,0.0,Kipling by Harold bloom,finish_0115,2024-12-23,ref_to_finished_title
calendar_analysis_row_016626_part_0,calendar_analysis_row_016626,2024-01-16,2024-01-16 11:45:00+00:00,2024-01-16 12:00:00+00:00,Things,Book:dm,Book:dm,reading,dm,0.125,0.25,True,explicit_reading_or_audiobook_duration,0.25,full_duration_minor_overlap,Flight IST to SFO,Things,0.125,digital minamalism,finish_0069,2024-01-21,ref_to_finished_title
calendar_analysis_row_016664_part_0,calendar_analysis_row_016664,2024-01-18,2024-01-18 02:30:00+00:00,2024-01-18 03:00:00+00:00,Things,book:tmwwt,book:tmwwt,reading,tmwwt,0.5,0.5,True,explicit_reading_or_audiobook_duration,0.5,calendar_analysis_duration,,,0.0,The Man Who Was Thursday,finish_0068,2024-01-20,ref_to_finished_title
calendar_analysis_row_016671_part_0,calendar_analysis_row_016671,2024-01-18,2024-01-18 13:15:00+00:00,2024-01-18 14:15:00+00:00,Things,Book:tmwwt,Book:tmwwt,reading,tmwwt,1.0,1.0,True,explicit_reading_or_audiobook_duration,1.0,calendar_analysis_duration,,,0.0,The Man Who Was Thursday,finish_0068,2024-01-20,ref_to_finished_title
calendar_analysis_row_016680_part_0,calendar_analysis_row_016680,2024-01-18,2024-01-18 17:30:00+00:00,2024-01-18 18:30:00+00:00,clark.benham@gmail.com,read math,read math,reading,math,1.0,1.0,True,explicit_reading_or_audiobook_duration,1.0,calendar_analysis_duration,,,0.0,,,,
calendar_analysis_row_016688_part_0,calendar_analysis_row_016688,2024-01-19,2024-01-19 06:00:00+00:00,2024-01-19 06:15:00+00:00,Things,Book:tmwwt,Book:tmwwt,reading,tmwwt,0.25,0.25,True,explicit_reading_or_audiobook_duration,0.25,calendar_analysis_duration,,,0.0,The Man Who Was Thursday,finish_0068,2024-01-20,ref_to_finished_title
calendar_analysis_row_016711_part_0,calendar_analysis_row_016711,2024-01-20,2024-01-20 12:00:00+00:00,2024-01-20 13:00:00+00:00,Things,Book:tmwwt,Book:tmwwt,reading,tmwwt,1.0,1.0,True,explicit_reading_or_audiobook_duration,1.0,calendar_analysis_duration,,,0.0,The Man Who Was Thursday,finish_0068,2024-01-20,ref_to_finished_title
calendar_analysis_row_016725_part_0,calendar_analysis_row_016725,2024-01-20,2024-01-20 22:30:00+00:00,2024-01-21 00:00:00+00:00,Things,Finished book: the man who was Thursday,Finished book: the man who was Thursday,finished,the man who was Thursday,1.5,1.5,True,explicit_finished_book_duration,1.5,calendar_analysis_duration,,,0.0,The Man Who Was Thursday,finish_0068,2024-01-20,finished_event_identity
calendar_analysis_row_016749_part_0,calendar_analysis_row_016749,2024-01-21,2024-01-21 22:15:00+00:00,2024-01-21 22:45:00+00:00,Things,finished book: digital minamalism,finished book: digital minamalism,finished,digital minamalism,0.5,0.5,True,explicit_finished_book_duration,0.5,calendar_analysis_duration,,,0.0,digital minamalism,finish_0069,2024-01-21,finished_event_identity
calendar_analysis_row_016750_part_0,calendar_analysis_row_016750,2024-01-21,2024-01-21 22:45:00+00:00,2024-01-21 23:00:00+00:00,Things,book:ewtca,book:ewtca,reading,ewtca,0.25,0.25,True,explicit_reading_or_audiobook_duration,0.25,calendar_analysis_duration,,,0.0,ewtca,finish_0070,2024-02-19,ref_to_finished_title
calendar_analysis_row_016763_part_0,calendar_analysis_row_016763,2024-01-22,2024-01-22 05:00:00+00:00,2024-01-22 05:15:00+00:00,Things,book:sp,book:sp,reading,sp,0.25,0.25,True,explicit_reading_or_audiobook_duration,0.25,calendar_analysis_duration,,,0.0,,,,
calendar_analysis_row_016794_part_0,calendar_analysis_row_016794,2024-01-23,2024-01-23 21:15:00+00:00,2024-01-23 21:30:00+00:00,Things,books,books,generic,,0.25,0.25,False,generic_temporal_read_not_counted_by_default,0.25,calendar_analysis_duration,,,0.0,ewtca,finish_0070,2024-02-19,generic_temporal
calendar_analysis_row_016804_part_0,calendar_analysis_row_016804,2024-01-24,2024-01-24 05:15:00+00:00,2024-01-24 05:30:00+00:00,Things,Book:ladr,Book:ladr,reading,ladr,0.25,0.25,True,explicit_reading_or_audiobook_duration,0.25,calendar_analysis_duration,,,0.0,,,,
calendar_analysis_row_016827_part_0,calendar_analysis_row_016827,2024-01-25,2024-01-25 03:30:00+00:00,2024-01-25 05:00:00+00:00,clark.benham@gmail.com,read prompts,read prompts,reading,prompts,1.5,1.5,True,explicit_reading_or_audiobook_duration,1.5,calendar_analysis_duration,,,0.0,,,,
calendar_analysis_row_016843_part_0,calendar_analysis_row_016843,2024-01-25,2024-01-25 18:15:00+00:00,2024-01-25 19:00:00+00:00,clark.benham@gmail.com,read linear algebra,read linear algebra,reading,linear algebra,0.75,0.75,True,explicit_reading_or_audiobook_duration,0.75,calendar_analysis_duration,,,0.0,,,,
calendar_analysis_row_016876_part_0,calendar_analysis_row_016876,2024-01-27,2024-01-27 07:15:00+00:00,2024-01-27 07:45:00+00:00,Things,Book:ladr,Book:ladr,reading,ladr,0.5,0.5,True,explicit_reading_or_audiobook_duration,0.5,calendar_analysis_duration,,,0.0,,,,
calendar_analysis_row_016889_part_0,calendar_analysis_row_016889,2024-01-27,2024-01-27 19:30:00+00:00,2024-01-27 20:15:00+00:00,Things,books,books,generic,,0.75,0.75,False,generic_temporal_read_not_counted_by_default,0.75,calendar_analysis_duration,,,0.0,ewtca,finish_0070,2024-02-19,generic_temporal
calendar_analysis_row_016904_part_0,calendar_analysis_row_016904,2024-01-28,2024-01-28 07:30:00+00:00,2024-01-28 08:00:00+00:00,Things,book:bloj,book:bloj,reading,bloj,0.5,0.5,True,explicit_reading_or_audiobook_duration,0.5,calendar_analysis_duration,,,0.0,,,,
calendar_analysis_row_016973_part_0,calendar_analysis_row_016973,2024-01-31,2024-01-31 21:45:00+00:00,2024-01-31 22:00:00+00:00,Things,Book:tt,Book:tt,reading,tt,0.25,0.25,True,explicit_reading_or_audiobook_duration,0.25,calendar_analysis_duration,,,0.0,Tremendous Trifles,finish_0072,2024-03-01,ref_to_finished_title
calendar_analysis_row_017000_part_0,calendar_analysis_row_017000,2024-02-02,2024-02-02 08:45:00+00:00,2024-02-02 09:00:00+00:00,Things,book:ladr,book:ladr,reading,ladr,0.25,0.25,True,explicit_reading_or_audiobook_duration,0.25,calendar_analysis_duration,,,0.0,,,,
calendar_analysis_row_017110_part_0,calendar_analysis_row_017110,2024-02-09,2024-02-09 10:00:00+00:00,2024-02-09 10:45:00+00:00,Things,books,books,generic,,0.75,0.75,False,generic_temporal_read_not_counted_by_default,0.75,calendar_analysis_duration,,,0.0,ewtca,finish_0070,2024-02-19,generic_temporal
calendar_analysis_row_017134_part_0,calendar_analysis_row_017134,2024-02-11,2024-02-11 05:45:00+00:00,2024-02-11 06:15:00+00:00,Things,book:pf,book:pf,reading,pf,0.5,0.5,True,explicit_reading_or_audiobook_duration,0.5,calendar_analysis_duration,,,0.0,,,,
calendar_analysis_row_017202_part_0,calendar_analysis_row_017202,2024-02-14,2024-02-14 20:45:00+00:00,2024-02-14 21:15:00+00:00,Things,Books,Books,generic,,0.5,0.5,False,generic_temporal_read_not_counted_by_default,0.5,calendar_analysis_duration,,,0.0,ewtca,finish_0070,2024-02-19,generic_temporal
calendar_analysis_row_017239_part_0,calendar_analysis_row_017239,2024-02-16,2024-02-16 15:45:00+00:00,2024-02-16 16:00:00+00:00,Things,Book:ewtca,Book:ewtca,reading,ewtca,0.125,0.25,True,explicit_reading_or_audiobook_duration,0.25,full_duration_minor_overlap,Travel to Budget Truck Rental,Things,0.125,ewtca,finish_0070,2024-02-19,ref_to_finished_title
calendar_analysis_row_017278_part_0,calendar_analysis_row_017278,2024-02-19,2024-02-19 07:45:00+00:00,2024-02-19 08:30:00+00:00,Things,Book:pf,Book:pf,reading,pf,0.75,0.75,True,explicit_reading_or_audiobook_duration,0.75,calendar_analysis_duration,,,0.0,,,,
calendar_analysis_row_017283_part_0,calendar_analysis_row_017283,2024-02-19,2024-02-19 18:45:00+00:00,2024-02-19 19:15:00+00:00,Things,Read,Read,generic,,0.5,0.5,False,generic_temporal_read_not_counted_by_default,0.5,calendar_analysis_duration,,,0.0,ewtca,finish_0070,2024-02-19,generic_temporal
calendar_analysis_row_017287_part_0,calendar_analysis_row_017287,2024-02-19,2024-02-19 20:15:00+00:00,2024-02-19 21:15:00+00:00,Things,Finished book: ewtca,Finished book: ewtca,finished,ewtca,1.0,1.0,True,explicit_finished_book_duration,1.0,calendar_analysis_duration,,,0.0,ewtca,finish_0070,2024-02-19,finished_event_identity
calendar_analysis_row_017300_part_0,calendar_analysis_row_017300,2024-02-20,2024-02-20 04:00:00+00:00,2024-02-20 05:30:00+00:00,Things,book:bloj,book:bloj,reading,bloj,1.5,1.5,True,explicit_reading_or_audiobook_duration,1.5,calendar_analysis_duration,,,0.0,,,,
calendar_analysis_row_017301_part_0,calendar_analysis_row_017301,2024-02-20,2024-02-20 05:45:00+00:00,2024-02-20 06:00:00+00:00,Things,Read: ladr,Read: ladr,reading,ladr,0.25,0.25,True,explicit_reading_or_audiobook_duration,0.25,calendar_analysis_duration,,,0.0,,,,
calendar_analysis_row_017303_part_0,calendar_analysis_row_017303,2024-02-20,2024-02-20 08:00:00+00:00,2024-02-20 08:45:00+00:00,Things,Read: Kipling,Read: Kipling,reading,Kipling,0.75,0.75,True,explicit_reading_or_audiobook_duration,0.75,calendar_analysis_duration,,,0.0,Kipling by Harold bloom,finish_0115,2024-12-23,ref_to_finished_title
calendar_analysis_row_017351_part_0,calendar_analysis_row_017351,2024-02-22,2024-02-22 01:00:00+00:00,2024-02-22 02:00:00+00:00,Things,book:hss,book:hss,reading,hss,1.0,1.0,True,explicit_reading_or_audiobook_duration,1.0,calendar_analysis_duration,,,0.0,,,,
calendar_analysis_row_017352_part_0,calendar_analysis_row_017352,2024-02-22,2024-02-22 02:00:00+00:00,2024-02-22 02:30:00+00:00,Things,Book:htwfaip,Book:htwfaip,reading,htwfaip,0.5,0.5,True,explicit_reading_or_audiobook_duration,0.5,calendar_analysis_duration,,,0.0,how to win friends and influence people,finish_0071,2024-02-24,ref_to_finished_title
calendar_analysis_row_017358_part_0,calendar_analysis_row_017358,2024-02-22,2024-02-22 07:00:00+00:00,2024-02-22 07:30:00+00:00,Things,Book:htwfaip,Book:htwfaip,reading,htwfaip,0.5,0.5,True,explicit_reading_or_audiobook_duration,0.5,calendar_analysis_duration,,,0.0,how to win friends and influence people,finish_0071,2024-02-24,ref_to_finished_title
calendar_analysis_row_017364_part_0,calendar_analysis_row_017364,2024-02-22,2024-02-22 19:00:00+00:00,2024-02-22 20:15:00+00:00,Things,Book:hss,Book:hss,reading,hss,1.25,1.25,True,explicit_reading_or_audiobook_duration,1.25,calendar_analysis_duration,,,0.0,,,,
calendar_analysis_row_017365_part_0,calendar_analysis_row_017365,2024-02-22,2024-02-22 20:15:00+00:00,2024-02-22 20:30:00+00:00,Things,Book:tt,Book:tt,reading,tt,0.25,0.25,True,explicit_reading_or_audiobook_duration,0.25,calendar_analysis_duration,,,0.0,Tremendous Trifles,finish_0072,2024-03-01,ref_to_finished_title
calendar_analysis_row_017375_part_0,calendar_analysis_row_017375,2024-02-23,2024-02-23 01:30:00+00:00,2024-02-23 02:15:00+00:00,Things,Book:htwfaip,Book:htwfaip,reading,htwfaip,0.625,0.75,True,explicit_reading_or_audiobook_duration,0.75,full_duration_minor_overlap,Flight LAX SFO,Things,0.125,how to win friends and influence people,finish_0071,2024-02-24,ref_to_finished_title
calendar_analysis_row_017380_part_0,calendar_analysis_row_017380,2024-02-23,2024-02-23 04:15:00+00:00,2024-02-23 04:45:00+00:00,Things,Book:htwfaip,Book:htwfaip,reading,htwfaip,0.25,0.5,True,explicit_reading_or_audiobook_duration,0.5,full_duration_minor_overlap,Travel,Things,0.25,how to win friends and influence people,finish_0071,2024-02-24,ref_to_finished_title
calendar_analysis_row_017384_part_0,calendar_analysis_row_017384,2024-02-23,2024-02-23 07:45:00+00:00,2024-02-23 08:15:00+00:00,Things,Book:htwfaip,Book:htwfaip,reading,htwfaip,0.5,0.5,True,explicit_reading_or_audiobook_duration,0.5,calendar_analysis_duration,,,0.0,how to win friends and influence people,finish_0071,2024-02-24,ref_to_finished_title
calendar_analysis_row_017385_part_0,calendar_analysis_row_017385,2024-02-23,2024-02-23 08:15:00+00:00,2024-02-23 09:00:00+00:00,Things,Book:bloj,Book:bloj,reading,bloj,0.75,0.75,True,explicit_reading_or_audiobook_duration,0.75,calendar_analysis_duration,,,0.0,,,,
calendar_analysis_row_017392_part_0,calendar_analysis_row_017392,2024-02-23,2024-02-23 20:45:00+00:00,2024-02-23 21:15:00+00:00,clark.benham@gmail.com,read: ladr,read: ladr,reading,ladr,0.5,0.5,True,explicit_reading_or_audiobook_duration,0.5,calendar_analysis_duration,,,0.0,,,,
calendar_analysis_row_017399_part_0,calendar_analysis_row_017399,2024-02-24,2024-02-24 02:00:00+00:00,2024-02-24 02:30:00+00:00,Things,finished book: how to win friends and influence people,finished book: how to win friends and influence people,finished,how to win friends and influence people,0.5,0.5,True,explicit_finished_book_duration,0.5,calendar_analysis_duration,,,0.0,how to win friends and influence people,finish_0071,2024-02-24,finished_event_identity
calendar_analysis_row_017406_part_0,calendar_analysis_row_017406,2024-02-24,2024-02-24 07:00:00+00:00,2024-02-24 08:45:00+00:00,Things,Book:bloj,Book:bloj,reading,bloj,1.75,1.75,True,explicit_reading_or_audiobook_duration,1.75,calendar_analysis_duration,,,0.0,,,,
calendar_analysis_row_017423_part_0,calendar_analysis_row_017423,2024-02-25,2024-02-25 01:30:00+00:00,2024-02-25 02:30:00+00:00,Things,book:bloj,book:bloj,reading,bloj,1.0,1.0,True,explicit_reading_or_audiobook_duration,1.0,calendar_analysis_duration,,,0.0,,,,
calendar_analysis_row_017424_part_0,calendar_analysis_row_017424,2024-02-25,2024-02-25 02:30:00+00:00,2024-02-25 03:30:00+00:00,clark.benham@gmail.com,read: ladr,read: ladr,reading,ladr,1.0,1.0,True,explicit_reading_or_audiobook_duration,1.0,calendar_analysis_duration,,,0.0,,,,
calendar_analysis_row_017429_part_0,calendar_analysis_row_017429,2024-02-25,2024-02-25 05:15:00+00:00,2024-02-25 05:45:00+00:00,Things,Book:sp,Book:sp,reading,sp,0.5,0.5,True,explicit_reading_or_audiobook_duration,0.5,calendar_analysis_duration,,,0.0,,,,
calendar_analysis_row_017439_part_0,calendar_analysis_row_017439,2024-02-25,2024-02-25 19:15:00+00:00,2024-02-25 19:30:00+00:00,clark.benham@gmail.com,book:sp,book:sp,reading,sp,0.25,0.25,True,explicit_reading_or_audiobook_duration,0.25,calendar_analysis_duration,,,0.0,,,,
calendar_analysis_row_017448_part_0,calendar_analysis_row_017448,2024-02-25,2024-02-25 23:15:00+00:00,2024-02-26 00:00:00+00:00,Things,Book:hss,Book:hss,reading,hss,0.75,0.75,True,explicit_reading_or_audiobook_duration,0.75,calendar_analysis_duration,,,0.0,,,,
calendar_analysis_row_017460_part_0,calendar_analysis_row_017460,2024-02-26,2024-02-26 13:30:00+00:00,2024-02-26 13:45:00+00:00,Things,Book:bloj,Book:bloj,reading,bloj,0.25,0.25,True,explicit_reading_or_audiobook_duration,0.25,calendar_analysis_duration,,,0.0,,,,
calendar_analysis_row_017507_part_0,calendar_analysis_row_017507,2024-02-28,2024-02-28 07:45:00+00:00,2024-02-28 08:15:00+00:00,Things,Book:ladr,Book:ladr,reading,ladr,0.5,0.5,True,explicit_reading_or_audiobook_duration,0.5,calendar_analysis_duration,,,0.0,,,,
calendar_analysis_row_017524_part_0,calendar_analysis_row_017524,2024-02-28,2024-02-28 20:15:00+00:00,2024-02-28 20:45:00+00:00,Things,Books,Books,generic,,0.5,0.5,False,generic_temporal_read_not_counted_by_default,0.5,calendar_analysis_duration,,,0.0,Tremendous Trifles,finish_0072,2024-03-01,generic_temporal
calendar_analysis_row_017532_part_0,calendar_analysis_row_017532,2024-02-29,2024-02-29 10:00:00+00:00,2024-02-29 10:30:00+00:00,Things,read,read,generic,,0.5,0.5,False,generic_temporal_read_not_counted_by_default,0.5,calendar_analysis_duration,,,0.0,Tremendous Trifles,finish_0072,2024-03-01,generic_temporal
calendar_analysis_row_017539_part_0,calendar_analysis_row_017539,2024-02-29,2024-02-29 21:45:00+00:00,2024-02-29 22:15:00+00:00,Things,books,books,generic,,0.5,0.5,False,generic_temporal_read_not_counted_by_default,0.5,calendar_analysis_duration,,,0.0,Tremendous Trifles,finish_0072,2024-03-01,generic_temporal
calendar_analysis_row_017548_part_0,calendar_analysis_row_017548,2024-03-01,2024-03-01 09:00:00+00:00,2024-03-01 09:30:00+00:00,Things,Book,Book,generic,,0.5,0.5,False,generic_temporal_read_not_counted_by_default,0.5,calendar_analysis_duration,,,0.0,Tremendous Trifles,finish_0072,2024-03-01,generic_temporal
calendar_analysis_row_017551_part_0,calendar_analysis_row_017551,2024-03-01,2024-03-01 16:15:00+00:00,2024-03-01 16:45:00+00:00,Things,finished book: tremendous trifles,finished book: tremendous trifles,finished,tremendous trifles,0.5,0.5,True,explicit_finished_book_duration,0.5,calendar_analysis_duration,,,0.0,Tremendous Trifles,finish_0072,2024-03-01,finished_event_identity
calendar_analysis_row_017581_part_0,calendar_analysis_row_017581,2024-03-03,2024-03-03 05:15:00+00:00,2024-03-03 05:30:00+00:00,Things,Read,Read,generic,,0.25,0.25,False,generic_temporal_read_not_counted_by_default,0.25,calendar_analysis_duration,,,0.0,Jude the Obscure,finish_0073,2024-03-08,generic_temporal
calendar_analysis_row_017595_part_0,calendar_analysis_row_017595,2024-03-04,2024-03-04 00:00:00+00:00,2024-03-04 01:00:00+00:00,Things,book:acyikac,book:acyikac,reading,acyikac,1.0,1.0,True,explicit_reading_or_audiobook_duration,1.0,calendar_analysis_duration,,,0.0,A Connecticut Yankee in King Arthur’s Court,finish_0074,2024-03-12,ref_to_finished_title
calendar_analysis_row_017599_part_0,calendar_analysis_row_017599,2024-03-04,2024-03-04 02:45:00+00:00,2024-03-04 04:45:00+00:00,Things,book:jto,book:jto,reading,jto,2.0,2.0,True,explicit_reading_or_audiobook_duration,2.0,calendar_analysis_duration,,,0.0,Jude the Obscure,finish_0073,2024-03-08,ref_to_finished_title
calendar_analysis_row_017607_part_0,calendar_analysis_row_017607,2024-03-04,2024-03-04 19:30:00+00:00,2024-03-04 19:45:00+00:00,Things,Book:jto,Book:jto,reading,jto,0.25,0.25,True,explicit_reading_or_audiobook_duration,0.25,calendar_analysis_duration,,,0.0,Jude the Obscure,finish_0073,2024-03-08,ref_to_finished_title
calendar_analysis_row_017625_part_0,calendar_analysis_row_017625,2024-03-05,2024-03-05 07:00:00+00:00,2024-03-05 07:45:00+00:00,Things,Book:jto,Book:jto,reading,jto,0.75,0.75,True,explicit_reading_or_audiobook_duration,0.75,calendar_analysis_duration,,,0.0,Jude the Obscure,finish_0073,2024-03-08,ref_to_finished_title
calendar_analysis_row_017636_part_0,calendar_analysis_row_017636,2024-03-05,2024-03-05 22:00:00+00:00,2024-03-05 22:30:00+00:00,Things,book:jto,book:jto,reading,jto,0.5,0.5,True,explicit_reading_or_audiobook_duration,0.5,calendar_analysis_duration,,,0.0,Jude the Obscure,finish_0073,2024-03-08,ref_to_finished_title
calendar_analysis_row_017672_part_0,calendar_analysis_row_017672,2024-03-07,2024-03-07 08:00:00+00:00,2024-03-07 09:00:00+00:00,Things,Book:jto,Book:jto,reading,jto,1.0,1.0,True,explicit_reading_or_audiobook_duration,1.0,calendar_analysis_duration,,,0.0,Jude the Obscure,finish_0073,2024-03-08,ref_to_finished_title
calendar_analysis_row_017702_part_0,calendar_analysis_row_017702,2024-03-08,2024-03-08 05:45:00+00:00,2024-03-08 08:00:00+00:00,Things,Book:jto,Book:jto,reading,jto,2.25,2.25,True,explicit_reading_or_audiobook_duration,2.25,calendar_analysis_duration,,,0.0,Jude the Obscure,finish_0073,2024-03-08,ref_to_finished_title
calendar_analysis_row_017706_part_0,calendar_analysis_row_017706,2024-03-08,2024-03-08 13:45:00+00:00,2024-03-08 15:30:00+00:00,Things,Book:jto,Book:jto,reading,jto,0.875,1.75,True,explicit_reading_or_audiobook_duration,1.75,full_duration_compatible_overlap,Travel,Things,0.875,Jude the Obscure,finish_0073,2024-03-08,ref_to_finished_title
calendar_analysis_row_017707_part_0,calendar_analysis_row_017707,2024-03-08,2024-03-08 16:00:00+00:00,2024-03-08 17:00:00+00:00,Things,Finished book: Jude the obscure,Finished book: Jude the obscure,finished,Jude the obscure,0.5,1.0,True,explicit_finished_book_duration,1.0,full_duration_compatible_overlap,Travel,Things,0.5,Jude the Obscure,finish_0073,2024-03-08,finished_event_identity
calendar_analysis_row_017733_part_0,calendar_analysis_row_017733,2024-03-10,2024-03-10 03:30:00+00:00,2024-03-10 04:00:00+00:00,Things,Book:cyikac,Book:cyikac,reading,cyikac,0.5,0.5,True,explicit_reading_or_audiobook_duration,0.5,calendar_analysis_duration,,,0.0,A Connecticut Yankee in King Arthur’s Court,finish_0074,2024-03-12,ref_to_finished_title
calendar_analysis_row_017765_part_0,calendar_analysis_row_017765,2024-03-11,2024-03-11 22:00:00+00:00,2024-03-11 23:15:00+00:00,Things,Book:cyikac,Book:cyikac,reading,cyikac,1.25,1.25,True,explicit_reading_or_audiobook_duration,1.25,calendar_analysis_duration,,,0.0,A Connecticut Yankee in King Arthur’s Court,finish_0074,2024-03-12,ref_to_finished_title
calendar_analysis_row_017791_part_0,calendar_analysis_row_017791,2024-03-12,2024-03-12 18:30:00+00:00,2024-03-12 20:15:00+00:00,Things,Book:cyikac,Book:cyikac,reading,cyikac,1.75,1.75,True,explicit_reading_or_audiobook_duration,1.75,calendar_analysis_duration,,,0.0,A Connecticut Yankee in King Arthur’s Court,finish_0074,2024-03-12,ref_to_finished_title
calendar_analysis_row_017793_part_0,calendar_analysis_row_017793,2024-03-12,2024-03-12 20:30:00+00:00,2024-03-12 21:30:00+00:00,Things,Finished book: cyikac,Finished book: cyikac,finished,cyikac,1.0,1.0,True,explicit_finished_book_duration,1.0,calendar_analysis_duration,,,0.0,A Connecticut Yankee in King Arthur’s Court,finish_0074,2024-03-12,finished_event_identity
calendar_analysis_row_017851_part_0,calendar_analysis_row_017851,2024-03-14,2024-03-14 21:00:00+00:00,2024-03-14 21:15:00+00:00,clark.benham@gmail.com,read misc resources,read misc resources,reading,misc resources,0.25,0.25,True,explicit_reading_or_audiobook_duration,0.25,calendar_analysis_duration,,,0.0,,,,
calendar_analysis_row_017863_part_0,calendar_analysis_row_017863,2024-03-15,2024-03-15 05:30:00+00:00,2024-03-15 06:30:00+00:00,clark.benham@gmail.com,read math: calc3,read math: calc3,reading,math: calc3,1.0,1.0,True,explicit_reading_or_audiobook_duration,1.0,calendar_analysis_duration,,,0.0,,,,
calendar_analysis_row_017883_part_0,calendar_analysis_row_017883,2024-03-16,2024-03-16 00:30:00+00:00,2024-03-16 00:45:00+00:00,clark.benham@gmail.com,read math,read math,reading,math,0.25,0.25,True,explicit_reading_or_audiobook_duration,0.25,calendar_analysis_duration,,,0.0,,,,
calendar_analysis_row_017935_part_0,calendar_analysis_row_017935,2024-03-18,2024-03-18 05:15:00+00:00,2024-03-18 06:15:00+00:00,clark.benham@gmail.com,read calc3,read calc3,reading,calc3,1.0,1.0,True,explicit_reading_or_audiobook_duration,1.0,calendar_analysis_duration,,,0.0,,,,
calendar_analysis_row_017962_part_0,calendar_analysis_row_017962,2024-03-19,2024-03-19 07:00:00+00:00,2024-03-19 07:30:00+00:00,Things,book:cm,book:cm,reading,cm,0.5,0.5,True,explicit_reading_or_audiobook_duration,0.5,calendar_analysis_duration,,,0.0,,,,
calendar_analysis_row_017983_part_0,calendar_analysis_row_017983,2024-03-19,2024-03-19 23:30:00+00:00,2024-03-20 01:15:00+00:00,Things,finished book: the checklist manifesto,finished book: the checklist manifesto,finished,the checklist manifesto,1.75,1.75,True,explicit_finished_book_duration,1.75,calendar_analysis_duration,,,0.0,The Checklist Manifesto,finish_0075,2024-03-19,finished_event_identity
calendar_analysis_row_018010_part_0,calendar_analysis_row_018010,2024-03-21,2024-03-21 02:30:00+00:00,2024-03-21 02:45:00+00:00,Things,book:tpop,book:tpop,reading,tpop,0.25,0.25,True,explicit_reading_or_audiobook_duration,0.25,calendar_analysis_duration,,,0.0,the passage of power,finish_0140,2025-05-27,ref_to_finished_title
calendar_analysis_row_018032_part_0,calendar_analysis_row_018032,2024-03-21,2024-03-21 23:00:00+00:00,2024-03-22 00:00:00+00:00,Things,book:pp,book:pp,reading,pp,1.0,1.0,True,explicit_reading_or_audiobook_duration,1.0,calendar_analysis_duration,,,0.0,,,,
calendar_analysis_row_018055_part_0,calendar_analysis_row_018055,2024-03-22,2024-03-22 21:00:00+00:00,2024-03-22 21:30:00+00:00,clark.benham@gmail.com,book:mfml,book:mfml,reading,mfml,0.5,0.5,True,explicit_reading_or_audiobook_duration,0.5,calendar_analysis_duration,,,0.0,Mathematics for Machine Learning,finish_0149,2025-07-09,ref_to_finished_title
calendar_analysis_row_018058_part_0,calendar_analysis_row_018058,2024-03-22,2024-03-22 22:00:00+00:00,2024-03-22 22:45:00+00:00,clark.benham@gmail.com,book:mml,book:mml,reading,mml,0.75,0.75,True,explicit_reading_or_audiobook_duration,0.75,calendar_analysis_duration,,,0.0,Mathematics for Machine Learning,finish_0149,2025-07-09,ref_to_finished_title
calendar_analysis_row_018063_part_0,calendar_analysis_row_018063,2024-03-23,2024-03-23 02:30:00+00:00,2024-03-23 03:00:00+00:00,Things,book:aoc,book:aoc,reading,aoc,0.5,0.5,True,explicit_reading_or_audiobook_duration,0.5,calendar_analysis_duration,,,0.0,,,,
calendar_analysis_row_018077_part_0,calendar_analysis_row_018077,2024-03-23,2024-03-23 21:00:00+00:00,2024-03-23 21:30:00+00:00,Things,read: hemmingway,read: hemmingway,reading,hemmingway,0.5,0.5,True,explicit_reading_or_audiobook_duration,0.5,calendar_analysis_duration,,,0.0,,,,
calendar_analysis_row_018080_part_0,calendar_analysis_row_018080,2024-03-23,2024-03-23 22:30:00+00:00,2024-03-23 23:30:00+00:00,Things,read: hemmingway,read: hemmingway,reading,hemmingway,1.0,1.0,True,explicit_reading_or_audiobook_duration,1.0,calendar_analysis_duration,,,0.0,,,,
calendar_analysis_row_018150_part_0,calendar_analysis_row_018150,2024-03-26,2024-03-26 21:00:00+00:00,2024-03-26 22:30:00+00:00,Things,book:potwb,book:potwb,reading,potwb,1.5,1.5,True,explicit_reading_or_audiobook_duration,1.5,calendar_analysis_duration,,,0.0,the persuit of the well beloved,finish_0076,2024-03-27,ref_to_finished_title
calendar_analysis_row_018176_part_0,calendar_analysis_row_018176,2024-03-27,2024-03-27 21:00:00+00:00,2024-03-27 23:30:00+00:00,Things,finished book: the persuit of the well beloved,finished book: the persuit of the well beloved,finished,the persuit of the well beloved,2.5,2.5,True,explicit_finished_book_duration,2.5,calendar_analysis_duration,,,0.0,the persuit of the well beloved,finish_0076,2024-03-27,finished_event_identity
calendar_analysis_row_018231_part_0,calendar_analysis_row_018231,2024-03-30,2024-03-30 17:30:00+00:00,2024-03-30 19:00:00+00:00,Things,book:js,book:js,reading,js,1.5,1.5,True,explicit_reading_or_audiobook_duration,1.5,calendar_analysis_duration,,,0.0,Jeeves Stories,finish_0085,2024-06-30,ref_to_finished_title
calendar_analysis_row_018239_part_0,calendar_analysis_row_018239,2024-03-30,2024-03-30 23:30:00+00:00,2024-03-30 23:45:00+00:00,Things,book:eup,book:eup,reading,eup,0.25,0.25,True,explicit_reading_or_audiobook_duration,0.25,calendar_analysis_duration,,,0.0,,,,
calendar_analysis_row_018240_part_0,calendar_analysis_row_018240,2024-03-30,2024-03-30 23:45:00+00:00,2024-03-31 00:00:00+00:00,Things,book:nea,book:nea,reading,nea,0.25,0.25,True,explicit_reading_or_audiobook_duration,0.25,calendar_analysis_duration,,,0.0,,,,
calendar_analysis_row_018252_part_0,calendar_analysis_row_018252,2024-03-31,2024-03-31 06:15:00+00:00,2024-03-31 06:30:00+00:00,Things,book:mml,book:mml,reading,mml,0.25,0.25,True,explicit_reading_or_audiobook_duration,0.25,calendar_analysis_duration,,,0.0,Mathematics for Machine Learning,finish_0149,2025-07-09,ref_to_finished_title
calendar_analysis_row_018267_part_0,calendar_analysis_row_018267,2024-04-01,2024-04-01 00:15:00+00:00,2024-04-01 01:00:00+00:00,clark.benham@gmail.com,read lw for spar,read lw for spar,reading,lw for spar,0.75,0.75,True,explicit_reading_or_audiobook_duration,0.75,calendar_analysis_duration,,,0.0,,,,
calendar_analysis_row_018275_part_0,calendar_analysis_row_018275,2024-04-01,2024-04-01 07:45:00+00:00,2024-04-01 08:30:00+00:00,Things,Book:js,Book:js,reading,js,0.75,0.75,True,explicit_reading_or_audiobook_duration,0.75,calendar_analysis_duration,,,0.0,Jeeves Stories,finish_0085,2024-06-30,ref_to_finished_title
calendar_analysis_row_018301_part_0,calendar_analysis_row_018301,2024-04-02,2024-04-02 08:15:00+00:00,2024-04-02 08:30:00+00:00,Things,Book:pc,Book:pc,reading,pc,0.25,0.25,True,explicit_reading_or_audiobook_duration,0.25,calendar_analysis_duration,,,0.0,,,,
calendar_analysis_row_018326_part_0,calendar_analysis_row_018326,2024-04-03,2024-04-03 06:00:00+00:00,2024-04-03 06:15:00+00:00,Things,book:pc,book:pc,reading,pc,0.25,0.25,True,explicit_reading_or_audiobook_duration,0.25,calendar_analysis_duration,,,0.0,,,,
calendar_analysis_row_018329_part_0,calendar_analysis_row_018329,2024-04-03,2024-04-03 07:00:00+00:00,2024-04-03 07:30:00+00:00,Things,Book:mml,Book:mml,reading,mml,0.5,0.5,True,explicit_reading_or_audiobook_duration,0.5,calendar_analysis_duration,,,0.0,Mathematics for Machine Learning,finish_0149,2025-07-09,ref_to_finished_title
calendar_analysis_row_018332_part_0,calendar_analysis_row_018332,2024-04-03,2024-04-03 13:15:00+00:00,2024-04-03 13:37:30+00:00,Things,Book:js,Book:js,reading,js,0.375,0.375,True,explicit_reading_or_audiobook_duration,0.375,calendar_analysis_duration,,,0.0,Jeeves Stories,finish_0085,2024-06-30,ref_to_finished_title
calendar_analysis_row_018349_part_0,calendar_analysis_row_018349,2024-04-04,2024-04-04 08:30:00+00:00,2024-04-04 09:15:00+00:00,Things,Book:js,Book:js,reading,js,0.75,0.75,True,explicit_reading_or_audiobook_duration,0.75,calendar_analysis_duration,,,0.0,Jeeves Stories,finish_0085,2024-06-30,ref_to_finished_title
calendar_analysis_row_018354_part_0,calendar_analysis_row_018354,2024-04-04,2024-04-04 11:00:00+00:00,2024-04-04 11:30:00+00:00,Things,book:tgb,book:tgb,reading,tgb,0.5,0.5,True,explicit_reading_or_audiobook_duration,0.5,calendar_analysis_duration,,,0.0,,,,
calendar_analysis_row_018357_part_0,calendar_analysis_row_018357,2024-04-04,2024-04-04 16:15:00+00:00,2024-04-04 17:00:00+00:00,Things,Book:bloj,Book:bloj,reading,bloj,0.75,0.75,True,explicit_reading_or_audiobook_duration,0.75,calendar_analysis_duration,,,0.0,,,,
calendar_analysis_row_018359_part_0,calendar_analysis_row_018359,2024-04-04,2024-04-04 17:15:00+00:00,2024-04-04 17:30:00+00:00,Things,book:js,book:js,reading,js,0.25,0.25,True,explicit_reading_or_audiobook_duration,0.25,calendar_analysis_duration,,,0.0,Jeeves Stories,finish_0085,2024-06-30,ref_to_finished_title
calendar_analysis_row_018377_part_0,calendar_analysis_row_018377,2024-04-05,2024-04-05 10:15:00+00:00,2024-04-05 10:45:00+00:00,Things,book:mml,book:mml,reading,mml,0.5,0.5,True,explicit_reading_or_audiobook_duration,0.5,calendar_analysis_duration,,,0.0,Mathematics for Machine Learning,finish_0149,2025-07-09,ref_to_finished_title
calendar_analysis_row_018380_part_0,calendar_analysis_row_018380,2024-04-05,2024-04-05 17:00:00+00:00,2024-04-05 17:45:00+00:00,clark.benham@gmail.com,read matricies,read matricies,reading,matricies,0.75,0.75,True,explicit_reading_or_audiobook_duration,0.75,calendar_analysis_duration,,,0.0,,,,
calendar_analysis_row_018411_part_0,calendar_analysis_row_018411,2024-04-07,2024-04-07 01:30:00+00:00,2024-04-07 02:00:00+00:00,Things,Book:neuromancer,Book:neuromancer,reading,neuromancer,0.5,0.5,True,explicit_reading_or_audiobook_duration,0.5,calendar_analysis_duration,,,0.0,,,,
calendar_analysis_row_018424_part_0,calendar_analysis_row_018424,2024-04-07,2024-04-07 20:30:00+00:00,2024-04-07 21:00:00+00:00,Things,Book:neuromancer,Book:neuromancer,reading,neuromancer,0.5,0.5,True,explicit_reading_or_audiobook_duration,0.5,calendar_analysis_duration,,,0.0,,,,
calendar_analysis_row_018425_part_0,calendar_analysis_row_018425,2024-04-07,2024-04-07 21:00:00+00:00,2024-04-07 22:00:00+00:00,Things,Book:litfw,Book:litfw,reading,litfw,1.0,1.0,True,explicit_reading_or_audiobook_duration,1.0,calendar_analysis_duration,,,0.0,,,,
calendar_analysis_row_018437_part_0,calendar_analysis_row_018437,2024-04-08,2024-04-08 03:45:00+00:00,2024-04-08 04:00:00+00:00,clark.benham@gmail.com,Book:nfda,Book:nfda,reading,nfda,0.25,0.25,True,explicit_reading_or_audiobook_duration,0.25,calendar_analysis_duration,,,0.0,,,,
calendar_analysis_row_018441_part_0,calendar_analysis_row_018441,2024-04-08,2024-04-08 06:30:00+00:00,2024-04-08 07:00:00+00:00,Things,Book:mml,Book:mml,reading,mml,0.5,0.5,True,explicit_reading_or_audiobook_duration,0.5,calendar_analysis_duration,,,0.0,Mathematics for Machine Learning,finish_0149,2025-07-09,ref_to_finished_title
calendar_analysis_row_018454_part_0,calendar_analysis_row_018454,2024-04-09,2024-04-09 00:15:00+00:00,2024-04-09 01:15:00+00:00,Things,book:tm,book:tm,reading,tm,1.0,1.0,True,explicit_reading_or_audiobook_duration,1.0,calendar_analysis_duration,,,0.0,,,,
calendar_analysis_row_018468_part_0,calendar_analysis_row_018468,2024-04-09,2024-04-09 09:15:00+00:00,2024-04-09 10:00:00+00:00,Things,book:js,book:js,reading,js,0.75,0.75,True,explicit_reading_or_audiobook_duration,0.75,calendar_analysis_duration,,,0.0,Jeeves Stories,finish_0085,2024-06-30,ref_to_finished_title
calendar_analysis_row_018469_part_0,calendar_analysis_row_018469,2024-04-09,2024-04-09 10:00:00+00:00,2024-04-09 10:30:00+00:00,Things,book:mml,book:mml,reading,mml,0.5,0.5,True,explicit_reading_or_audiobook_duration,0.5,calendar_analysis_duration,,,0.0,Mathematics for Machine Learning,finish_0149,2025-07-09,ref_to_finished_title
calendar_analysis_row_018472_part_0,calendar_analysis_row_018472,2024-04-09,2024-04-09 12:45:00+00:00,2024-04-09 13:30:00+00:00,Things,book:mml,book:mml,reading,mml,0.75,0.75,True,explicit_reading_or_audiobook_duration,0.75,calendar_analysis_duration,,,0.0,Mathematics for Machine Learning,finish_0149,2025-07-09,ref_to_finished_title
calendar_analysis_row_018495_part_0,calendar_analysis_row_018495,2024-04-10,2024-04-10 07:00:00+00:00,2024-04-10 07:15:00+00:00,Things,Book:mml,Book:mml,reading,mml,0.25,0.25,True,explicit_reading_or_audiobook_duration,0.25,calendar_analysis_duration,,,0.0,Mathematics for Machine Learning,finish_0149,2025-07-09,ref_to_finished_title
calendar_analysis_row_018504_part_0,calendar_analysis_row_018504,2024-04-10,2024-04-10 17:30:00+00:00,2024-04-10 20:45:00+00:00,Things,Finished Book: knudson,Finished Book: knudson,finished,knudson,3.25,3.25,True,explicit_finished_book_duration,3.25,calendar_analysis_duration,,,0.0,knudson,finish_0077,2024-04-10,finished_event_identity
calendar_analysis_row_018550_part_0,calendar_analysis_row_018550,2024-04-12,2024-04-12 06:00:00+00:00,2024-04-12 06:15:00+00:00,Things,Book:mml,Book:mml,reading,mml,0.25,0.25,True,explicit_reading_or_audiobook_duration,0.25,calendar_analysis_duration,,,0.0,Mathematics for Machine Learning,finish_0149,2025-07-09,ref_to_finished_title
calendar_analysis_row_018572_part_0,calendar_analysis_row_018572,2024-04-13,2024-04-13 07:30:00+00:00,2024-04-13 08:15:00+00:00,Things,Book:mml,Book:mml,reading,mml,0.625,0.75,True,explicit_reading_or_audiobook_duration,0.75,full_duration_minor_overlap,Jack,Waste Time,0.125,Mathematics for Machine Learning,finish_0149,2025-07-09,ref_to_finished_title
calendar_analysis_row_018626_part_0,calendar_analysis_row_018626,2024-04-15,2024-04-15 05:00:00+00:00,2024-04-15 05:30:00+00:00,Things,Readings,Readings,reading,ings,0.5,0.5,True,explicit_reading_or_audiobook_duration,0.5,calendar_analysis_duration,,,0.0,,,,
calendar_analysis_row_018660_part_0,calendar_analysis_row_018660,2024-04-16,2024-04-16 07:15:00+00:00,2024-04-16 07:30:00+00:00,Things,Book:mml,Book:mml,reading,mml,0.25,0.25,True,explicit_reading_or_audiobook_duration,0.25,calendar_analysis_duration,,,0.0,Mathematics for Machine Learning,finish_0149,2025-07-09,ref_to_finished_title
calendar_analysis_row_018688_part_0,calendar_analysis_row_018688,2024-04-17,2024-04-17 14:00:00+00:00,2024-04-17 14:30:00+00:00,Things,Book:js,Book:js,reading,js,0.5,0.5,True,explicit_reading_or_audiobook_duration,0.5,calendar_analysis_duration,,,0.0,Jeeves Stories,finish_0085,2024-06-30,ref_to_finished_title
calendar_analysis_row_018709_part_0,calendar_analysis_row_018709,2024-04-17,2024-04-17 23:00:00+00:00,2024-04-17 23:30:00+00:00,Things,Book:nfu,Book:nfu,reading,nfu,0.5,0.5,True,explicit_reading_or_audiobook_duration,0.5,calendar_analysis_duration,,,0.0,,,,
calendar_analysis_row_018727_part_0,calendar_analysis_row_018727,2024-04-18,2024-04-18 07:00:00+00:00,2024-04-18 07:15:00+00:00,Things,book:nfu,book:nfu,reading,nfu,0.25,0.25,True,explicit_reading_or_audiobook_duration,0.25,calendar_analysis_duration,,,0.0,,,,
calendar_analysis_row_018758_part_0,calendar_analysis_row_018758,2024-04-19,2024-04-19 18:15:00+00:00,2024-04-19 19:00:00+00:00,Things,book:hemingway,book:hemingway,reading,hemingway,0.75,0.75,True,explicit_reading_or_audiobook_duration,0.75,calendar_analysis_duration,,,0.0,,,,
calendar_analysis_row_018767_part_0,calendar_analysis_row_018767,2024-04-20,2024-04-20 01:15:00+00:00,2024-04-20 01:45:00+00:00,Things,Book:gb,Book:gb,reading,gb,0.5,0.5,True,explicit_reading_or_audiobook_duration,0.5,calendar_analysis_duration,,,0.0,,,,
calendar_analysis_row_018772_part_0,calendar_analysis_row_018772,2024-04-20,2024-04-20 09:00:00+00:00,2024-04-20 09:15:00+00:00,Things,Book:js,Book:js,reading,js,0.25,0.25,True,explicit_reading_or_audiobook_duration,0.25,calendar_analysis_duration,,,0.0,Jeeves Stories,finish_0085,2024-06-30,ref_to_finished_title
calendar_analysis_row_018845_part_0,calendar_analysis_row_018845,2024-04-23,2024-04-23 08:15:00+00:00,2024-04-23 08:45:00+00:00,Things,cs books,cs books,generic,,0.5,0.5,False,generic_temporal_read_not_counted_by_default,0.5,calendar_analysis_duration,,,0.0,Marooned in Real Time,finish_0078,2024-05-03,generic_temporal
calendar_analysis_row_018856_part_0,calendar_analysis_row_018856,2024-04-23,2024-04-23 18:15:00+00:00,2024-04-23 19:15:00+00:00,Things,Read: PG woodenhouse,Read: PG woodenhouse,reading,PG woodenhouse,1.0,1.0,True,explicit_reading_or_audiobook_duration,1.0,calendar_analysis_duration,,,0.0,,,,
calendar_analysis_row_018862_part_0,calendar_analysis_row_018862,2024-04-23,2024-04-23 21:00:00+00:00,2024-04-23 21:15:00+00:00,Things,read: kipling,read: kipling,reading,kipling,0.25,0.25,True,explicit_reading_or_audiobook_duration,0.25,calendar_analysis_duration,,,0.0,Kipling by Harold bloom,finish_0115,2024-12-23,ref_to_finished_title
calendar_analysis_row_018876_part_0,calendar_analysis_row_018876,2024-04-24,2024-04-24 07:15:00+00:00,2024-04-24 07:45:00+00:00,Things,Reading,Reading,reading,ing,0.5,0.5,True,explicit_reading_or_audiobook_duration,0.5,calendar_analysis_duration,,,0.0,,,,
calendar_analysis_row_018927_part_0,calendar_analysis_row_018927,2024-04-26,2024-04-26 04:00:00+00:00,2024-04-26 04:45:00+00:00,Things,Book:mml,Book:mml,reading,mml,0.75,0.75,True,explicit_reading_or_audiobook_duration,0.75,calendar_analysis_duration,,,0.0,Mathematics for Machine Learning,finish_0149,2025-07-09,ref_to_finished_title
calendar_analysis_row_019003_part_0,calendar_analysis_row_019003,2024-04-29,2024-04-29 07:15:00+00:00,2024-04-29 07:30:00+00:00,Things,Book:pfda,Book:pfda,reading,pfda,0.25,0.25,True,explicit_reading_or_audiobook_duration,0.25,calendar_analysis_duration,,,0.0,,,,
calendar_analysis_row_019032_part_0,calendar_analysis_row_019032,2024-04-30,2024-04-30 06:15:00+00:00,2024-04-30 07:00:00+00:00,clark.benham@gmail.com,book:pfda,book:pfda,reading,pfda,0.75,0.75,True,explicit_reading_or_audiobook_duration,0.75,calendar_analysis_duration,,,0.0,,,,
calendar_analysis_row_019067_part_0,calendar_analysis_row_019067,2024-05-01,2024-05-01 07:00:00+00:00,2024-05-01 07:30:00+00:00,Things,Book:tgb,Book:tgb,reading,tgb,0.5,0.5,True,explicit_reading_or_audiobook_duration,0.5,calendar_analysis_duration,,,0.0,,,,
calendar_analysis_row_019117_part_0,calendar_analysis_row_019117,2024-05-02,2024-05-02 19:45:00+00:00,2024-05-02 23:15:00+00:00,Things,book:mirt,book:mirt,reading,mirt,3.5,3.5,True,explicit_reading_or_audiobook_duration,3.5,calendar_analysis_duration,,,0.0,Marooned in Real Time,finish_0078,2024-05-03,ref_to_finished_title
calendar_analysis_row_019127_part_0,calendar_analysis_row_019127,2024-05-03,2024-05-03 16:30:00+00:00,2024-05-03 17:30:00+00:00,Things,Finished book: Marooned in Real Time,Finished book: Marooned in Real Time,finished,Marooned in Real Time,1.0,1.0,True,explicit_finished_book_duration,1.0,calendar_analysis_duration,,,0.0,Marooned in Real Time,finish_0078,2024-05-03,finished_event_identity
calendar_analysis_row_019134_part_0,calendar_analysis_row_019134,2024-05-03,2024-05-03 19:15:00+00:00,2024-05-03 19:45:00+00:00,Things,Books,Books,generic,,0.5,0.5,False,generic_temporal_read_not_counted_by_default,0.5,calendar_analysis_duration,,,0.0,Marooned in Real Time,finish_0078,2024-05-03,generic_temporal
calendar_analysis_row_019140_part_0,calendar_analysis_row_019140,2024-05-04,2024-05-04 02:45:00+00:00,2024-05-04 03:45:00+00:00,Things,Books,Books,generic,,1.0,1.0,False,generic_temporal_read_not_counted_by_default,1.0,calendar_analysis_duration,,,0.0,the world of null a,finish_0079,2024-05-05,generic_temporal
calendar_analysis_row_019150_part_0,calendar_analysis_row_019150,2024-05-04,2024-05-04 08:30:00+00:00,2024-05-04 08:45:00+00:00,Things,book:mml,book:mml,reading,mml,0.25,0.25,True,explicit_reading_or_audiobook_duration,0.25,calendar_analysis_duration,,,0.0,Mathematics for Machine Learning,finish_0149,2025-07-09,ref_to_finished_title
calendar_analysis_row_019161_part_0,calendar_analysis_row_019161,2024-05-04,2024-05-04 22:15:00+00:00,2024-05-04 22:30:00+00:00,Things,book:twon,book:twon,reading,twon,0.25,0.25,True,explicit_reading_or_audiobook_duration,0.25,calendar_analysis_duration,,,0.0,the world of null a,finish_0079,2024-05-05,ref_to_finished_title
calendar_analysis_row_019169_part_0,calendar_analysis_row_019169,2024-05-05,2024-05-05 04:00:00+00:00,2024-05-05 05:00:00+00:00,Things,book:twona,book:twona,reading,twona,1.0,1.0,True,explicit_reading_or_audiobook_duration,1.0,calendar_analysis_duration,,,0.0,the world of null a,finish_0079,2024-05-05,ref_to_finished_title
calendar_analysis_row_019171_part_0,calendar_analysis_row_019171,2024-05-05,2024-05-05 05:15:00+00:00,2024-05-05 06:00:00+00:00,Things,Book:twona,Book:twona,reading,twona,0.75,0.75,True,explicit_reading_or_audiobook_duration,0.75,calendar_analysis_duration,,,0.0,the world of null a,finish_0079,2024-05-05,ref_to_finished_title
calendar_analysis_row_019173_part_0,calendar_analysis_row_019173,2024-05-05,2024-05-05 06:15:00+00:00,2024-05-05 07:30:00+00:00,Things,Finished book: the world of null a,Finished book: the world of null a,finished,the world of null a,1.25,1.25,True,explicit_finished_book_duration,1.25,calendar_analysis_duration,,,0.0,the world of null a,finish_0079,2024-05-05,finished_event_identity
calendar_analysis_row_019204_part_0,calendar_analysis_row_019204,2024-05-06,2024-05-06 08:00:00+00:00,2024-05-06 08:30:00+00:00,Things,Book:mml,Book:mml,reading,mml,0.5,0.5,True,explicit_reading_or_audiobook_duration,0.5,calendar_analysis_duration,,,0.0,Mathematics for Machine Learning,finish_0149,2025-07-09,ref_to_finished_title
calendar_analysis_row_019237_part_0,calendar_analysis_row_019237,2024-05-07,2024-05-07 07:45:00+00:00,2024-05-07 08:00:00+00:00,Things,Book:ODE,Book:ODE,reading,ODE,0.25,0.25,True,explicit_reading_or_audiobook_duration,0.25,calendar_analysis_duration,,,0.0,,,,
calendar_analysis_row_019279_part_0,calendar_analysis_row_019279,2024-05-08,2024-05-08 21:15:00+00:00,2024-05-08 21:45:00+00:00,Things,Book:nm,Book:nm,reading,nm,0.5,0.5,True,explicit_reading_or_audiobook_duration,0.5,calendar_analysis_duration,,,0.0,,,,
calendar_analysis_row_019320_part_0,calendar_analysis_row_019320,2024-05-10,2024-05-10 07:15:00+00:00,2024-05-10 07:30:00+00:00,Things,Book:mml,Book:mml,reading,mml,0.25,0.25,True,explicit_reading_or_audiobook_duration,0.25,calendar_analysis_duration,,,0.0,Mathematics for Machine Learning,finish_0149,2025-07-09,ref_to_finished_title
calendar_analysis_row_019324_part_0,calendar_analysis_row_019324,2024-05-10,2024-05-10 12:00:00+00:00,2024-05-10 12:30:00+00:00,Things,Book:mml,Book:mml,reading,mml,0.5,0.5,True,explicit_reading_or_audiobook_duration,0.5,calendar_analysis_duration,,,0.0,Mathematics for Machine Learning,finish_0149,2025-07-09,ref_to_finished_title
calendar_analysis_row_019328_part_0,calendar_analysis_row_019328,2024-05-10,2024-05-10 14:00:00+00:00,2024-05-10 14:15:00+00:00,Things,book:js,book:js,reading,js,0.25,0.25,True,explicit_reading_or_audiobook_duration,0.25,calendar_analysis_duration,,,0.0,Jeeves Stories,finish_0085,2024-06-30,ref_to_finished_title
calendar_analysis_row_019345_part_0,calendar_analysis_row_019345,2024-05-11,2024-05-11 07:30:00+00:00,2024-05-11 08:00:00+00:00,Things,Book:tgb,Book:tgb,reading,tgb,0.5,0.5,True,explicit_reading_or_audiobook_duration,0.5,calendar_analysis_duration,,,0.0,,,,
calendar_analysis_row_019353_part_0,calendar_analysis_row_019353,2024-05-11,2024-05-11 20:15:00+00:00,2024-05-11 20:30:00+00:00,Things,book:tgb,book:tgb,reading,tgb,0.25,0.25,True,explicit_reading_or_audiobook_duration,0.25,calendar_analysis_duration,,,0.0,,,,
calendar_analysis_row_019358_part_0,calendar_analysis_row_019358,2024-05-12,2024-05-12 00:00:00+00:00,2024-05-12 04:45:00+00:00,Things,Finished Book: 16 ways to defend a walled city,Finished Book: 16 ways to defend a walled city,finished,16 ways to defend a walled city,4.75,4.75,True,explicit_finished_book_duration,4.75,calendar_analysis_duration,,,0.0,16 ways to defend a walled city,finish_0080,2024-05-12,finished_event_identity
calendar_analysis_row_019378_part_0,calendar_analysis_row_019378,2024-05-12,2024-05-12 21:15:00+00:00,2024-05-12 21:45:00+00:00,Things,book:mml,book:mml,reading,mml,0.5,0.5,True,explicit_reading_or_audiobook_duration,0.5,calendar_analysis_duration,,,0.0,Mathematics for Machine Learning,finish_0149,2025-07-09,ref_to_finished_title
calendar_analysis_row_019395_part_0,calendar_analysis_row_019395,2024-05-13,2024-05-13 08:15:00+00:00,2024-05-13 08:30:00+00:00,Things,book:mml,book:mml,reading,mml,0.25,0.25,True,explicit_reading_or_audiobook_duration,0.25,calendar_analysis_duration,,,0.0,Mathematics for Machine Learning,finish_0149,2025-07-09,ref_to_finished_title
calendar_analysis_row_019413_part_0,calendar_analysis_row_019413,2024-05-14,2024-05-14 07:15:00+00:00,2024-05-14 07:45:00+00:00,Things,Book:mml,Book:mml,reading,mml,0.5,0.5,True,explicit_reading_or_audiobook_duration,0.5,calendar_analysis_duration,,,0.0,Mathematics for Machine Learning,finish_0149,2025-07-09,ref_to_finished_title
calendar_analysis_row_019438_part_0,calendar_analysis_row_019438,2024-05-14,2024-05-14 22:45:00+00:00,2024-05-14 23:00:00+00:00,Things,Book:tgb,Book:tgb,reading,tgb,0.25,0.25,True,explicit_reading_or_audiobook_duration,0.25,calendar_analysis_duration,,,0.0,,,,
calendar_analysis_row_019446_part_0,calendar_analysis_row_019446,2024-05-15,2024-05-15 09:30:00+00:00,2024-05-15 11:30:00+00:00,Things,book:mc,book:mc,reading,mc,2.0,2.0,True,explicit_reading_or_audiobook_duration,2.0,calendar_analysis_duration,,,0.0,Methuselah's Children,finish_0081,2024-05-15,ref_to_finished_title
calendar_analysis_row_019450_part_0,calendar_analysis_row_019450,2024-05-15,2024-05-15 19:30:00+00:00,2024-05-15 20:15:00+00:00,Things,finished book: Methuselah's Children,finished book: Methuselah's Children,finished,Methuselah's Children,0.75,0.75,True,explicit_finished_book_duration,0.75,calendar_analysis_duration,,,0.0,Methuselah's Children,finish_0081,2024-05-15,finished_event_identity
calendar_analysis_row_019455_part_0,calendar_analysis_row_019455,2024-05-15,2024-05-15 21:45:00+00:00,2024-05-15 22:30:00+00:00,Things,book:mml,book:mml,reading,mml,0.75,0.75,True,explicit_reading_or_audiobook_duration,0.75,calendar_analysis_duration,,,0.0,Mathematics for Machine Learning,finish_0149,2025-07-09,ref_to_finished_title
calendar_analysis_row_019456_part_0,calendar_analysis_row_019456,2024-05-15,2024-05-15 22:30:00+00:00,2024-05-15 23:00:00+00:00,Things,book:itaseas,book:itaseas,reading,itaseas,0.5,0.5,True,explicit_reading_or_audiobook_duration,0.5,calendar_analysis_duration,,,0.0,,,,
calendar_analysis_row_019468_part_0,calendar_analysis_row_019468,2024-05-16,2024-05-16 12:45:00+00:00,2024-05-16 13:00:00+00:00,Things,book:mml,book:mml,reading,mml,0.2083333333333333,0.25,True,explicit_reading_or_audiobook_duration,0.25,full_duration_minor_overlap,sleep,"Meals, Supplements, Sleep",0.04166666666666671,Mathematics for Machine Learning,finish_0149,2025-07-09,ref_to_finished_title
calendar_analysis_row_019477_part_0,calendar_analysis_row_019477,2024-05-16,2024-05-16 21:45:00+00:00,2024-05-16 22:22:30+00:00,Things,book:mml,book:mml,reading,mml,0.625,0.625,True,explicit_reading_or_audiobook_duration,0.625,calendar_analysis_duration,,,0.0,Mathematics for Machine Learning,finish_0149,2025-07-09,ref_to_finished_title
calendar_analysis_row_019480_part_0,calendar_analysis_row_019480,2024-05-16,2024-05-16 23:15:00+00:00,2024-05-16 23:45:00+00:00,clark.benham@gmail.com,book:pfda,book:pfda,reading,pfda,0.5,0.5,True,explicit_reading_or_audiobook_duration,0.5,calendar_analysis_duration,,,0.0,,,,
calendar_analysis_row_019487_part_0,calendar_analysis_row_019487,2024-05-17,2024-05-17 06:00:00+00:00,2024-05-17 06:45:00+00:00,Things,book:cp,book:cp,reading,cp,0.75,0.75,True,explicit_reading_or_audiobook_duration,0.75,calendar_analysis_duration,,,0.0,consider phlebas,finish_0083,2024-06-04,ref_to_finished_title
calendar_analysis_row_019489_part_0,calendar_analysis_row_019489,2024-05-17,2024-05-17 07:15:00+00:00,2024-05-17 08:15:00+00:00,Waste Time,finished move: the dark knight,finished move: the dark knight,finished,move: the dark knight,0.875,1.0,True,bare_finished_marker_with_book_ref_duration,1.0,full_duration_minor_overlap,dinner,"Meals, Supplements, Sleep",0.125,move: the dark knight,finish_0082,2024-05-17,finished_event_identity
calendar_analysis_row_019491_part_0,calendar_analysis_row_019491,2024-05-17,2024-05-17 08:45:00+00:00,2024-05-17 09:45:00+00:00,Things,book:cp,book:cp,reading,cp,0.9583333333333331,1.0,True,explicit_reading_or_audiobook_duration,1.0,full_duration_minor_overlap,sleep,"Meals, Supplements, Sleep",0.04166666666666685,consider phlebas,finish_0083,2024-06-04,ref_to_finished_title
calendar_analysis_row_019496_part_0,calendar_analysis_row_019496,2024-05-17,2024-05-17 19:30:00+00:00,2024-05-17 21:45:00+00:00,Things,book:cp,book:cp,reading,cp,2.25,2.25,True,explicit_reading_or_audiobook_duration,2.25,calendar_analysis_duration,,,0.0,consider phlebas,finish_0083,2024-06-04,ref_to_finished_title
calendar_analysis_row_019497_part_0,calendar_analysis_row_019497,2024-05-17,2024-05-17 22:00:00+00:00,2024-05-17 22:15:00+00:00,Things,book:tgb,book:tgb,reading,tgb,0.25,0.25,True,explicit_reading_or_audiobook_duration,0.25,calendar_analysis_duration,,,0.0,,,,
calendar_analysis_row_019498_part_0,calendar_analysis_row_019498,2024-05-17,2024-05-17 22:15:00+00:00,2024-05-17 22:45:00+00:00,Things,book:bloj,book:bloj,reading,bloj,0.5,0.5,True,explicit_reading_or_audiobook_duration,0.5,calendar_analysis_duration,,,0.0,,,,
calendar_analysis_row_019499_part_0,calendar_analysis_row_019499,2024-05-17,2024-05-17 22:45:00+00:00,2024-05-17 23:15:00+00:00,Things,book:cp,book:cp,reading,cp,0.5,0.5,True,explicit_reading_or_audiobook_duration,0.5,calendar_analysis_duration,,,0.0,consider phlebas,finish_0083,2024-06-04,ref_to_finished_title
calendar_analysis_row_019517_part_0,calendar_analysis_row_019517,2024-05-18,2024-05-18 07:30:00+00:00,2024-05-18 08:00:00+00:00,Things,book:mml,book:mml,reading,mml,0.4583333333333333,0.5,True,explicit_reading_or_audiobook_duration,0.5,full_duration_minor_overlap,sleep,"Meals, Supplements, Sleep",0.041666666666666685,Mathematics for Machine Learning,finish_0149,2025-07-09,ref_to_finished_title
calendar_analysis_row_019538_part_0,calendar_analysis_row_019538,2024-05-19,2024-05-19 07:00:00+00:00,2024-05-19 07:15:00+00:00,Things,book:mml,book:mml,reading,mml,0.2083333333333333,0.25,True,explicit_reading_or_audiobook_duration,0.25,full_duration_minor_overlap,sleep,"Meals, Supplements, Sleep",0.04166666666666671,Mathematics for Machine Learning,finish_0149,2025-07-09,ref_to_finished_title
calendar_analysis_row_019561_part_0,calendar_analysis_row_019561,2024-05-20,2024-05-20 06:15:00+00:00,2024-05-20 06:45:00+00:00,Things,book:mml,book:mml,reading,mml,0.5,0.5,True,explicit_reading_or_audiobook_duration,0.5,calendar_analysis_duration,,,0.0,Mathematics for Machine Learning,finish_0149,2025-07-09,ref_to_finished_title
calendar_analysis_row_019590_part_0,calendar_analysis_row_019590,2024-05-21,2024-05-21 08:15:00+00:00,2024-05-21 08:45:00+00:00,Things,Read: Kipling,Read: Kipling,reading,Kipling,0.5,0.5,True,explicit_reading_or_audiobook_duration,0.5,calendar_analysis_duration,,,0.0,Kipling by Harold bloom,finish_0115,2024-12-23,ref_to_finished_title
calendar_analysis_row_019602_part_0,calendar_analysis_row_019602,2024-05-21,2024-05-21 21:00:00+00:00,2024-05-21 21:15:00+00:00,Things,Read: Kipling,Read: Kipling,reading,Kipling,0.25,0.25,True,explicit_reading_or_audiobook_duration,0.25,calendar_analysis_duration,,,0.0,Kipling by Harold bloom,finish_0115,2024-12-23,ref_to_finished_title
calendar_analysis_row_019619_part_0,calendar_analysis_row_019619,2024-05-22,2024-05-22 08:15:00+00:00,2024-05-22 08:45:00+00:00,Things,Read: Kipling,Read: Kipling,reading,Kipling,0.5,0.5,True,explicit_reading_or_audiobook_duration,0.5,calendar_analysis_duration,,,0.0,Kipling by Harold bloom,finish_0115,2024-12-23,ref_to_finished_title
calendar_analysis_row_019676_part_0,calendar_analysis_row_019676,2024-05-24,2024-05-24 17:15:00+00:00,2024-05-24 18:00:00+00:00,Things,Book trip: rafting,Book trip: rafting,reading,trip: rafting,0.75,0.75,True,explicit_reading_or_audiobook_duration,0.75,calendar_analysis_duration,,,0.0,,,,
calendar_analysis_row_019727_part_0,calendar_analysis_row_019727,2024-05-27,2024-05-27 07:30:00+00:00,2024-05-27 07:45:00+00:00,Things,Book,Book,generic,,0.25,0.25,False,generic_temporal_read_not_counted_by_default,0.25,calendar_analysis_duration,,,0.0,consider phlebas,finish_0083,2024-06-04,generic_temporal
calendar_analysis_row_019791_part_0,calendar_analysis_row_019791,2024-05-29,2024-05-29 08:15:00+00:00,2024-05-29 08:30:00+00:00,Things,Book:mml,Book:mml,reading,mml,0.25,0.25,True,explicit_reading_or_audiobook_duration,0.25,calendar_analysis_duration,,,0.0,Mathematics for Machine Learning,finish_0149,2025-07-09,ref_to_finished_title
calendar_analysis_row_019806_part_0,calendar_analysis_row_019806,2024-05-29,2024-05-29 17:30:00+00:00,2024-05-29 19:00:00+00:00,Things,Read: Kipling,Read: Kipling,reading,Kipling,1.5,1.5,True,explicit_reading_or_audiobook_duration,1.5,calendar_analysis_duration,,,0.0,Kipling by Harold bloom,finish_0115,2024-12-23,ref_to_finished_title
calendar_analysis_row_019814_part_0,calendar_analysis_row_019814,2024-05-29,2024-05-29 23:30:00+00:00,2024-05-30 00:00:00+00:00,Things,Book:cp,Book:cp,reading,cp,0.5,0.5,True,explicit_reading_or_audiobook_duration,0.5,calendar_analysis_duration,,,0.0,consider phlebas,finish_0083,2024-06-04,ref_to_finished_title
calendar_analysis_row_019827_part_0,calendar_analysis_row_019827,2024-05-30,2024-05-30 07:00:00+00:00,2024-05-30 07:30:00+00:00,Things,Book:cp,Book:cp,reading,cp,0.5,0.5,True,explicit_reading_or_audiobook_duration,0.5,calendar_analysis_duration,,,0.0,consider phlebas,finish_0083,2024-06-04,ref_to_finished_title
calendar_analysis_row_019841_part_0,calendar_analysis_row_019841,2024-05-30,2024-05-30 19:30:00+00:00,2024-05-30 19:45:00+00:00,Things,Book:cp,Book:cp,reading,cp,0.25,0.25,True,explicit_reading_or_audiobook_duration,0.25,calendar_analysis_duration,,,0.0,consider phlebas,finish_0083,2024-06-04,ref_to_finished_title
calendar_analysis_row_019846_part_0,calendar_analysis_row_019846,2024-05-30,2024-05-30 23:15:00+00:00,2024-05-31 00:15:00+00:00,Things,Book:cp,Book:cp,reading,cp,0.875,1.0,True,explicit_reading_or_audiobook_duration,1.0,full_duration_minor_overlap,Food,"Meals, Supplements, Sleep",0.125,consider phlebas,finish_0083,2024-06-04,ref_to_finished_title
calendar_analysis_row_019877_part_0,calendar_analysis_row_019877,2024-06-01,2024-06-01 03:00:00+00:00,2024-06-01 03:30:00+00:00,Things,Book:cp,Book:cp,reading,cp,0.25,0.5,True,explicit_reading_or_audiobook_duration,0.5,full_duration_minor_overlap,Flight: SFO to PVU,Things,0.25,consider phlebas,finish_0083,2024-06-04,ref_to_finished_title
calendar_analysis_row_019902_part_0,calendar_analysis_row_019902,2024-06-03,2024-06-03 05:30:00+00:00,2024-06-03 06:00:00+00:00,Things,Book:cp,Book:cp,reading,cp,0.5,0.5,True,explicit_reading_or_audiobook_duration,0.5,calendar_analysis_duration,,,0.0,consider phlebas,finish_0083,2024-06-04,ref_to_finished_title
calendar_analysis_row_019905_part_0,calendar_analysis_row_019905,2024-06-03,2024-06-03 13:15:00+00:00,2024-06-03 14:00:00+00:00,Things,Book:cp,Book:cp,reading,cp,0.75,0.75,True,explicit_reading_or_audiobook_duration,0.75,calendar_analysis_duration,,,0.0,consider phlebas,finish_0083,2024-06-04,ref_to_finished_title
calendar_analysis_row_019914_part_0,calendar_analysis_row_019914,2024-06-04,2024-06-04 14:00:00+00:00,2024-06-04 14:45:00+00:00,Things,Finished book: consider phlebas,Finished book: consider phlebas,finished,consider phlebas,0.75,0.75,True,explicit_finished_book_duration,0.75,calendar_analysis_duration,,,0.0,consider phlebas,finish_0083,2024-06-04,finished_event_identity
calendar_analysis_row_019948_part_0,calendar_analysis_row_019948,2024-06-07,2024-06-07 08:15:00+00:00,2024-06-07 08:45:00+00:00,Things,Read: Kipling,Read: Kipling,reading,Kipling,0.5,0.5,True,explicit_reading_or_audiobook_duration,0.5,calendar_analysis_duration,,,0.0,Kipling by Harold bloom,finish_0115,2024-12-23,ref_to_finished_title
calendar_analysis_row_019967_part_0,calendar_analysis_row_019967,2024-06-07,2024-06-07 21:15:00+00:00,2024-06-07 21:30:00+00:00,clark.benham@gmail.com,read paper,read paper,reading,paper,0.25,0.25,True,explicit_reading_or_audiobook_duration,0.25,calendar_analysis_duration,,,0.0,,,,
calendar_analysis_row_019987_part_0,calendar_analysis_row_019987,2024-06-08,2024-06-08 07:15:00+00:00,2024-06-08 07:45:00+00:00,Things,Book:mml,Book:mml,reading,mml,0.5,0.5,True,explicit_reading_or_audiobook_duration,0.5,calendar_analysis_duration,,,0.0,Mathematics for Machine Learning,finish_0149,2025-07-09,ref_to_finished_title
calendar_analysis_row_020011_part_0,calendar_analysis_row_020011,2024-06-09,2024-06-09 05:30:00+00:00,2024-06-09 06:00:00+00:00,Things,Book,Book,generic,,0.5,0.5,False,generic_temporal_read_not_counted_by_default,0.5,calendar_analysis_duration,,,0.0,50 essays by george orwell,finish_0084,2024-06-19,generic_temporal
calendar_analysis_row_020013_part_0,calendar_analysis_row_020013,2024-06-09,2024-06-09 06:30:00+00:00,2024-06-09 07:00:00+00:00,Things,read: orwell,read: orwell,reading,orwell,0.5,0.5,True,explicit_reading_or_audiobook_duration,0.5,calendar_analysis_duration,,,0.0,50 essays by george orwell,finish_0084,2024-06-19,ref_to_finished_title
calendar_analysis_row_020014_part_0,calendar_analysis_row_020014,2024-06-09,2024-06-09 07:00:00+00:00,2024-06-09 07:30:00+00:00,Things,read: twain,read: twain,reading,twain,0.5,0.5,True,explicit_reading_or_audiobook_duration,0.5,calendar_analysis_duration,,,0.0,,,,
calendar_analysis_row_020022_part_0,calendar_analysis_row_020022,2024-06-09,2024-06-09 17:15:00+00:00,2024-06-09 17:35:00+00:00,Things,read,read,generic,,0.3333333333333333,0.3333333333333333,False,generic_temporal_read_not_counted_by_default,0.3333333333333333,calendar_analysis_duration,,,0.0,50 essays by george orwell,finish_0084,2024-06-19,generic_temporal
calendar_analysis_row_020028_part_0,calendar_analysis_row_020028,2024-06-09,2024-06-09 19:30:00+00:00,2024-06-09 19:45:00+00:00,Things,book:wim,book:wim,reading,wim,0.25,0.25,True,explicit_reading_or_audiobook_duration,0.25,calendar_analysis_duration,,,0.0,,,,
calendar_analysis_row_020073_part_0,calendar_analysis_row_020073,2024-06-11,2024-06-11 02:00:00+00:00,2024-06-11 04:15:00+00:00,Things,book:5ebgo,book:5ebgo,reading,5ebgo,2.25,2.25,True,explicit_reading_or_audiobook_duration,2.25,calendar_analysis_duration,,,0.0,50 essays by george orwell,finish_0084,2024-06-19,ref_to_finished_title
calendar_analysis_row_020096_part_0,calendar_analysis_row_020096,2024-06-11,2024-06-11 22:00:00+00:00,2024-06-11 22:45:00+00:00,Things,book:5ebgo,book:5ebgo,reading,5ebgo,0.75,0.75,True,explicit_reading_or_audiobook_duration,0.75,calendar_analysis_duration,,,0.0,50 essays by george orwell,finish_0084,2024-06-19,ref_to_finished_title
calendar_analysis_row_020098_part_0,calendar_analysis_row_020098,2024-06-11,2024-06-11 23:00:00+00:00,2024-06-11 23:30:00+00:00,Things,book:5ebgo,book:5ebgo,reading,5ebgo,0.5,0.5,True,explicit_reading_or_audiobook_duration,0.5,calendar_analysis_duration,,,0.0,50 essays by george orwell,finish_0084,2024-06-19,ref_to_finished_title
calendar_analysis_row_020100_part_0,calendar_analysis_row_020100,2024-06-11,2024-06-11 23:45:00+00:00,2024-06-12 01:00:00+00:00,Things,book:5ebgo,book:5ebgo,reading,5ebgo,1.25,1.25,True,explicit_reading_or_audiobook_duration,1.25,calendar_analysis_duration,,,0.0,50 essays by george orwell,finish_0084,2024-06-19,ref_to_finished_title
calendar_analysis_row_020103_part_0,calendar_analysis_row_020103,2024-06-12,2024-06-12 01:30:00+00:00,2024-06-12 02:15:00+00:00,Things,book:5ebgo,book:5ebgo,reading,5ebgo,0.75,0.75,True,explicit_reading_or_audiobook_duration,0.75,calendar_analysis_duration,,,0.0,50 essays by george orwell,finish_0084,2024-06-19,ref_to_finished_title
calendar_analysis_row_020106_part_0,calendar_analysis_row_020106,2024-06-12,2024-06-12 02:45:00+00:00,2024-06-12 03:00:00+00:00,Things,book:5ebgo,book:5ebgo,reading,5ebgo,0.125,0.25,True,explicit_reading_or_audiobook_duration,0.25,full_duration_minor_overlap,blogs,Waste Time,0.125,50 essays by george orwell,finish_0084,2024-06-19,ref_to_finished_title
calendar_analysis_row_020136_part_0,calendar_analysis_row_020136,2024-06-12,2024-06-12 23:00:00+00:00,2024-06-12 23:30:00+00:00,Things,book:tiofb,book:tiofb,reading,tiofb,0.5,0.5,True,explicit_reading_or_audiobook_duration,0.5,calendar_analysis_duration,,,0.0,The innocence of Father Brown,finish_0096,2024-09-25,ref_to_finished_title
calendar_analysis_row_020142_part_0,calendar_analysis_row_020142,2024-06-13,2024-06-13 02:00:00+00:00,2024-06-13 03:15:00+00:00,Things,Book:tiofb,Book:tiofb,reading,tiofb,1.25,1.25,True,explicit_reading_or_audiobook_duration,1.25,calendar_analysis_duration,,,0.0,The innocence of Father Brown,finish_0096,2024-09-25,ref_to_finished_title
calendar_analysis_row_020146_part_0,calendar_analysis_row_020146,2024-06-13,2024-06-13 06:15:00+00:00,2024-06-13 06:45:00+00:00,Things,book:tiofb,book:tiofb,reading,tiofb,0.5,0.5,True,explicit_reading_or_audiobook_duration,0.5,calendar_analysis_duration,,,0.0,The innocence of Father Brown,finish_0096,2024-09-25,ref_to_finished_title
calendar_analysis_row_020147_part_0,calendar_analysis_row_020147,2024-06-13,2024-06-13 06:45:00+00:00,2024-06-13 07:30:00+00:00,Things,book:5ebgo,book:5ebgo,reading,5ebgo,0.75,0.75,True,explicit_reading_or_audiobook_duration,0.75,calendar_analysis_duration,,,0.0,50 essays by george orwell,finish_0084,2024-06-19,ref_to_finished_title
calendar_analysis_row_020164_part_0,calendar_analysis_row_020164,2024-06-13,2024-06-13 19:15:00+00:00,2024-06-13 19:45:00+00:00,Things,Book:5ebgo,Book:5ebgo,reading,5ebgo,0.5,0.5,True,explicit_reading_or_audiobook_duration,0.5,calendar_analysis_duration,,,0.0,50 essays by george orwell,finish_0084,2024-06-19,ref_to_finished_title
calendar_analysis_row_020186_part_0,calendar_analysis_row_020186,2024-06-14,2024-06-14 12:45:00+00:00,2024-06-14 13:30:00+00:00,Things,Book:5ebgo,Book:5ebgo,reading,5ebgo,0.75,0.75,True,explicit_reading_or_audiobook_duration,0.75,calendar_analysis_duration,,,0.0,50 essays by george orwell,finish_0084,2024-06-19,ref_to_finished_title
calendar_analysis_row_020204_part_0,calendar_analysis_row_020204,2024-06-14,2024-06-14 22:00:00+00:00,2024-06-14 23:15:00+00:00,Things,Book:5ebgo,Book:5ebgo,reading,5ebgo,1.25,1.25,True,explicit_reading_or_audiobook_duration,1.25,calendar_analysis_duration,,,0.0,50 essays by george orwell,finish_0084,2024-06-19,ref_to_finished_title
calendar_analysis_row_020215_part_0,calendar_analysis_row_020215,2024-06-15,2024-06-15 16:45:00+00:00,2024-06-15 18:00:00+00:00,Things,Book:5ebgo,Book:5ebgo,reading,5ebgo,1.25,1.25,True,explicit_reading_or_audiobook_duration,1.25,calendar_analysis_duration,,,0.0,50 essays by george orwell,finish_0084,2024-06-19,ref_to_finished_title
calendar_analysis_row_020216_part_0,calendar_analysis_row_020216,2024-06-15,2024-06-15 18:30:00+00:00,2024-06-15 19:00:00+00:00,Things,Book:5ebgo,Book:5ebgo,reading,5ebgo,0.5,0.5,True,explicit_reading_or_audiobook_duration,0.5,calendar_analysis_duration,,,0.0,50 essays by george orwell,finish_0084,2024-06-19,ref_to_finished_title
calendar_analysis_row_020221_part_0,calendar_analysis_row_020221,2024-06-15,2024-06-15 22:30:00+00:00,2024-06-15 23:30:00+00:00,Things,Book:5ebgo,Book:5ebgo,reading,5ebgo,0.5,1.0,True,explicit_reading_or_audiobook_duration,0.5,calendar_analysis_duration_incompatible_overlap,Amelia,Things,0.0,50 essays by george orwell,finish_0084,2024-06-19,ref_to_finished_title
calendar_analysis_row_020225_part_0,calendar_analysis_row_020225,2024-06-16,2024-06-16 07:00:00+00:00,2024-06-16 07:15:00+00:00,Things,Book:5ebgo,Book:5ebgo,reading,5ebgo,0.25,0.25,True,explicit_reading_or_audiobook_duration,0.25,calendar_analysis_duration,,,0.0,50 essays by george orwell,finish_0084,2024-06-19,ref_to_finished_title
calendar_analysis_row_020233_part_0,calendar_analysis_row_020233,2024-06-16,2024-06-16 20:00:00+00:00,2024-06-16 21:00:00+00:00,Things,Book:5ebgo,Book:5ebgo,reading,5ebgo,0.5,1.0,True,explicit_reading_or_audiobook_duration,0.5,calendar_analysis_duration_incompatible_overlap,Amelia,Things,0.0,50 essays by george orwell,finish_0084,2024-06-19,ref_to_finished_title
calendar_analysis_row_020248_part_0,calendar_analysis_row_020248,2024-06-17,2024-06-17 08:15:00+00:00,2024-06-17 08:30:00+00:00,Things,book:5ebgo,book:5ebgo,reading,5ebgo,0.25,0.25,True,explicit_reading_or_audiobook_duration,0.25,calendar_analysis_duration,,,0.0,50 essays by george orwell,finish_0084,2024-06-19,ref_to_finished_title
calendar_analysis_row_020292_part_0,calendar_analysis_row_020292,2024-06-19,2024-06-19 01:15:00+00:00,2024-06-19 01:30:00+00:00,Things,book:5ebgo,book:5ebgo,reading,5ebgo,0.25,0.25,True,explicit_reading_or_audiobook_duration,0.25,calendar_analysis_duration,,,0.0,50 essays by george orwell,finish_0084,2024-06-19,ref_to_finished_title
calendar_analysis_row_020300_part_0,calendar_analysis_row_020300,2024-06-19,2024-06-19 06:00:00+00:00,2024-06-19 06:30:00+00:00,Things,Book:5ebgo,Book:5ebgo,reading,5ebgo,0.5,0.5,True,explicit_reading_or_audiobook_duration,0.5,calendar_analysis_duration,,,0.0,50 essays by george orwell,finish_0084,2024-06-19,ref_to_finished_title
calendar_analysis_row_020310_part_0,calendar_analysis_row_020310,2024-06-19,2024-06-19 21:30:00+00:00,2024-06-19 23:15:00+00:00,Things,finished book: 50 essays by george orwell,finished book: 50 essays by george orwell,finished,50 essays by george orwell,1.75,1.75,True,explicit_finished_book_duration,1.75,calendar_analysis_duration,,,0.0,50 essays by george orwell,finish_0084,2024-06-19,finished_event_identity
calendar_analysis_row_020411_part_0,calendar_analysis_row_020411,2024-06-24,2024-06-24 05:30:00+00:00,2024-06-24 06:00:00+00:00,Things,Book:tiofb,Book:tiofb,reading,tiofb,0.5,0.5,True,explicit_reading_or_audiobook_duration,0.5,calendar_analysis_duration,,,0.0,The innocence of Father Brown,finish_0096,2024-09-25,ref_to_finished_title
calendar_analysis_row_020438_part_0,calendar_analysis_row_020438,2024-06-25,2024-06-25 09:45:00+00:00,2024-06-25 10:15:00+00:00,Things,Book:js,Book:js,reading,js,0.5,0.5,True,explicit_reading_or_audiobook_duration,0.5,calendar_analysis_duration,,,0.0,Jeeves Stories,finish_0085,2024-06-30,ref_to_finished_title
calendar_analysis_row_020454_part_0,calendar_analysis_row_020454,2024-06-26,2024-06-26 09:30:00+00:00,2024-06-26 10:15:00+00:00,Things,book:js,book:js,reading,js,0.75,0.75,True,explicit_reading_or_audiobook_duration,0.75,calendar_analysis_duration,,,0.0,Jeeves Stories,finish_0085,2024-06-30,ref_to_finished_title
calendar_analysis_row_020470_part_0,calendar_analysis_row_020470,2024-06-27,2024-06-27 08:00:00+00:00,2024-06-27 08:30:00+00:00,Things,Book:js,Book:js,reading,js,0.375,0.5,True,explicit_reading_or_audiobook_duration,0.5,full_duration_minor_overlap,anki,clark.benham@gmail.com,0.125,Jeeves Stories,finish_0085,2024-06-30,ref_to_finished_title
calendar_analysis_row_020530_part_0,calendar_analysis_row_020530,2024-06-30,2024-06-30 00:45:00+00:00,2024-06-30 01:00:00+00:00,Things,Book:tiofb,Book:tiofb,reading,tiofb,0.25,0.25,True,explicit_reading_or_audiobook_duration,0.25,calendar_analysis_duration,,,0.0,The innocence of Father Brown,finish_0096,2024-09-25,ref_to_finished_title
calendar_analysis_row_020548_part_0,calendar_analysis_row_020548,2024-06-30,2024-06-30 17:00:00+00:00,2024-06-30 17:15:00+00:00,Things,book:js,book:js,reading,js,0.25,0.25,True,explicit_reading_or_audiobook_duration,0.25,calendar_analysis_duration,,,0.0,Jeeves Stories,finish_0085,2024-06-30,ref_to_finished_title
calendar_analysis_row_020553_part_0,calendar_analysis_row_020553,2024-06-30,2024-06-30 21:00:00+00:00,2024-06-30 21:30:00+00:00,Things,Book:js,Book:js,reading,js,0.375,0.5,True,explicit_reading_or_audiobook_duration,0.5,full_duration_minor_overlap,lunch,"Meals, Supplements, Sleep",0.125,Jeeves Stories,finish_0085,2024-06-30,ref_to_finished_title
calendar_analysis_row_020555_part_0,calendar_analysis_row_020555,2024-06-30,2024-06-30 21:30:00+00:00,2024-06-30 22:30:00+00:00,Things,Finished book: Jeeves stories,Finished book: Jeeves stories,finished,Jeeves stories,1.0,1.0,True,explicit_finished_book_duration,1.0,calendar_analysis_duration,,,0.0,Jeeves Stories,finish_0085,2024-06-30,finished_event_identity
calendar_analysis_row_020556_part_0,calendar_analysis_row_020556,2024-06-30,2024-06-30 22:30:00+00:00,2024-06-30 22:45:00+00:00,Things,Book:tiofb,Book:tiofb,reading,tiofb,0.25,0.25,True,explicit_reading_or_audiobook_duration,0.25,calendar_analysis_duration,,,0.0,The innocence of Father Brown,finish_0096,2024-09-25,ref_to_finished_title
calendar_analysis_row_020558_part_0,calendar_analysis_row_020558,2024-06-30,2024-06-30 23:00:00+00:00,2024-06-30 23:15:00+00:00,Things,Book:tiofb,Book:tiofb,reading,tiofb,0.25,0.25,True,explicit_reading_or_audiobook_duration,0.25,calendar_analysis_duration,,,0.0,The innocence of Father Brown,finish_0096,2024-09-25,ref_to_finished_title
calendar_analysis_row_020566_part_0,calendar_analysis_row_020566,2024-07-01,2024-07-01 03:15:00+00:00,2024-07-01 05:15:00+00:00,Things,book:jff,book:jff,reading,jff,2.0,2.0,True,explicit_reading_or_audiobook_duration,2.0,calendar_analysis_duration,,,0.0,Just for Fun : The Story of an Accidental Revolutionary,finish_0086,2024-07-14,ref_to_finished_title
calendar_analysis_row_020589_part_0,calendar_analysis_row_020589,2024-07-02,2024-07-02 07:45:00+00:00,2024-07-02 08:15:00+00:00,Things,Book:mml,Book:mml,reading,mml,0.5,0.5,True,explicit_reading_or_audiobook_duration,0.5,calendar_analysis_duration,,,0.0,Mathematics for Machine Learning,finish_0149,2025-07-09,ref_to_finished_title
calendar_analysis_row_020600_part_0,calendar_analysis_row_020600,2024-07-03,2024-07-03 02:50:00+00:00,2024-07-03 03:10:00+00:00,Things,book,book,generic,,0.3333333333333333,0.3333333333333333,False,generic_temporal_read_not_counted_by_default,0.3333333333333333,calendar_analysis_duration,,,0.0,Just for Fun : The Story of an Accidental Revolutionary,finish_0086,2024-07-14,generic_temporal
calendar_analysis_row_020673_part_0,calendar_analysis_row_020673,2024-07-07,2024-07-07 23:45:00+00:00,2024-07-08 00:00:00+00:00,Things,book,book,generic,,0.25,0.25,False,generic_temporal_read_not_counted_by_default,0.25,calendar_analysis_duration,,,0.0,Just for Fun : The Story of an Accidental Revolutionary,finish_0086,2024-07-14,generic_temporal
calendar_analysis_row_020721_part_0,calendar_analysis_row_020721,2024-07-09,2024-07-09 22:00:00+00:00,2024-07-09 22:30:00+00:00,Things,Book:jff,Book:jff,reading,jff,0.5,0.5,True,explicit_reading_or_audiobook_duration,0.5,calendar_analysis_duration,,,0.0,Just for Fun : The Story of an Accidental Revolutionary,finish_0086,2024-07-14,ref_to_finished_title
calendar_analysis_row_020739_part_0,calendar_analysis_row_020739,2024-07-10,2024-07-10 18:00:00+00:00,2024-07-10 18:15:00+00:00,Things,Book:jff,Book:jff,reading,jff,0.125,0.25,True,explicit_reading_or_audiobook_duration,0.25,full_duration_minor_overlap,mats,clark.benham@gmail.com,0.125,Just for Fun : The Story of an Accidental Revolutionary,finish_0086,2024-07-14,ref_to_finished_title
calendar_analysis_row_020815_part_0,calendar_analysis_row_020815,2024-07-14,2024-07-14 05:15:00+00:00,2024-07-14 05:45:00+00:00,Things,finished book: just for fun,finished book: just for fun,finished,just for fun,0.375,0.5,True,explicit_finished_book_duration,0.5,full_duration_minor_overlap,dinner,"Meals, Supplements, Sleep",0.125,Just for Fun : The Story of an Accidental Revolutionary,finish_0086,2024-07-14,finished_event_identity
calendar_analysis_row_020816_part_0,calendar_analysis_row_020816,2024-07-14,2024-07-14 06:00:00+00:00,2024-07-14 06:15:00+00:00,Things,Book:wism,Book:wism,reading,wism,0.25,0.25,True,explicit_reading_or_audiobook_duration,0.25,calendar_analysis_duration,,,0.0,,,,
calendar_analysis_row_020855_part_0,calendar_analysis_row_020855,2024-07-15,2024-07-15 21:00:00+00:00,2024-07-15 21:15:00+00:00,Things,Book,Book,generic,,0.25,0.25,False,generic_temporal_read_not_counted_by_default,0.25,calendar_analysis_duration,,,0.0,Stalky & Co,finish_0087,2024-07-30,generic_temporal
calendar_analysis_row_020866_part_0,calendar_analysis_row_020866,2024-07-16,2024-07-16 03:55:00+00:00,2024-07-16 05:50:00+00:00,Things,book,book,generic,,1.7916666666666663,1.9166666666666667,False,generic_temporal_read_not_counted_by_default,1.7916666666666663,calendar_analysis_duration,,,0.0,Stalky & Co,finish_0087,2024-07-30,generic_temporal
calendar_analysis_row_020906_part_0,calendar_analysis_row_020906,2024-07-18,2024-07-18 05:00:00+00:00,2024-07-18 05:30:00+00:00,Things,books,books,generic,,0.375,0.5,False,generic_temporal_read_not_counted_by_default,0.375,calendar_analysis_duration,,,0.0,Stalky & Co,finish_0087,2024-07-30,generic_temporal
calendar_analysis_row_020956_part_0,calendar_analysis_row_020956,2024-07-20,2024-07-20 15:15:00+00:00,2024-07-20 15:30:00+00:00,Things,book:tpp,book:tpp,reading,tpp,0.25,0.25,True,explicit_reading_or_audiobook_duration,0.25,calendar_analysis_duration,,,0.0,The Path to Power: The Years of Lyndon Johnson I,finish_0136,2025-05-04,ref_to_finished_title
calendar_analysis_row_020974_part_0,calendar_analysis_row_020974,2024-07-21,2024-07-21 05:00:00+00:00,2024-07-21 05:45:00+00:00,Things,book:tpp,book:tpp,reading,tpp,0.625,0.75,True,explicit_reading_or_audiobook_duration,0.75,full_duration_minor_overlap,anki,clark.benham@gmail.com,0.125,The Path to Power: The Years of Lyndon Johnson I,finish_0136,2025-05-04,ref_to_finished_title
calendar_analysis_row_020996_part_0,calendar_analysis_row_020996,2024-07-22,2024-07-22 19:00:00+00:00,2024-07-22 19:30:00+00:00,Things,Book,Book,generic,,0.5,0.5,False,generic_temporal_read_not_counted_by_default,0.5,calendar_analysis_duration,,,0.0,Stalky & Co,finish_0087,2024-07-30,generic_temporal
calendar_analysis_row_021031_part_0,calendar_analysis_row_021031,2024-07-24,2024-07-24 07:45:00+00:00,2024-07-24 08:00:00+00:00,Things,Book:mml,Book:mml,reading,mml,0.25,0.25,True,explicit_reading_or_audiobook_duration,0.25,calendar_analysis_duration,,,0.0,Mathematics for Machine Learning,finish_0149,2025-07-09,ref_to_finished_title
calendar_analysis_row_021084_part_0,calendar_analysis_row_021084,2024-07-26,2024-07-26 22:22:30+00:00,2024-07-26 22:45:00+00:00,Things,books,books,generic,,0.375,0.375,False,generic_temporal_read_not_counted_by_default,0.375,calendar_analysis_duration,,,0.0,Stalky & Co,finish_0087,2024-07-30,generic_temporal
calendar_analysis_row_021099_part_0,calendar_analysis_row_021099,2024-07-27,2024-07-27 06:00:00+00:00,2024-07-27 06:30:00+00:00,Things,Book:pp,Book:pp,reading,pp,0.5,0.5,True,explicit_reading_or_audiobook_duration,0.5,calendar_analysis_duration,,,0.0,,,,
calendar_analysis_row_021108_part_0,calendar_analysis_row_021108,2024-07-27,2024-07-27 20:15:00+00:00,2024-07-27 21:00:00+00:00,Things,Read: Conrad,Read: Conrad,reading,Conrad,0.75,0.75,True,explicit_reading_or_audiobook_duration,0.75,calendar_analysis_duration,,,0.0,and call me conrad,finish_0172,2025-11-13,ref_to_finished_title
calendar_analysis_row_021154_part_0,calendar_analysis_row_021154,2024-07-30,2024-07-30 06:15:00+00:00,2024-07-30 10:30:00+00:00,Things,finished book: Stalky  & Co,finished book: Stalky  & Co,finished,Stalky & Co,4.25,4.25,True,explicit_finished_book_duration,4.25,calendar_analysis_duration,,,0.0,Stalky & Co,finish_0087,2024-07-30,finished_event_identity
calendar_analysis_row_021254_part_0,calendar_analysis_row_021254,2024-08-03,2024-08-03 21:30:00+00:00,2024-08-03 22:00:00+00:00,Things,Books,Books,generic,,0.25,0.5,False,generic_temporal_read_not_counted_by_default,0.25,calendar_analysis_duration,,,0.0,what is man and other essays,finish_0088,2024-08-07,generic_temporal
calendar_analysis_row_021284_part_0,calendar_analysis_row_021284,2024-08-05,2024-08-05 08:00:00+00:00,2024-08-05 08:15:00+00:00,Things,Book:mastery,Book:mastery,reading,mastery,0.25,0.25,True,explicit_reading_or_audiobook_duration,0.25,calendar_analysis_duration,,,0.0,,,,
calendar_analysis_row_021314_part_0,calendar_analysis_row_021314,2024-08-06,2024-08-06 09:30:00+00:00,2024-08-06 09:45:00+00:00,Things,book:tw1q,book:tw1q,reading,tw1q,0.25,0.25,True,explicit_reading_or_audiobook_duration,0.25,calendar_analysis_duration,,,0.0,,,,
calendar_analysis_row_021321_part_0,calendar_analysis_row_021321,2024-08-06,2024-08-06 13:45:00+00:00,2024-08-06 15:00:00+00:00,Things,Book:tw12q,Book:tw12q,reading,tw12q,1.25,1.25,True,explicit_reading_or_audiobook_duration,1.25,calendar_analysis_duration,,,0.0,,,,
calendar_analysis_row_021345_part_0,calendar_analysis_row_021345,2024-08-07,2024-08-07 05:15:00+00:00,2024-08-07 05:30:00+00:00,Things,Book:tw12q,Book:tw12q,reading,tw12q,0.25,0.25,True,explicit_reading_or_audiobook_duration,0.25,calendar_analysis_duration,,,0.0,,,,
calendar_analysis_row_021346_part_0,calendar_analysis_row_021346,2024-08-07,2024-08-07 05:30:00+00:00,2024-08-07 06:30:00+00:00,Things,Book:wimaoe,Book:wimaoe,reading,wimaoe,1.0,1.0,True,explicit_reading_or_audiobook_duration,1.0,calendar_analysis_duration,,,0.0,what is man and other essays,finish_0088,2024-08-07,ref_to_finished_title
calendar_analysis_row_021348_part_0,calendar_analysis_row_021348,2024-08-07,2024-08-07 16:15:00+00:00,2024-08-07 16:30:00+00:00,Things,Finished book: what is man and other essays,Finished book: what is man and other essays,finished,what is man and other essays,0.25,0.25,True,explicit_finished_book_duration,0.25,calendar_analysis_duration,,,0.0,what is man and other essays,finish_0088,2024-08-07,finished_event_identity
calendar_analysis_row_021360_part_0,calendar_analysis_row_021360,2024-08-07,2024-08-07 23:45:00+00:00,2024-08-08 00:00:00+00:00,Things,books,books,generic,,0.25,0.25,False,generic_temporal_read_not_counted_by_default,0.25,calendar_analysis_duration,,,0.0,what is man and other essays,finish_0088,2024-08-07,generic_temporal
calendar_analysis_row_021365_part_0,calendar_analysis_row_021365,2024-08-08,2024-08-08 04:00:00+00:00,2024-08-08 05:00:00+00:00,Things,book:huc,book:huc,reading,huc,1.0,1.0,True,explicit_reading_or_audiobook_duration,1.0,calendar_analysis_duration,,,0.0,hitlers uranium club,finish_0097,2024-10-02,ref_to_finished_title
calendar_analysis_row_021366_part_0,calendar_analysis_row_021366,2024-08-08,2024-08-08 05:00:00+00:00,2024-08-08 06:00:00+00:00,Things,book:toboss,book:toboss,reading,toboss,1.0,1.0,True,explicit_reading_or_audiobook_duration,1.0,calendar_analysis_duration,,,0.0,The Oxford Book of Short Stories,finish_0094,2024-09-14,ref_to_finished_title
calendar_analysis_row_021386_part_0,calendar_analysis_row_021386,2024-08-09,2024-08-09 00:45:00+00:00,2024-08-09 01:15:00+00:00,Things,Book:toboss,Book:toboss,reading,toboss,0.2848611111111111,0.5,True,explicit_reading_or_audiobook_duration,0.5,full_duration_minor_overlap,Travel to Terminal 1 | Airport,Things,0.21513888888888888,The Oxford Book of Short Stories,finish_0094,2024-09-14,ref_to_finished_title
calendar_analysis_row_021393_part_0,calendar_analysis_row_021393,2024-08-09,2024-08-09 03:45:00+00:00,2024-08-09 04:15:00+00:00,Things,book:toboss,book:toboss,reading,toboss,0.25,0.5,True,explicit_reading_or_audiobook_duration,0.5,full_duration_minor_overlap,airport,Things,0.25,The Oxford Book of Short Stories,finish_0094,2024-09-14,ref_to_finished_title
calendar_analysis_row_021398_part_0,calendar_analysis_row_021398,2024-08-09,2024-08-09 07:30:00+00:00,2024-08-09 08:15:00+00:00,Things,book:toboss,book:toboss,reading,toboss,0.75,0.75,True,explicit_reading_or_audiobook_duration,0.75,calendar_analysis_duration,,,0.0,The Oxford Book of Short Stories,finish_0094,2024-09-14,ref_to_finished_title
calendar_analysis_row_021416_part_0,calendar_analysis_row_021416,2024-08-09,2024-08-09 22:45:00+00:00,2024-08-09 23:30:00+00:00,Things,book:toboss,book:toboss,reading,toboss,0.625,0.75,True,explicit_reading_or_audiobook_duration,0.75,full_duration_minor_overlap,blogs,Waste Time,0.125,The Oxford Book of Short Stories,finish_0094,2024-09-14,ref_to_finished_title
calendar_analysis_row_021445_part_0,calendar_analysis_row_021445,2024-08-11,2024-08-11 06:45:00+00:00,2024-08-11 07:00:00+00:00,Things,book,book,generic,,0.125,0.25,False,generic_temporal_read_not_counted_by_default,0.125,calendar_analysis_duration,,,0.0,essay: tausf,finish_0089,2024-08-18,generic_temporal
calendar_analysis_row_021525_part_0,calendar_analysis_row_021525,2024-08-13,2024-08-13 23:30:00+00:00,2024-08-14 00:00:00+00:00,Things,book:bm,book:bm,reading,bm,0.2113888888888889,0.5,True,explicit_reading_or_audiobook_duration,0.2113888888888889,calendar_analysis_duration_incompatible_overlap,Travel to AMC Bay Street 16 | Deadpool & Wolverine at AMC Bay Street 16,Things | Waste Time,0.0,,,,
calendar_analysis_row_021539_part_0,calendar_analysis_row_021539,2024-08-14,2024-08-14 21:15:00+00:00,2024-08-14 21:30:00+00:00,Things,Book:bm,Book:bm,reading,bm,0.25,0.25,True,explicit_reading_or_audiobook_duration,0.25,calendar_analysis_duration,,,0.0,,,,
calendar_analysis_row_021628_part_0,calendar_analysis_row_021628,2024-08-18,2024-08-18 03:45:00+00:00,2024-08-18 04:30:00+00:00,Things,Finished essay: tausf,Finished essay: tausf,finished,essay: tausf,0.75,0.75,True,bare_finished_marker_with_book_ref_duration,0.75,calendar_analysis_duration,,,0.0,essay: tausf,finish_0089,2024-08-18,finished_event_identity
calendar_analysis_row_021629_part_0,calendar_analysis_row_021629,2024-08-18,2024-08-18 04:30:00+00:00,2024-08-18 05:00:00+00:00,Things,Books,Books,generic,,0.5,0.5,False,generic_temporal_read_not_counted_by_default,0.5,calendar_analysis_duration,,,0.0,essay: tausf,finish_0089,2024-08-18,generic_temporal
calendar_analysis_row_021637_part_0,calendar_analysis_row_021637,2024-08-18,2024-08-18 20:00:00+00:00,2024-08-18 22:00:00+00:00,Things,book:bm,book:bm,reading,bm,2.0,2.0,True,explicit_reading_or_audiobook_duration,2.0,calendar_analysis_duration,,,0.0,,,,
calendar_analysis_row_021656_part_0,calendar_analysis_row_021656,2024-08-19,2024-08-19 19:00:00+00:00,2024-08-19 19:30:00+00:00,Things,book:toboe,book:toboe,reading,toboe,0.375,0.5,True,explicit_reading_or_audiobook_duration,0.5,full_duration_minor_overlap,Failed nap,"Meals, Supplements, Sleep",0.125,the Oxford book of essays,finish_0131,2025-03-22,ref_to_finished_title
calendar_analysis_row_021694_part_0,calendar_analysis_row_021694,2024-08-21,2024-08-21 07:15:00+00:00,2024-08-21 07:30:00+00:00,Things,Book:tobos,Book:tobos,reading,tobos,0.25,0.25,True,explicit_reading_or_audiobook_duration,0.25,calendar_analysis_duration,,,0.0,The Oxford Book of Short Stories,finish_0094,2024-09-14,ref_to_finished_title
calendar_analysis_row_021695_part_0,calendar_analysis_row_021695,2024-08-21,2024-08-21 07:30:00+00:00,2024-08-21 08:00:00+00:00,Things,book:pp,book:pp,reading,pp,0.5,0.5,True,explicit_reading_or_audiobook_duration,0.5,calendar_analysis_duration,,,0.0,,,,
calendar_analysis_row_021722_part_0,calendar_analysis_row_021722,2024-08-22,2024-08-22 08:45:00+00:00,2024-08-22 09:30:00+00:00,Things,book:toboss,book:toboss,reading,toboss,0.75,0.75,True,explicit_reading_or_audiobook_duration,0.75,calendar_analysis_duration,,,0.0,The Oxford Book of Short Stories,finish_0094,2024-09-14,ref_to_finished_title
calendar_analysis_row_021732_part_0,calendar_analysis_row_021732,2024-08-22,2024-08-22 19:15:00+00:00,2024-08-22 20:45:00+00:00,Things,book:toboss,book:toboss,reading,toboss,1.4583333333333337,1.5,True,explicit_reading_or_audiobook_duration,1.5,full_duration_minor_overlap,lunch,"Meals, Supplements, Sleep",0.0416666666666663,The Oxford Book of Short Stories,finish_0094,2024-09-14,ref_to_finished_title
calendar_analysis_row_021755_part_0,calendar_analysis_row_021755,2024-08-23,2024-08-23 22:30:00+00:00,2024-08-23 22:45:00+00:00,Things,Book:toboss,Book:toboss,reading,toboss,0.125,0.25,True,explicit_reading_or_audiobook_duration,0.25,full_duration_minor_overlap,Snack,"Meals, Supplements, Sleep",0.125,The Oxford Book of Short Stories,finish_0094,2024-09-14,ref_to_finished_title
calendar_analysis_row_021768_part_0,calendar_analysis_row_021768,2024-08-24,2024-08-24 10:15:00+00:00,2024-08-24 12:15:00+00:00,Things,book:tinad,book:tinad,reading,tinad,2.0,2.0,True,explicit_reading_or_audiobook_duration,2.0,calendar_analysis_duration,,,0.0,there is no anti-memetic division,finish_0090,2024-08-24,ref_to_finished_title
calendar_analysis_row_021775_part_0,calendar_analysis_row_021775,2024-08-24,2024-08-24 18:15:00+00:00,2024-08-24 19:15:00+00:00,Things,Finished book: there is no anti-memetic division,Finished book: there is no anti-memetic division,finished,there is no anti-memetic division,1.0,1.0,True,explicit_finished_book_duration,1.0,calendar_analysis_duration,,,0.0,there is no anti-memetic division,finish_0090,2024-08-24,finished_event_identity
calendar_analysis_row_021777_part_0,calendar_analysis_row_021777,2024-08-24,2024-08-24 20:00:00+00:00,2024-08-24 21:00:00+00:00,Things,book:apgte,book:apgte,reading,apgte,1.0,1.0,True,explicit_reading_or_audiobook_duration,1.0,calendar_analysis_duration,,,0.0,,,,
calendar_analysis_row_021823_part_0,calendar_analysis_row_021823,2024-08-26,2024-08-26 19:45:00+00:00,2024-08-26 21:15:00+00:00,Things,book:ctl,book:ctl,reading,ctl,1.5,1.5,True,explicit_reading_or_audiobook_duration,1.5,calendar_analysis_duration,,,0.0,consider the lobster,finish_0091,2024-08-27,ref_to_finished_title
calendar_analysis_row_021828_part_0,calendar_analysis_row_021828,2024-08-27,2024-08-27 01:00:00+00:00,2024-08-27 01:30:00+00:00,Things,book:ctl,book:ctl,reading,ctl,0.5,0.5,True,explicit_reading_or_audiobook_duration,0.5,calendar_analysis_duration,,,0.0,consider the lobster,finish_0091,2024-08-27,ref_to_finished_title
calendar_analysis_row_021833_part_0,calendar_analysis_row_021833,2024-08-27,2024-08-27 12:15:00+00:00,2024-08-27 13:30:00+00:00,Things,book:ctl,book:ctl,reading,ctl,1.25,1.25,True,explicit_reading_or_audiobook_duration,1.25,calendar_analysis_duration,,,0.0,consider the lobster,finish_0091,2024-08-27,ref_to_finished_title
calendar_analysis_row_021836_part_0,calendar_analysis_row_021836,2024-08-27,2024-08-27 14:15:00+00:00,2024-08-27 16:30:00+00:00,Things,book:ctl,book:ctl,reading,ctl,2.125,2.25,True,explicit_reading_or_audiobook_duration,2.25,full_duration_minor_overlap,lunch,"Meals, Supplements, Sleep",0.125,consider the lobster,finish_0091,2024-08-27,ref_to_finished_title
calendar_analysis_row_021839_part_0,calendar_analysis_row_021839,2024-08-27,2024-08-27 17:00:00+00:00,2024-08-27 18:45:00+00:00,Things,finished book: consider the lobster,finished book: consider the lobster,finished,consider the lobster,1.75,1.75,True,explicit_finished_book_duration,1.75,calendar_analysis_duration,,,0.0,consider the lobster,finish_0091,2024-08-27,finished_event_identity
calendar_analysis_row_021878_part_0,calendar_analysis_row_021878,2024-08-28,2024-08-28 21:15:00+00:00,2024-08-28 22:15:00+00:00,Things,Finished book: the last interview,Finished book: the last interview,finished,the last interview,1.0,1.0,True,explicit_finished_book_duration,1.0,calendar_analysis_duration,,,0.0,the last interview,finish_0092,2024-08-28,finished_event_identity
calendar_analysis_row_021903_part_0,calendar_analysis_row_021903,2024-08-31,2024-08-31 01:30:00+00:00,2024-08-31 02:00:00+00:00,Things,richard book,richard book,generic,,0.5,0.5,False,generic_temporal_read_not_counted_by_default,0.5,calendar_analysis_duration,,,0.0,A Supposedly Fun Thing I'll Never Do Again,finish_0093,2024-09-04,generic_temporal
calendar_analysis_row_021904_part_0,calendar_analysis_row_021904,2024-08-31,2024-08-31 02:00:00+00:00,2024-08-31 02:15:00+00:00,Things,Book:toboss,Book:toboss,reading,toboss,0.25,0.25,True,explicit_reading_or_audiobook_duration,0.25,calendar_analysis_duration,,,0.0,The Oxford Book of Short Stories,finish_0094,2024-09-14,ref_to_finished_title
calendar_analysis_row_021971_part_0,calendar_analysis_row_021971,2024-09-03,2024-09-03 20:30:00+00:00,2024-09-03 23:30:00+00:00,Things,book:asftinda,book:asftinda,reading,asftinda,1.5,3.0,True,explicit_reading_or_audiobook_duration,3.0,full_duration_compatible_overlap,Train to Charlottesville VA,Things,1.5,A Supposedly Fun Thing I'll Never Do Again,finish_0093,2024-09-04,ref_to_finished_title
calendar_analysis_row_021977_part_0,calendar_analysis_row_021977,2024-09-04,2024-09-04 04:15:00+00:00,2024-09-04 04:45:00+00:00,Things,Book:asftinda,Book:asftinda,reading,asftinda,0.5,0.5,True,explicit_reading_or_audiobook_duration,0.5,calendar_analysis_duration,,,0.0,A Supposedly Fun Thing I'll Never Do Again,finish_0093,2024-09-04,ref_to_finished_title
calendar_analysis_row_021988_part_0,calendar_analysis_row_021988,2024-09-04,2024-09-04 16:45:00+00:00,2024-09-04 17:30:00+00:00,Things,book:asftinda,book:asftinda,reading,asftinda,0.75,0.75,True,explicit_reading_or_audiobook_duration,0.75,calendar_analysis_duration,,,0.0,A Supposedly Fun Thing I'll Never Do Again,finish_0093,2024-09-04,ref_to_finished_title
calendar_analysis_row_021992_part_0,calendar_analysis_row_021992,2024-09-04,2024-09-04 19:30:00+00:00,2024-09-04 20:15:00+00:00,Things,Book:asftinda,Book:asftinda,reading,asftinda,0.75,0.75,True,explicit_reading_or_audiobook_duration,0.75,calendar_analysis_duration,,,0.0,A Supposedly Fun Thing I'll Never Do Again,finish_0093,2024-09-04,ref_to_finished_title
calendar_analysis_row_021995_part_0,calendar_analysis_row_021995,2024-09-04,2024-09-04 21:45:00+00:00,2024-09-04 23:00:00+00:00,Things,Finished Book: A supposedly fun thing I'll never do again,Finished Book: A supposedly fun thing I'll never do again,finished,A supposedly fun thing I'll never do again,1.25,1.25,True,explicit_finished_book_duration,1.25,calendar_analysis_duration,,,0.0,A Supposedly Fun Thing I'll Never Do Again,finish_0093,2024-09-04,finished_event_identity
calendar_analysis_row_022007_part_0,calendar_analysis_row_022007,2024-09-05,2024-09-05 13:00:00+00:00,2024-09-05 13:15:00+00:00,Things,Book eyeglasses,Book eyeglasses,reading,eyeglasses,0.25,0.25,True,explicit_reading_or_audiobook_duration,0.25,calendar_analysis_duration,,,0.0,,,,
calendar_analysis_row_022026_part_0,calendar_analysis_row_022026,2024-09-06,2024-09-06 06:00:00+00:00,2024-09-06 06:30:00+00:00,Things,book:toboss,book:toboss,reading,toboss,0.5,0.5,True,explicit_reading_or_audiobook_duration,0.5,calendar_analysis_duration,,,0.0,The Oxford Book of Short Stories,finish_0094,2024-09-14,ref_to_finished_title
calendar_analysis_row_022039_part_0,calendar_analysis_row_022039,2024-09-06,2024-09-06 19:00:00+00:00,2024-09-06 20:00:00+00:00,Things,Book:toboss,Book:toboss,reading,toboss,1.0,1.0,True,explicit_reading_or_audiobook_duration,1.0,calendar_analysis_duration,,,0.0,The Oxford Book of Short Stories,finish_0094,2024-09-14,ref_to_finished_title
calendar_analysis_row_022085_part_0,calendar_analysis_row_022085,2024-09-08,2024-09-08 03:15:00+00:00,2024-09-08 03:30:00+00:00,Things,Book:toboss,Book:toboss,reading,toboss,0.25,0.25,True,explicit_reading_or_audiobook_duration,0.25,calendar_analysis_duration,,,0.0,The Oxford Book of Short Stories,finish_0094,2024-09-14,ref_to_finished_title
calendar_analysis_row_022087_part_0,calendar_analysis_row_022087,2024-09-08,2024-09-08 12:30:00+00:00,2024-09-08 12:45:00+00:00,Things,Book:toboss,Book:toboss,reading,toboss,0.25,0.25,True,explicit_reading_or_audiobook_duration,0.25,calendar_analysis_duration,,,0.0,The Oxford Book of Short Stories,finish_0094,2024-09-14,ref_to_finished_title
calendar_analysis_row_022170_part_0,calendar_analysis_row_022170,2024-09-11,2024-09-11 19:30:00+00:00,2024-09-11 20:15:00+00:00,Things,Book:toboss,Book:toboss,reading,toboss,0.75,0.75,True,explicit_reading_or_audiobook_duration,0.75,calendar_analysis_duration,,,0.0,The Oxford Book of Short Stories,finish_0094,2024-09-14,ref_to_finished_title
calendar_analysis_row_022172_part_0,calendar_analysis_row_022172,2024-09-11,2024-09-11 20:45:00+00:00,2024-09-11 21:15:00+00:00,Things,Book:toboss,Book:toboss,reading,toboss,0.5,0.5,True,explicit_reading_or_audiobook_duration,0.5,calendar_analysis_duration,,,0.0,The Oxford Book of Short Stories,finish_0094,2024-09-14,ref_to_finished_title
calendar_analysis_row_022185_part_0,calendar_analysis_row_022185,2024-09-12,2024-09-12 12:45:00+00:00,2024-09-12 13:30:00+00:00,Things,Book:toboss,Book:toboss,reading,toboss,0.75,0.75,True,explicit_reading_or_audiobook_duration,0.75,calendar_analysis_duration,,,0.0,The Oxford Book of Short Stories,finish_0094,2024-09-14,ref_to_finished_title
calendar_analysis_row_022189_part_0,calendar_analysis_row_022189,2024-09-12,2024-09-12 16:45:00+00:00,2024-09-12 17:15:00+00:00,Things,Book:toboss,Book:toboss,reading,toboss,0.375,0.5,True,explicit_reading_or_audiobook_duration,0.5,full_duration_minor_overlap,Drink,Waste Time,0.125,The Oxford Book of Short Stories,finish_0094,2024-09-14,ref_to_finished_title
calendar_analysis_row_022193_part_0,calendar_analysis_row_022193,2024-09-12,2024-09-12 20:45:00+00:00,2024-09-12 21:15:00+00:00,Things,Book:toboss,Book:toboss,reading,toboss,0.5,0.5,True,explicit_reading_or_audiobook_duration,0.5,calendar_analysis_duration,,,0.0,The Oxford Book of Short Stories,finish_0094,2024-09-14,ref_to_finished_title
calendar_analysis_row_022195_part_0,calendar_analysis_row_022195,2024-09-12,2024-09-12 21:30:00+00:00,2024-09-12 22:15:00+00:00,Things,Book:toboss,Book:toboss,reading,toboss,0.75,0.75,True,explicit_reading_or_audiobook_duration,0.75,calendar_analysis_duration,,,0.0,The Oxford Book of Short Stories,finish_0094,2024-09-14,ref_to_finished_title
calendar_analysis_row_022222_part_0,calendar_analysis_row_022222,2024-09-14,2024-09-14 03:00:00+00:00,2024-09-14 03:30:00+00:00,Things,book:toboss,book:toboss,reading,toboss,0.5,0.5,True,explicit_reading_or_audiobook_duration,0.5,calendar_analysis_duration,,,0.0,The Oxford Book of Short Stories,finish_0094,2024-09-14,ref_to_finished_title
calendar_analysis_row_022226_part_0,calendar_analysis_row_022226,2024-09-14,2024-09-14 12:00:00+00:00,2024-09-14 12:30:00+00:00,Things,read tabs,read tabs,reading,tabs,0.5,0.5,True,explicit_reading_or_audiobook_duration,0.5,calendar_analysis_duration,,,0.0,,,,
calendar_analysis_row_022228_part_0,calendar_analysis_row_022228,2024-09-14,2024-09-14 13:00:00+00:00,2024-09-14 13:30:00+00:00,Things,finished book: the oxford book of short stories,finished book: the oxford book of short stories,finished,the oxford book of short stories,0.5,0.5,True,explicit_finished_book_duration,0.5,calendar_analysis_duration,,,0.0,The Oxford Book of Short Stories,finish_0094,2024-09-14,finished_event_identity
calendar_analysis_row_022236_part_0,calendar_analysis_row_022236,2024-09-14,2024-09-14 18:15:00+00:00,2024-09-14 18:30:00+00:00,Things,book:biwhm,book:biwhm,reading,biwhm,0.25,0.25,True,explicit_reading_or_audiobook_duration,0.25,calendar_analysis_duration,,,0.0,Brief Interviews with Hideous Men,finish_0098,2024-10-09,ref_to_finished_title
calendar_analysis_row_022239_part_0,calendar_analysis_row_022239,2024-09-14,2024-09-14 21:30:00+00:00,2024-09-14 22:15:00+00:00,Things,Book:biwhm,Book:biwhm,reading,biwhm,0.75,0.75,True,explicit_reading_or_audiobook_duration,0.75,calendar_analysis_duration,,,0.0,Brief Interviews with Hideous Men,finish_0098,2024-10-09,ref_to_finished_title
calendar_analysis_row_022258_part_0,calendar_analysis_row_022258,2024-09-15,2024-09-15 14:30:00+00:00,2024-09-15 14:45:00+00:00,Things,Books,Books,generic,,0.25,0.25,False,generic_temporal_read_not_counted_by_default,0.25,calendar_analysis_duration,,,0.0,Red Plenty,finish_0095,2024-09-19,generic_temporal
calendar_analysis_row_022262_part_0,calendar_analysis_row_022262,2024-09-15,2024-09-15 16:30:00+00:00,2024-09-15 17:30:00+00:00,Things,Book:biwhm,Book:biwhm,reading,biwhm,1.0,1.0,True,explicit_reading_or_audiobook_duration,1.0,calendar_analysis_duration,,,0.0,Brief Interviews with Hideous Men,finish_0098,2024-10-09,ref_to_finished_title
calendar_analysis_row_022320_part_0,calendar_analysis_row_022320,2024-09-17,2024-09-17 18:00:00+00:00,2024-09-17 18:15:00+00:00,Things,book:rp,book:rp,reading,rp,0.25,0.25,True,explicit_reading_or_audiobook_duration,0.25,calendar_analysis_duration,,,0.0,Red Plenty,finish_0095,2024-09-19,ref_to_finished_title
calendar_analysis_row_022322_part_0,calendar_analysis_row_022322,2024-09-17,2024-09-17 18:45:00+00:00,2024-09-17 20:15:00+00:00,Things,Book:rp,Book:rp,reading,rp,1.5,1.5,True,explicit_reading_or_audiobook_duration,1.5,calendar_analysis_duration,,,0.0,Red Plenty,finish_0095,2024-09-19,ref_to_finished_title
calendar_analysis_row_022329_part_0,calendar_analysis_row_022329,2024-09-18,2024-09-18 02:15:00+00:00,2024-09-18 02:45:00+00:00,Things,Book:rp,Book:rp,reading,rp,0.5,0.5,True,explicit_reading_or_audiobook_duration,0.5,calendar_analysis_duration,,,0.0,Red Plenty,finish_0095,2024-09-19,ref_to_finished_title
calendar_analysis_row_022336_part_0,calendar_analysis_row_022336,2024-09-18,2024-09-18 10:00:00+00:00,2024-09-18 10:45:00+00:00,Things,Book:rp,Book:rp,reading,rp,0.75,0.75,True,explicit_reading_or_audiobook_duration,0.75,calendar_analysis_duration,,,0.0,Red Plenty,finish_0095,2024-09-19,ref_to_finished_title
calendar_analysis_row_022343_part_0,calendar_analysis_row_022343,2024-09-18,2024-09-18 15:00:00+00:00,2024-09-18 15:45:00+00:00,Things,Book:rp,Book:rp,reading,rp,0.75,0.75,True,explicit_reading_or_audiobook_duration,0.75,calendar_analysis_duration,,,0.0,Red Plenty,finish_0095,2024-09-19,ref_to_finished_title
calendar_analysis_row_022346_part_0,calendar_analysis_row_022346,2024-09-18,2024-09-18 18:15:00+00:00,2024-09-18 18:45:00+00:00,Things,Book:rp,Book:rp,reading,rp,0.5,0.5,True,explicit_reading_or_audiobook_duration,0.5,calendar_analysis_duration,,,0.0,Red Plenty,finish_0095,2024-09-19,ref_to_finished_title
calendar_analysis_row_022358_part_0,calendar_analysis_row_022358,2024-09-19,2024-09-19 02:45:00+00:00,2024-09-19 03:45:00+00:00,Things,Book:rp,Book:rp,reading,rp,1.0,1.0,True,explicit_reading_or_audiobook_duration,1.0,calendar_analysis_duration,,,0.0,Red Plenty,finish_0095,2024-09-19,ref_to_finished_title
calendar_analysis_row_022361_part_0,calendar_analysis_row_022361,2024-09-19,2024-09-19 12:45:00+00:00,2024-09-19 14:00:00+00:00,Things,Book:rp,Book:rp,reading,rp,1.25,1.25,True,explicit_reading_or_audiobook_duration,1.25,calendar_analysis_duration,,,0.0,Red Plenty,finish_0095,2024-09-19,ref_to_finished_title
calendar_analysis_row_022365_part_0,calendar_analysis_row_022365,2024-09-19,2024-09-19 14:45:00+00:00,2024-09-19 18:00:00+00:00,Things,Book:rp,Book:rp,reading,rp,3.25,3.25,True,explicit_reading_or_audiobook_duration,3.25,calendar_analysis_duration,,,0.0,Red Plenty,finish_0095,2024-09-19,ref_to_finished_title
calendar_analysis_row_022371_part_0,calendar_analysis_row_022371,2024-09-19,2024-09-19 21:15:00+00:00,2024-09-19 21:30:00+00:00,Things,Finished book: red plenty,Finished book: red plenty,finished,red plenty,0.25,0.25,True,explicit_finished_book_duration,0.25,calendar_analysis_duration,,,0.0,Red Plenty,finish_0095,2024-09-19,finished_event_identity
calendar_analysis_row_022410_part_0,calendar_analysis_row_022410,2024-09-20,2024-09-20 21:15:00+00:00,2024-09-20 21:45:00+00:00,Things,book:information,book:information,reading,information,0.5,0.5,True,explicit_reading_or_audiobook_duration,0.5,calendar_analysis_duration,,,0.0,,,,
calendar_analysis_row_022419_part_0,calendar_analysis_row_022419,2024-09-21,2024-09-21 03:15:00+00:00,2024-09-21 03:30:00+00:00,Things,book:tg,book:tg,reading,tg,0.25,0.25,True,explicit_reading_or_audiobook_duration,0.25,calendar_analysis_duration,,,0.0,the goal,finish_0101,2024-10-12,ref_to_finished_title
calendar_analysis_row_022459_part_0,calendar_analysis_row_022459,2024-09-22,2024-09-22 16:15:00+00:00,2024-09-22 16:30:00+00:00,Things,book:tg,book:tg,reading,tg,0.25,0.25,True,explicit_reading_or_audiobook_duration,0.25,calendar_analysis_duration,,,0.0,the goal,finish_0101,2024-10-12,ref_to_finished_title
calendar_analysis_row_022510_part_0,calendar_analysis_row_022510,2024-09-25,2024-09-25 02:30:00+00:00,2024-09-25 03:00:00+00:00,Things,Book:tiofb,Book:tiofb,reading,tiofb,0.5,0.5,True,explicit_reading_or_audiobook_duration,0.5,calendar_analysis_duration,,,0.0,The innocence of Father Brown,finish_0096,2024-09-25,ref_to_finished_title
calendar_analysis_row_022522_part_0,calendar_analysis_row_022522,2024-09-25,2024-09-25 19:00:00+00:00,2024-09-25 19:15:00+00:00,Things,Finished book: the innocence of father brown,Finished book: the innocence of father brown,finished,the innocence of father brown,0.25,0.25,True,explicit_finished_book_duration,0.25,calendar_analysis_duration,,,0.0,The innocence of Father Brown,finish_0096,2024-09-25,finished_event_identity
calendar_analysis_row_022523_part_0,calendar_analysis_row_022523,2024-09-25,2024-09-25 19:15:00+00:00,2024-09-25 19:30:00+00:00,Things,Books,Books,generic,,0.25,0.25,False,generic_temporal_read_not_counted_by_default,0.25,calendar_analysis_duration,,,0.0,The innocence of Father Brown,finish_0096,2024-09-25,generic_temporal
calendar_analysis_row_022564_part_0,calendar_analysis_row_022564,2024-09-27,2024-09-27 16:00:00+00:00,2024-09-27 16:30:00+00:00,Things,Book:huc,Book:huc,reading,huc,0.5,0.5,True,explicit_reading_or_audiobook_duration,0.5,calendar_analysis_duration,,,0.0,hitlers uranium club,finish_0097,2024-10-02,ref_to_finished_title
calendar_analysis_row_022581_part_0,calendar_analysis_row_022581,2024-09-28,2024-09-28 14:15:00+00:00,2024-09-28 15:30:00+00:00,Things,Book:huc,Book:huc,reading,huc,1.25,1.25,True,explicit_reading_or_audiobook_duration,1.25,calendar_analysis_duration,,,0.0,hitlers uranium club,finish_0097,2024-10-02,ref_to_finished_title
calendar_analysis_row_022584_part_0,calendar_analysis_row_022584,2024-09-28,2024-09-28 16:30:00+00:00,2024-09-28 18:15:00+00:00,Things,Book:huc,Book:huc,reading,huc,1.75,1.75,True,explicit_reading_or_audiobook_duration,1.75,calendar_analysis_duration,,,0.0,hitlers uranium club,finish_0097,2024-10-02,ref_to_finished_title
calendar_analysis_row_022620_part_0,calendar_analysis_row_022620,2024-10-01,2024-10-01 00:00:00+00:00,2024-10-01 00:30:00+00:00,Things,Book:huc,Book:huc,reading,huc,0.5,0.5,True,explicit_reading_or_audiobook_duration,0.5,calendar_analysis_duration,,,0.0,hitlers uranium club,finish_0097,2024-10-02,ref_to_finished_title
calendar_analysis_row_022643_part_0,calendar_analysis_row_022643,2024-10-01,2024-10-01 18:00:00+00:00,2024-10-01 18:45:00+00:00,Things,book:huc,book:huc,reading,huc,0.75,0.75,True,explicit_reading_or_audiobook_duration,0.75,calendar_analysis_duration,,,0.0,hitlers uranium club,finish_0097,2024-10-02,ref_to_finished_title
calendar_analysis_row_022645_part_0,calendar_analysis_row_022645,2024-10-01,2024-10-01 19:30:00+00:00,2024-10-01 20:00:00+00:00,Things,book:huc,book:huc,reading,huc,0.375,0.5,True,explicit_reading_or_audiobook_duration,0.5,full_duration_minor_overlap,lunch,"Meals, Supplements, Sleep",0.125,hitlers uranium club,finish_0097,2024-10-02,ref_to_finished_title
calendar_analysis_row_022673_part_0,calendar_analysis_row_022673,2024-10-02,2024-10-02 21:15:00+00:00,2024-10-02 21:30:00+00:00,Things,Finished book: hitlers uranium club,Finished book: hitlers uranium club,finished,hitlers uranium club,0.25,0.25,True,explicit_finished_book_duration,0.25,calendar_analysis_duration,,,0.0,hitlers uranium club,finish_0097,2024-10-02,finished_event_identity
calendar_analysis_row_022676_part_0,calendar_analysis_row_022676,2024-10-02,2024-10-02 22:30:00+00:00,2024-10-03 00:45:00+00:00,Things,Book:tg,Book:tg,reading,tg,2.25,2.25,True,explicit_reading_or_audiobook_duration,2.25,calendar_analysis_duration,,,0.0,the goal,finish_0101,2024-10-12,ref_to_finished_title
calendar_analysis_row_022709_part_0,calendar_analysis_row_022709,2024-10-03,2024-10-03 21:45:00+00:00,2024-10-03 22:45:00+00:00,Things,book:tg,book:tg,reading,tg,1.0,1.0,True,explicit_reading_or_audiobook_duration,1.0,calendar_analysis_duration,,,0.0,the goal,finish_0101,2024-10-12,ref_to_finished_title
calendar_analysis_row_022710_part_0,calendar_analysis_row_022710,2024-10-03,2024-10-03 22:45:00+00:00,2024-10-03 23:30:00+00:00,Things,Book:tg,Book:tg,reading,tg,0.75,0.75,True,explicit_reading_or_audiobook_duration,0.75,calendar_analysis_duration,,,0.0,the goal,finish_0101,2024-10-12,ref_to_finished_title
calendar_analysis_row_022815_part_0,calendar_analysis_row_022815,2024-10-08,2024-10-08 07:45:00+00:00,2024-10-08 08:15:00+00:00,Things,Book:biwhm,Book:biwhm,reading,biwhm,0.5,0.5,True,explicit_reading_or_audiobook_duration,0.5,calendar_analysis_duration,,,0.0,Brief Interviews with Hideous Men,finish_0098,2024-10-09,ref_to_finished_title
calendar_analysis_row_022827_part_0,calendar_analysis_row_022827,2024-10-08,2024-10-08 19:45:00+00:00,2024-10-08 20:15:00+00:00,Things,Book:biwhm,Book:biwhm,reading,biwhm,0.5,0.5,True,explicit_reading_or_audiobook_duration,0.5,calendar_analysis_duration,,,0.0,Brief Interviews with Hideous Men,finish_0098,2024-10-09,ref_to_finished_title
calendar_analysis_row_022836_part_0,calendar_analysis_row_022836,2024-10-09,2024-10-09 02:15:00+00:00,2024-10-09 02:30:00+00:00,Things,book:biwhm,book:biwhm,reading,biwhm,0.25,0.25,True,explicit_reading_or_audiobook_duration,0.25,calendar_analysis_duration,,,0.0,Brief Interviews with Hideous Men,finish_0098,2024-10-09,ref_to_finished_title
calendar_analysis_row_022841_part_0,calendar_analysis_row_022841,2024-10-09,2024-10-09 04:15:00+00:00,2024-10-09 05:15:00+00:00,Things,book:biwhm,book:biwhm,reading,biwhm,1.0,1.0,True,explicit_reading_or_audiobook_duration,1.0,calendar_analysis_duration,,,0.0,Brief Interviews with Hideous Men,finish_0098,2024-10-09,ref_to_finished_title
calendar_analysis_row_022849_part_0,calendar_analysis_row_022849,2024-10-09,2024-10-09 16:15:00+00:00,2024-10-09 17:00:00+00:00,Things,Book:biwhm,Book:biwhm,reading,biwhm,0.375,0.75,True,explicit_reading_or_audiobook_duration,0.375,calendar_analysis_duration_incompatible_overlap,Spa,Things,0.0,Brief Interviews with Hideous Men,finish_0098,2024-10-09,ref_to_finished_title
calendar_analysis_row_022852_part_0,calendar_analysis_row_022852,2024-10-09,2024-10-09 17:45:00+00:00,2024-10-09 19:30:00+00:00,Things,Book:biwhm,Book:biwhm,reading,biwhm,1.75,1.75,True,explicit_reading_or_audiobook_duration,1.75,calendar_analysis_duration,,,0.0,Brief Interviews with Hideous Men,finish_0098,2024-10-09,ref_to_finished_title
calendar_analysis_row_022853_part_0,calendar_analysis_row_022853,2024-10-09,2024-10-09 20:00:00+00:00,2024-10-09 20:15:00+00:00,Things,Finished book: brief interviews with hideous men,Finished book: brief interviews with hideous men,finished,brief interviews with hideous men,0.25,0.25,True,explicit_finished_book_duration,0.25,calendar_analysis_duration,,,0.0,Brief Interviews with Hideous Men,finish_0098,2024-10-09,finished_event_identity
calendar_analysis_row_022854_part_0,calendar_analysis_row_022854,2024-10-09,2024-10-09 20:15:00+00:00,2024-10-09 22:00:00+00:00,Things,book:trw,book:trw,reading,trw,1.75,1.75,True,explicit_reading_or_audiobook_duration,1.75,calendar_analysis_duration,,,0.0,the religion war,finish_0099,2024-10-09,ref_to_finished_title
calendar_analysis_row_022857_part_0,calendar_analysis_row_022857,2024-10-09,2024-10-09 22:30:00+00:00,2024-10-09 23:15:00+00:00,Things,Finished book: the religion war,Finished book: the religion war,finished,the religion war,0.75,0.75,True,explicit_finished_book_duration,0.75,calendar_analysis_duration,,,0.0,the religion war,finish_0099,2024-10-09,finished_event_identity
calendar_analysis_row_022877_part_0,calendar_analysis_row_022877,2024-10-10,2024-10-10 18:00:00+00:00,2024-10-10 19:15:00+00:00,Things,book:shilav,book:shilav,reading,shilav,1.125,1.25,True,explicit_reading_or_audiobook_duration,1.25,full_duration_minor_overlap,Amelia,Things,0.125,self help is like a vaccine,finish_0100,2024-10-11,ref_to_finished_title
calendar_analysis_row_022886_part_0,calendar_analysis_row_022886,2024-10-11,2024-10-11 00:00:00+00:00,2024-10-11 00:15:00+00:00,Things,finished book: self help is like a vaccine,finished book: self help is like a vaccine,finished,self help is like a vaccine,0.25,0.25,True,explicit_finished_book_duration,0.25,calendar_analysis_duration,,,0.0,self help is like a vaccine,finish_0100,2024-10-11,finished_event_identity
calendar_analysis_row_022911_part_0,calendar_analysis_row_022911,2024-10-11,2024-10-11 20:30:00+00:00,2024-10-11 21:15:00+00:00,Things,reading,reading,reading,ing,0.75,0.75,True,explicit_reading_or_audiobook_duration,0.75,calendar_analysis_duration,,,0.0,,,,
calendar_analysis_row_022916_part_0,calendar_analysis_row_022916,2024-10-12,2024-10-12 00:00:00+00:00,2024-10-12 00:30:00+00:00,Things,Book:tg,Book:tg,reading,tg,0.5,0.5,True,explicit_reading_or_audiobook_duration,0.5,calendar_analysis_duration,,,0.0,the goal,finish_0101,2024-10-12,ref_to_finished_title
calendar_analysis_row_022919_part_0,calendar_analysis_row_022919,2024-10-12,2024-10-12 02:00:00+00:00,2024-10-12 03:15:00+00:00,Things,Book:tg,Book:tg,reading,tg,1.25,1.25,True,explicit_reading_or_audiobook_duration,1.25,calendar_analysis_duration,,,0.0,the goal,finish_0101,2024-10-12,ref_to_finished_title
calendar_analysis_row_022920_part_0,calendar_analysis_row_022920,2024-10-12,2024-10-12 03:15:00+00:00,2024-10-12 03:45:00+00:00,Things,Book:information,Book:information,reading,information,0.5,0.5,True,explicit_reading_or_audiobook_duration,0.5,calendar_analysis_duration,,,0.0,,,,
calendar_analysis_row_022923_part_0,calendar_analysis_row_022923,2024-10-12,2024-10-12 06:15:00+00:00,2024-10-12 06:55:00+00:00,Things,Book:tg,Book:tg,reading,tg,0.6666666666666666,0.6666666666666666,True,explicit_reading_or_audiobook_duration,0.6666666666666666,calendar_analysis_duration,,,0.0,the goal,finish_0101,2024-10-12,ref_to_finished_title
calendar_analysis_row_022936_part_0,calendar_analysis_row_022936,2024-10-12,2024-10-12 17:52:30+00:00,2024-10-12 18:00:00+00:00,Things,finished book: the goal,finished book: the goal,finished,the goal,0.125,0.125,True,explicit_finished_book_duration,0.125,calendar_analysis_duration,,,0.0,the goal,finish_0101,2024-10-12,finished_event_identity
calendar_analysis_row_022960_part_0,calendar_analysis_row_022960,2024-10-13,2024-10-13 06:30:00+00:00,2024-10-13 07:00:00+00:00,Things,book:lavep,book:lavep,reading,lavep,0.5,0.5,True,explicit_reading_or_audiobook_duration,0.5,calendar_analysis_duration,,,0.0,,,,
calendar_analysis_row_023001_part_0,calendar_analysis_row_023001,2024-10-15,2024-10-15 00:30:00+00:00,2024-10-15 01:00:00+00:00,Things,Book:motab,Book:motab,reading,motab,0.5,0.5,True,explicit_reading_or_audiobook_duration,0.5,calendar_analysis_duration,,,0.0,the making of the atomic bomb,finish_0146,2025-06-24,ref_to_finished_title
calendar_analysis_row_023048_part_0,calendar_analysis_row_023048,2024-10-16,2024-10-16 16:30:00+00:00,2024-10-16 17:30:00+00:00,Things,book:sa,book:sa,reading,sa,1.0,1.0,True,explicit_reading_or_audiobook_duration,1.0,calendar_analysis_duration,,,0.0,situational awareness,finish_0102,2024-10-17,ref_to_finished_title
calendar_analysis_row_023082_part_0,calendar_analysis_row_023082,2024-10-17,2024-10-17 21:15:00+00:00,2024-10-17 23:00:00+00:00,Things,Finished book: situational awareness,Finished book: situational awareness,finished,situational awareness,1.75,1.75,True,explicit_finished_book_duration,1.75,calendar_analysis_duration,,,0.0,situational awareness,finish_0102,2024-10-17,finished_event_identity
calendar_analysis_row_023144_part_0,calendar_analysis_row_023144,2024-10-21,2024-10-21 06:30:00+00:00,2024-10-21 06:45:00+00:00,clark.benham@gmail.com,Read math,Read math,reading,math,0.25,0.25,True,explicit_reading_or_audiobook_duration,0.25,calendar_analysis_duration,,,0.0,,,,
calendar_analysis_row_023176_part_0,calendar_analysis_row_023176,2024-10-22,2024-10-22 20:00:00+00:00,2024-10-22 21:00:00+00:00,Things,Book:htfaaeaswb,Book:htfaaeaswb,reading,htfaaeaswb,1.0,1.0,True,explicit_reading_or_audiobook_duration,1.0,calendar_analysis_duration,,,0.0,How to Fail at Almost Everything and Still Win Big,finish_0105,2024-10-31,ref_to_finished_title
calendar_analysis_row_023203_part_0,calendar_analysis_row_023203,2024-10-23,2024-10-23 18:30:00+00:00,2024-10-24 01:00:00+00:00,Things,book:tdm,book:tdm,reading,tdm,6.375,6.5,True,explicit_reading_or_audiobook_duration,6.5,full_duration_minor_overlap,lunch,"Meals, Supplements, Sleep",0.125,The Doomsday Machine,finish_0103,2024-10-24,ref_to_finished_title
calendar_analysis_row_023212_part_0,calendar_analysis_row_023212,2024-10-24,2024-10-24 04:15:00+00:00,2024-10-24 05:15:00+00:00,Things,Book:tdm,Book:tdm,reading,tdm,1.0,1.0,True,explicit_reading_or_audiobook_duration,1.0,calendar_analysis_duration,,,0.0,The Doomsday Machine,finish_0103,2024-10-24,ref_to_finished_title
calendar_analysis_row_023214_part_0,calendar_analysis_row_023214,2024-10-24,2024-10-24 05:45:00+00:00,2024-10-24 06:15:00+00:00,Things,Book:tdm,Book:tdm,reading,tdm,0.5,0.5,True,explicit_reading_or_audiobook_duration,0.5,calendar_analysis_duration,,,0.0,The Doomsday Machine,finish_0103,2024-10-24,ref_to_finished_title
calendar_analysis_row_023218_part_0,calendar_analysis_row_023218,2024-10-24,2024-10-24 15:30:00+00:00,2024-10-24 15:45:00+00:00,Things,Book:tdm,Book:tdm,reading,tdm,0.25,0.25,True,explicit_reading_or_audiobook_duration,0.25,calendar_analysis_duration,,,0.0,The Doomsday Machine,finish_0103,2024-10-24,ref_to_finished_title
calendar_analysis_row_023221_part_0,calendar_analysis_row_023221,2024-10-24,2024-10-24 16:15:00+00:00,2024-10-24 17:30:00+00:00,Things,Finished book: the doomsday machine,Finished book: the doomsday machine,finished,the doomsday machine,1.25,1.25,True,explicit_finished_book_duration,1.25,calendar_analysis_duration,,,0.0,The Doomsday Machine,finish_0103,2024-10-24,finished_event_identity
calendar_analysis_row_023230_part_0,calendar_analysis_row_023230,2024-10-25,2024-10-25 00:00:00+00:00,2024-10-25 00:45:00+00:00,Things,book:ita,book:ita,reading,ita,0.75,0.75,True,explicit_reading_or_audiobook_duration,0.75,calendar_analysis_duration,,,0.0,into the aquarium,finish_0104,2024-10-25,ref_to_finished_title
calendar_analysis_row_023236_part_0,calendar_analysis_row_023236,2024-10-25,2024-10-25 03:00:00+00:00,2024-10-25 04:30:00+00:00,Things,Book:ita,Book:ita,reading,ita,1.5,1.5,True,explicit_reading_or_audiobook_duration,1.5,calendar_analysis_duration,,,0.0,into the aquarium,finish_0104,2024-10-25,ref_to_finished_title
calendar_analysis_row_023238_part_0,calendar_analysis_row_023238,2024-10-25,2024-10-25 05:15:00+00:00,2024-10-25 08:30:00+00:00,Things,Book:ita,Book:ita,reading,ita,3.25,3.25,True,explicit_reading_or_audiobook_duration,3.25,calendar_analysis_duration,,,0.0,into the aquarium,finish_0104,2024-10-25,ref_to_finished_title
calendar_analysis_row_023240_part_0,calendar_analysis_row_023240,2024-10-25,2024-10-25 14:30:00+00:00,2024-10-25 15:00:00+00:00,Things,Book:ita,Book:ita,reading,ita,0.5,0.5,True,explicit_reading_or_audiobook_duration,0.5,calendar_analysis_duration,,,0.0,into the aquarium,finish_0104,2024-10-25,ref_to_finished_title
calendar_analysis_row_023243_part_0,calendar_analysis_row_023243,2024-10-25,2024-10-25 16:15:00+00:00,2024-10-25 16:45:00+00:00,Things,Book:ita,Book:ita,reading,ita,0.5,0.5,True,explicit_reading_or_audiobook_duration,0.5,calendar_analysis_duration,,,0.0,into the aquarium,finish_0104,2024-10-25,ref_to_finished_title
calendar_analysis_row_023247_part_0,calendar_analysis_row_023247,2024-10-25,2024-10-25 18:00:00+00:00,2024-10-25 19:00:00+00:00,Things,Book:ita,Book:ita,reading,ita,1.0,1.0,True,explicit_reading_or_audiobook_duration,1.0,calendar_analysis_duration,,,0.0,into the aquarium,finish_0104,2024-10-25,ref_to_finished_title
calendar_analysis_row_023249_part_0,calendar_analysis_row_023249,2024-10-25,2024-10-25 19:45:00+00:00,2024-10-25 20:15:00+00:00,Things,Finished book: into the aquarium,Finished book: into the aquarium,finished,into the aquarium,0.5,0.5,True,explicit_finished_book_duration,0.5,calendar_analysis_duration,,,0.0,into the aquarium,finish_0104,2024-10-25,finished_event_identity
calendar_analysis_row_023267_part_0,calendar_analysis_row_023267,2024-10-26,2024-10-26 06:15:00+00:00,2024-10-26 06:30:00+00:00,Things,Read math,Read math,reading,math,0.25,0.25,True,explicit_reading_or_audiobook_duration,0.25,calendar_analysis_duration,,,0.0,,,,
calendar_analysis_row_023287_part_0,calendar_analysis_row_023287,2024-10-27,2024-10-27 16:00:00+00:00,2024-10-27 16:15:00+00:00,Things,Book:htfaaeaswb,Book:htfaaeaswb,reading,htfaaeaswb,0.125,0.25,True,explicit_reading_or_audiobook_duration,0.25,full_duration_minor_overlap,Spa,Things,0.125,How to Fail at Almost Everything and Still Win Big,finish_0105,2024-10-31,ref_to_finished_title
calendar_analysis_row_023364_part_0,calendar_analysis_row_023364,2024-10-30,2024-10-30 07:30:00+00:00,2024-10-30 08:00:00+00:00,Things,book:htfaaeaswb,book:htfaaeaswb,reading,htfaaeaswb,0.375,0.5,True,explicit_reading_or_audiobook_duration,0.5,full_duration_minor_overlap,anki,clark.benham@gmail.com,0.125,How to Fail at Almost Everything and Still Win Big,finish_0105,2024-10-31,ref_to_finished_title
calendar_analysis_row_023395_part_0,calendar_analysis_row_023395,2024-10-31,2024-10-31 02:00:00+00:00,2024-10-31 03:45:00+00:00,Things,Finished book: how to fail at almost everything and still win big,Finished book: how to fail at almost everything and still win big,finished,how to fail at almost everything and still win big,1.5,1.75,True,explicit_finished_book_duration,1.75,full_duration_minor_overlap,Dinner,"Meals, Supplements, Sleep",0.25,How to Fail at Almost Everything and Still Win Big,finish_0105,2024-10-31,finished_event_identity
calendar_analysis_row_023396_part_0,calendar_analysis_row_023396,2024-10-31,2024-10-31 03:45:00+00:00,2024-10-31 04:15:00+00:00,Things,book:thtaht,book:thtaht,reading,thtaht,0.5,0.5,True,explicit_reading_or_audiobook_duration,0.5,calendar_analysis_duration,,,0.0,,,,
calendar_analysis_row_023400_part_0,calendar_analysis_row_023400,2024-10-31,2024-10-31 05:15:00+00:00,2024-10-31 06:15:00+00:00,Things,Book:thtaht,Book:thtaht,reading,thtaht,1.0,1.0,True,explicit_reading_or_audiobook_duration,1.0,calendar_analysis_duration,,,0.0,,,,
calendar_analysis_row_023476_part_0,calendar_analysis_row_023476,2024-11-02,2024-11-02 06:45:00+00:00,2024-11-02 07:45:00+00:00,Things,Book:iiatt,Book:iiatt,reading,iiatt,1.0,1.0,True,explicit_reading_or_audiobook_duration,1.0,calendar_analysis_duration,,,0.0,IMPRO Improvisation and the Theatre,finish_0107,2024-11-09,ref_to_finished_title
calendar_analysis_row_023478_part_0,calendar_analysis_row_023478,2024-11-02,2024-11-02 07:45:00+00:00,2024-11-02 08:00:00+00:00,Things,Read math,Read math,reading,math,0.125,0.25,True,explicit_reading_or_audiobook_duration,0.25,full_duration_minor_overlap,sleep,"Meals, Supplements, Sleep",0.125,,,,
calendar_analysis_row_023491_part_0,calendar_analysis_row_023491,2024-11-02,2024-11-02 22:30:00+00:00,2024-11-02 23:00:00+00:00,Things,Book:iiatt,Book:iiatt,reading,iiatt,0.5,0.5,True,explicit_reading_or_audiobook_duration,0.5,calendar_analysis_duration,,,0.0,IMPRO Improvisation and the Theatre,finish_0107,2024-11-09,ref_to_finished_title
calendar_analysis_row_023508_part_0,calendar_analysis_row_023508,2024-11-03,2024-11-03 08:15:00+00:00,2024-11-03 08:30:00+00:00,Things,Read math,Read math,reading,math,0.25,0.25,True,explicit_reading_or_audiobook_duration,0.25,calendar_analysis_duration,,,0.0,,,,
calendar_analysis_row_023623_part_0,calendar_analysis_row_023623,2024-11-06,2024-11-06 22:15:00+00:00,2024-11-06 23:00:00+00:00,Things,books,books,generic,,0.75,0.75,False,generic_temporal_read_not_counted_by_default,0.75,calendar_analysis_duration,,,0.0,metropolis man,finish_0106,2024-11-08,generic_temporal
calendar_analysis_row_023637_part_0,calendar_analysis_row_023637,2024-11-07,2024-11-07 06:15:00+00:00,2024-11-07 07:00:00+00:00,Things,Book:iiatt,Book:iiatt,reading,iiatt,0.75,0.75,True,explicit_reading_or_audiobook_duration,0.75,calendar_analysis_duration,,,0.0,IMPRO Improvisation and the Theatre,finish_0107,2024-11-09,ref_to_finished_title
calendar_analysis_row_023670_part_0,calendar_analysis_row_023670,2024-11-08,2024-11-08 05:30:00+00:00,2024-11-08 06:15:00+00:00,Things,book:mm,book:mm,reading,mm,0.75,0.75,True,explicit_reading_or_audiobook_duration,0.75,calendar_analysis_duration,,,0.0,metropolis man,finish_0106,2024-11-08,ref_to_finished_title
calendar_analysis_row_023676_part_0,calendar_analysis_row_023676,2024-11-08,2024-11-08 15:15:00+00:00,2024-11-08 16:45:00+00:00,Things,finished book: metropolis man,finished book: metropolis man,finished,metropolis man,1.375,1.5,True,explicit_finished_book_duration,1.5,full_duration_minor_overlap,Amelia,Things,0.125,metropolis man,finish_0106,2024-11-08,finished_event_identity
calendar_analysis_row_023693_part_0,calendar_analysis_row_023693,2024-11-09,2024-11-09 06:15:00+00:00,2024-11-09 06:45:00+00:00,Things,Finished book: iiatt,Finished book: iiatt,finished,iiatt,0.5,0.5,True,explicit_finished_book_duration,0.5,calendar_analysis_duration,,,0.0,IMPRO Improvisation and the Theatre,finish_0107,2024-11-09,finished_event_identity
calendar_analysis_row_023797_part_0,calendar_analysis_row_023797,2024-11-12,2024-11-12 17:45:00+00:00,2024-11-12 18:45:00+00:00,clark.benham@gmail.com,read advanced math,read advanced math,reading,advanced math,1.0,1.0,True,explicit_reading_or_audiobook_duration,1.0,calendar_analysis_duration,,,0.0,,,,
calendar_analysis_row_023823_part_0,calendar_analysis_row_023823,2024-11-13,2024-11-13 07:30:00+00:00,2024-11-13 08:00:00+00:00,Things,read math,read math,reading,math,0.5,0.5,True,explicit_reading_or_audiobook_duration,0.5,calendar_analysis_duration,,,0.0,,,,
calendar_analysis_row_023840_part_0,calendar_analysis_row_023840,2024-11-13,2024-11-13 19:15:00+00:00,2024-11-13 20:00:00+00:00,Waste Time,read podcasts,read podcasts,reading,podcasts,0.625,0.75,True,explicit_reading_or_audiobook_duration,0.75,full_duration_minor_overlap,Snacks | junk food,"Meals, Supplements, Sleep",0.125,,,,
calendar_analysis_row_023845_part_0,calendar_analysis_row_023845,2024-11-13,2024-11-13 23:00:00+00:00,2024-11-14 00:30:00+00:00,Things,Book:tmotab,Book:tmotab,reading,tmotab,1.5,1.5,True,explicit_reading_or_audiobook_duration,1.5,calendar_analysis_duration,,,0.0,the making of the atomic bomb,finish_0146,2025-06-24,ref_to_finished_title
calendar_analysis_row_023877_part_0,calendar_analysis_row_023877,2024-11-14,2024-11-14 23:15:00+00:00,2024-11-15 00:30:00+00:00,Things,Book:12rfl,Book:12rfl,reading,12rfl,1.25,1.25,True,explicit_reading_or_audiobook_duration,1.25,calendar_analysis_duration,,,0.0,12 rules for life,finish_0132,2025-03-23,ref_to_finished_title
calendar_analysis_row_023881_part_0,calendar_analysis_row_023881,2024-11-15,2024-11-15 03:15:00+00:00,2024-11-15 04:30:00+00:00,Things,Book:downfall,Book:downfall,reading,downfall,1.25,1.25,True,explicit_reading_or_audiobook_duration,1.25,calendar_analysis_duration,,,0.0,Downfall,finish_0108,2024-11-17,ref_to_finished_title
calendar_analysis_row_023906_part_0,calendar_analysis_row_023906,2024-11-15,2024-11-15 23:45:00+00:00,2024-11-16 00:15:00+00:00,Things,Book:downfall,Book:downfall,reading,downfall,0.5,0.5,True,explicit_reading_or_audiobook_duration,0.5,calendar_analysis_duration,,,0.0,Downfall,finish_0108,2024-11-17,ref_to_finished_title
calendar_analysis_row_023914_part_0,calendar_analysis_row_023914,2024-11-16,2024-11-16 06:30:00+00:00,2024-11-16 07:00:00+00:00,Things,book:downfall,book:downfall,reading,downfall,0.5,0.5,True,explicit_reading_or_audiobook_duration,0.5,calendar_analysis_duration,,,0.0,Downfall,finish_0108,2024-11-17,ref_to_finished_title
calendar_analysis_row_023934_part_0,calendar_analysis_row_023934,2024-11-17,2024-11-17 05:30:00+00:00,2024-11-17 07:00:00+00:00,Things,finished book: downfall ,finished book: downfall,finished,downfall,1.5,1.5,True,explicit_finished_book_duration,1.5,calendar_analysis_duration,,,0.0,Downfall,finish_0108,2024-11-17,finished_event_identity
calendar_analysis_row_023944_part_0,calendar_analysis_row_023944,2024-11-17,2024-11-17 15:15:00+00:00,2024-11-17 15:30:00+00:00,clark.benham@gmail.com,read math,read math,reading,math,0.25,0.25,True,explicit_reading_or_audiobook_duration,0.25,calendar_analysis_duration,,,0.0,,,,
calendar_analysis_row_023997_part_0,calendar_analysis_row_023997,2024-11-18,2024-11-18 21:45:00+00:00,2024-11-18 22:00:00+00:00,Things,Book:12rfl,Book:12rfl,reading,12rfl,0.25,0.25,True,explicit_reading_or_audiobook_duration,0.25,calendar_analysis_duration,,,0.0,12 rules for life,finish_0132,2025-03-23,ref_to_finished_title
calendar_analysis_row_024010_part_0,calendar_analysis_row_024010,2024-11-19,2024-11-19 07:30:00+00:00,2024-11-19 09:00:00+00:00,clark.benham@gmail.com,book:dmls,book:dmls,reading,dmls,1.5,1.5,True,explicit_reading_or_audiobook_duration,1.5,calendar_analysis_duration,,,0.0,Designing Machine Learning Systems,finish_0109,2024-11-21,ref_to_finished_title
calendar_analysis_row_024073_part_0,calendar_analysis_row_024073,2024-11-21,2024-11-21 02:00:00+00:00,2024-11-21 04:15:00+00:00,Things,book:declare,book:declare,reading,declare,2.125,2.25,True,explicit_reading_or_audiobook_duration,2.25,full_duration_minor_overlap,Dinner,"Meals, Supplements, Sleep",0.125,"Declare_ A novel - Powers, Tim.pdf",finish_0110,2024-11-28,ref_to_finished_title
calendar_analysis_row_024081_part_0,calendar_analysis_row_024081,2024-11-21,2024-11-21 13:00:00+00:00,2024-11-21 15:15:00+00:00,clark.benham@gmail.com,finished book: designing machine learning systems,finished book: designing machine learning systems,finished,designing machine learning systems,2.25,2.25,True,explicit_finished_book_duration,2.25,calendar_analysis_duration,,,0.0,Designing Machine Learning Systems,finish_0109,2024-11-21,finished_event_identity
calendar_analysis_row_024133_part_0,calendar_analysis_row_024133,2024-11-23,2024-11-23 02:00:00+00:00,2024-11-23 02:45:00+00:00,Things,Book:declare,Book:declare,reading,declare,0.75,0.75,True,explicit_reading_or_audiobook_duration,0.75,calendar_analysis_duration,,,0.0,"Declare_ A novel - Powers, Tim.pdf",finish_0110,2024-11-28,ref_to_finished_title
calendar_analysis_row_024140_part_0,calendar_analysis_row_024140,2024-11-23,2024-11-23 06:00:00+00:00,2024-11-23 06:45:00+00:00,Things,book:declare,book:declare,reading,declare,0.75,0.75,True,explicit_reading_or_audiobook_duration,0.75,calendar_analysis_duration,,,0.0,"Declare_ A novel - Powers, Tim.pdf",finish_0110,2024-11-28,ref_to_finished_title
calendar_analysis_row_024172_part_0,calendar_analysis_row_024172,2024-11-25,2024-11-25 00:15:00+00:00,2024-11-25 01:00:00+00:00,Things,Book:declare,Book:declare,reading,declare,0.75,0.75,True,explicit_reading_or_audiobook_duration,0.75,calendar_analysis_duration,,,0.0,"Declare_ A novel - Powers, Tim.pdf",finish_0110,2024-11-28,ref_to_finished_title
calendar_analysis_row_024200_part_0,calendar_analysis_row_024200,2024-11-26,2024-11-26 06:45:00+00:00,2024-11-26 07:15:00+00:00,Things,Books,Books,generic,,0.5,0.5,False,generic_temporal_read_not_counted_by_default,0.5,calendar_analysis_duration,,,0.0,"Declare_ A novel - Powers, Tim.pdf",finish_0110,2024-11-28,generic_temporal
calendar_analysis_row_024220_part_0,calendar_analysis_row_024220,2024-11-27,2024-11-27 07:15:00+00:00,2024-11-27 07:30:00+00:00,Things,Books,Books,generic,,0.25,0.25,False,generic_temporal_read_not_counted_by_default,0.25,calendar_analysis_duration,,,0.0,"Declare_ A novel - Powers, Tim.pdf",finish_0110,2024-11-28,generic_temporal
calendar_analysis_row_024262_part_0,calendar_analysis_row_024262,2024-11-28,2024-11-28 21:30:00+00:00,2024-11-29 02:00:00+00:00,Things,Finished book: declare,Finished book: declare,finished,declare,4.5,4.5,True,explicit_finished_book_duration,4.5,calendar_analysis_duration,,,0.0,"Declare_ A novel - Powers, Tim.pdf",finish_0110,2024-11-28,finished_event_identity
calendar_analysis_row_024280_part_0,calendar_analysis_row_024280,2024-11-30,2024-11-30 00:45:00+00:00,2024-11-30 01:15:00+00:00,Things,book:hmp,book:hmp,reading,hmp,0.5,0.5,True,explicit_reading_or_audiobook_duration,0.5,calendar_analysis_duration,,,0.0,,,,
calendar_analysis_row_024293_part_0,calendar_analysis_row_024293,2024-11-30,2024-11-30 08:15:00+00:00,2024-11-30 08:45:00+00:00,Things,Book:thmp,Book:thmp,reading,thmp,0.5,0.5,True,explicit_reading_or_audiobook_duration,0.5,calendar_analysis_duration,,,0.0,,,,
calendar_analysis_row_024296_part_0,calendar_analysis_row_024296,2024-11-30,2024-11-30 16:15:00+00:00,2024-11-30 16:45:00+00:00,Things,Book:thmp,Book:thmp,reading,thmp,0.375,0.5,True,explicit_reading_or_audiobook_duration,0.5,full_duration_minor_overlap,breakfast,"Meals, Supplements, Sleep",0.125,,,,
calendar_analysis_row_024349_part_0,calendar_analysis_row_024349,2024-12-02,2024-12-02 07:15:00+00:00,2024-12-02 07:55:00+00:00,clark.benham@gmail.com,book:mle,book:mle,reading,mle,0.6666666666666666,0.6666666666666666,True,explicit_reading_or_audiobook_duration,0.6666666666666666,calendar_analysis_duration,,,0.0,machine learning engineering,finish_0112,2024-12-12,ref_to_finished_title
calendar_analysis_row_024350_part_0,calendar_analysis_row_024350,2024-12-02,2024-12-02 08:00:00+00:00,2024-12-02 08:15:00+00:00,Things,Book,Book,generic,,0.25,0.25,False,generic_temporal_read_not_counted_by_default,0.25,calendar_analysis_duration,,,0.0,htwww,finish_0111,2024-12-11,generic_temporal
calendar_analysis_row_024372_part_0,calendar_analysis_row_024372,2024-12-03,2024-12-03 04:15:00+00:00,2024-12-03 04:30:00+00:00,Things,book:htwww,book:htwww,reading,htwww,0.25,0.25,True,explicit_reading_or_audiobook_duration,0.25,calendar_analysis_duration,,,0.0,htwww,finish_0111,2024-12-11,ref_to_finished_title
calendar_analysis_row_024389_part_0,calendar_analysis_row_024389,2024-12-03,2024-12-03 20:30:00+00:00,2024-12-03 21:45:00+00:00,clark.benham@gmail.com,Book:mle,Book:mle,reading,mle,1.25,1.25,True,explicit_reading_or_audiobook_duration,1.25,calendar_analysis_duration,,,0.0,machine learning engineering,finish_0112,2024-12-12,ref_to_finished_title
calendar_analysis_row_024392_part_0,calendar_analysis_row_024392,2024-12-03,2024-12-03 22:15:00+00:00,2024-12-03 22:45:00+00:00,clark.benham@gmail.com,book:mle,book:mle,reading,mle,0.5,0.5,True,explicit_reading_or_audiobook_duration,0.5,calendar_analysis_duration,,,0.0,machine learning engineering,finish_0112,2024-12-12,ref_to_finished_title
calendar_analysis_row_024429_part_0,calendar_analysis_row_024429,2024-12-04,2024-12-04 19:30:00+00:00,2024-12-04 21:30:00+00:00,Things,Book:htwww,Book:htwww,reading,htwww,1.875,2.0,True,explicit_reading_or_audiobook_duration,2.0,full_duration_minor_overlap,lunch | snack,"Meals, Supplements, Sleep",0.125,htwww,finish_0111,2024-12-11,ref_to_finished_title
calendar_analysis_row_024445_part_0,calendar_analysis_row_024445,2024-12-05,2024-12-05 11:45:00+00:00,2024-12-05 12:15:00+00:00,Things,Book:htwww,Book:htwww,reading,htwww,0.5,0.5,True,explicit_reading_or_audiobook_duration,0.5,calendar_analysis_duration,,,0.0,htwww,finish_0111,2024-12-11,ref_to_finished_title
calendar_analysis_row_024454_part_0,calendar_analysis_row_024454,2024-12-05,2024-12-05 17:45:00+00:00,2024-12-05 18:00:00+00:00,Things,Book:htwww,Book:htwww,reading,htwww,0.25,0.25,True,explicit_reading_or_audiobook_duration,0.25,calendar_analysis_duration,,,0.0,htwww,finish_0111,2024-12-11,ref_to_finished_title
calendar_analysis_row_024464_part_0,calendar_analysis_row_024464,2024-12-05,2024-12-05 20:30:00+00:00,2024-12-05 23:15:00+00:00,Things,Book:htwww,Book:htwww,reading,htwww,2.625,2.75,True,explicit_reading_or_audiobook_duration,2.75,full_duration_minor_overlap,lunch,"Meals, Supplements, Sleep",0.125,htwww,finish_0111,2024-12-11,ref_to_finished_title
calendar_analysis_row_024477_part_0,calendar_analysis_row_024477,2024-12-06,2024-12-06 06:30:00+00:00,2024-12-06 07:00:00+00:00,Things,book:nvc,book:nvc,reading,nvc,0.5,0.5,True,explicit_reading_or_audiobook_duration,0.5,calendar_analysis_duration,,,0.0,nonviolent communication,finish_0113,2024-12-17,ref_to_finished_title
calendar_analysis_row_024478_part_0,calendar_analysis_row_024478,2024-12-06,2024-12-06 07:00:00+00:00,2024-12-06 07:15:00+00:00,Things,book:mml,book:mml,reading,mml,0.25,0.25,True,explicit_reading_or_audiobook_duration,0.25,calendar_analysis_duration,,,0.0,Mathematics for Machine Learning,finish_0149,2025-07-09,ref_to_finished_title
calendar_analysis_row_024484_part_0,calendar_analysis_row_024484,2024-12-06,2024-12-06 16:00:00+00:00,2024-12-06 17:15:00+00:00,clark.benham@gmail.com,read and org past tabs,read and org past tabs,reading,and org past tabs,1.25,1.25,True,explicit_reading_or_audiobook_duration,1.25,calendar_analysis_duration,,,0.0,,,,
calendar_analysis_row_024520_part_0,calendar_analysis_row_024520,2024-12-07,2024-12-07 19:45:00+00:00,2024-12-07 20:45:00+00:00,Things,Book:htwww,Book:htwww,reading,htwww,1.0,1.0,True,explicit_reading_or_audiobook_duration,1.0,calendar_analysis_duration,,,0.0,htwww,finish_0111,2024-12-11,ref_to_finished_title
calendar_analysis_row_024532_part_0,calendar_analysis_row_024532,2024-12-08,2024-12-08 02:45:00+00:00,2024-12-08 03:00:00+00:00,Things,Book:htwww,Book:htwww,reading,htwww,0.25,0.25,True,explicit_reading_or_audiobook_duration,0.25,calendar_analysis_duration,,,0.0,htwww,finish_0111,2024-12-11,ref_to_finished_title
calendar_analysis_row_024534_part_0,calendar_analysis_row_024534,2024-12-08,2024-12-08 04:30:00+00:00,2024-12-08 06:00:00+00:00,Things,Book:htwww,Book:htwww,reading,htwww,1.5,1.5,True,explicit_reading_or_audiobook_duration,1.5,calendar_analysis_duration,,,0.0,htwww,finish_0111,2024-12-11,ref_to_finished_title
calendar_analysis_row_024536_part_0,calendar_analysis_row_024536,2024-12-08,2024-12-08 06:45:00+00:00,2024-12-08 08:30:00+00:00,Things,Book:htwww,Book:htwww,reading,htwww,1.75,1.75,True,explicit_reading_or_audiobook_duration,1.75,calendar_analysis_duration,,,0.0,htwww,finish_0111,2024-12-11,ref_to_finished_title
calendar_analysis_row_024559_part_0,calendar_analysis_row_024559,2024-12-09,2024-12-09 00:00:00+00:00,2024-12-09 00:45:00+00:00,Things,book:htwww,book:htwww,reading,htwww,0.75,0.75,True,explicit_reading_or_audiobook_duration,0.75,calendar_analysis_duration,,,0.0,htwww,finish_0111,2024-12-11,ref_to_finished_title
calendar_analysis_row_024590_part_0,calendar_analysis_row_024590,2024-12-10,2024-12-10 00:00:00+00:00,2024-12-10 00:15:00+00:00,Things,Book:htwww,Book:htwww,reading,htwww,0.25,0.25,True,explicit_reading_or_audiobook_duration,0.25,calendar_analysis_duration,,,0.0,htwww,finish_0111,2024-12-11,ref_to_finished_title
calendar_analysis_row_024643_part_0,calendar_analysis_row_024643,2024-12-11,2024-12-11 06:30:00+00:00,2024-12-11 06:45:00+00:00,Things,book:mle,book:mle,reading,mle,0.125,0.25,True,explicit_reading_or_audiobook_duration,0.25,full_duration_minor_overlap,Amelia,Things,0.125,machine learning engineering,finish_0112,2024-12-12,ref_to_finished_title
calendar_analysis_row_024661_part_0,calendar_analysis_row_024661,2024-12-11,2024-12-11 23:00:00+00:00,2024-12-11 23:30:00+00:00,Things,finished book: htwww,finished book: htwww,finished,htwww,0.5,0.5,True,explicit_finished_book_duration,0.5,calendar_analysis_duration,,,0.0,htwww,finish_0111,2024-12-11,finished_event_identity
calendar_analysis_row_024673_part_0,calendar_analysis_row_024673,2024-12-12,2024-12-12 04:00:00+00:00,2024-12-12 04:15:00+00:00,Things,Book:mle,Book:mle,reading,mle,0.25,0.25,True,explicit_reading_or_audiobook_duration,0.25,calendar_analysis_duration,,,0.0,machine learning engineering,finish_0112,2024-12-12,ref_to_finished_title
calendar_analysis_row_024682_part_0,calendar_analysis_row_024682,2024-12-12,2024-12-12 09:15:00+00:00,2024-12-12 10:00:00+00:00,clark.benham@gmail.com,finished book: machine learning engineering,finished book: machine learning engineering,finished,machine learning engineering,0.75,0.75,True,explicit_finished_book_duration,0.75,calendar_analysis_duration,,,0.0,machine learning engineering,finish_0112,2024-12-12,finished_event_identity
calendar_analysis_row_024683_part_0,calendar_analysis_row_024683,2024-12-12,2024-12-12 10:00:00+00:00,2024-12-12 10:30:00+00:00,Things,Book:nvc,Book:nvc,reading,nvc,0.5,0.5,True,explicit_reading_or_audiobook_duration,0.5,calendar_analysis_duration,,,0.0,nonviolent communication,finish_0113,2024-12-17,ref_to_finished_title
calendar_analysis_row_024716_part_0,calendar_analysis_row_024716,2024-12-13,2024-12-13 06:45:00+00:00,2024-12-13 07:45:00+00:00,Things,Book:nvc,Book:nvc,reading,nvc,1.0,1.0,True,explicit_reading_or_audiobook_duration,1.0,calendar_analysis_duration,,,0.0,nonviolent communication,finish_0113,2024-12-17,ref_to_finished_title
calendar_analysis_row_024736_part_0,calendar_analysis_row_024736,2024-12-13,2024-12-13 23:00:00+00:00,2024-12-13 23:15:00+00:00,Waste Time,book,book,generic,,0.25,0.25,False,generic_temporal_read_not_counted_by_default,0.25,calendar_analysis_duration,,,0.0,nonviolent communication,finish_0113,2024-12-17,generic_temporal
calendar_analysis_row_024749_part_0,calendar_analysis_row_024749,2024-12-14,2024-12-14 16:30:00+00:00,2024-12-14 17:15:00+00:00,Things,Books,Books,generic,,0.75,0.75,False,generic_temporal_read_not_counted_by_default,0.75,calendar_analysis_duration,,,0.0,nonviolent communication,finish_0113,2024-12-17,generic_temporal
calendar_analysis_row_024754_part_0,calendar_analysis_row_024754,2024-12-14,2024-12-14 19:30:00+00:00,2024-12-14 19:45:00+00:00,Things,book:taomi,book:taomi,reading,taomi,0.25,0.25,True,explicit_reading_or_audiobook_duration,0.25,calendar_analysis_duration,,,0.0,the art of military innovation,finish_0114,2024-12-19,ref_to_finished_title
calendar_analysis_row_024760_part_0,calendar_analysis_row_024760,2024-12-14,2024-12-14 22:15:00+00:00,2024-12-14 23:30:00+00:00,Things,Book:taomi,Book:taomi,reading,taomi,1.25,1.25,True,explicit_reading_or_audiobook_duration,1.25,calendar_analysis_duration,,,0.0,the art of military innovation,finish_0114,2024-12-19,ref_to_finished_title
calendar_analysis_row_024770_part_0,calendar_analysis_row_024770,2024-12-15,2024-12-15 08:45:00+00:00,2024-12-15 09:15:00+00:00,Things,book:md,book:md,reading,md,0.5,0.5,True,explicit_reading_or_audiobook_duration,0.5,calendar_analysis_duration,,,0.0,Ms Dalloway,finish_0116,2025-01-01,ref_to_finished_title
calendar_analysis_row_024792_part_0,calendar_analysis_row_024792,2024-12-16,2024-12-16 05:45:00+00:00,2024-12-16 06:15:00+00:00,Things,Book:nvc,Book:nvc,reading,nvc,0.5,0.5,True,explicit_reading_or_audiobook_duration,0.5,calendar_analysis_duration,,,0.0,nonviolent communication,finish_0113,2024-12-17,ref_to_finished_title
calendar_analysis_row_024811_part_0,calendar_analysis_row_024811,2024-12-17,2024-12-17 00:15:00+00:00,2024-12-17 01:45:00+00:00,Things,book:eopp,book:eopp,reading,eopp,1.375,1.5,True,explicit_reading_or_audiobook_duration,1.5,full_duration_minor_overlap,wiki,Waste Time,0.125,,,,
calendar_analysis_row_024813_part_0,calendar_analysis_row_024813,2024-12-17,2024-12-17 02:00:00+00:00,2024-12-17 03:00:00+00:00,Things,Book:nvc,Book:nvc,reading,nvc,1.0,1.0,True,explicit_reading_or_audiobook_duration,1.0,calendar_analysis_duration,,,0.0,nonviolent communication,finish_0113,2024-12-17,ref_to_finished_title
calendar_analysis_row_024822_part_0,calendar_analysis_row_024822,2024-12-17,2024-12-17 16:45:00+00:00,2024-12-17 17:00:00+00:00,Things,book,book,generic,,0.25,0.25,False,generic_temporal_read_not_counted_by_default,0.25,calendar_analysis_duration,,,0.0,nonviolent communication,finish_0113,2024-12-17,generic_temporal
calendar_analysis_row_024832_part_0,calendar_analysis_row_024832,2024-12-17,2024-12-17 21:30:00+00:00,2024-12-17 22:00:00+00:00,Things,Book:taomi,Book:taomi,reading,taomi,0.5,0.5,True,explicit_reading_or_audiobook_duration,0.5,calendar_analysis_duration,,,0.0,the art of military innovation,finish_0114,2024-12-19,ref_to_finished_title
calendar_analysis_row_024834_part_0,calendar_analysis_row_024834,2024-12-17,2024-12-17 22:15:00+00:00,2024-12-17 22:45:00+00:00,Things,Book:taomi,Book:taomi,reading,taomi,0.5,0.5,True,explicit_reading_or_audiobook_duration,0.5,calendar_analysis_duration,,,0.0,the art of military innovation,finish_0114,2024-12-19,ref_to_finished_title
calendar_analysis_row_024835_part_0,calendar_analysis_row_024835,2024-12-17,2024-12-17 23:00:00+00:00,2024-12-17 23:15:00+00:00,Things,Finished book: nonviolent communication,Finished book: nonviolent communication,finished,nonviolent communication,0.25,0.25,True,explicit_finished_book_duration,0.25,calendar_analysis_duration,,,0.0,nonviolent communication,finish_0113,2024-12-17,finished_event_identity
calendar_analysis_row_024846_part_0,calendar_analysis_row_024846,2024-12-18,2024-12-18 06:45:00+00:00,2024-12-18 08:30:00+00:00,Things,Book:taomi,Book:taomi,reading,taomi,1.625,1.75,True,explicit_reading_or_audiobook_duration,1.75,full_duration_minor_overlap,Airport,Things,0.125,the art of military innovation,finish_0114,2024-12-19,ref_to_finished_title
calendar_analysis_row_024848_part_0,calendar_analysis_row_024848,2024-12-18,2024-12-18 12:45:00+00:00,2024-12-18 13:45:00+00:00,Things,Book:taomi,Book:taomi,reading,taomi,1.0,1.0,True,explicit_reading_or_audiobook_duration,1.0,calendar_analysis_duration,,,0.0,the art of military innovation,finish_0114,2024-12-19,ref_to_finished_title
calendar_analysis_row_024853_part_0,calendar_analysis_row_024853,2024-12-18,2024-12-18 15:45:00+00:00,2024-12-18 16:15:00+00:00,Things,Book:taomi,Book:taomi,reading,taomi,0.5,0.5,True,explicit_reading_or_audiobook_duration,0.5,calendar_analysis_duration,,,0.0,the art of military innovation,finish_0114,2024-12-19,ref_to_finished_title
calendar_analysis_row_024860_part_0,calendar_analysis_row_024860,2024-12-18,2024-12-18 17:45:00+00:00,2024-12-18 19:00:00+00:00,Things,Book:taomi,Book:taomi,reading,taomi,1.25,1.25,True,explicit_reading_or_audiobook_duration,1.25,calendar_analysis_duration,,,0.0,the art of military innovation,finish_0114,2024-12-19,ref_to_finished_title
calendar_analysis_row_024877_part_0,calendar_analysis_row_024877,2024-12-19,2024-12-19 06:00:00+00:00,2024-12-19 06:15:00+00:00,Things,Book:taomi,Book:taomi,reading,taomi,0.25,0.25,True,explicit_reading_or_audiobook_duration,0.25,calendar_analysis_duration,,,0.0,the art of military innovation,finish_0114,2024-12-19,ref_to_finished_title
calendar_analysis_row_024881_part_0,calendar_analysis_row_024881,2024-12-19,2024-12-19 11:00:00+00:00,2024-12-19 11:30:00+00:00,Things,Finished book: the art of military innovation,Finished book: the art of military innovation,finished,the art of military innovation,0.5,0.5,True,explicit_finished_book_duration,0.5,calendar_analysis_duration,,,0.0,the art of military innovation,finish_0114,2024-12-19,finished_event_identity
calendar_analysis_row_024918_part_0,calendar_analysis_row_024918,2024-12-20,2024-12-20 05:00:00+00:00,2024-12-20 05:15:00+00:00,Things,Book,Book,generic,,0.25,0.25,False,generic_temporal_read_not_counted_by_default,0.25,calendar_analysis_duration,,,0.0,Kipling by Harold bloom,finish_0115,2024-12-23,generic_temporal
calendar_analysis_row_024934_part_0,calendar_analysis_row_024934,2024-12-21,2024-12-21 04:00:00+00:00,2024-12-21 04:15:00+00:00,Things,Book,Book,generic,,0.25,0.25,False,generic_temporal_read_not_counted_by_default,0.25,calendar_analysis_duration,,,0.0,Kipling by Harold bloom,finish_0115,2024-12-23,generic_temporal
calendar_analysis_row_024953_part_0,calendar_analysis_row_024953,2024-12-22,2024-12-22 02:15:00+00:00,2024-12-22 02:30:00+00:00,Things,book:htkap,book:htkap,reading,htkap,0.125,0.25,True,explicit_reading_or_audiobook_duration,0.25,full_duration_minor_overlap,drive back from Chesapeake,Things,0.125,,,,
calendar_analysis_row_024958_part_0,calendar_analysis_row_024958,2024-12-22,2024-12-22 04:45:00+00:00,2024-12-22 06:00:00+00:00,Things,Book:htkap,Book:htkap,reading,htkap,1.25,1.25,True,explicit_reading_or_audiobook_duration,1.25,calendar_analysis_duration,,,0.0,,,,
calendar_analysis_row_024971_part_0,calendar_analysis_row_024971,2024-12-22,2024-12-22 20:00:00+00:00,2024-12-22 20:45:00+00:00,Things,book:kbhb,book:kbhb,reading,kbhb,0.75,0.75,True,explicit_reading_or_audiobook_duration,0.75,calendar_analysis_duration,,,0.0,Kipling by Harold bloom,finish_0115,2024-12-23,ref_to_finished_title
calendar_analysis_row_024973_part_0,calendar_analysis_row_024973,2024-12-22,2024-12-22 21:30:00+00:00,2024-12-22 22:15:00+00:00,Things,Book:kbhb,Book:kbhb,reading,kbhb,0.75,0.75,True,explicit_reading_or_audiobook_duration,0.75,calendar_analysis_duration,,,0.0,Kipling by Harold bloom,finish_0115,2024-12-23,ref_to_finished_title
calendar_analysis_row_024977_part_0,calendar_analysis_row_024977,2024-12-23,2024-12-23 03:45:00+00:00,2024-12-23 04:15:00+00:00,Things,Book:kbhb,Book:kbhb,reading,kbhb,0.5,0.5,True,explicit_reading_or_audiobook_duration,0.5,calendar_analysis_duration,,,0.0,Kipling by Harold bloom,finish_0115,2024-12-23,ref_to_finished_title
calendar_analysis_row_024979_part_0,calendar_analysis_row_024979,2024-12-23,2024-12-23 13:30:00+00:00,2024-12-23 14:15:00+00:00,Things,Book:kbhb,Book:kbhb,reading,kbhb,0.625,0.75,True,explicit_reading_or_audiobook_duration,0.75,full_duration_minor_overlap,Porn tug,Waste Time,0.125,Kipling by Harold bloom,finish_0115,2024-12-23,ref_to_finished_title
calendar_analysis_row_024985_part_0,calendar_analysis_row_024985,2024-12-23,2024-12-23 15:45:00+00:00,2024-12-23 16:45:00+00:00,Things,book:kbhb,book:kbhb,reading,kbhb,1.0,1.0,True,explicit_reading_or_audiobook_duration,1.0,calendar_analysis_duration,,,0.0,Kipling by Harold bloom,finish_0115,2024-12-23,ref_to_finished_title
calendar_analysis_row_024988_part_0,calendar_analysis_row_024988,2024-12-23,2024-12-23 18:00:00+00:00,2024-12-23 19:30:00+00:00,Things,Finished book: Kipling by Harold bloom,Finished book: Kipling by Harold bloom,finished,Kipling by Harold bloom,1.5,1.5,True,explicit_finished_book_duration,1.5,calendar_analysis_duration,,,0.0,Kipling by Harold bloom,finish_0115,2024-12-23,finished_event_identity
calendar_analysis_row_025033_part_0,calendar_analysis_row_025033,2024-12-26,2024-12-26 02:45:00+00:00,2024-12-26 03:15:00+00:00,Things,Book,Book,generic,,0.5,0.5,False,generic_temporal_read_not_counted_by_default,0.5,calendar_analysis_duration,,,0.0,Ms Dalloway,finish_0116,2025-01-01,generic_temporal
calendar_analysis_row_025084_part_0,calendar_analysis_row_025084,2024-12-28,2024-12-28 05:00:00+00:00,2024-12-28 05:30:00+00:00,Things,book:md,book:md,reading,md,0.5,0.5,True,explicit_reading_or_audiobook_duration,0.5,calendar_analysis_duration,,,0.0,Ms Dalloway,finish_0116,2025-01-01,ref_to_finished_title
calendar_analysis_row_025087_part_0,calendar_analysis_row_025087,2024-12-28,2024-12-28 14:00:00+00:00,2024-12-28 14:30:00+00:00,Things,book:md,book:md,reading,md,0.375,0.5,True,explicit_reading_or_audiobook_duration,0.5,full_duration_minor_overlap,breakfast,"Meals, Supplements, Sleep",0.125,Ms Dalloway,finish_0116,2025-01-01,ref_to_finished_title
calendar_analysis_row_025101_part_0,calendar_analysis_row_025101,2024-12-28,2024-12-28 23:15:00+00:00,2024-12-28 23:30:00+00:00,Things,book:md,book:md,reading,md,0.25,0.25,True,explicit_reading_or_audiobook_duration,0.25,calendar_analysis_duration,,,0.0,Ms Dalloway,finish_0116,2025-01-01,ref_to_finished_title
calendar_analysis_row_025107_part_0,calendar_analysis_row_025107,2024-12-29,2024-12-29 06:45:00+00:00,2024-12-29 07:45:00+00:00,Things,book:md,book:md,reading,md,0.5,1.0,True,explicit_reading_or_audiobook_duration,0.5,calendar_analysis_duration_incompatible_overlap,sleep,"Meals, Supplements, Sleep",0.0,Ms Dalloway,finish_0116,2025-01-01,ref_to_finished_title
calendar_analysis_row_025140_part_0,calendar_analysis_row_025140,2024-12-30,2024-12-30 18:45:00+00:00,2024-12-31 00:00:00+00:00,Things,Book:Apollo,Book:Apollo,reading,Apollo,5.25,5.25,True,explicit_reading_or_audiobook_duration,5.25,calendar_analysis_duration,,,0.0,Apollo: The Race to the Moon,finish_0117,2025-01-02,ref_to_finished_title
calendar_analysis_row_025143_part_0,calendar_analysis_row_025143,2024-12-31,2024-12-31 01:45:00+00:00,2024-12-31 02:00:00+00:00,Things,Ready for bed,Ready for bed,reading,y for bed,0.25,0.25,True,explicit_reading_or_audiobook_duration,0.25,calendar_analysis_duration,,,0.0,,,,
calendar_analysis_row_025144_part_0,calendar_analysis_row_025144,2024-12-31,2024-12-31 02:15:00+00:00,2024-12-31 03:30:00+00:00,Things,Book:Apollo,Book:Apollo,reading,Apollo,1.25,1.25,True,explicit_reading_or_audiobook_duration,1.25,calendar_analysis_duration,,,0.0,Apollo: The Race to the Moon,finish_0117,2025-01-02,ref_to_finished_title
calendar_analysis_row_025152_part_0,calendar_analysis_row_025152,2024-12-31,2024-12-31 20:30:00+00:00,2024-12-31 21:30:00+00:00,Things,Book:Apollo,Book:Apollo,reading,Apollo,1.0,1.0,True,explicit_reading_or_audiobook_duration,1.0,calendar_analysis_duration,,,0.0,Apollo: The Race to the Moon,finish_0117,2025-01-02,ref_to_finished_title
calendar_analysis_row_025165_part_0,calendar_analysis_row_025165,2025-01-01,2025-01-01 14:30:00+00:00,2025-01-01 15:30:00+00:00,Things,Finished book: Ms Dalloway,Finished book: Ms Dalloway,finished,Ms Dalloway,0.875,1.0,True,explicit_finished_book_duration,1.0,full_duration_minor_overlap,Amelia,Things,0.125,Ms Dalloway,finish_0116,2025-01-01,finished_event_identity
calendar_analysis_row_025175_part_0,calendar_analysis_row_025175,2025-01-02,2025-01-02 03:30:00+00:00,2025-01-02 06:30:00+00:00,Things,Finished book: Apollo,Finished book: Apollo,finished,Apollo,2.875,3.0,True,explicit_finished_book_duration,3.0,full_duration_minor_overlap,anki,clark.benham@gmail.com,0.125,Apollo: The Race to the Moon,finish_0117,2025-01-02,finished_event_identity
calendar_analysis_row_025253_part_0,calendar_analysis_row_025253,2025-01-04,2025-01-04 22:30:00+00:00,2025-01-04 22:45:00+00:00,Things,book:laf,book:laf,reading,laf,0.125,0.25,True,explicit_reading_or_audiobook_duration,0.25,full_duration_minor_overlap,Amelia cuddle,Things,0.125,Life and Fate,finish_0121,2025-01-22,ref_to_finished_title
calendar_analysis_row_025264_part_0,calendar_analysis_row_025264,2025-01-05,2025-01-05 15:45:00+00:00,2025-01-05 17:45:00+00:00,Things,Read Tabs,Read Tabs,reading,Tabs,2.0,2.0,True,explicit_reading_or_audiobook_duration,2.0,calendar_analysis_duration,,,0.0,,,,
calendar_analysis_row_025272_part_0,calendar_analysis_row_025272,2025-01-05,2025-01-05 22:00:00+00:00,2025-01-05 22:30:00+00:00,Things,book:laf,book:laf,reading,laf,0.5,0.5,True,explicit_reading_or_audiobook_duration,0.5,calendar_analysis_duration,,,0.0,Life and Fate,finish_0121,2025-01-22,ref_to_finished_title
calendar_analysis_row_025284_part_0,calendar_analysis_row_025284,2025-01-06,2025-01-06 06:00:00+00:00,2025-01-06 06:30:00+00:00,Things,book:taoosa,book:taoosa,reading,taoosa,0.5,0.5,True,explicit_reading_or_audiobook_duration,0.5,calendar_analysis_duration,,,0.0,,,,
calendar_analysis_row_025298_part_0,calendar_analysis_row_025298,2025-01-06,2025-01-06 21:00:00+00:00,2025-01-06 21:45:00+00:00,Things,book:rate,book:rate,reading,rate,0.75,0.75,True,explicit_reading_or_audiobook_duration,0.75,calendar_analysis_duration,,,0.0,,,,
calendar_analysis_row_025330_part_0,calendar_analysis_row_025330,2025-01-07,2025-01-07 21:00:00+00:00,2025-01-07 22:45:00+00:00,Things,Book:laf,Book:laf,reading,laf,1.625,1.75,True,explicit_reading_or_audiobook_duration,1.75,full_duration_minor_overlap,lunch,"Meals, Supplements, Sleep",0.125,Life and Fate,finish_0121,2025-01-22,ref_to_finished_title
calendar_analysis_row_025353_part_0,calendar_analysis_row_025353,2025-01-08,2025-01-08 05:45:00+00:00,2025-01-08 06:15:00+00:00,Things,book:microservices,book:microservices,reading,microservices,0.5,0.5,True,explicit_reading_or_audiobook_duration,0.5,calendar_analysis_duration,,,0.0,,,,
calendar_analysis_row_025360_part_0,calendar_analysis_row_025360,2025-01-08,2025-01-08 15:00:00+00:00,2025-01-08 15:30:00+00:00,clark.benham@gmail.com,read past sheet notes,read past sheet notes,reading,past sheet notes,0.5,0.5,True,explicit_reading_or_audiobook_duration,0.5,calendar_analysis_duration,,,0.0,,,,
calendar_analysis_row_025374_part_0,calendar_analysis_row_025374,2025-01-09,2025-01-09 02:30:00+00:00,2025-01-09 03:00:00+00:00,Things,book:boia,book:boia,reading,boia,0.5,0.5,True,explicit_reading_or_audiobook_duration,0.5,calendar_analysis_duration,,,0.0,best of Isaac Asimov,finish_0118,2025-01-10,ref_to_finished_title
calendar_analysis_row_025376_part_0,calendar_analysis_row_025376,2025-01-09,2025-01-09 04:00:00+00:00,2025-01-09 05:15:00+00:00,Things,Book:boia,Book:boia,reading,boia,1.25,1.25,True,explicit_reading_or_audiobook_duration,1.25,calendar_analysis_duration,,,0.0,best of Isaac Asimov,finish_0118,2025-01-10,ref_to_finished_title
calendar_analysis_row_025386_part_0,calendar_analysis_row_025386,2025-01-09,2025-01-09 14:15:00+00:00,2025-01-09 14:30:00+00:00,Things,nvc book,nvc book,reading,nvc,0.25,0.25,True,explicit_reading_or_audiobook_duration,0.25,calendar_analysis_duration,,,0.0,,,,
calendar_analysis_row_025400_part_0,calendar_analysis_row_025400,2025-01-09,2025-01-09 21:45:00+00:00,2025-01-09 22:45:00+00:00,Things,book:boia,book:boia,reading,boia,1.0,1.0,True,explicit_reading_or_audiobook_duration,1.0,calendar_analysis_duration,,,0.0,best of Isaac Asimov,finish_0118,2025-01-10,ref_to_finished_title
calendar_analysis_row_025404_part_0,calendar_analysis_row_025404,2025-01-09,2025-01-09 23:45:00+00:00,2025-01-10 00:45:00+00:00,Things,book:boia,book:boia,reading,boia,1.0,1.0,True,explicit_reading_or_audiobook_duration,1.0,calendar_analysis_duration,,,0.0,best of Isaac Asimov,finish_0118,2025-01-10,ref_to_finished_title
calendar_analysis_row_025408_part_0,calendar_analysis_row_025408,2025-01-10,2025-01-10 01:45:00+00:00,2025-01-10 02:45:00+00:00,Things,book:boia,book:boia,reading,boia,1.0,1.0,True,explicit_reading_or_audiobook_duration,1.0,calendar_analysis_duration,,,0.0,best of Isaac Asimov,finish_0118,2025-01-10,ref_to_finished_title
calendar_analysis_row_025411_part_0,calendar_analysis_row_025411,2025-01-10,2025-01-10 04:30:00+00:00,2025-01-10 05:45:00+00:00,Things,book:boia,book:boia,reading,boia,1.25,1.25,True,explicit_reading_or_audiobook_duration,1.25,calendar_analysis_duration,,,0.0,best of Isaac Asimov,finish_0118,2025-01-10,ref_to_finished_title
calendar_analysis_row_025412_part_0,calendar_analysis_row_025412,2025-01-10,2025-01-10 06:00:00+00:00,2025-01-10 06:30:00+00:00,Things,Finished book: best of Isaac Asimov,Finished book: best of Isaac Asimov,finished,best of Isaac Asimov,0.5,0.5,True,explicit_finished_book_duration,0.5,calendar_analysis_duration,,,0.0,best of Isaac Asimov,finish_0118,2025-01-10,finished_event_identity
calendar_analysis_row_025475_part_0,calendar_analysis_row_025475,2025-01-12,2025-01-12 00:45:00+00:00,2025-01-12 02:45:00+00:00,Things,book:laf,book:laf,reading,laf,2.0,2.0,True,explicit_reading_or_audiobook_duration,2.0,calendar_analysis_duration,,,0.0,Life and Fate,finish_0121,2025-01-22,ref_to_finished_title
calendar_analysis_row_025519_part_0,calendar_analysis_row_025519,2025-01-13,2025-01-13 08:45:00+00:00,2025-01-13 09:30:00+00:00,Things,Book:laf,Book:laf,reading,laf,0.75,0.75,True,explicit_reading_or_audiobook_duration,0.75,calendar_analysis_duration,,,0.0,Life and Fate,finish_0121,2025-01-22,ref_to_finished_title
calendar_analysis_row_025533_part_0,calendar_analysis_row_025533,2025-01-13,2025-01-13 20:30:00+00:00,2025-01-13 21:15:00+00:00,Things,book:laf,book:laf,reading,laf,0.75,0.75,True,explicit_reading_or_audiobook_duration,0.75,calendar_analysis_duration,,,0.0,Life and Fate,finish_0121,2025-01-22,ref_to_finished_title
calendar_analysis_row_025570_part_0,calendar_analysis_row_025570,2025-01-14,2025-01-14 23:45:00+00:00,2025-01-15 00:45:00+00:00,Things,book:pl,book:pl,reading,pl,1.0,1.0,True,explicit_reading_or_audiobook_duration,1.0,calendar_analysis_duration,,,0.0,parkinson's law,finish_0119,2025-01-15,ref_to_finished_title
calendar_analysis_row_025572_part_0,calendar_analysis_row_025572,2025-01-15,2025-01-15 01:15:00+00:00,2025-01-15 01:45:00+00:00,Things,finished book: parkinson's law,finished book: parkinson's law,finished,parkinson's law,0.5,0.5,True,explicit_finished_book_duration,0.5,calendar_analysis_duration,,,0.0,parkinson's law,finish_0119,2025-01-15,finished_event_identity
calendar_analysis_row_025597_part_0,calendar_analysis_row_025597,2025-01-16,2025-01-16 04:00:00+00:00,2025-01-16 05:30:00+00:00,Things,finished book: how to succeed at business without really trying,finished book: how to succeed at business without really trying,finished,how to succeed at business without really trying,1.5,1.5,True,explicit_finished_book_duration,1.5,calendar_analysis_duration,,,0.0,how to succeed at business without really trying,finish_0120,2025-01-16,finished_event_identity
calendar_analysis_row_025604_part_0,calendar_analysis_row_025604,2025-01-16,2025-01-16 15:30:00+00:00,2025-01-16 16:00:00+00:00,Things,book:laf,book:laf,reading,laf,0.5,0.5,True,explicit_reading_or_audiobook_duration,0.5,calendar_analysis_duration,,,0.0,Life and Fate,finish_0121,2025-01-22,ref_to_finished_title
calendar_analysis_row_025658_part_0,calendar_analysis_row_025658,2025-01-18,2025-01-18 11:00:00+00:00,2025-01-18 11:15:00+00:00,Things,book:laf,book:laf,reading,laf,0.25,0.25,True,explicit_reading_or_audiobook_duration,0.25,calendar_analysis_duration,,,0.0,Life and Fate,finish_0121,2025-01-22,ref_to_finished_title
calendar_analysis_row_025670_part_0,calendar_analysis_row_025670,2025-01-18,2025-01-18 23:15:00+00:00,2025-01-19 00:00:00+00:00,Things,Book:laf,Book:laf,reading,laf,0.75,0.75,True,explicit_reading_or_audiobook_duration,0.75,calendar_analysis_duration,,,0.0,Life and Fate,finish_0121,2025-01-22,ref_to_finished_title
calendar_analysis_row_025696_part_0,calendar_analysis_row_025696,2025-01-20,2025-01-20 06:30:00+00:00,2025-01-20 08:30:00+00:00,Things,Book:laf,Book:laf,reading,laf,2.0,2.0,True,explicit_reading_or_audiobook_duration,2.0,calendar_analysis_duration,,,0.0,Life and Fate,finish_0121,2025-01-22,ref_to_finished_title
calendar_analysis_row_025698_part_0,calendar_analysis_row_025698,2025-01-20,2025-01-20 16:15:00+00:00,2025-01-20 16:45:00+00:00,Things,Book:laf,Book:laf,reading,laf,0.5,0.5,True,explicit_reading_or_audiobook_duration,0.5,calendar_analysis_duration,,,0.0,Life and Fate,finish_0121,2025-01-22,ref_to_finished_title
calendar_analysis_row_025700_part_0,calendar_analysis_row_025700,2025-01-20,2025-01-20 17:00:00+00:00,2025-01-20 18:45:00+00:00,Things,Book:laf,Book:laf,reading,laf,1.625,1.75,True,explicit_reading_or_audiobook_duration,1.75,full_duration_minor_overlap,Jack,Waste Time,0.125,Life and Fate,finish_0121,2025-01-22,ref_to_finished_title
calendar_analysis_row_025703_part_0,calendar_analysis_row_025703,2025-01-20,2025-01-20 19:00:00+00:00,2025-01-20 21:00:00+00:00,Things,Book:laf,Book:laf,reading,laf,1.5,2.0,True,explicit_reading_or_audiobook_duration,1.5,calendar_analysis_duration_incompatible_overlap,Sun,Things,0.0,Life and Fate,finish_0121,2025-01-22,ref_to_finished_title
calendar_analysis_row_025721_part_0,calendar_analysis_row_025721,2025-01-21,2025-01-21 04:45:00+00:00,2025-01-21 05:30:00+00:00,Things,Book:laf,Book:laf,reading,laf,0.75,0.75,True,explicit_reading_or_audiobook_duration,0.75,calendar_analysis_duration,,,0.0,Life and Fate,finish_0121,2025-01-22,ref_to_finished_title
calendar_analysis_row_025746_part_0,calendar_analysis_row_025746,2025-01-21,2025-01-21 23:00:00+00:00,2025-01-21 23:30:00+00:00,Things,Book:laf,Book:laf,reading,laf,0.5,0.5,True,explicit_reading_or_audiobook_duration,0.5,calendar_analysis_duration,,,0.0,Life and Fate,finish_0121,2025-01-22,ref_to_finished_title
calendar_analysis_row_025748_part_0,calendar_analysis_row_025748,2025-01-22,2025-01-22 00:00:00+00:00,2025-01-22 02:15:00+00:00,Things,Book:laf,Book:laf,reading,laf,2.125,2.25,True,explicit_reading_or_audiobook_duration,2.25,full_duration_minor_overlap,Sunset,Things,0.125,Life and Fate,finish_0121,2025-01-22,ref_to_finished_title
calendar_analysis_row_025751_part_0,calendar_analysis_row_025751,2025-01-22,2025-01-22 03:00:00+00:00,2025-01-22 04:30:00+00:00,Things,Finished book: life and fate,Finished book: life and fate,finished,life and fate,1.5,1.5,True,explicit_finished_book_duration,1.5,calendar_analysis_duration,,,0.0,Life and Fate,finish_0121,2025-01-22,finished_event_identity
calendar_analysis_row_025757_part_0,calendar_analysis_row_025757,2025-01-22,2025-01-22 07:15:00+00:00,2025-01-22 07:30:00+00:00,clark.benham@gmail.com,read math,read math,reading,math,0.25,0.25,True,explicit_reading_or_audiobook_duration,0.25,calendar_analysis_duration,,,0.0,,,,
calendar_analysis_row_025772_part_0,calendar_analysis_row_025772,2025-01-22,2025-01-22 19:45:00+00:00,2025-01-22 20:00:00+00:00,Things,book:tee,book:tee,reading,tee,0.125,0.25,True,explicit_reading_or_audiobook_duration,0.25,full_duration_minor_overlap,lunch,"Meals, Supplements, Sleep",0.125,the effective executive,finish_0187,2026-01-29,ref_to_finished_title
calendar_analysis_row_025805_part_0,calendar_analysis_row_025805,2025-01-23,2025-01-23 13:30:00+00:00,2025-01-23 13:45:00+00:00,Things,Book,Book,generic,,0.125,0.25,False,generic_temporal_read_not_counted_by_default,0.125,calendar_analysis_duration,,,0.0,Monday Starts on Saturday,finish_0122,2025-01-27,generic_temporal
calendar_analysis_row_025835_part_0,calendar_analysis_row_025835,2025-01-24,2025-01-24 04:00:00+00:00,2025-01-24 05:30:00+00:00,Things,book:kmsoia,book:kmsoia,reading,kmsoia,1.5,1.5,True,explicit_reading_or_audiobook_duration,1.5,calendar_analysis_duration,,,0.0,Kelly my share of it all,finish_0123,2025-01-28,ref_to_finished_title
calendar_analysis_row_025857_part_0,calendar_analysis_row_025857,2025-01-24,2025-01-24 22:15:00+00:00,2025-01-24 23:15:00+00:00,Things,book:kmsoia,book:kmsoia,reading,kmsoia,1.0,1.0,True,explicit_reading_or_audiobook_duration,1.0,calendar_analysis_duration,,,0.0,Kelly my share of it all,finish_0123,2025-01-28,ref_to_finished_title
calendar_analysis_row_025862_part_0,calendar_analysis_row_025862,2025-01-25,2025-01-25 00:15:00+00:00,2025-01-25 00:30:00+00:00,Things,book:kmsoia,book:kmsoia,reading,kmsoia,0.25,0.25,True,explicit_reading_or_audiobook_duration,0.25,calendar_analysis_duration,,,0.0,Kelly my share of it all,finish_0123,2025-01-28,ref_to_finished_title
calendar_analysis_row_025889_part_0,calendar_analysis_row_025889,2025-01-26,2025-01-26 00:45:00+00:00,2025-01-26 01:15:00+00:00,Things,book:msos,book:msos,reading,msos,0.25,0.5,True,explicit_reading_or_audiobook_duration,0.5,full_duration_minor_overlap,Spa,Things,0.25,Monday Starts on Saturday,finish_0122,2025-01-27,ref_to_finished_title
calendar_analysis_row_025892_part_0,calendar_analysis_row_025892,2025-01-26,2025-01-26 01:45:00+00:00,2025-01-26 02:00:00+00:00,Things,Book:msos,Book:msos,reading,msos,0.25,0.25,True,explicit_reading_or_audiobook_duration,0.25,calendar_analysis_duration,,,0.0,Monday Starts on Saturday,finish_0122,2025-01-27,ref_to_finished_title
calendar_analysis_row_025895_part_0,calendar_analysis_row_025895,2025-01-26,2025-01-26 02:45:00+00:00,2025-01-26 04:00:00+00:00,Things,Book:msos,Book:msos,reading,msos,1.25,1.25,True,explicit_reading_or_audiobook_duration,1.25,calendar_analysis_duration,,,0.0,Monday Starts on Saturday,finish_0122,2025-01-27,ref_to_finished_title
calendar_analysis_row_025898_part_0,calendar_analysis_row_025898,2025-01-26,2025-01-26 06:30:00+00:00,2025-01-26 07:00:00+00:00,Things,Book:msos,Book:msos,reading,msos,0.5,0.5,True,explicit_reading_or_audiobook_duration,0.5,calendar_analysis_duration,,,0.0,Monday Starts on Saturday,finish_0122,2025-01-27,ref_to_finished_title
calendar_analysis_row_025899_part_0,calendar_analysis_row_025899,2025-01-26,2025-01-26 07:00:00+00:00,2025-01-26 07:30:00+00:00,Things,Book:kmsoia,Book:kmsoia,reading,kmsoia,0.5,0.5,True,explicit_reading_or_audiobook_duration,0.5,calendar_analysis_duration,,,0.0,Kelly my share of it all,finish_0123,2025-01-28,ref_to_finished_title
calendar_analysis_row_025937_part_0,calendar_analysis_row_025937,2025-01-27,2025-01-27 21:45:00+00:00,2025-01-27 22:00:00+00:00,Things,Book:msos,Book:msos,reading,msos,0.25,0.25,True,explicit_reading_or_audiobook_duration,0.25,calendar_analysis_duration,,,0.0,Monday Starts on Saturday,finish_0122,2025-01-27,ref_to_finished_title
calendar_analysis_row_025940_part_0,calendar_analysis_row_025940,2025-01-27,2025-01-27 23:15:00+00:00,2025-01-28 00:00:00+00:00,Things,Finished book: Monday starts on Saturday,Finished book: Monday starts on Saturday,finished,Monday starts on Saturday,0.75,0.75,True,explicit_finished_book_duration,0.75,calendar_analysis_duration,,,0.0,Monday Starts on Saturday,finish_0122,2025-01-27,finished_event_identity
calendar_analysis_row_025954_part_0,calendar_analysis_row_025954,2025-01-28,2025-01-28 04:00:00+00:00,2025-01-28 04:45:00+00:00,Things,book:ah,book:ah,reading,ah,0.75,0.75,True,explicit_reading_or_audiobook_duration,0.75,calendar_analysis_duration,,,0.0,Atomic Habits,finish_0124,2025-02-01,ref_to_finished_title
calendar_analysis_row_025958_part_0,calendar_analysis_row_025958,2025-01-28,2025-01-28 06:00:00+00:00,2025-01-28 06:15:00+00:00,Things,read math,read math,reading,math,0.25,0.25,True,explicit_reading_or_audiobook_duration,0.25,calendar_analysis_duration,,,0.0,,,,
calendar_analysis_row_025976_part_0,calendar_analysis_row_025976,2025-01-28,2025-01-28 21:00:00+00:00,2025-01-28 22:15:00+00:00,Things,book:ah,book:ah,reading,ah,1.25,1.25,True,explicit_reading_or_audiobook_duration,1.25,calendar_analysis_duration,,,0.0,Atomic Habits,finish_0124,2025-02-01,ref_to_finished_title
calendar_analysis_row_025977_part_0,calendar_analysis_row_025977,2025-01-28,2025-01-28 22:15:00+00:00,2025-01-29 00:00:00+00:00,Things,finished book: Kelly my share of it all,finished book: Kelly my share of it all,finished,Kelly my share of it all,1.75,1.75,True,explicit_finished_book_duration,1.75,calendar_analysis_duration,,,0.0,Kelly my share of it all,finish_0123,2025-01-28,finished_event_identity
calendar_analysis_row_026020_part_0,calendar_analysis_row_026020,2025-01-29,2025-01-29 23:45:00+00:00,2025-01-30 00:00:00+00:00,Things,book:ah,book:ah,reading,ah,0.25,0.25,True,explicit_reading_or_audiobook_duration,0.25,calendar_analysis_duration,,,0.0,Atomic Habits,finish_0124,2025-02-01,ref_to_finished_title
calendar_analysis_row_026027_part_0,calendar_analysis_row_026027,2025-01-30,2025-01-30 04:00:00+00:00,2025-01-30 04:30:00+00:00,Things,book:tsojc,book:tsojc,reading,tsojc,0.5,0.5,True,explicit_reading_or_audiobook_duration,0.5,calendar_analysis_duration,,,0.0,,,,
calendar_analysis_row_026028_part_0,calendar_analysis_row_026028,2025-01-30,2025-01-30 04:30:00+00:00,2025-01-30 05:30:00+00:00,Things,Book:micro-services,Book:micro-services,reading,micro-services,1.0,1.0,True,explicit_reading_or_audiobook_duration,1.0,calendar_analysis_duration,,,0.0,micro-services,finish_0126,2025-02-09,ref_to_finished_title
calendar_analysis_row_026029_part_0,calendar_analysis_row_026029,2025-01-30,2025-01-30 05:30:00+00:00,2025-01-30 05:45:00+00:00,Things,Book,Book,generic,,0.25,0.25,False,generic_temporal_read_not_counted_by_default,0.25,calendar_analysis_duration,,,0.0,Atomic Habits,finish_0124,2025-02-01,generic_temporal
calendar_analysis_row_026057_part_0,calendar_analysis_row_026057,2025-01-31,2025-01-31 00:22:30+00:00,2025-01-31 00:45:00+00:00,Things,readings,readings,reading,ings,0.375,0.375,True,explicit_reading_or_audiobook_duration,0.375,calendar_analysis_duration,,,0.0,,,,
calendar_analysis_row_026072_part_0,calendar_analysis_row_026072,2025-01-31,2025-01-31 06:30:00+00:00,2025-01-31 06:45:00+00:00,Things,book,book,generic,,0.25,0.25,False,generic_temporal_read_not_counted_by_default,0.25,calendar_analysis_duration,,,0.0,Atomic Habits,finish_0124,2025-02-01,generic_temporal
calendar_analysis_row_026090_part_0,calendar_analysis_row_026090,2025-01-31,2025-01-31 20:30:00+00:00,2025-01-31 20:45:00+00:00,Things,book,book,generic,,0.25,0.25,False,generic_temporal_read_not_counted_by_default,0.25,calendar_analysis_duration,,,0.0,Atomic Habits,finish_0124,2025-02-01,generic_temporal
calendar_analysis_row_026094_part_0,calendar_analysis_row_026094,2025-02-01,2025-02-01 00:00:00+00:00,2025-02-01 00:30:00+00:00,Things,finished book: atomic habits,finished book: atomic habits,finished,atomic habits,0.375,0.5,True,explicit_finished_book_duration,0.5,full_duration_minor_overlap,rank,clark.benham@gmail.com,0.125,Atomic Habits,finish_0124,2025-02-01,finished_event_identity
calendar_analysis_row_026101_part_0,calendar_analysis_row_026101,2025-02-01,2025-02-01 04:15:00+00:00,2025-02-01 05:30:00+00:00,clark.benham@gmail.com,Book:rlhf,Book:rlhf,reading,rlhf,1.25,1.25,True,explicit_reading_or_audiobook_duration,1.25,calendar_analysis_duration,,,0.0,rlhf,finish_0125,2025-02-03,ref_to_finished_title
calendar_analysis_row_026102_part_0,calendar_analysis_row_026102,2025-02-01,2025-02-01 05:45:00+00:00,2025-02-01 06:15:00+00:00,clark.benham@gmail.com,book:ms,book:ms,reading,ms,0.5,0.5,True,explicit_reading_or_audiobook_duration,0.5,calendar_analysis_duration,,,0.0,micro-services,finish_0126,2025-02-09,ref_to_finished_title
calendar_analysis_row_026103_part_0,calendar_analysis_row_026103,2025-02-01,2025-02-01 06:15:00+00:00,2025-02-01 06:45:00+00:00,Things,Book:maths,Book:maths,reading,maths,0.5,0.5,True,explicit_reading_or_audiobook_duration,0.5,calendar_analysis_duration,,,0.0,,,,
calendar_analysis_row_026118_part_0,calendar_analysis_row_026118,2025-02-01,2025-02-01 20:00:00+00:00,2025-02-01 20:30:00+00:00,clark.benham@gmail.com,book:microservices,book:microservices,reading,microservices,0.5,0.5,True,explicit_reading_or_audiobook_duration,0.5,calendar_analysis_duration,,,0.0,,,,
calendar_analysis_row_026121_part_0,calendar_analysis_row_026121,2025-02-01,2025-02-01 21:30:00+00:00,2025-02-01 22:30:00+00:00,clark.benham@gmail.com,Read about interview,Read about interview,reading,about interview,1.0,1.0,True,explicit_reading_or_audiobook_duration,1.0,calendar_analysis_duration,,,0.0,how to improve your marriage without talking about it,finish_0147,2025-06-30,ref_to_finished_title
calendar_analysis_row_026164_part_0,calendar_analysis_row_026164,2025-02-03,2025-02-03 05:30:00+00:00,2025-02-03 06:15:00+00:00,clark.benham@gmail.com,Finished book: rlhf,Finished book: rlhf,finished,rlhf,0.75,0.75,True,explicit_finished_book_duration,0.75,calendar_analysis_duration,,,0.0,rlhf,finish_0125,2025-02-03,finished_event_identity
calendar_analysis_row_026199_part_0,calendar_analysis_row_026199,2025-02-04,2025-02-04 06:15:00+00:00,2025-02-04 06:45:00+00:00,clark.benham@gmail.com,Book:microservices,Book:microservices,reading,microservices,0.5,0.5,True,explicit_reading_or_audiobook_duration,0.5,calendar_analysis_duration,,,0.0,,,,
calendar_analysis_row_026216_part_0,calendar_analysis_row_026216,2025-02-04,2025-02-04 22:00:00+00:00,2025-02-04 22:45:00+00:00,Things,book:ssojc,book:ssojc,reading,ssojc,0.75,0.75,True,explicit_reading_or_audiobook_duration,0.75,calendar_analysis_duration,,,0.0,,,,
calendar_analysis_row_026217_part_0,calendar_analysis_row_026217,2025-02-04,2025-02-04 22:45:00+00:00,2025-02-04 23:00:00+00:00,Things,book:tee,book:tee,reading,tee,0.25,0.25,True,explicit_reading_or_audiobook_duration,0.25,calendar_analysis_duration,,,0.0,the effective executive,finish_0187,2026-01-29,ref_to_finished_title
calendar_analysis_row_026242_part_0,calendar_analysis_row_026242,2025-02-05,2025-02-05 10:30:00+00:00,2025-02-05 11:15:00+00:00,Things,Book:ssojc,Book:ssojc,reading,ssojc,0.75,0.75,True,explicit_reading_or_audiobook_duration,0.75,calendar_analysis_duration,,,0.0,,,,
calendar_analysis_row_026245_part_0,calendar_analysis_row_026245,2025-02-05,2025-02-05 12:45:00+00:00,2025-02-05 13:00:00+00:00,Things,Books,Books,generic,,0.25,0.25,False,generic_temporal_read_not_counted_by_default,0.25,calendar_analysis_duration,,,0.0,micro-services,finish_0126,2025-02-09,generic_temporal
calendar_analysis_row_026260_part_0,calendar_analysis_row_026260,2025-02-05,2025-02-05 19:45:00+00:00,2025-02-05 20:00:00+00:00,Things,book:lkd,book:lkd,reading,lkd,0.125,0.25,True,explicit_reading_or_audiobook_duration,0.25,full_duration_minor_overlap,Nap,"Meals, Supplements, Sleep",0.125,,,,
calendar_analysis_row_026262_part_0,calendar_analysis_row_026262,2025-02-05,2025-02-05 20:45:00+00:00,2025-02-05 21:00:00+00:00,Things,Book:lkd,Book:lkd,reading,lkd,0.25,0.25,True,explicit_reading_or_audiobook_duration,0.25,calendar_analysis_duration,,,0.0,,,,
calendar_analysis_row_026268_part_0,calendar_analysis_row_026268,2025-02-06,2025-02-06 01:15:00+00:00,2025-02-06 01:45:00+00:00,Things,book:tc,book:tc,reading,tc,0.375,0.5,True,explicit_reading_or_audiobook_duration,0.5,full_duration_minor_overlap,Walk,Things,0.125,,,,
calendar_analysis_row_026270_part_0,calendar_analysis_row_026270,2025-02-06,2025-02-06 01:45:00+00:00,2025-02-06 02:00:00+00:00,Things,Book:micro-services,Book:micro-services,reading,micro-services,0.125,0.25,True,explicit_reading_or_audiobook_duration,0.25,full_duration_minor_overlap,Cook,Things,0.125,micro-services,finish_0126,2025-02-09,ref_to_finished_title
calendar_analysis_row_026282_part_0,calendar_analysis_row_026282,2025-02-06,2025-02-06 06:00:00+00:00,2025-02-06 06:15:00+00:00,Things,book,book,generic,,0.25,0.25,False,generic_temporal_read_not_counted_by_default,0.25,calendar_analysis_duration,,,0.0,micro-services,finish_0126,2025-02-09,generic_temporal
calendar_analysis_row_026298_part_0,calendar_analysis_row_026298,2025-02-06,2025-02-06 22:15:00+00:00,2025-02-06 23:00:00+00:00,Things,Book:ssojc,Book:ssojc,reading,ssojc,0.75,0.75,True,explicit_reading_or_audiobook_duration,0.75,calendar_analysis_duration,,,0.0,,,,
calendar_analysis_row_026314_part_0,calendar_analysis_row_026314,2025-02-07,2025-02-07 06:30:00+00:00,2025-02-07 06:45:00+00:00,Things,book:math,book:math,reading,math,0.25,0.25,True,explicit_reading_or_audiobook_duration,0.25,calendar_analysis_duration,,,0.0,,,,
calendar_analysis_row_026345_part_0,calendar_analysis_row_026345,2025-02-08,2025-02-08 06:00:00+00:00,2025-02-08 06:15:00+00:00,clark.benham@gmail.com,Book:microservices,Book:microservices,reading,microservices,0.25,0.25,True,explicit_reading_or_audiobook_duration,0.25,calendar_analysis_duration,,,0.0,,,,
calendar_analysis_row_026364_part_0,calendar_analysis_row_026364,2025-02-08,2025-02-08 23:15:00+00:00,2025-02-09 00:00:00+00:00,Things,Book:wthwos,Book:wthwos,reading,wthwos,0.75,0.75,True,explicit_reading_or_audiobook_duration,0.75,calendar_analysis_duration,,,0.0,,,,
calendar_analysis_row_026365_part_0,calendar_analysis_row_026365,2025-02-09,2025-02-09 00:00:00+00:00,2025-02-09 00:30:00+00:00,Things,Book:microservice,Book:microservice,reading,microservice,0.5,0.5,True,explicit_reading_or_audiobook_duration,0.5,calendar_analysis_duration,,,0.0,,,,
calendar_analysis_row_026376_part_0,calendar_analysis_row_026376,2025-02-09,2025-02-09 06:45:00+00:00,2025-02-09 07:15:00+00:00,Things,Finished book: micro-services,Finished book: micro-services,finished,micro-services,0.5,0.5,True,explicit_finished_book_duration,0.5,calendar_analysis_duration,,,0.0,micro-services,finish_0126,2025-02-09,finished_event_identity
calendar_analysis_row_026394_part_0,calendar_analysis_row_026394,2025-02-10,2025-02-10 06:15:00+00:00,2025-02-10 06:45:00+00:00,Things,Book:ssojc,Book:ssojc,reading,ssojc,0.5,0.5,True,explicit_reading_or_audiobook_duration,0.5,calendar_analysis_duration,,,0.0,,,,
calendar_analysis_row_026395_part_0,calendar_analysis_row_026395,2025-02-10,2025-02-10 06:45:00+00:00,2025-02-10 07:15:00+00:00,Things,book:tp,book:tp,reading,tp,0.5,0.5,True,explicit_reading_or_audiobook_duration,0.5,calendar_analysis_duration,,,0.0,,,,
calendar_analysis_row_026434_part_0,calendar_analysis_row_026434,2025-02-11,2025-02-11 20:45:00+00:00,2025-02-11 21:30:00+00:00,Things,Book:toboe,Book:toboe,reading,toboe,0.75,0.75,True,explicit_reading_or_audiobook_duration,0.75,calendar_analysis_duration,,,0.0,the Oxford book of essays,finish_0131,2025-03-22,ref_to_finished_title
calendar_analysis_row_026467_part_0,calendar_analysis_row_026467,2025-02-12,2025-02-12 19:30:00+00:00,2025-02-12 19:45:00+00:00,Things,Book,Book,generic,,0.25,0.25,False,generic_temporal_read_not_counted_by_default,0.25,calendar_analysis_duration,,,0.0,the mind body prescription,finish_0127,2025-02-20,generic_temporal
calendar_analysis_row_026488_part_0,calendar_analysis_row_026488,2025-02-13,2025-02-13 07:30:00+00:00,2025-02-13 07:45:00+00:00,Things,Book:sp,Book:sp,reading,sp,0.25,0.25,True,explicit_reading_or_audiobook_duration,0.25,calendar_analysis_duration,,,0.0,,,,
calendar_analysis_row_026511_part_0,calendar_analysis_row_026511,2025-02-14,2025-02-14 00:15:00+00:00,2025-02-14 01:15:00+00:00,Things,book:ri,book:ri,reading,ri,0.5,1.0,True,explicit_reading_or_audiobook_duration,0.5,calendar_analysis_duration_incompatible_overlap,Spa,Things,0.0,,,,
calendar_analysis_row_026524_part_0,calendar_analysis_row_026524,2025-02-14,2025-02-14 07:30:00+00:00,2025-02-14 08:00:00+00:00,Things,book:sp,book:sp,reading,sp,0.5,0.5,True,explicit_reading_or_audiobook_duration,0.5,calendar_analysis_duration,,,0.0,,,,
calendar_analysis_row_026556_part_0,calendar_analysis_row_026556,2025-02-15,2025-02-15 00:30:00+00:00,2025-02-15 00:45:00+00:00,Things,Book,Book,generic,,0.25,0.25,False,generic_temporal_read_not_counted_by_default,0.25,calendar_analysis_duration,,,0.0,the mind body prescription,finish_0127,2025-02-20,generic_temporal
calendar_analysis_row_026593_part_0,calendar_analysis_row_026593,2025-02-16,2025-02-16 08:00:00+00:00,2025-02-16 08:15:00+00:00,Things,Book,Book,generic,,0.25,0.25,False,generic_temporal_read_not_counted_by_default,0.25,calendar_analysis_duration,,,0.0,the mind body prescription,finish_0127,2025-02-20,generic_temporal
calendar_analysis_row_026647_part_0,calendar_analysis_row_026647,2025-02-18,2025-02-18 04:00:00+00:00,2025-02-18 04:15:00+00:00,Things,book:showstopper,book:showstopper,reading,showstopper,0.25,0.25,True,explicit_reading_or_audiobook_duration,0.25,calendar_analysis_duration,,,0.0,,,,
calendar_analysis_row_026664_part_0,calendar_analysis_row_026664,2025-02-18,2025-02-18 20:15:00+00:00,2025-02-18 21:00:00+00:00,Things,book:ssojc,book:ssojc,reading,ssojc,0.75,0.75,True,explicit_reading_or_audiobook_duration,0.75,calendar_analysis_duration,,,0.0,,,,
calendar_analysis_row_026665_part_0,calendar_analysis_row_026665,2025-02-18,2025-02-18 21:00:00+00:00,2025-02-18 21:15:00+00:00,Things,book:tmbp,book:tmbp,reading,tmbp,0.25,0.25,True,explicit_reading_or_audiobook_duration,0.25,calendar_analysis_duration,,,0.0,the mind body prescription,finish_0127,2025-02-20,ref_to_finished_title
calendar_analysis_row_026672_part_0,calendar_analysis_row_026672,2025-02-19,2025-02-19 04:00:00+00:00,2025-02-19 04:15:00+00:00,Things,book:tmbp,book:tmbp,reading,tmbp,0.25,0.25,True,explicit_reading_or_audiobook_duration,0.25,calendar_analysis_duration,,,0.0,the mind body prescription,finish_0127,2025-02-20,ref_to_finished_title
calendar_analysis_row_026673_part_0,calendar_analysis_row_026673,2025-02-19,2025-02-19 04:45:00+00:00,2025-02-19 05:45:00+00:00,Things,book:tmbp,book:tmbp,reading,tmbp,1.0,1.0,True,explicit_reading_or_audiobook_duration,1.0,calendar_analysis_duration,,,0.0,the mind body prescription,finish_0127,2025-02-20,ref_to_finished_title
calendar_analysis_row_026675_part_0,calendar_analysis_row_026675,2025-02-19,2025-02-19 06:00:00+00:00,2025-02-19 06:30:00+00:00,Things,book:ri,book:ri,reading,ri,0.5,0.5,True,explicit_reading_or_audiobook_duration,0.5,calendar_analysis_duration,,,0.0,,,,
calendar_analysis_row_026688_part_0,calendar_analysis_row_026688,2025-02-19,2025-02-19 21:00:00+00:00,2025-02-19 21:30:00+00:00,Things,Book,Book,generic,,0.5,0.5,False,generic_temporal_read_not_counted_by_default,0.5,calendar_analysis_duration,,,0.0,the mind body prescription,finish_0127,2025-02-20,generic_temporal
calendar_analysis_row_026707_part_0,calendar_analysis_row_026707,2025-02-20,2025-02-20 06:30:00+00:00,2025-02-20 07:00:00+00:00,Things,Finished book: the mind body prescription,Finished book: the mind body prescription,finished,the mind body prescription,0.5,0.5,True,explicit_finished_book_duration,0.5,calendar_analysis_duration,,,0.0,the mind body prescription,finish_0127,2025-02-20,finished_event_identity
calendar_analysis_row_026708_part_0,calendar_analysis_row_026708,2025-02-20,2025-02-20 07:00:00+00:00,2025-02-20 07:30:00+00:00,Things,Book:sp,Book:sp,reading,sp,0.5,0.5,True,explicit_reading_or_audiobook_duration,0.5,calendar_analysis_duration,,,0.0,,,,
calendar_analysis_row_026710_part_0,calendar_analysis_row_026710,2025-02-20,2025-02-20 07:45:00+00:00,2025-02-20 08:00:00+00:00,Things,Book:lkd,Book:lkd,reading,lkd,0.25,0.25,True,explicit_reading_or_audiobook_duration,0.25,calendar_analysis_duration,,,0.0,,,,
calendar_analysis_row_026783_part_0,calendar_analysis_row_026783,2025-02-22,2025-02-22 21:00:00+00:00,2025-02-22 21:30:00+00:00,Things,Book:toboss,Book:toboss,reading,toboss,0.25,0.5,True,explicit_reading_or_audiobook_duration,0.5,full_duration_minor_overlap,Amelia cuddle,Things,0.25,,,,
calendar_analysis_row_026800_part_0,calendar_analysis_row_026800,2025-02-23,2025-02-23 05:30:00+00:00,2025-02-23 05:45:00+00:00,Things,book:rftb,book:rftb,reading,rftb,0.25,0.25,True,explicit_reading_or_audiobook_duration,0.25,calendar_analysis_duration,,,0.0,racing for the bomb,finish_0142,2025-06-11,ref_to_finished_title
calendar_analysis_row_026842_part_0,calendar_analysis_row_026842,2025-02-24,2025-02-24 06:30:00+00:00,2025-02-24 07:00:00+00:00,Things,Book:sp,Book:sp,reading,sp,0.5,0.5,True,explicit_reading_or_audiobook_duration,0.5,calendar_analysis_duration,,,0.0,,,,
calendar_analysis_row_026850_part_0,calendar_analysis_row_026850,2025-02-24,2025-02-24 13:30:00+00:00,2025-02-24 13:45:00+00:00,Things,Book:sp,Book:sp,reading,sp,0.25,0.25,True,explicit_reading_or_audiobook_duration,0.25,calendar_analysis_duration,,,0.0,,,,
calendar_analysis_row_026912_part_0,calendar_analysis_row_026912,2025-02-26,2025-02-26 02:00:00+00:00,2025-02-26 02:45:00+00:00,Things,Books,Books,generic,,0.625,0.75,False,generic_temporal_read_not_counted_by_default,0.625,calendar_analysis_duration,,,0.0,screwtape letters,finish_0128,2025-03-05,generic_temporal
calendar_analysis_row_026915_part_0,calendar_analysis_row_026915,2025-02-26,2025-02-26 05:45:00+00:00,2025-02-26 07:30:00+00:00,clark.benham@gmail.com,Book:sp,Book:sp,reading,sp,1.625,1.75,True,explicit_reading_or_audiobook_duration,1.75,full_duration_minor_overlap,Food,"Meals, Supplements, Sleep",0.125,,,,
calendar_analysis_row_026950_part_0,calendar_analysis_row_026950,2025-02-27,2025-02-27 06:45:00+00:00,2025-02-27 07:15:00+00:00,clark.benham@gmail.com,Book:sp,Book:sp,reading,sp,0.5,0.5,True,explicit_reading_or_audiobook_duration,0.5,calendar_analysis_duration,,,0.0,,,,
calendar_analysis_row_026987_part_0,calendar_analysis_row_026987,2025-02-28,2025-02-28 11:00:00+00:00,2025-02-28 11:30:00+00:00,Things,book:tsl,book:tsl,reading,tsl,0.5,0.5,True,explicit_reading_or_audiobook_duration,0.5,calendar_analysis_duration,,,0.0,,,,
calendar_analysis_row_027071_part_0,calendar_analysis_row_027071,2025-03-03,2025-03-03 06:30:00+00:00,2025-03-03 06:45:00+00:00,Things,Book:sl,Book:sl,reading,sl,0.25,0.25,True,explicit_reading_or_audiobook_duration,0.25,calendar_analysis_duration,,,0.0,screwtape letters,finish_0128,2025-03-05,ref_to_finished_title
calendar_analysis_row_027090_part_0,calendar_analysis_row_027090,2025-03-03,2025-03-03 23:00:00+00:00,2025-03-03 23:15:00+00:00,Things,Book:sl,Book:sl,reading,sl,0.25,0.25,True,explicit_reading_or_audiobook_duration,0.25,calendar_analysis_duration,,,0.0,screwtape letters,finish_0128,2025-03-05,ref_to_finished_title
calendar_analysis_row_027105_part_0,calendar_analysis_row_027105,2025-03-04,2025-03-04 08:45:00+00:00,2025-03-04 09:00:00+00:00,Things,Book:sl,Book:sl,reading,sl,0.25,0.25,True,explicit_reading_or_audiobook_duration,0.25,calendar_analysis_duration,,,0.0,screwtape letters,finish_0128,2025-03-05,ref_to_finished_title
calendar_analysis_row_027134_part_0,calendar_analysis_row_027134,2025-03-05,2025-03-05 08:30:00+00:00,2025-03-05 09:00:00+00:00,Things,Finished book: screwtape letters,Finished book: screwtape letters,finished,screwtape letters,0.5,0.5,True,explicit_finished_book_duration,0.5,calendar_analysis_duration,,,0.0,screwtape letters,finish_0128,2025-03-05,finished_event_identity
calendar_analysis_row_027147_part_0,calendar_analysis_row_027147,2025-03-05,2025-03-05 19:30:00+00:00,2025-03-05 20:30:00+00:00,Things,Book:12rfl,Book:12rfl,reading,12rfl,1.0,1.0,True,explicit_reading_or_audiobook_duration,1.0,calendar_analysis_duration,,,0.0,12 rules for life,finish_0132,2025-03-23,ref_to_finished_title
calendar_analysis_row_027148_part_0,calendar_analysis_row_027148,2025-03-05,2025-03-05 20:30:00+00:00,2025-03-05 21:30:00+00:00,Things,book:tgd,book:tgd,reading,tgd,1.0,1.0,True,explicit_reading_or_audiobook_duration,1.0,calendar_analysis_duration,,,0.0,the great divorce,finish_0129,2025-03-06,ref_to_finished_title
calendar_analysis_row_027150_part_0,calendar_analysis_row_027150,2025-03-06,2025-03-06 01:00:00+00:00,2025-03-06 01:45:00+00:00,Things,Finished book: the great divorce,Finished book: the great divorce,finished,the great divorce,0.75,0.75,True,explicit_finished_book_duration,0.75,calendar_analysis_duration,,,0.0,the great divorce,finish_0129,2025-03-06,finished_event_identity
calendar_analysis_row_027165_part_0,calendar_analysis_row_027165,2025-03-06,2025-03-06 11:30:00+00:00,2025-03-06 12:00:00+00:00,Things,book:toboe,book:toboe,reading,toboe,0.5,0.5,True,explicit_reading_or_audiobook_duration,0.5,calendar_analysis_duration,,,0.0,the Oxford book of essays,finish_0131,2025-03-22,ref_to_finished_title
calendar_analysis_row_027191_part_0,calendar_analysis_row_027191,2025-03-07,2025-03-07 07:15:00+00:00,2025-03-07 07:30:00+00:00,Things,Book:sp,Book:sp,reading,sp,0.25,0.25,True,explicit_reading_or_audiobook_duration,0.25,calendar_analysis_duration,,,0.0,,,,
calendar_analysis_row_027240_part_0,calendar_analysis_row_027240,2025-03-08,2025-03-08 21:15:00+00:00,2025-03-08 21:30:00+00:00,Things,book:toboe,book:toboe,reading,toboe,0.25,0.25,True,explicit_reading_or_audiobook_duration,0.25,calendar_analysis_duration,,,0.0,the Oxford book of essays,finish_0131,2025-03-22,ref_to_finished_title
calendar_analysis_row_027252_part_0,calendar_analysis_row_027252,2025-03-09,2025-03-09 04:00:00+00:00,2025-03-09 04:30:00+00:00,Things,book:12rfl,book:12rfl,reading,12rfl,0.5,0.5,True,explicit_reading_or_audiobook_duration,0.5,calendar_analysis_duration,,,0.0,12 rules for life,finish_0132,2025-03-23,ref_to_finished_title
calendar_analysis_row_027321_part_0,calendar_analysis_row_027321,2025-03-11,2025-03-11 08:00:00+00:00,2025-03-11 08:30:00+00:00,Things,Book:12rfl,Book:12rfl,reading,12rfl,0.5,0.5,True,explicit_reading_or_audiobook_duration,0.5,calendar_analysis_duration,,,0.0,12 rules for life,finish_0132,2025-03-23,ref_to_finished_title
calendar_analysis_row_027322_part_0,calendar_analysis_row_027322,2025-03-11,2025-03-11 08:30:00+00:00,2025-03-11 08:45:00+00:00,Things,Book:sp,Book:sp,reading,sp,0.25,0.25,True,explicit_reading_or_audiobook_duration,0.25,calendar_analysis_duration,,,0.0,,,,
calendar_analysis_row_027389_part_0,calendar_analysis_row_027389,2025-03-13,2025-03-13 06:00:00+00:00,2025-03-13 06:45:00+00:00,Things,Book:12rfl,Book:12rfl,reading,12rfl,0.75,0.75,True,explicit_reading_or_audiobook_duration,0.75,calendar_analysis_duration,,,0.0,12 rules for life,finish_0132,2025-03-23,ref_to_finished_title
calendar_analysis_row_027390_part_0,calendar_analysis_row_027390,2025-03-13,2025-03-13 06:45:00+00:00,2025-03-13 07:00:00+00:00,Things,Book:sp,Book:sp,reading,sp,0.25,0.25,True,explicit_reading_or_audiobook_duration,0.25,calendar_analysis_duration,,,0.0,,,,
calendar_analysis_row_027396_part_0,calendar_analysis_row_027396,2025-03-13,2025-03-13 17:00:00+00:00,2025-03-13 18:45:00+00:00,Things,audiobook: its not luck,audiobook: its not luck,audiobook,its not luck,0.875,1.75,True,explicit_reading_or_audiobook_duration,1.75,full_duration_compatible_overlap,Drive to Indian wells,Things,0.875,,,,
calendar_analysis_row_027401_part_0,calendar_analysis_row_027401,2025-03-14,2025-03-14 01:45:00+00:00,2025-03-14 04:15:00+00:00,Things,audio book: it's not luck,audio book: it's not luck,audiobook,it's not luck,1.25,2.5,True,explicit_reading_or_audiobook_duration,2.5,full_duration_compatible_overlap,Drive home,Things,1.25,,,,
calendar_analysis_row_027415_part_0,calendar_analysis_row_027415,2025-03-14,2025-03-14 10:00:00+00:00,2025-03-14 10:15:00+00:00,Things,Book:toboe,Book:toboe,reading,toboe,0.25,0.25,True,explicit_reading_or_audiobook_duration,0.25,calendar_analysis_duration,,,0.0,the Oxford book of essays,finish_0131,2025-03-22,ref_to_finished_title
calendar_analysis_row_027491_part_0,calendar_analysis_row_027491,2025-03-17,2025-03-17 21:45:00+00:00,2025-03-17 22:15:00+00:00,Things,Book:toboe,Book:toboe,reading,toboe,0.5,0.5,True,explicit_reading_or_audiobook_duration,0.5,calendar_analysis_duration,,,0.0,the Oxford book of essays,finish_0131,2025-03-22,ref_to_finished_title
calendar_analysis_row_027493_part_0,calendar_analysis_row_027493,2025-03-17,2025-03-17 23:30:00+00:00,2025-03-18 00:00:00+00:00,Things,Book:toboe,Book:toboe,reading,toboe,0.5,0.5,True,explicit_reading_or_audiobook_duration,0.5,calendar_analysis_duration,,,0.0,the Oxford book of essays,finish_0131,2025-03-22,ref_to_finished_title
calendar_analysis_row_027497_part_0,calendar_analysis_row_027497,2025-03-18,2025-03-18 00:45:00+00:00,2025-03-18 01:45:00+00:00,Things,audiobook: it's not luck,audiobook: it's not luck,audiobook,it's not luck,0.5,1.0,True,explicit_reading_or_audiobook_duration,1.0,full_duration_compatible_overlap,Walk,Things,0.5,,,,
calendar_analysis_row_027509_part_0,calendar_analysis_row_027509,2025-03-18,2025-03-18 05:45:00+00:00,2025-03-18 06:15:00+00:00,Things,Book:12rfl,Book:12rfl,reading,12rfl,0.5,0.5,True,explicit_reading_or_audiobook_duration,0.5,calendar_analysis_duration,,,0.0,12 rules for life,finish_0132,2025-03-23,ref_to_finished_title
calendar_analysis_row_027520_part_0,calendar_analysis_row_027520,2025-03-18,2025-03-18 19:15:00+00:00,2025-03-18 19:30:00+00:00,Things,Book:12rfl,Book:12rfl,reading,12rfl,0.25,0.25,True,explicit_reading_or_audiobook_duration,0.25,calendar_analysis_duration,,,0.0,12 rules for life,finish_0132,2025-03-23,ref_to_finished_title
calendar_analysis_row_027526_part_0,calendar_analysis_row_027526,2025-03-18,2025-03-18 21:00:00+00:00,2025-03-18 21:22:30+00:00,Things,Book:12rfl,Book:12rfl,reading,12rfl,0.375,0.375,True,explicit_reading_or_audiobook_duration,0.375,calendar_analysis_duration,,,0.0,12 rules for life,finish_0132,2025-03-23,ref_to_finished_title
calendar_analysis_row_027527_part_0,calendar_analysis_row_027527,2025-03-18,2025-03-18 21:22:30+00:00,2025-03-18 21:45:00+00:00,Things,book:tpk,book:tpk,reading,tpk,0.375,0.375,True,explicit_reading_or_audiobook_duration,0.375,calendar_analysis_duration,,,0.0,the pale king,finish_0130,2025-03-21,ref_to_finished_title
calendar_analysis_row_027532_part_0,calendar_analysis_row_027532,2025-03-18,2025-03-18 23:15:00+00:00,2025-03-18 23:45:00+00:00,Things,Book:tpk,Book:tpk,reading,tpk,0.5,0.5,True,explicit_reading_or_audiobook_duration,0.5,calendar_analysis_duration,,,0.0,the pale king,finish_0130,2025-03-21,ref_to_finished_title
calendar_analysis_row_027547_part_0,calendar_analysis_row_027547,2025-03-19,2025-03-19 07:30:00+00:00,2025-03-19 09:00:00+00:00,Things,Book:tpk,Book:tpk,reading,tpk,1.5,1.5,True,explicit_reading_or_audiobook_duration,1.5,calendar_analysis_duration,,,0.0,the pale king,finish_0130,2025-03-21,ref_to_finished_title
calendar_analysis_row_027561_part_0,calendar_analysis_row_027561,2025-03-19,2025-03-19 20:45:00+00:00,2025-03-20 00:30:00+00:00,Things,Book:tpk,Book:tpk,reading,tpk,3.75,3.75,True,explicit_reading_or_audiobook_duration,3.75,calendar_analysis_duration,,,0.0,the pale king,finish_0130,2025-03-21,ref_to_finished_title
calendar_analysis_row_027580_part_0,calendar_analysis_row_027580,2025-03-20,2025-03-20 16:45:00+00:00,2025-03-20 17:45:00+00:00,Things,Book:tpk,Book:tpk,reading,tpk,0.875,1.0,True,explicit_reading_or_audiobook_duration,1.0,full_duration_minor_overlap,Jack,Waste Time,0.125,the pale king,finish_0130,2025-03-21,ref_to_finished_title
calendar_analysis_row_027588_part_0,calendar_analysis_row_027588,2025-03-20,2025-03-20 19:30:00+00:00,2025-03-20 22:30:00+00:00,Things,Book:tpk,Book:tpk,reading,tpk,3.0,3.0,True,explicit_reading_or_audiobook_duration,3.0,calendar_analysis_duration,,,0.0,the pale king,finish_0130,2025-03-21,ref_to_finished_title
calendar_analysis_row_027593_part_0,calendar_analysis_row_027593,2025-03-21,2025-03-21 00:30:00+00:00,2025-03-21 01:30:00+00:00,Things,Finished book: the pale king,Finished book: the pale king,finished,the pale king,1.0,1.0,True,explicit_finished_book_duration,1.0,calendar_analysis_duration,,,0.0,the pale king,finish_0130,2025-03-21,finished_event_identity
calendar_analysis_row_027606_part_0,calendar_analysis_row_027606,2025-03-21,2025-03-21 07:15:00+00:00,2025-03-21 07:45:00+00:00,Things,Book:sp,Book:sp,reading,sp,0.5,0.5,True,explicit_reading_or_audiobook_duration,0.5,calendar_analysis_duration,,,0.0,,,,
calendar_analysis_row_027657_part_0,calendar_analysis_row_027657,2025-03-22,2025-03-22 18:00:00+00:00,2025-03-22 18:15:00+00:00,Things,Book:toboe,Book:toboe,reading,toboe,0.125,0.25,True,explicit_reading_or_audiobook_duration,0.25,full_duration_minor_overlap,Lie in sun,Things,0.125,the Oxford book of essays,finish_0131,2025-03-22,ref_to_finished_title
calendar_analysis_row_027660_part_0,calendar_analysis_row_027660,2025-03-22,2025-03-22 19:15:00+00:00,2025-03-22 20:45:00+00:00,Things,Finished book: the Oxford book of essays,Finished book: the Oxford book of essays,finished,the Oxford book of essays,0.75,1.5,True,explicit_finished_book_duration,0.75,calendar_analysis_duration_incompatible_overlap,Lie in sun,Things,0.0,the Oxford book of essays,finish_0131,2025-03-22,finished_event_identity
calendar_analysis_row_027665_part_0,calendar_analysis_row_027665,2025-03-22,2025-03-22 21:15:00+00:00,2025-03-22 21:45:00+00:00,Things,Book:12rfl,Book:12rfl,reading,12rfl,0.5,0.5,True,explicit_reading_or_audiobook_duration,0.5,calendar_analysis_duration,,,0.0,12 rules for life,finish_0132,2025-03-23,ref_to_finished_title
calendar_analysis_row_027678_part_0,calendar_analysis_row_027678,2025-03-23,2025-03-23 05:00:00+00:00,2025-03-23 06:30:00+00:00,Things,book:oc,book:oc,reading,oc,1.5,1.5,True,explicit_reading_or_audiobook_duration,1.5,calendar_analysis_duration,,,0.0,on China,finish_0135,2025-04-19,ref_to_finished_title
calendar_analysis_row_027680_part_0,calendar_analysis_row_027680,2025-03-23,2025-03-23 06:45:00+00:00,2025-03-23 07:45:00+00:00,Things,Finished book: 12 rules for life,Finished book: 12 rules for life,finished,12 rules for life,1.0,1.0,True,explicit_finished_book_duration,1.0,calendar_analysis_duration,,,0.0,12 rules for life,finish_0132,2025-03-23,finished_event_identity
calendar_analysis_row_027704_part_0,calendar_analysis_row_027704,2025-03-24,2025-03-24 04:15:00+00:00,2025-03-24 05:00:00+00:00,Things,Read: Kipling,Read: Kipling,reading,Kipling,0.75,0.75,True,explicit_reading_or_audiobook_duration,0.75,calendar_analysis_duration,,,0.0,,,,
calendar_analysis_row_027718_part_0,calendar_analysis_row_027718,2025-03-24,2025-03-24 19:45:00+00:00,2025-03-24 21:15:00+00:00,Things,book:pw,book:pw,reading,pw,1.5,1.5,True,explicit_reading_or_audiobook_duration,1.5,calendar_analysis_duration,,,0.0,,,,
calendar_analysis_row_027746_part_0,calendar_analysis_row_027746,2025-03-25,2025-03-25 18:30:00+00:00,2025-03-25 19:30:00+00:00,Things,Book:tpw,Book:tpw,reading,tpw,0.875,1.0,True,explicit_reading_or_audiobook_duration,1.0,full_duration_minor_overlap,Porn,Waste Time,0.125,the pentagon wars,finish_0133,2025-03-31,ref_to_finished_title
calendar_analysis_row_027753_part_0,calendar_analysis_row_027753,2025-03-26,2025-03-26 08:00:00+00:00,2025-03-26 08:15:00+00:00,Things,Book:tpw,Book:tpw,reading,tpw,0.25,0.25,True,explicit_reading_or_audiobook_duration,0.25,calendar_analysis_duration,,,0.0,the pentagon wars,finish_0133,2025-03-31,ref_to_finished_title
calendar_analysis_row_027795_part_0,calendar_analysis_row_027795,2025-03-28,2025-03-28 08:45:00+00:00,2025-03-28 09:00:00+00:00,Things,Books,Books,generic,,0.25,0.25,False,generic_temporal_read_not_counted_by_default,0.25,calendar_analysis_duration,,,0.0,the pentagon wars,finish_0133,2025-03-31,generic_temporal
calendar_analysis_row_027813_part_0,calendar_analysis_row_027813,2025-03-29,2025-03-29 09:15:00+00:00,2025-03-29 09:30:00+00:00,Things,Book:tpw,Book:tpw,reading,tpw,0.25,0.25,True,explicit_reading_or_audiobook_duration,0.25,calendar_analysis_duration,,,0.0,the pentagon wars,finish_0133,2025-03-31,ref_to_finished_title
calendar_analysis_row_027829_part_0,calendar_analysis_row_027829,2025-03-30,2025-03-30 06:00:00+00:00,2025-03-30 07:00:00+00:00,Things,Book:tpw,Book:tpw,reading,tpw,1.0,1.0,True,explicit_reading_or_audiobook_duration,1.0,calendar_analysis_duration,,,0.0,the pentagon wars,finish_0133,2025-03-31,ref_to_finished_title
calendar_analysis_row_027833_part_0,calendar_analysis_row_027833,2025-03-30,2025-03-30 07:45:00+00:00,2025-03-30 08:30:00+00:00,Things,Book:tpw,Book:tpw,reading,tpw,0.75,0.75,True,explicit_reading_or_audiobook_duration,0.75,calendar_analysis_duration,,,0.0,the pentagon wars,finish_0133,2025-03-31,ref_to_finished_title
calendar_analysis_row_027857_part_0,calendar_analysis_row_027857,2025-03-31,2025-03-31 03:00:00+00:00,2025-03-31 04:15:00+00:00,Things,Book:tpw,Book:tpw,reading,tpw,1.25,1.25,True,explicit_reading_or_audiobook_duration,1.25,calendar_analysis_duration,,,0.0,the pentagon wars,finish_0133,2025-03-31,ref_to_finished_title
calendar_analysis_row_027861_part_0,calendar_analysis_row_027861,2025-03-31,2025-03-31 04:45:00+00:00,2025-03-31 06:00:00+00:00,Things,Finished book: the pentagon wars,Finished book: the pentagon wars,finished,the pentagon wars,1.25,1.25,True,explicit_finished_book_duration,1.25,calendar_analysis_duration,,,0.0,the pentagon wars,finish_0133,2025-03-31,finished_event_identity
calendar_analysis_row_027874_part_0,calendar_analysis_row_027874,2025-03-31,2025-03-31 18:00:00+00:00,2025-03-31 19:15:00+00:00,clark.benham@gmail.com,reading stats,reading stats,reading,ing stats,1.25,1.25,True,explicit_reading_or_audiobook_duration,1.25,calendar_analysis_duration,,,0.0,,,,
calendar_analysis_row_027888_part_0,calendar_analysis_row_027888,2025-04-01,2025-04-01 04:15:00+00:00,2025-04-01 05:00:00+00:00,Things,book:oc,book:oc,reading,oc,0.75,0.75,True,explicit_reading_or_audiobook_duration,0.75,calendar_analysis_duration,,,0.0,on China,finish_0135,2025-04-19,ref_to_finished_title
calendar_analysis_row_027899_part_0,calendar_analysis_row_027899,2025-04-01,2025-04-01 08:45:00+00:00,2025-04-01 09:00:00+00:00,Things,Book:mml,Book:mml,reading,mml,0.25,0.25,True,explicit_reading_or_audiobook_duration,0.25,calendar_analysis_duration,,,0.0,Mathematics for Machine Learning,finish_0149,2025-07-09,ref_to_finished_title
calendar_analysis_row_027912_part_0,calendar_analysis_row_027912,2025-04-01,2025-04-01 19:30:00+00:00,2025-04-01 21:30:00+00:00,clark.benham@gmail.com,Read stats,Read stats,reading,stats,2.0,2.0,True,explicit_reading_or_audiobook_duration,2.0,calendar_analysis_duration,,,0.0,,,,
calendar_analysis_row_027917_part_0,calendar_analysis_row_027917,2025-04-01,2025-04-01 22:30:00+00:00,2025-04-01 23:30:00+00:00,Things,book:oc,book:oc,reading,oc,0.875,1.0,True,explicit_reading_or_audiobook_duration,1.0,full_duration_minor_overlap,1 beer,Waste Time,0.125,on China,finish_0135,2025-04-19,ref_to_finished_title
calendar_analysis_row_027918_part_0,calendar_analysis_row_027918,2025-04-01,2025-04-01 23:30:00+00:00,2025-04-01 23:45:00+00:00,Things,book:ri,book:ri,reading,ri,0.25,0.25,True,explicit_reading_or_audiobook_duration,0.25,calendar_analysis_duration,,,0.0,,,,
calendar_analysis_row_027933_part_0,calendar_analysis_row_027933,2025-04-02,2025-04-02 08:15:00+00:00,2025-04-02 08:30:00+00:00,Things,Book:mml,Book:mml,reading,mml,0.25,0.25,True,explicit_reading_or_audiobook_duration,0.25,calendar_analysis_duration,,,0.0,Mathematics for Machine Learning,finish_0149,2025-07-09,ref_to_finished_title
calendar_analysis_row_027960_part_0,calendar_analysis_row_027960,2025-04-03,2025-04-03 03:45:00+00:00,2025-04-03 04:30:00+00:00,Things,book:ae,book:ae,reading,ae,0.75,0.75,True,explicit_reading_or_audiobook_duration,0.75,calendar_analysis_duration,,,0.0,,,,
calendar_analysis_row_027968_part_0,calendar_analysis_row_027968,2025-04-03,2025-04-03 08:45:00+00:00,2025-04-03 09:15:00+00:00,Things,Book:mml,Book:mml,reading,mml,0.5,0.5,True,explicit_reading_or_audiobook_duration,0.5,calendar_analysis_duration,,,0.0,Mathematics for Machine Learning,finish_0149,2025-07-09,ref_to_finished_title
calendar_analysis_row_027990_part_0,calendar_analysis_row_027990,2025-04-04,2025-04-04 09:45:00+00:00,2025-04-04 10:15:00+00:00,Things,Read: Kipling,Read: Kipling,reading,Kipling,0.5,0.5,True,explicit_reading_or_audiobook_duration,0.5,calendar_analysis_duration,,,0.0,,,,
calendar_analysis_row_028032_part_0,calendar_analysis_row_028032,2025-04-05,2025-04-05 18:30:00+00:00,2025-04-05 19:30:00+00:00,Things,audiobook: lyndon johnson the path to power,audiobook: lyndon johnson the path to power,audiobook,The Path to Power: The Years of Lyndon Johnson I,0.5,1.0,True,explicit_reading_or_audiobook_duration,1.0,full_duration_compatible_overlap,drive to ojai,Things,0.5,The Path to Power: The Years of Lyndon Johnson I,finish_0136,2025-05-04,ref_to_finished_title
calendar_analysis_row_028048_part_0,calendar_analysis_row_028048,2025-04-06,2025-04-06 03:00:00+00:00,2025-04-06 03:15:00+00:00,Things,book:ljtptp,book:ljtptp,reading,ljtptp,0.25,0.25,True,explicit_reading_or_audiobook_duration,0.25,calendar_analysis_duration,,,0.0,The Path to Power: The Years of Lyndon Johnson I,finish_0136,2025-05-04,ref_to_finished_title
calendar_analysis_row_028060_part_0,calendar_analysis_row_028060,2025-04-06,2025-04-06 08:15:00+00:00,2025-04-06 08:30:00+00:00,Things,Books,Books,generic,,0.25,0.25,False,generic_temporal_read_not_counted_by_default,0.25,calendar_analysis_duration,,,0.0,you just dont understand,finish_0134,2025-04-18,generic_temporal
calendar_analysis_row_028074_part_0,calendar_analysis_row_028074,2025-04-06,2025-04-06 22:52:30+00:00,2025-04-06 23:15:00+00:00,clark.benham@gmail.com,website into book,website into book,reading,website into,0.375,0.375,True,explicit_reading_or_audiobook_duration,0.375,calendar_analysis_duration,,,0.0,,,,
calendar_analysis_row_028090_part_0,calendar_analysis_row_028090,2025-04-07,2025-04-07 08:30:00+00:00,2025-04-07 09:30:00+00:00,Things,book:yjdu,book:yjdu,reading,yjdu,1.0,1.0,True,explicit_reading_or_audiobook_duration,1.0,calendar_analysis_duration,,,0.0,you just dont understand,finish_0134,2025-04-18,ref_to_finished_title
calendar_analysis_row_028096_part_0,calendar_analysis_row_028096,2025-04-07,2025-04-07 16:30:00+00:00,2025-04-07 16:45:00+00:00,Things,Book:yjdu,Book:yjdu,reading,yjdu,0.25,0.25,True,explicit_reading_or_audiobook_duration,0.25,calendar_analysis_duration,,,0.0,you just dont understand,finish_0134,2025-04-18,ref_to_finished_title
calendar_analysis_row_028126_part_0,calendar_analysis_row_028126,2025-04-08,2025-04-08 07:30:00+00:00,2025-04-08 08:00:00+00:00,Things,Book:yjdu,Book:yjdu,reading,yjdu,0.5,0.5,True,explicit_reading_or_audiobook_duration,0.5,calendar_analysis_duration,,,0.0,you just dont understand,finish_0134,2025-04-18,ref_to_finished_title
calendar_analysis_row_028127_part_0,calendar_analysis_row_028127,2025-04-08,2025-04-08 08:00:00+00:00,2025-04-08 08:15:00+00:00,Things,Book:rlhf,Book:rlhf,reading,rlhf,0.25,0.25,True,explicit_reading_or_audiobook_duration,0.25,calendar_analysis_duration,,,0.0,,,,
calendar_analysis_row_028130_part_0,calendar_analysis_row_028130,2025-04-08,2025-04-08 08:45:00+00:00,2025-04-08 09:00:00+00:00,Things,book:aos,book:aos,reading,aos,0.25,0.25,True,explicit_reading_or_audiobook_duration,0.25,calendar_analysis_duration,,,0.0,,,,
calendar_analysis_row_028148_part_0,calendar_analysis_row_028148,2025-04-08,2025-04-08 21:45:00+00:00,2025-04-08 23:30:00+00:00,Things,book:yjdu,book:yjdu,reading,yjdu,1.75,1.75,True,explicit_reading_or_audiobook_duration,1.75,calendar_analysis_duration,,,0.0,you just dont understand,finish_0134,2025-04-18,ref_to_finished_title
calendar_analysis_row_028161_part_0,calendar_analysis_row_028161,2025-04-09,2025-04-09 09:15:00+00:00,2025-04-09 09:45:00+00:00,Things,Book:oc,Book:oc,reading,oc,0.5,0.5,True,explicit_reading_or_audiobook_duration,0.5,calendar_analysis_duration,,,0.0,on China,finish_0135,2025-04-19,ref_to_finished_title
calendar_analysis_row_028172_part_0,calendar_analysis_row_028172,2025-04-09,2025-04-09 19:45:00+00:00,2025-04-09 20:00:00+00:00,Things,book:pc,book:pc,reading,pc,0.25,0.25,True,explicit_reading_or_audiobook_duration,0.25,calendar_analysis_duration,,,0.0,,,,
calendar_analysis_row_028177_part_0,calendar_analysis_row_028177,2025-04-10,2025-04-10 00:00:00+00:00,2025-04-10 01:00:00+00:00,Things,Book:oc,Book:oc,reading,oc,1.0,1.0,True,explicit_reading_or_audiobook_duration,1.0,calendar_analysis_duration,,,0.0,on China,finish_0135,2025-04-19,ref_to_finished_title
calendar_analysis_row_028186_part_0,calendar_analysis_row_028186,2025-04-10,2025-04-10 09:15:00+00:00,2025-04-10 09:45:00+00:00,Things,Book:oc,Book:oc,reading,oc,0.5,0.5,True,explicit_reading_or_audiobook_duration,0.5,calendar_analysis_duration,,,0.0,on China,finish_0135,2025-04-19,ref_to_finished_title
calendar_analysis_row_028204_part_0,calendar_analysis_row_028204,2025-04-11,2025-04-11 02:30:00+00:00,2025-04-11 03:30:00+00:00,Things,Book:yjdu,Book:yjdu,reading,yjdu,1.0,1.0,True,explicit_reading_or_audiobook_duration,1.0,calendar_analysis_duration,,,0.0,you just dont understand,finish_0134,2025-04-18,ref_to_finished_title
calendar_analysis_row_028212_part_0,calendar_analysis_row_028212,2025-04-11,2025-04-11 08:15:00+00:00,2025-04-11 08:30:00+00:00,Things,Book:aos,Book:aos,reading,aos,0.25,0.25,True,explicit_reading_or_audiobook_duration,0.25,calendar_analysis_duration,,,0.0,,,,
calendar_analysis_row_028242_part_0,calendar_analysis_row_028242,2025-04-12,2025-04-12 10:15:00+00:00,2025-04-12 10:45:00+00:00,Things,Book:oc,Book:oc,reading,oc,0.5,0.5,True,explicit_reading_or_audiobook_duration,0.5,calendar_analysis_duration,,,0.0,on China,finish_0135,2025-04-19,ref_to_finished_title
calendar_analysis_row_028295_part_0,calendar_analysis_row_028295,2025-04-15,2025-04-15 00:30:00+00:00,2025-04-15 01:15:00+00:00,Things,Books,Books,generic,,0.75,0.75,False,generic_temporal_read_not_counted_by_default,0.75,calendar_analysis_duration,,,0.0,you just dont understand,finish_0134,2025-04-18,generic_temporal
calendar_analysis_row_028334_part_0,calendar_analysis_row_028334,2025-04-16,2025-04-16 07:45:00+00:00,2025-04-16 08:15:00+00:00,Things,Book:sp,Book:sp,reading,sp,0.5,0.5,True,explicit_reading_or_audiobook_duration,0.5,calendar_analysis_duration,,,0.0,,,,
calendar_analysis_row_028335_part_0,calendar_analysis_row_028335,2025-04-16,2025-04-16 08:15:00+00:00,2025-04-16 08:45:00+00:00,Things,book:oc,book:oc,reading,oc,0.5,0.5,True,explicit_reading_or_audiobook_duration,0.5,calendar_analysis_duration,,,0.0,on China,finish_0135,2025-04-19,ref_to_finished_title
calendar_analysis_row_028349_part_0,calendar_analysis_row_028349,2025-04-16,2025-04-16 21:45:00+00:00,2025-04-16 22:00:00+00:00,clark.benham@gmail.com,read slack,read slack,reading,slack,0.25,0.25,True,explicit_reading_or_audiobook_duration,0.25,calendar_analysis_duration,,,0.0,,,,
calendar_analysis_row_028354_part_0,calendar_analysis_row_028354,2025-04-16,2025-04-16 23:00:00+00:00,2025-04-16 23:30:00+00:00,Things,Book:oc,Book:oc,reading,oc,0.5,0.5,True,explicit_reading_or_audiobook_duration,0.5,calendar_analysis_duration,,,0.0,on China,finish_0135,2025-04-19,ref_to_finished_title
calendar_analysis_row_028364_part_0,calendar_analysis_row_028364,2025-04-17,2025-04-17 04:30:00+00:00,2025-04-17 05:30:00+00:00,Things,book:oc,book:oc,reading,oc,1.0,1.0,True,explicit_reading_or_audiobook_duration,1.0,calendar_analysis_duration,,,0.0,on China,finish_0135,2025-04-19,ref_to_finished_title
calendar_analysis_row_028371_part_0,calendar_analysis_row_028371,2025-04-17,2025-04-17 07:45:00+00:00,2025-04-17 08:00:00+00:00,Things,Book:sp,Book:sp,reading,sp,0.25,0.25,True,explicit_reading_or_audiobook_duration,0.25,calendar_analysis_duration,,,0.0,,,,
calendar_analysis_row_028372_part_0,calendar_analysis_row_028372,2025-04-17,2025-04-17 08:00:00+00:00,2025-04-17 08:15:00+00:00,Things,book:aos,book:aos,reading,aos,0.25,0.25,True,explicit_reading_or_audiobook_duration,0.25,calendar_analysis_duration,,,0.0,,,,
calendar_analysis_row_028374_part_0,calendar_analysis_row_028374,2025-04-17,2025-04-17 08:30:00+00:00,2025-04-17 09:00:00+00:00,Things,Book:pc,Book:pc,reading,pc,0.5,0.5,True,explicit_reading_or_audiobook_duration,0.5,calendar_analysis_duration,,,0.0,,,,
calendar_analysis_row_028390_part_0,calendar_analysis_row_028390,2025-04-18,2025-04-18 02:30:00+00:00,2025-04-18 03:45:00+00:00,clark.benham@gmail.com,read docs,read docs,reading,docs,1.25,1.25,True,explicit_reading_or_audiobook_duration,1.25,calendar_analysis_duration,,,0.0,,,,
calendar_analysis_row_028392_part_0,calendar_analysis_row_028392,2025-04-18,2025-04-18 04:45:00+00:00,2025-04-18 05:00:00+00:00,Things,book:yjdu,book:yjdu,reading,yjdu,0.25,0.25,True,explicit_reading_or_audiobook_duration,0.25,calendar_analysis_duration,,,0.0,you just dont understand,finish_0134,2025-04-18,ref_to_finished_title
calendar_analysis_row_028395_part_0,calendar_analysis_row_028395,2025-04-18,2025-04-18 05:45:00+00:00,2025-04-18 06:15:00+00:00,Things,finished book: you just dont understand,finished book: you just dont understand,finished,you just dont understand,0.375,0.5,True,explicit_finished_book_duration,0.5,full_duration_minor_overlap,Dinner,"Meals, Supplements, Sleep",0.125,you just dont understand,finish_0134,2025-04-18,finished_event_identity
calendar_analysis_row_028406_part_0,calendar_analysis_row_028406,2025-04-18,2025-04-18 19:45:00+00:00,2025-04-18 20:30:00+00:00,Things,Book:oc,Book:oc,reading,oc,0.75,0.75,True,explicit_reading_or_audiobook_duration,0.75,calendar_analysis_duration,,,0.0,on China,finish_0135,2025-04-19,ref_to_finished_title
calendar_analysis_row_028414_part_0,calendar_analysis_row_028414,2025-04-19,2025-04-19 00:30:00+00:00,2025-04-19 01:00:00+00:00,Things,Book:oc,Book:oc,reading,oc,0.375,0.5,True,explicit_reading_or_audiobook_duration,0.5,full_duration_minor_overlap,Nap,"Meals, Supplements, Sleep",0.125,on China,finish_0135,2025-04-19,ref_to_finished_title
calendar_analysis_row_028421_part_0,calendar_analysis_row_028421,2025-04-19,2025-04-19 04:00:00+00:00,2025-04-19 05:00:00+00:00,Things,Book:oc,Book:oc,reading,oc,1.0,1.0,True,explicit_reading_or_audiobook_duration,1.0,calendar_analysis_duration,,,0.0,on China,finish_0135,2025-04-19,ref_to_finished_title
calendar_analysis_row_028423_part_0,calendar_analysis_row_028423,2025-04-19,2025-04-19 06:00:00+00:00,2025-04-19 07:15:00+00:00,Things,Finished book: on China,Finished book: on China,finished,on China,1.25,1.25,True,explicit_finished_book_duration,1.25,calendar_analysis_duration,,,0.0,on China,finish_0135,2025-04-19,finished_event_identity
calendar_analysis_row_028456_part_0,calendar_analysis_row_028456,2025-04-20,2025-04-20 09:00:00+00:00,2025-04-20 09:30:00+00:00,Things,Book:pc,Book:pc,reading,pc,0.5,0.5,True,explicit_reading_or_audiobook_duration,0.5,calendar_analysis_duration,,,0.0,,,,
calendar_analysis_row_028514_part_0,calendar_analysis_row_028514,2025-04-22,2025-04-22 10:00:00+00:00,2025-04-22 10:15:00+00:00,Things,Book:cp,Book:cp,reading,cp,0.25,0.25,True,explicit_reading_or_audiobook_duration,0.25,calendar_analysis_duration,,,0.0,,,,
calendar_analysis_row_028587_part_0,calendar_analysis_row_028587,2025-04-24,2025-04-24 23:15:00+00:00,2025-04-25 01:00:00+00:00,Things,Book:tptp,Book:tptp,reading,tptp,1.75,1.75,True,explicit_reading_or_audiobook_duration,1.75,calendar_analysis_duration,,,0.0,The Path to Power: The Years of Lyndon Johnson I,finish_0136,2025-05-04,ref_to_finished_title
calendar_analysis_row_028603_part_0,calendar_analysis_row_028603,2025-04-25,2025-04-25 08:00:00+00:00,2025-04-25 08:45:00+00:00,Things,Book:tptp,Book:tptp,reading,tptp,0.75,0.75,True,explicit_reading_or_audiobook_duration,0.75,calendar_analysis_duration,,,0.0,The Path to Power: The Years of Lyndon Johnson I,finish_0136,2025-05-04,ref_to_finished_title
calendar_analysis_row_028613_part_0,calendar_analysis_row_028613,2025-04-25,2025-04-25 19:00:00+00:00,2025-04-25 20:45:00+00:00,Things,Book:tptp,Book:tptp,reading,tptp,1.625,1.75,True,explicit_reading_or_audiobook_duration,1.75,full_duration_minor_overlap,lunch,"Meals, Supplements, Sleep",0.125,The Path to Power: The Years of Lyndon Johnson I,finish_0136,2025-05-04,ref_to_finished_title
calendar_analysis_row_028654_part_0,calendar_analysis_row_028654,2025-04-27,2025-04-27 09:00:00+00:00,2025-04-27 09:45:00+00:00,Things,book:tptp,book:tptp,reading,tptp,0.75,0.75,True,explicit_reading_or_audiobook_duration,0.75,calendar_analysis_duration,,,0.0,The Path to Power: The Years of Lyndon Johnson I,finish_0136,2025-05-04,ref_to_finished_title
calendar_analysis_row_028665_part_0,calendar_analysis_row_028665,2025-04-27,2025-04-27 20:45:00+00:00,2025-04-27 21:30:00+00:00,Things,Book:tptp,Book:tptp,reading,tptp,0.75,0.75,True,explicit_reading_or_audiobook_duration,0.75,calendar_analysis_duration,,,0.0,The Path to Power: The Years of Lyndon Johnson I,finish_0136,2025-05-04,ref_to_finished_title
calendar_analysis_row_028666_part_0,calendar_analysis_row_028666,2025-04-27,2025-04-27 21:45:00+00:00,2025-04-27 22:15:00+00:00,Things,Book:tptp,Book:tptp,reading,tptp,0.5,0.5,True,explicit_reading_or_audiobook_duration,0.5,calendar_analysis_duration,,,0.0,The Path to Power: The Years of Lyndon Johnson I,finish_0136,2025-05-04,ref_to_finished_title
calendar_analysis_row_028693_part_0,calendar_analysis_row_028693,2025-04-28,2025-04-28 17:15:00+00:00,2025-04-28 17:45:00+00:00,clark.benham@gmail.com,read math,read math,reading,math,0.5,0.5,True,explicit_reading_or_audiobook_duration,0.5,calendar_analysis_duration,,,0.0,,,,
calendar_analysis_row_028696_part_0,calendar_analysis_row_028696,2025-04-28,2025-04-28 18:45:00+00:00,2025-04-28 19:15:00+00:00,clark.benham@gmail.com,read mml,read mml,reading,mml,0.5,0.5,True,explicit_reading_or_audiobook_duration,0.5,calendar_analysis_duration,,,0.0,Mathematics for Machine Learning,finish_0149,2025-07-09,ref_to_finished_title
calendar_analysis_row_028701_part_0,calendar_analysis_row_028701,2025-04-28,2025-04-28 22:00:00+00:00,2025-04-28 23:45:00+00:00,Things,book:tptp,book:tptp,reading,tptp,1.75,1.75,True,explicit_reading_or_audiobook_duration,1.75,calendar_analysis_duration,,,0.0,The Path to Power: The Years of Lyndon Johnson I,finish_0136,2025-05-04,ref_to_finished_title
calendar_analysis_row_028715_part_0,calendar_analysis_row_028715,2025-04-29,2025-04-29 08:45:00+00:00,2025-04-29 09:00:00+00:00,Things,Book:cp,Book:cp,reading,cp,0.25,0.25,True,explicit_reading_or_audiobook_duration,0.25,calendar_analysis_duration,,,0.0,,,,
calendar_analysis_row_028718_part_0,calendar_analysis_row_028718,2025-04-29,2025-04-29 09:30:00+00:00,2025-04-29 09:45:00+00:00,Things,Book:mml,Book:mml,reading,mml,0.25,0.25,True,explicit_reading_or_audiobook_duration,0.25,calendar_analysis_duration,,,0.0,Mathematics for Machine Learning,finish_0149,2025-07-09,ref_to_finished_title
calendar_analysis_row_028739_part_0,calendar_analysis_row_028739,2025-04-30,2025-04-30 03:15:00+00:00,2025-04-30 03:45:00+00:00,Things,read tmbp notes,read tmbp notes,reading,tmbp notes,0.5,0.5,True,explicit_reading_or_audiobook_duration,0.5,calendar_analysis_duration,,,0.0,,,,
calendar_analysis_row_028742_part_0,calendar_analysis_row_028742,2025-04-30,2025-04-30 04:30:00+00:00,2025-04-30 04:45:00+00:00,Things,Book:cp,Book:cp,reading,cp,0.125,0.25,True,explicit_reading_or_audiobook_duration,0.25,full_duration_minor_overlap,toastmasters,Things,0.125,,,,
calendar_analysis_row_028750_part_0,calendar_analysis_row_028750,2025-04-30,2025-04-30 08:00:00+00:00,2025-04-30 08:30:00+00:00,Things,Book:mml,Book:mml,reading,mml,0.375,0.5,True,explicit_reading_or_audiobook_duration,0.5,full_duration_minor_overlap,Jack,Waste Time,0.125,Mathematics for Machine Learning,finish_0149,2025-07-09,ref_to_finished_title
calendar_analysis_row_028776_part_0,calendar_analysis_row_028776,2025-04-30,2025-04-30 22:45:00+00:00,2025-04-30 23:00:00+00:00,Things,Book:mml,Book:mml,reading,mml,0.25,0.25,True,explicit_reading_or_audiobook_duration,0.25,calendar_analysis_duration,,,0.0,Mathematics for Machine Learning,finish_0149,2025-07-09,ref_to_finished_title
calendar_analysis_row_028795_part_0,calendar_analysis_row_028795,2025-05-01,2025-05-01 13:30:00+00:00,2025-05-01 13:45:00+00:00,Things,Book:mml,Book:mml,reading,mml,0.125,0.25,True,explicit_reading_or_audiobook_duration,0.25,full_duration_minor_overlap,breakfast,"Meals, Supplements, Sleep",0.125,Mathematics for Machine Learning,finish_0149,2025-07-09,ref_to_finished_title
calendar_analysis_row_028825_part_0,calendar_analysis_row_028825,2025-05-02,2025-05-02 06:45:00+00:00,2025-05-02 07:07:30+00:00,Things,Book:mml,Book:mml,reading,mml,0.375,0.375,True,explicit_reading_or_audiobook_duration,0.375,calendar_analysis_duration,,,0.0,Mathematics for Machine Learning,finish_0149,2025-07-09,ref_to_finished_title
calendar_analysis_row_028826_part_0,calendar_analysis_row_028826,2025-05-02,2025-05-02 07:07:30+00:00,2025-05-02 07:30:00+00:00,Things,book:refactoring,book:refactoring,reading,refactoring,0.375,0.375,True,explicit_reading_or_audiobook_duration,0.375,calendar_analysis_duration,,,0.0,,,,
calendar_analysis_row_028837_part_0,calendar_analysis_row_028837,2025-05-02,2025-05-02 19:00:00+00:00,2025-05-02 21:45:00+00:00,Things,book:tptp,book:tptp,reading,tptp,2.75,2.75,True,explicit_reading_or_audiobook_duration,2.75,calendar_analysis_duration,,,0.0,The Path to Power: The Years of Lyndon Johnson I,finish_0136,2025-05-04,ref_to_finished_title
calendar_analysis_row_028839_part_0,calendar_analysis_row_028839,2025-05-02,2025-05-02 22:15:00+00:00,2025-05-03 01:00:00+00:00,Things,book:tptp,book:tptp,reading,tptp,2.75,2.75,True,explicit_reading_or_audiobook_duration,2.75,calendar_analysis_duration,,,0.0,The Path to Power: The Years of Lyndon Johnson I,finish_0136,2025-05-04,ref_to_finished_title
calendar_analysis_row_028844_part_0,calendar_analysis_row_028844,2025-05-03,2025-05-03 03:45:00+00:00,2025-05-03 06:45:00+00:00,clark.benham@gmail.com,Book:sim,Book:sim,reading,sim,3.0,3.0,True,explicit_reading_or_audiobook_duration,3.0,calendar_analysis_duration,,,0.0,,,,
calendar_analysis_row_028851_part_0,calendar_analysis_row_028851,2025-05-03,2025-05-03 08:45:00+00:00,2025-05-03 09:30:00+00:00,Things,Book:tptp,Book:tptp,reading,tptp,0.75,0.75,True,explicit_reading_or_audiobook_duration,0.75,calendar_analysis_duration,,,0.0,The Path to Power: The Years of Lyndon Johnson I,finish_0136,2025-05-04,ref_to_finished_title
calendar_analysis_row_028864_part_0,calendar_analysis_row_028864,2025-05-03,2025-05-03 21:45:00+00:00,2025-05-03 22:45:00+00:00,Things,Book:tptp,Book:tptp,reading,tptp,1.0,1.0,True,explicit_reading_or_audiobook_duration,1.0,calendar_analysis_duration,,,0.0,The Path to Power: The Years of Lyndon Johnson I,finish_0136,2025-05-04,ref_to_finished_title
calendar_analysis_row_028865_part_0,calendar_analysis_row_028865,2025-05-03,2025-05-03 23:00:00+00:00,2025-05-03 23:30:00+00:00,Things,Book:tptp,Book:tptp,reading,tptp,0.5,0.5,True,explicit_reading_or_audiobook_duration,0.5,calendar_analysis_duration,,,0.0,The Path to Power: The Years of Lyndon Johnson I,finish_0136,2025-05-04,ref_to_finished_title
calendar_analysis_row_028868_part_0,calendar_analysis_row_028868,2025-05-04,2025-05-04 01:15:00+00:00,2025-05-04 02:45:00+00:00,Things,Book:tptp,Book:tptp,reading,tptp,1.5,1.5,True,explicit_reading_or_audiobook_duration,1.5,calendar_analysis_duration,,,0.0,The Path to Power: The Years of Lyndon Johnson I,finish_0136,2025-05-04,ref_to_finished_title
calendar_analysis_row_028882_part_0,calendar_analysis_row_028882,2025-05-04,2025-05-04 10:00:00+00:00,2025-05-04 11:00:00+00:00,Things,Finished book: the path to power,Finished book: the path to power,finished,The Path to Power: The Years of Lyndon Johnson I,0.875,1.0,True,explicit_finished_book_duration,1.0,full_duration_minor_overlap,Food,"Meals, Supplements, Sleep",0.125,The Path to Power: The Years of Lyndon Johnson I,finish_0136,2025-05-04,finished_event_identity
calendar_analysis_row_028884_part_0,calendar_analysis_row_028884,2025-05-04,2025-05-04 11:00:00+00:00,2025-05-04 11:15:00+00:00,Things,Book:refactoring,Book:refactoring,reading,refactoring,0.25,0.25,True,explicit_reading_or_audiobook_duration,0.25,calendar_analysis_duration,,,0.0,,,,
calendar_analysis_row_028887_part_0,calendar_analysis_row_028887,2025-05-04,2025-05-04 16:45:00+00:00,2025-05-04 17:00:00+00:00,Things,book:refactoring,book:refactoring,reading,refactoring,0.125,0.25,True,explicit_reading_or_audiobook_duration,0.25,full_duration_minor_overlap,sleep,"Meals, Supplements, Sleep",0.125,,,,
calendar_analysis_row_028908_part_0,calendar_analysis_row_028908,2025-05-05,2025-05-05 06:00:00+00:00,2025-05-05 06:15:00+00:00,Things,book:dsips,book:dsips,reading,dsips,0.25,0.25,True,explicit_reading_or_audiobook_duration,0.25,calendar_analysis_duration,,,0.0,,,,
calendar_analysis_row_028911_part_0,calendar_analysis_row_028911,2025-05-05,2025-05-05 09:15:00+00:00,2025-05-05 09:45:00+00:00,Things,Book:refactoring,Book:refactoring,reading,refactoring,0.5,0.5,True,explicit_reading_or_audiobook_duration,0.5,calendar_analysis_duration,,,0.0,,,,
calendar_analysis_row_028932_part_0,calendar_analysis_row_028932,2025-05-06,2025-05-06 03:15:00+00:00,2025-05-06 03:45:00+00:00,Things,book:moa,book:moa,reading,moa,0.5,0.5,True,explicit_reading_or_audiobook_duration,0.5,calendar_analysis_duration,,,0.0,means of ascent,finish_0137,2025-05-07,ref_to_finished_title
calendar_analysis_row_028937_part_0,calendar_analysis_row_028937,2025-05-06,2025-05-06 06:00:00+00:00,2025-05-06 06:15:00+00:00,Things,book:moa,book:moa,reading,moa,0.25,0.25,True,explicit_reading_or_audiobook_duration,0.25,calendar_analysis_duration,,,0.0,means of ascent,finish_0137,2025-05-07,ref_to_finished_title
calendar_analysis_row_028946_part_0,calendar_analysis_row_028946,2025-05-06,2025-05-06 22:00:00+00:00,2025-05-07 02:00:00+00:00,Things,Audio book: moa,Audio book: moa,audiobook,moa,2.5,4.0,True,explicit_reading_or_audiobook_duration,2.5,calendar_analysis_duration_incompatible_overlap,Walk | Laundry | Blogs | Walk | grocceires | walk | Cook,Things | Waste Time,0.0,means of ascent,finish_0137,2025-05-07,ref_to_finished_title
calendar_analysis_row_028957_part_0,calendar_analysis_row_028957,2025-05-07,2025-05-07 05:00:00+00:00,2025-05-07 09:45:00+00:00,Things,book:moa,book:moa,reading,moa,4.75,4.75,True,explicit_reading_or_audiobook_duration,4.75,calendar_analysis_duration,,,0.0,means of ascent,finish_0137,2025-05-07,ref_to_finished_title
calendar_analysis_row_028963_part_0,calendar_analysis_row_028963,2025-05-07,2025-05-07 20:30:00+00:00,2025-05-07 23:45:00+00:00,Things,finished book: means of ascent,finished book: means of ascent,finished,means of ascent,3.125,3.25,True,explicit_finished_book_duration,3.25,full_duration_minor_overlap,lunch,"Meals, Supplements, Sleep",0.125,means of ascent,finish_0137,2025-05-07,finished_event_identity
calendar_analysis_row_028982_part_0,calendar_analysis_row_028982,2025-05-08,2025-05-08 05:15:00+00:00,2025-05-08 06:15:00+00:00,Things,Book:refactoring,Book:refactoring,reading,refactoring,1.0,1.0,True,explicit_reading_or_audiobook_duration,1.0,calendar_analysis_duration,,,0.0,,,,
calendar_analysis_row_029010_part_0,calendar_analysis_row_029010,2025-05-09,2025-05-09 05:30:00+00:00,2025-05-09 05:45:00+00:00,Things,book:cp,book:cp,reading,cp,0.25,0.25,True,explicit_reading_or_audiobook_duration,0.25,calendar_analysis_duration,,,0.0,,,,
calendar_analysis_row_029012_part_0,calendar_analysis_row_029012,2025-05-09,2025-05-09 06:00:00+00:00,2025-05-09 08:15:00+00:00,clark.benham@gmail.com,book:sim,book:sim,reading,sim,2.25,2.25,True,explicit_reading_or_audiobook_duration,2.25,calendar_analysis_duration,,,0.0,,,,
calendar_analysis_row_029015_part_0,calendar_analysis_row_029015,2025-05-09,2025-05-09 08:30:00+00:00,2025-05-09 09:00:00+00:00,Things,Book:mml,Book:mml,reading,mml,0.5,0.5,True,explicit_reading_or_audiobook_duration,0.5,calendar_analysis_duration,,,0.0,Mathematics for Machine Learning,finish_0149,2025-07-09,ref_to_finished_title
calendar_analysis_row_029035_part_0,calendar_analysis_row_029035,2025-05-10,2025-05-10 05:00:00+00:00,2025-05-10 05:30:00+00:00,Things,book:cp,book:cp,reading,cp,0.5,0.5,True,explicit_reading_or_audiobook_duration,0.5,calendar_analysis_duration,,,0.0,,,,
calendar_analysis_row_029036_part_0,calendar_analysis_row_029036,2025-05-10,2025-05-10 05:30:00+00:00,2025-05-10 07:00:00+00:00,Things,book:msfm,book:msfm,reading,msfm,1.5,1.5,True,explicit_reading_or_audiobook_duration,1.5,calendar_analysis_duration,,,0.0,man’s search for meaning,finish_0138,2025-05-11,ref_to_finished_title
calendar_analysis_row_029038_part_0,calendar_analysis_row_029038,2025-05-10,2025-05-10 07:30:00+00:00,2025-05-10 08:00:00+00:00,Things,Book:sp,Book:sp,reading,sp,0.5,0.5,True,explicit_reading_or_audiobook_duration,0.5,calendar_analysis_duration,,,0.0,,,,
calendar_analysis_row_029041_part_0,calendar_analysis_row_029041,2025-05-10,2025-05-10 14:15:00+00:00,2025-05-10 15:00:00+00:00,Things,Book:msfm,Book:msfm,reading,msfm,0.75,0.75,True,explicit_reading_or_audiobook_duration,0.75,calendar_analysis_duration,,,0.0,man’s search for meaning,finish_0138,2025-05-11,ref_to_finished_title
calendar_analysis_row_029053_part_0,calendar_analysis_row_029053,2025-05-10,2025-05-10 23:30:00+00:00,2025-05-11 01:30:00+00:00,Things,audiobook: master of the senate,audiobook: master of the senate,audiobook,master of the senate,1.0,2.0,True,explicit_reading_or_audiobook_duration,2.0,full_duration_compatible_overlap,walk,Things,1.0,master of the senate,finish_0139,2025-05-19,ref_to_finished_title
calendar_analysis_row_029066_part_0,calendar_analysis_row_029066,2025-05-11,2025-05-11 08:30:00+00:00,2025-05-11 09:00:00+00:00,Things,Finished book: man’s search for meaning,Finished book: man’s search for meaning,finished,man’s search for meaning,0.5,0.5,True,explicit_finished_book_duration,0.5,calendar_analysis_duration,,,0.0,man’s search for meaning,finish_0138,2025-05-11,finished_event_identity
calendar_analysis_row_029083_part_0,calendar_analysis_row_029083,2025-05-11,2025-05-11 23:00:00+00:00,2025-05-11 23:15:00+00:00,Waste Time,books,books,generic,,0.25,0.25,False,generic_temporal_read_not_counted_by_default,0.25,calendar_analysis_duration,,,0.0,man’s search for meaning,finish_0138,2025-05-11,generic_temporal
calendar_analysis_row_029095_part_0,calendar_analysis_row_029095,2025-05-12,2025-05-12 04:45:00+00:00,2025-05-12 06:15:00+00:00,Things,book:showstoppers,book:showstoppers,reading,showstoppers,1.5,1.5,True,explicit_reading_or_audiobook_duration,1.5,calendar_analysis_duration,,,0.0,,,,
calendar_analysis_row_029135_part_0,calendar_analysis_row_029135,2025-05-13,2025-05-13 08:30:00+00:00,2025-05-13 08:45:00+00:00,Things,Book:sp,Book:sp,reading,sp,0.25,0.25,True,explicit_reading_or_audiobook_duration,0.25,calendar_analysis_duration,,,0.0,,,,
calendar_analysis_row_029165_part_0,calendar_analysis_row_029165,2025-05-14,2025-05-14 03:45:00+00:00,2025-05-14 04:30:00+00:00,Things,Audiobook: mots,Audiobook: mots,audiobook,mots,0.375,0.75,True,explicit_reading_or_audiobook_duration,0.75,full_duration_compatible_overlap,gym,"Meals, Supplements, Sleep",0.375,master of the senate,finish_0139,2025-05-19,ref_to_finished_title
calendar_analysis_row_029195_part_0,calendar_analysis_row_029195,2025-05-15,2025-05-15 00:30:00+00:00,2025-05-15 01:30:00+00:00,Things,Audiobook: mots,Audiobook: mots,audiobook,mots,0.5,1.0,True,explicit_reading_or_audiobook_duration,1.0,full_duration_compatible_overlap,gym | Walk,"Meals, Supplements, Sleep | Things",0.5,master of the senate,finish_0139,2025-05-19,ref_to_finished_title
calendar_analysis_row_029206_part_0,calendar_analysis_row_029206,2025-05-15,2025-05-15 06:45:00+00:00,2025-05-15 07:00:00+00:00,Things,Book:sp,Book:sp,reading,sp,0.25,0.25,True,explicit_reading_or_audiobook_duration,0.25,calendar_analysis_duration,,,0.0,,,,
calendar_analysis_row_029207_part_0,calendar_analysis_row_029207,2025-05-15,2025-05-15 07:15:00+00:00,2025-05-15 07:22:30+00:00,Things,Book:mml,Book:mml,reading,mml,0.125,0.125,True,explicit_reading_or_audiobook_duration,0.125,calendar_analysis_duration,,,0.0,Mathematics for Machine Learning,finish_0149,2025-07-09,ref_to_finished_title
calendar_analysis_row_029208_part_0,calendar_analysis_row_029208,2025-05-15,2025-05-15 07:22:30+00:00,2025-05-15 07:30:00+00:00,Things,book:aos,book:aos,reading,aos,0.125,0.125,True,explicit_reading_or_audiobook_duration,0.125,calendar_analysis_duration,,,0.0,,,,
calendar_analysis_row_029244_part_0,calendar_analysis_row_029244,2025-05-16,2025-05-16 06:00:00+00:00,2025-05-16 09:15:00+00:00,Things,book:mots,book:mots,reading,mots,3.25,3.25,True,explicit_reading_or_audiobook_duration,3.25,calendar_analysis_duration,,,0.0,master of the senate,finish_0139,2025-05-19,ref_to_finished_title
calendar_analysis_row_029268_part_0,calendar_analysis_row_029268,2025-05-17,2025-05-17 08:15:00+00:00,2025-05-17 08:45:00+00:00,Things,Book:mots,Book:mots,reading,mots,0.5,0.5,True,explicit_reading_or_audiobook_duration,0.5,calendar_analysis_duration,,,0.0,master of the senate,finish_0139,2025-05-19,ref_to_finished_title
calendar_analysis_row_029276_part_0,calendar_analysis_row_029276,2025-05-17,2025-05-17 21:07:30+00:00,2025-05-17 21:30:00+00:00,Things,book:mots,book:mots,reading,mots,0.375,0.375,True,explicit_reading_or_audiobook_duration,0.375,calendar_analysis_duration,,,0.0,master of the senate,finish_0139,2025-05-19,ref_to_finished_title
calendar_analysis_row_029285_part_0,calendar_analysis_row_029285,2025-05-18,2025-05-18 05:30:00+00:00,2025-05-18 06:00:00+00:00,Things,Book:mots,Book:mots,reading,mots,0.5,0.5,True,explicit_reading_or_audiobook_duration,0.5,calendar_analysis_duration,,,0.0,master of the senate,finish_0139,2025-05-19,ref_to_finished_title
calendar_analysis_row_029289_part_0,calendar_analysis_row_029289,2025-05-18,2025-05-18 07:45:00+00:00,2025-05-18 08:15:00+00:00,Things,Book:mots,Book:mots,reading,mots,0.5,0.5,True,explicit_reading_or_audiobook_duration,0.5,calendar_analysis_duration,,,0.0,master of the senate,finish_0139,2025-05-19,ref_to_finished_title
calendar_analysis_row_029291_part_0,calendar_analysis_row_029291,2025-05-18,2025-05-18 13:30:00+00:00,2025-05-18 14:00:00+00:00,Things,Book:mots,Book:mots,reading,mots,0.5,0.5,True,explicit_reading_or_audiobook_duration,0.5,calendar_analysis_duration,,,0.0,master of the senate,finish_0139,2025-05-19,ref_to_finished_title
calendar_analysis_row_029294_part_0,calendar_analysis_row_029294,2025-05-18,2025-05-18 14:45:00+00:00,2025-05-18 16:00:00+00:00,Things,Book:mots,Book:mots,reading,mots,1.25,1.25,True,explicit_reading_or_audiobook_duration,1.25,calendar_analysis_duration,,,0.0,master of the senate,finish_0139,2025-05-19,ref_to_finished_title
calendar_analysis_row_029297_part_0,calendar_analysis_row_029297,2025-05-18,2025-05-18 17:15:00+00:00,2025-05-18 18:15:00+00:00,Things,Audiobook: mots,Audiobook: mots,audiobook,mots,0.5,1.0,True,explicit_reading_or_audiobook_duration,1.0,full_duration_compatible_overlap,Walk,Things,0.5,master of the senate,finish_0139,2025-05-19,ref_to_finished_title
calendar_analysis_row_029304_part_0,calendar_analysis_row_029304,2025-05-18,2025-05-18 20:45:00+00:00,2025-05-18 22:15:00+00:00,Things,Audiobook: mots,Audiobook: mots,audiobook,mots,0.75,1.5,True,explicit_reading_or_audiobook_duration,1.5,full_duration_compatible_overlap,Walk,Things,0.75,master of the senate,finish_0139,2025-05-19,ref_to_finished_title
calendar_analysis_row_029306_part_0,calendar_analysis_row_029306,2025-05-18,2025-05-18 23:15:00+00:00,2025-05-19 00:00:00+00:00,Things,Book:mots,Book:mots,reading,mots,0.75,0.75,True,explicit_reading_or_audiobook_duration,0.75,calendar_analysis_duration,,,0.0,master of the senate,finish_0139,2025-05-19,ref_to_finished_title
calendar_analysis_row_029309_part_0,calendar_analysis_row_029309,2025-05-19,2025-05-19 01:00:00+00:00,2025-05-19 01:15:00+00:00,Things,Book:mots,Book:mots,reading,mots,0.25,0.25,True,explicit_reading_or_audiobook_duration,0.25,calendar_analysis_duration,,,0.0,master of the senate,finish_0139,2025-05-19,ref_to_finished_title
calendar_analysis_row_029317_part_0,calendar_analysis_row_029317,2025-05-19,2025-05-19 07:00:00+00:00,2025-05-19 07:15:00+00:00,Things,book:mots,book:mots,reading,mots,0.25,0.25,True,explicit_reading_or_audiobook_duration,0.25,calendar_analysis_duration,,,0.0,master of the senate,finish_0139,2025-05-19,ref_to_finished_title
calendar_analysis_row_029322_part_0,calendar_analysis_row_029322,2025-05-19,2025-05-19 17:15:00+00:00,2025-05-19 21:30:00+00:00,Things,finished book: master of the senate,finished book: master of the senate,finished,master of the senate,4.125,4.25,True,explicit_finished_book_duration,4.25,full_duration_minor_overlap,lunch,"Meals, Supplements, Sleep",0.125,master of the senate,finish_0139,2025-05-19,finished_event_identity
calendar_analysis_row_029341_part_0,calendar_analysis_row_029341,2025-05-20,2025-05-20 01:30:00+00:00,2025-05-20 05:30:00+00:00,clark.benham@gmail.com,Book:sim,Book:sim,reading,sim,3.75,4.0,True,explicit_reading_or_audiobook_duration,4.0,full_duration_minor_overlap,Dinner,"Meals, Supplements, Sleep",0.25,,,,
calendar_analysis_row_029345_part_0,calendar_analysis_row_029345,2025-05-20,2025-05-20 08:45:00+00:00,2025-05-20 09:00:00+00:00,Things,Book:refactoring,Book:refactoring,reading,refactoring,0.25,0.25,True,explicit_reading_or_audiobook_duration,0.25,calendar_analysis_duration,,,0.0,,,,
calendar_analysis_row_029406_part_0,calendar_analysis_row_029406,2025-05-22,2025-05-22 05:45:00+00:00,2025-05-22 12:15:00+00:00,Things,book:tpop,book:tpop,reading,tpop,6.5,6.5,True,explicit_reading_or_audiobook_duration,6.5,calendar_analysis_duration,,,0.0,the passage of power,finish_0140,2025-05-27,ref_to_finished_title
calendar_analysis_row_029414_part_0,calendar_analysis_row_029414,2025-05-22,2025-05-22 16:45:00+00:00,2025-05-23 00:15:00+00:00,Things,book:tpop,book:tpop,reading,tpop,7.375,7.5,True,explicit_reading_or_audiobook_duration,7.5,full_duration_minor_overlap,lunch,"Meals, Supplements, Sleep",0.125,the passage of power,finish_0140,2025-05-27,ref_to_finished_title
calendar_analysis_row_029423_part_0,calendar_analysis_row_029423,2025-05-23,2025-05-23 07:15:00+00:00,2025-05-23 07:30:00+00:00,Things,book:tpop,book:tpop,reading,tpop,0.25,0.25,True,explicit_reading_or_audiobook_duration,0.25,calendar_analysis_duration,,,0.0,the passage of power,finish_0140,2025-05-27,ref_to_finished_title
calendar_analysis_row_029424_part_0,calendar_analysis_row_029424,2025-05-23,2025-05-23 07:30:00+00:00,2025-05-23 07:45:00+00:00,Things,book:refactoring,book:refactoring,reading,refactoring,0.25,0.25,True,explicit_reading_or_audiobook_duration,0.25,calendar_analysis_duration,,,0.0,,,,
calendar_analysis_row_029453_part_0,calendar_analysis_row_029453,2025-05-25,2025-05-25 07:15:00+00:00,2025-05-25 08:00:00+00:00,Things,Book:tpop,Book:tpop,reading,tpop,0.75,0.75,True,explicit_reading_or_audiobook_duration,0.75,calendar_analysis_duration,,,0.0,the passage of power,finish_0140,2025-05-27,ref_to_finished_title
calendar_analysis_row_029468_part_0,calendar_analysis_row_029468,2025-05-26,2025-05-26 09:30:00+00:00,2025-05-26 10:00:00+00:00,Things,Book:tpop,Book:tpop,reading,tpop,0.5,0.5,True,explicit_reading_or_audiobook_duration,0.5,calendar_analysis_duration,,,0.0,the passage of power,finish_0140,2025-05-27,ref_to_finished_title
calendar_analysis_row_029480_part_0,calendar_analysis_row_029480,2025-05-27,2025-05-27 05:30:00+00:00,2025-05-27 06:30:00+00:00,Things,Audiobook: tpop,Audiobook: tpop,audiobook,tpop,1.0,1.0,True,explicit_reading_or_audiobook_duration,1.0,calendar_analysis_duration,,,0.0,the passage of power,finish_0140,2025-05-27,ref_to_finished_title
calendar_analysis_row_029482_part_0,calendar_analysis_row_029482,2025-05-27,2025-05-27 07:30:00+00:00,2025-05-27 08:00:00+00:00,Things,Book:tpop,Book:tpop,reading,tpop,0.5,0.5,True,explicit_reading_or_audiobook_duration,0.5,calendar_analysis_duration,,,0.0,the passage of power,finish_0140,2025-05-27,ref_to_finished_title
calendar_analysis_row_029484_part_0,calendar_analysis_row_029484,2025-05-27,2025-05-27 13:30:00+00:00,2025-05-27 14:00:00+00:00,Things,Book:tpop,Book:tpop,reading,tpop,0.5,0.5,True,explicit_reading_or_audiobook_duration,0.5,calendar_analysis_duration,,,0.0,the passage of power,finish_0140,2025-05-27,ref_to_finished_title
calendar_analysis_row_029495_part_0,calendar_analysis_row_029495,2025-05-27,2025-05-27 22:45:00+00:00,2025-05-28 01:00:00+00:00,Things,finished book: the passage of power,finished book: the passage of power,finished,the passage of power,2.25,2.25,True,explicit_finished_book_duration,2.25,calendar_analysis_duration,,,0.0,the passage of power,finish_0140,2025-05-27,finished_event_identity
calendar_analysis_row_029511_part_0,calendar_analysis_row_029511,2025-05-28,2025-05-28 07:30:00+00:00,2025-05-28 07:45:00+00:00,Things,Book:sp,Book:sp,reading,sp,0.25,0.25,True,explicit_reading_or_audiobook_duration,0.25,calendar_analysis_duration,,,0.0,,,,
calendar_analysis_row_029567_part_0,calendar_analysis_row_029567,2025-05-30,2025-05-30 07:45:00+00:00,2025-05-30 08:45:00+00:00,Things,book:tew7dsralp,book:tew7dsralp,reading,tew7dsralp,1.0,1.0,True,explicit_reading_or_audiobook_duration,1.0,calendar_analysis_duration,,,0.0,the Evelyn wood seven day speed reading and learning program,finish_0141,2025-06-03,ref_to_finished_title
calendar_analysis_row_029606_part_0,calendar_analysis_row_029606,2025-06-01,2025-06-01 17:45:00+00:00,2025-06-01 19:00:00+00:00,Things,Book:Kissinger,Book:Kissinger,reading,Kissinger,1.125,1.25,True,explicit_reading_or_audiobook_duration,1.25,full_duration_minor_overlap,Drink,Waste Time,0.125,Kissinger,finish_0143,2025-06-11,ref_to_finished_title
calendar_analysis_row_029609_part_0,calendar_analysis_row_029609,2025-06-01,2025-06-01 20:30:00+00:00,2025-06-01 21:00:00+00:00,Things,Book:rftb,Book:rftb,reading,rftb,0.5,0.5,True,explicit_reading_or_audiobook_duration,0.5,calendar_analysis_duration,,,0.0,racing for the bomb,finish_0142,2025-06-11,ref_to_finished_title
calendar_analysis_row_029612_part_0,calendar_analysis_row_029612,2025-06-01,2025-06-01 23:00:00+00:00,2025-06-01 23:15:00+00:00,Things,Book:rftb,Book:rftb,reading,rftb,0.25,0.25,True,explicit_reading_or_audiobook_duration,0.25,calendar_analysis_duration,,,0.0,racing for the bomb,finish_0142,2025-06-11,ref_to_finished_title
calendar_analysis_row_029628_part_0,calendar_analysis_row_029628,2025-06-02,2025-06-02 17:00:00+00:00,2025-06-02 19:30:00+00:00,Things,Book:Kissinger,Book:Kissinger,reading,Kissinger,2.5,2.5,True,explicit_reading_or_audiobook_duration,2.5,calendar_analysis_duration,,,0.0,Kissinger,finish_0143,2025-06-11,ref_to_finished_title
calendar_analysis_row_029639_part_0,calendar_analysis_row_029639,2025-06-03,2025-06-03 03:45:00+00:00,2025-06-03 04:15:00+00:00,Things,Finished book: the Evelyn wood seven day speed reading and learning program,Finished book: the Evelyn wood seven day speed reading and learning program,finished,the Evelyn wood seven day speed reading and learning program,0.5,0.5,True,explicit_finished_book_duration,0.5,calendar_analysis_duration,,,0.0,the Evelyn wood seven day speed reading and learning program,finish_0141,2025-06-03,finished_event_identity
calendar_analysis_row_029640_part_0,calendar_analysis_row_029640,2025-06-03,2025-06-03 04:15:00+00:00,2025-06-03 04:30:00+00:00,Things,book:htsym,book:htsym,reading,htsym,0.25,0.25,True,explicit_reading_or_audiobook_duration,0.25,calendar_analysis_duration,,,0.0,,,,
calendar_analysis_row_029647_part_0,calendar_analysis_row_029647,2025-06-03,2025-06-03 11:00:00+00:00,2025-06-03 11:15:00+00:00,Things,Book:sp,Book:sp,reading,sp,0.25,0.25,True,explicit_reading_or_audiobook_duration,0.25,calendar_analysis_duration,,,0.0,,,,
calendar_analysis_row_029658_part_0,calendar_analysis_row_029658,2025-06-03,2025-06-03 20:30:00+00:00,2025-06-03 22:00:00+00:00,Things,Book:Kissinger,Book:Kissinger,reading,Kissinger,1.5,1.5,True,explicit_reading_or_audiobook_duration,1.5,calendar_analysis_duration,,,0.0,Kissinger,finish_0143,2025-06-11,ref_to_finished_title
calendar_analysis_row_029661_part_0,calendar_analysis_row_029661,2025-06-03,2025-06-03 22:30:00+00:00,2025-06-03 22:45:00+00:00,Things,Book:sp,Book:sp,reading,sp,0.25,0.25,True,explicit_reading_or_audiobook_duration,0.25,calendar_analysis_duration,,,0.0,,,,
calendar_analysis_row_029672_part_0,calendar_analysis_row_029672,2025-06-04,2025-06-04 03:45:00+00:00,2025-06-04 04:15:00+00:00,Things,Book:htsym,Book:htsym,reading,htsym,0.5,0.5,True,explicit_reading_or_audiobook_duration,0.5,calendar_analysis_duration,,,0.0,,,,
calendar_analysis_row_029682_part_0,calendar_analysis_row_029682,2025-06-04,2025-06-04 17:30:00+00:00,2025-06-04 18:30:00+00:00,Things,Book:hollm,Book:hollm,reading,hollm,1.0,1.0,True,explicit_reading_or_audiobook_duration,1.0,calendar_analysis_duration,,,0.0,,,,
calendar_analysis_row_029685_part_0,calendar_analysis_row_029685,2025-06-04,2025-06-04 22:30:00+00:00,2025-06-04 22:45:00+00:00,Things,Book:holllm,Book:holllm,reading,holllm,0.25,0.25,True,explicit_reading_or_audiobook_duration,0.25,calendar_analysis_duration,,,0.0,,,,
calendar_analysis_row_029692_part_0,calendar_analysis_row_029692,2025-06-05,2025-06-05 04:45:00+00:00,2025-06-05 05:00:00+00:00,Things,Book:sp,Book:sp,reading,sp,0.25,0.25,True,explicit_reading_or_audiobook_duration,0.25,calendar_analysis_duration,,,0.0,,,,
calendar_analysis_row_029715_part_0,calendar_analysis_row_029715,2025-06-05,2025-06-05 18:15:00+00:00,2025-06-05 18:30:00+00:00,Waste Time,Book:rftb,Book:rftb,reading,rftb,0.25,0.25,True,explicit_reading_or_audiobook_duration,0.25,calendar_analysis_duration,,,0.0,racing for the bomb,finish_0142,2025-06-11,ref_to_finished_title
calendar_analysis_row_029723_part_0,calendar_analysis_row_029723,2025-06-05,2025-06-05 22:45:00+00:00,2025-06-05 23:00:00+00:00,Things,book:tpb,book:tpb,reading,tpb,0.25,0.25,True,explicit_reading_or_audiobook_duration,0.25,calendar_analysis_duration,,,0.0,the power broker,finish_0174,2025-12-04,ref_to_finished_title
calendar_analysis_row_029724_part_0,calendar_analysis_row_029724,2025-06-05,2025-06-05 23:00:00+00:00,2025-06-05 23:15:00+00:00,Things,Book:rftb,Book:rftb,reading,rftb,0.25,0.25,True,explicit_reading_or_audiobook_duration,0.25,calendar_analysis_duration,,,0.0,racing for the bomb,finish_0142,2025-06-11,ref_to_finished_title
calendar_analysis_row_029732_part_0,calendar_analysis_row_029732,2025-06-06,2025-06-06 04:45:00+00:00,2025-06-06 05:00:00+00:00,Things,Book:htsym,Book:htsym,reading,htsym,0.25,0.25,True,explicit_reading_or_audiobook_duration,0.25,calendar_analysis_duration,,,0.0,,,,
calendar_analysis_row_029739_part_0,calendar_analysis_row_029739,2025-06-06,2025-06-06 09:45:00+00:00,2025-06-06 10:00:00+00:00,Things,Book:sp,Book:sp,reading,sp,0.25,0.25,True,explicit_reading_or_audiobook_duration,0.25,calendar_analysis_duration,,,0.0,,,,
calendar_analysis_row_029748_part_0,calendar_analysis_row_029748,2025-06-06,2025-06-06 19:00:00+00:00,2025-06-06 20:30:00+00:00,Things,Book:Kissinger,Book:Kissinger,reading,Kissinger,1.5,1.5,True,explicit_reading_or_audiobook_duration,1.5,calendar_analysis_duration,,,0.0,Kissinger,finish_0143,2025-06-11,ref_to_finished_title
calendar_analysis_row_029778_part_0,calendar_analysis_row_029778,2025-06-07,2025-06-07 21:00:00+00:00,2025-06-07 21:45:00+00:00,Things,Book:Kissinger,Book:Kissinger,reading,Kissinger,0.75,0.75,True,explicit_reading_or_audiobook_duration,0.75,calendar_analysis_duration,,,0.0,Kissinger,finish_0143,2025-06-11,ref_to_finished_title
calendar_analysis_row_029807_part_0,calendar_analysis_row_029807,2025-06-08,2025-06-08 18:15:00+00:00,2025-06-08 18:45:00+00:00,Things,Book:rftb,Book:rftb,reading,rftb,0.5,0.5,True,explicit_reading_or_audiobook_duration,0.5,calendar_analysis_duration,,,0.0,racing for the bomb,finish_0142,2025-06-11,ref_to_finished_title
calendar_analysis_row_029817_part_0,calendar_analysis_row_029817,2025-06-09,2025-06-09 03:15:00+00:00,2025-06-09 04:45:00+00:00,Things,Book:rftb,Book:rftb,reading,rftb,1.5,1.5,True,explicit_reading_or_audiobook_duration,1.5,calendar_analysis_duration,,,0.0,racing for the bomb,finish_0142,2025-06-11,ref_to_finished_title
calendar_analysis_row_029818_part_0,calendar_analysis_row_029818,2025-06-09,2025-06-09 04:45:00+00:00,2025-06-09 05:15:00+00:00,Things,Book:bureaucracy,Book:bureaucracy,reading,bureaucracy,0.5,0.5,True,explicit_reading_or_audiobook_duration,0.5,calendar_analysis_duration,,,0.0,bureaucracy,finish_0144,2025-06-17,ref_to_finished_title
calendar_analysis_row_029828_part_0,calendar_analysis_row_029828,2025-06-09,2025-06-09 15:30:00+00:00,2025-06-09 16:00:00+00:00,Things,Book:rftb,Book:rftb,reading,rftb,0.5,0.5,True,explicit_reading_or_audiobook_duration,0.5,calendar_analysis_duration,,,0.0,racing for the bomb,finish_0142,2025-06-11,ref_to_finished_title
calendar_analysis_row_029829_part_0,calendar_analysis_row_029829,2025-06-09,2025-06-09 16:15:00+00:00,2025-06-09 16:30:00+00:00,Things,Book:rftb,Book:rftb,reading,rftb,0.25,0.25,True,explicit_reading_or_audiobook_duration,0.25,calendar_analysis_duration,,,0.0,racing for the bomb,finish_0142,2025-06-11,ref_to_finished_title
calendar_analysis_row_029841_part_0,calendar_analysis_row_029841,2025-06-09,2025-06-09 21:45:00+00:00,2025-06-09 22:30:00+00:00,Things,Book:rftb,Book:rftb,reading,rftb,0.75,0.75,True,explicit_reading_or_audiobook_duration,0.75,calendar_analysis_duration,,,0.0,racing for the bomb,finish_0142,2025-06-11,ref_to_finished_title
calendar_analysis_row_029848_part_0,calendar_analysis_row_029848,2025-06-10,2025-06-10 04:30:00+00:00,2025-06-10 05:15:00+00:00,Things,Book:rftb,Book:rftb,reading,rftb,0.75,0.75,True,explicit_reading_or_audiobook_duration,0.75,calendar_analysis_duration,,,0.0,racing for the bomb,finish_0142,2025-06-11,ref_to_finished_title
calendar_analysis_row_029854_part_0,calendar_analysis_row_029854,2025-06-10,2025-06-10 12:15:00+00:00,2025-06-10 13:15:00+00:00,Things,Book:rftb,Book:rftb,reading,rftb,1.0,1.0,True,explicit_reading_or_audiobook_duration,1.0,calendar_analysis_duration,,,0.0,racing for the bomb,finish_0142,2025-06-11,ref_to_finished_title
calendar_analysis_row_029859_part_0,calendar_analysis_row_029859,2025-06-10,2025-06-10 16:30:00+00:00,2025-06-10 16:45:00+00:00,Things,Book:rftb,Book:rftb,reading,rftb,0.25,0.25,True,explicit_reading_or_audiobook_duration,0.25,calendar_analysis_duration,,,0.0,racing for the bomb,finish_0142,2025-06-11,ref_to_finished_title
calendar_analysis_row_029862_part_0,calendar_analysis_row_029862,2025-06-10,2025-06-10 20:30:00+00:00,2025-06-10 20:45:00+00:00,Things,Book:rftb,Book:rftb,reading,rftb,0.25,0.25,True,explicit_reading_or_audiobook_duration,0.25,calendar_analysis_duration,,,0.0,racing for the bomb,finish_0142,2025-06-11,ref_to_finished_title
calendar_analysis_row_029879_part_0,calendar_analysis_row_029879,2025-06-11,2025-06-11 03:15:00+00:00,2025-06-11 04:30:00+00:00,Things,Finished book: racing for the bomb,Finished book: racing for the bomb,finished,racing for the bomb,1.25,1.25,True,explicit_finished_book_duration,1.25,calendar_analysis_duration,,,0.0,racing for the bomb,finish_0142,2025-06-11,finished_event_identity
calendar_analysis_row_029880_part_0,calendar_analysis_row_029880,2025-06-11,2025-06-11 04:30:00+00:00,2025-06-11 05:00:00+00:00,Things,Book:bureaucracy,Book:bureaucracy,reading,bureaucracy,0.5,0.5,True,explicit_reading_or_audiobook_duration,0.5,calendar_analysis_duration,,,0.0,bureaucracy,finish_0144,2025-06-17,ref_to_finished_title
calendar_analysis_row_029887_part_0,calendar_analysis_row_029887,2025-06-11,2025-06-11 12:30:00+00:00,2025-06-11 12:45:00+00:00,Things,Book:bureaucracy,Book:bureaucracy,reading,bureaucracy,0.25,0.25,True,explicit_reading_or_audiobook_duration,0.25,calendar_analysis_duration,,,0.0,bureaucracy,finish_0144,2025-06-17,ref_to_finished_title
calendar_analysis_row_029890_part_0,calendar_analysis_row_029890,2025-06-11,2025-06-11 13:15:00+00:00,2025-06-11 14:15:00+00:00,Things,Book:bureaucracy,Book:bureaucracy,reading,bureaucracy,1.0,1.0,True,explicit_reading_or_audiobook_duration,1.0,calendar_analysis_duration,,,0.0,bureaucracy,finish_0144,2025-06-17,ref_to_finished_title
calendar_analysis_row_029899_part_0,calendar_analysis_row_029899,2025-06-11,2025-06-11 18:45:00+00:00,2025-06-11 19:15:00+00:00,Things,Finished book: Kissinger,Finished book: Kissinger,finished,Kissinger,0.5,0.5,True,explicit_finished_book_duration,0.5,calendar_analysis_duration,,,0.0,Kissinger,finish_0143,2025-06-11,finished_event_identity
calendar_analysis_row_029923_part_0,calendar_analysis_row_029923,2025-06-12,2025-06-12 13:45:00+00:00,2025-06-12 14:30:00+00:00,Things,Book:bureaucracy,Book:bureaucracy,reading,bureaucracy,0.75,0.75,True,explicit_reading_or_audiobook_duration,0.75,calendar_analysis_duration,,,0.0,bureaucracy,finish_0144,2025-06-17,ref_to_finished_title
calendar_analysis_row_029929_part_0,calendar_analysis_row_029929,2025-06-12,2025-06-12 16:45:00+00:00,2025-06-12 17:45:00+00:00,Things,Book:bureaucracy,Book:bureaucracy,reading,bureaucracy,1.0,1.0,True,explicit_reading_or_audiobook_duration,1.0,calendar_analysis_duration,,,0.0,bureaucracy,finish_0144,2025-06-17,ref_to_finished_title
calendar_analysis_row_029932_part_0,calendar_analysis_row_029932,2025-06-12,2025-06-12 18:45:00+00:00,2025-06-12 19:15:00+00:00,Things,Book:bureaucracy,Book:bureaucracy,reading,bureaucracy,0.5,0.5,True,explicit_reading_or_audiobook_duration,0.5,calendar_analysis_duration,,,0.0,bureaucracy,finish_0144,2025-06-17,ref_to_finished_title
calendar_analysis_row_029935_part_0,calendar_analysis_row_029935,2025-06-12,2025-06-12 20:15:00+00:00,2025-06-12 21:15:00+00:00,Waste Time,book:httyd,book:httyd,reading,httyd,1.0,1.0,True,explicit_reading_or_audiobook_duration,1.0,calendar_analysis_duration,,,0.0,,,,
calendar_analysis_row_029940_part_0,calendar_analysis_row_029940,2025-06-12,2025-06-12 23:30:00+00:00,2025-06-13 00:00:00+00:00,Things,Book:bureaucracy,Book:bureaucracy,reading,bureaucracy,0.5,0.5,True,explicit_reading_or_audiobook_duration,0.5,calendar_analysis_duration,,,0.0,bureaucracy,finish_0144,2025-06-17,ref_to_finished_title
calendar_analysis_row_029943_part_0,calendar_analysis_row_029943,2025-06-13,2025-06-13 02:30:00+00:00,2025-06-13 02:45:00+00:00,Things,Book:bureaucracy,Book:bureaucracy,reading,bureaucracy,0.25,0.25,True,explicit_reading_or_audiobook_duration,0.25,calendar_analysis_duration,,,0.0,bureaucracy,finish_0144,2025-06-17,ref_to_finished_title
calendar_analysis_row_029946_part_0,calendar_analysis_row_029946,2025-06-13,2025-06-13 04:15:00+00:00,2025-06-13 05:00:00+00:00,Things,Book:bureaucracy,Book:bureaucracy,reading,bureaucracy,0.75,0.75,True,explicit_reading_or_audiobook_duration,0.75,calendar_analysis_duration,,,0.0,bureaucracy,finish_0144,2025-06-17,ref_to_finished_title
calendar_analysis_row_029953_part_0,calendar_analysis_row_029953,2025-06-13,2025-06-13 14:00:00+00:00,2025-06-13 14:30:00+00:00,Things,Book:bureaucracy,Book:bureaucracy,reading,bureaucracy,0.5,0.5,True,explicit_reading_or_audiobook_duration,0.5,calendar_analysis_duration,,,0.0,bureaucracy,finish_0144,2025-06-17,ref_to_finished_title
calendar_analysis_row_029954_part_0,calendar_analysis_row_029954,2025-06-13,2025-06-13 14:45:00+00:00,2025-06-13 15:15:00+00:00,Things,Book:bureaucracy,Book:bureaucracy,reading,bureaucracy,0.5,0.5,True,explicit_reading_or_audiobook_duration,0.5,calendar_analysis_duration,,,0.0,bureaucracy,finish_0144,2025-06-17,ref_to_finished_title
calendar_analysis_row_030004_part_0,calendar_analysis_row_030004,2025-06-15,2025-06-15 21:30:00+00:00,2025-06-15 23:30:00+00:00,Things,Book:bureaucracy,Book:bureaucracy,reading,bureaucracy,2.0,2.0,True,explicit_reading_or_audiobook_duration,2.0,calendar_analysis_duration,,,0.0,bureaucracy,finish_0144,2025-06-17,ref_to_finished_title
calendar_analysis_row_030036_part_0,calendar_analysis_row_030036,2025-06-17,2025-06-17 08:30:00+00:00,2025-06-17 09:00:00+00:00,Things,Book:bureaucracy,Book:bureaucracy,reading,bureaucracy,0.5,0.5,True,explicit_reading_or_audiobook_duration,0.5,calendar_analysis_duration,,,0.0,bureaucracy,finish_0144,2025-06-17,ref_to_finished_title
calendar_analysis_row_030039_part_0,calendar_analysis_row_030039,2025-06-17,2025-06-17 15:00:00+00:00,2025-06-17 15:15:00+00:00,Things,Finished book: bureaucracy,Finished book: bureaucracy,finished,bureaucracy,0.125,0.25,True,explicit_finished_book_duration,0.25,full_duration_minor_overlap,Amelia,Things,0.125,bureaucracy,finish_0144,2025-06-17,finished_event_identity
calendar_analysis_row_030040_part_0,calendar_analysis_row_030040,2025-06-17,2025-06-17 15:30:00+00:00,2025-06-17 16:00:00+00:00,Things,book:htiymwtai,book:htiymwtai,reading,htiymwtai,0.5,0.5,True,explicit_reading_or_audiobook_duration,0.5,calendar_analysis_duration,,,0.0,how to improve your marriage without talking about it,finish_0147,2025-06-30,ref_to_finished_title
calendar_analysis_row_030080_part_0,calendar_analysis_row_030080,2025-06-19,2025-06-19 06:15:00+00:00,2025-06-19 07:15:00+00:00,Things,Book:htiymwtai,Book:htiymwtai,reading,htiymwtai,1.0,1.0,True,explicit_reading_or_audiobook_duration,1.0,calendar_analysis_duration,,,0.0,how to improve your marriage without talking about it,finish_0147,2025-06-30,ref_to_finished_title
calendar_analysis_row_030082_part_0,calendar_analysis_row_030082,2025-06-19,2025-06-19 14:30:00+00:00,2025-06-19 15:00:00+00:00,Things,Book:htiymwtai,Book:htiymwtai,reading,htiymwtai,0.5,0.5,True,explicit_reading_or_audiobook_duration,0.5,calendar_analysis_duration,,,0.0,how to improve your marriage without talking about it,finish_0147,2025-06-30,ref_to_finished_title
calendar_analysis_row_030105_part_0,calendar_analysis_row_030105,2025-06-20,2025-06-20 04:45:00+00:00,2025-06-20 06:15:00+00:00,Waste Time,Finished book: theory and practice of gamesmanship,Finished book: theory and practice of gamesmanship,finished,theory and practice of gamesmanship,1.25,1.5,True,explicit_finished_book_duration,1.5,full_duration_minor_overlap,Amelia,Things,0.25,theory and practice of gamesmanship,finish_0145,2025-06-20,finished_event_identity
calendar_analysis_row_030115_part_0,calendar_analysis_row_030115,2025-06-20,2025-06-20 18:30:00+00:00,2025-06-20 19:00:00+00:00,Things,Book:sp,Book:sp,reading,sp,0.5,0.5,True,explicit_reading_or_audiobook_duration,0.5,calendar_analysis_duration,,,0.0,,,,
calendar_analysis_row_030149_part_0,calendar_analysis_row_030149,2025-06-22,2025-06-22 07:00:00+00:00,2025-06-22 07:30:00+00:00,Things,Book:tmotab,Book:tmotab,reading,tmotab,0.5,0.5,True,explicit_reading_or_audiobook_duration,0.5,calendar_analysis_duration,,,0.0,the making of the atomic bomb,finish_0146,2025-06-24,ref_to_finished_title
calendar_analysis_row_030153_part_0,calendar_analysis_row_030153,2025-06-22,2025-06-22 14:30:00+00:00,2025-06-22 15:00:00+00:00,Things,Book:tmotab,Book:tmotab,reading,tmotab,0.5,0.5,True,explicit_reading_or_audiobook_duration,0.5,calendar_analysis_duration,,,0.0,the making of the atomic bomb,finish_0146,2025-06-24,ref_to_finished_title
calendar_analysis_row_030162_part_0,calendar_analysis_row_030162,2025-06-22,2025-06-22 22:15:00+00:00,2025-06-22 23:15:00+00:00,Things,Book:tmotab,Book:tmotab,reading,tmotab,1.0,1.0,True,explicit_reading_or_audiobook_duration,1.0,calendar_analysis_duration,,,0.0,the making of the atomic bomb,finish_0146,2025-06-24,ref_to_finished_title
calendar_analysis_row_030188_part_0,calendar_analysis_row_030188,2025-06-23,2025-06-23 19:45:00+00:00,2025-06-23 21:30:00+00:00,Things,book:tmotab,book:tmotab,reading,tmotab,1.625,1.75,True,explicit_reading_or_audiobook_duration,1.75,full_duration_minor_overlap,lunch,"Meals, Supplements, Sleep",0.125,the making of the atomic bomb,finish_0146,2025-06-24,ref_to_finished_title
calendar_analysis_row_030191_part_0,calendar_analysis_row_030191,2025-06-23,2025-06-23 21:45:00+00:00,2025-06-23 23:30:00+00:00,Things,book:tmotab,book:tmotab,reading,tmotab,1.75,1.75,True,explicit_reading_or_audiobook_duration,1.75,calendar_analysis_duration,,,0.0,the making of the atomic bomb,finish_0146,2025-06-24,ref_to_finished_title
calendar_analysis_row_030194_part_0,calendar_analysis_row_030194,2025-06-24,2025-06-24 01:30:00+00:00,2025-06-24 05:00:00+00:00,Things,Book:tmotab,Book:tmotab,reading,tmotab,3.5,3.5,True,explicit_reading_or_audiobook_duration,3.5,calendar_analysis_duration,,,0.0,the making of the atomic bomb,finish_0146,2025-06-24,ref_to_finished_title
calendar_analysis_row_030197_part_0,calendar_analysis_row_030197,2025-06-24,2025-06-24 05:45:00+00:00,2025-06-24 10:00:00+00:00,Things,book:tmotab,book:tmotab,reading,tmotab,4.125,4.25,True,explicit_reading_or_audiobook_duration,4.25,full_duration_minor_overlap,food,"Meals, Supplements, Sleep",0.125,the making of the atomic bomb,finish_0146,2025-06-24,ref_to_finished_title
calendar_analysis_row_030203_part_0,calendar_analysis_row_030203,2025-06-24,2025-06-24 18:45:00+00:00,2025-06-24 19:00:00+00:00,Things,book:tmotab,book:tmotab,reading,tmotab,0.25,0.25,True,explicit_reading_or_audiobook_duration,0.25,calendar_analysis_duration,,,0.0,the making of the atomic bomb,finish_0146,2025-06-24,ref_to_finished_title
calendar_analysis_row_030212_part_0,calendar_analysis_row_030212,2025-06-24,2025-06-24 21:15:00+00:00,2025-06-25 00:15:00+00:00,Things,Finished book: the making of the atomic bomb,Finished book: the making of the atomic bomb,finished,the making of the atomic bomb,3.0,3.0,True,explicit_finished_book_duration,3.0,calendar_analysis_duration,,,0.0,the making of the atomic bomb,finish_0146,2025-06-24,finished_event_identity
calendar_analysis_row_030224_part_0,calendar_analysis_row_030224,2025-06-25,2025-06-25 07:15:00+00:00,2025-06-25 08:00:00+00:00,Things,book:tp,book:tp,reading,tp,0.75,0.75,True,explicit_reading_or_audiobook_duration,0.75,calendar_analysis_duration,,,0.0,,,,
calendar_analysis_row_030301_part_0,calendar_analysis_row_030301,2025-06-30,2025-06-30 05:45:00+00:00,2025-06-30 06:00:00+00:00,Things,Finished book: how to improve your marriage without talking about it,Finished book: how to improve your marriage without talking about it,finished,how to improve your marriage without talking about it,0.25,0.25,True,explicit_finished_book_duration,0.25,calendar_analysis_duration,,,0.0,how to improve your marriage without talking about it,finish_0147,2025-06-30,finished_event_identity
calendar_analysis_row_030302_part_0,calendar_analysis_row_030302,2025-06-30,2025-06-30 06:00:00+00:00,2025-06-30 06:15:00+00:00,Things,Book:tp,Book:tp,reading,tp,0.25,0.25,True,explicit_reading_or_audiobook_duration,0.25,calendar_analysis_duration,,,0.0,,,,
calendar_analysis_row_030305_part_0,calendar_analysis_row_030305,2025-06-30,2025-06-30 06:45:00+00:00,2025-06-30 08:30:00+00:00,Things,book:ds,book:ds,reading,ds,1.75,1.75,True,explicit_reading_or_audiobook_duration,1.75,calendar_analysis_duration,,,0.0,dark sun,finish_0148,2025-07-06,ref_to_finished_title
calendar_analysis_row_030336_part_0,calendar_analysis_row_030336,2025-07-01,2025-07-01 05:30:00+00:00,2025-07-01 06:45:00+00:00,Things,Book:ds,Book:ds,reading,ds,1.25,1.25,True,explicit_reading_or_audiobook_duration,1.25,calendar_analysis_duration,,,0.0,dark sun,finish_0148,2025-07-06,ref_to_finished_title
calendar_analysis_row_030349_part_0,calendar_analysis_row_030349,2025-07-01,2025-07-01 22:00:00+00:00,2025-07-01 23:45:00+00:00,Things,book:ds,book:ds,reading,ds,1.75,1.75,True,explicit_reading_or_audiobook_duration,1.75,calendar_analysis_duration,,,0.0,dark sun,finish_0148,2025-07-06,ref_to_finished_title
calendar_analysis_row_030377_part_0,calendar_analysis_row_030377,2025-07-03,2025-07-03 05:30:00+00:00,2025-07-03 08:45:00+00:00,Things,Book:ds,Book:ds,reading,ds,3.25,3.25,True,explicit_reading_or_audiobook_duration,3.25,calendar_analysis_duration,,,0.0,dark sun,finish_0148,2025-07-06,ref_to_finished_title
calendar_analysis_row_030411_part_0,calendar_analysis_row_030411,2025-07-04,2025-07-04 09:30:00+00:00,2025-07-04 10:00:00+00:00,Things,Book:ds,Book:ds,reading,ds,0.5,0.5,True,explicit_reading_or_audiobook_duration,0.5,calendar_analysis_duration,,,0.0,dark sun,finish_0148,2025-07-06,ref_to_finished_title
calendar_analysis_row_030414_part_0,calendar_analysis_row_030414,2025-07-04,2025-07-04 17:30:00+00:00,2025-07-04 18:00:00+00:00,Things,Book:ds,Book:ds,reading,ds,0.5,0.5,True,explicit_reading_or_audiobook_duration,0.5,calendar_analysis_duration,,,0.0,dark sun,finish_0148,2025-07-06,ref_to_finished_title
calendar_analysis_row_030417_part_0,calendar_analysis_row_030417,2025-07-04,2025-07-04 19:00:00+00:00,2025-07-04 21:00:00+00:00,Things,Book:ds,Book:ds,reading,ds,2.0,2.0,True,explicit_reading_or_audiobook_duration,2.0,calendar_analysis_duration,,,0.0,dark sun,finish_0148,2025-07-06,ref_to_finished_title
calendar_analysis_row_030433_part_0,calendar_analysis_row_030433,2025-07-05,2025-07-05 07:15:00+00:00,2025-07-05 08:15:00+00:00,Things,Book:ds,Book:ds,reading,ds,1.0,1.0,True,explicit_reading_or_audiobook_duration,1.0,calendar_analysis_duration,,,0.0,dark sun,finish_0148,2025-07-06,ref_to_finished_title
calendar_analysis_row_030447_part_0,calendar_analysis_row_030447,2025-07-05,2025-07-05 20:15:00+00:00,2025-07-05 21:30:00+00:00,Things,book:ds,book:ds,reading,ds,1.125,1.25,True,explicit_reading_or_audiobook_duration,1.25,full_duration_minor_overlap,discord | twitter,Waste Time,0.125,dark sun,finish_0148,2025-07-06,ref_to_finished_title
calendar_analysis_row_030453_part_0,calendar_analysis_row_030453,2025-07-05,2025-07-05 23:15:00+00:00,2025-07-05 23:45:00+00:00,Things,Book:ds,Book:ds,reading,ds,0.5,0.5,True,explicit_reading_or_audiobook_duration,0.5,calendar_analysis_duration,,,0.0,dark sun,finish_0148,2025-07-06,ref_to_finished_title
calendar_analysis_row_030459_part_0,calendar_analysis_row_030459,2025-07-06,2025-07-06 01:15:00+00:00,2025-07-06 02:15:00+00:00,Things,Book:ds,Book:ds,reading,ds,1.0,1.0,True,explicit_reading_or_audiobook_duration,1.0,calendar_analysis_duration,,,0.0,dark sun,finish_0148,2025-07-06,ref_to_finished_title
calendar_analysis_row_030464_part_0,calendar_analysis_row_030464,2025-07-06,2025-07-06 04:30:00+00:00,2025-07-06 06:00:00+00:00,Things,Finished book: dark sun,Finished book: dark sun,finished,dark sun,1.5,1.5,True,explicit_finished_book_duration,1.5,calendar_analysis_duration,,,0.0,dark sun,finish_0148,2025-07-06,finished_event_identity
calendar_analysis_row_030469_part_0,calendar_analysis_row_030469,2025-07-06,2025-07-06 11:15:00+00:00,2025-07-06 11:30:00+00:00,Things,book:nicbt,book:nicbt,reading,nicbt,0.25,0.25,True,explicit_reading_or_audiobook_duration,0.25,calendar_analysis_duration,,,0.0,Now It Can Be Told,finish_0184,2026-01-19,ref_to_finished_title
calendar_analysis_row_030470_part_0,calendar_analysis_row_030470,2025-07-06,2025-07-06 11:30:00+00:00,2025-07-06 11:45:00+00:00,Things,book:finao,book:finao,reading,finao,0.25,0.25,True,explicit_reading_or_audiobook_duration,0.25,calendar_analysis_duration,,,0.0,failure is not an option,finish_0153,2025-07-28,ref_to_finished_title
calendar_analysis_row_030482_part_0,calendar_analysis_row_030482,2025-07-06,2025-07-06 22:00:00+00:00,2025-07-06 22:30:00+00:00,Things,book:srthmk,book:srthmk,reading,srthmk,0.5,0.5,True,explicit_reading_or_audiobook_duration,0.5,calendar_analysis_duration,,,0.0,selfish reasons to have more kids,finish_0150,2025-07-12,ref_to_finished_title
calendar_analysis_row_030486_part_0,calendar_analysis_row_030486,2025-07-07,2025-07-07 01:00:00+00:00,2025-07-07 02:00:00+00:00,Things,Book:srthmk,Book:srthmk,reading,srthmk,0.875,1.0,True,explicit_reading_or_audiobook_duration,1.0,full_duration_minor_overlap,anki,clark.benham@gmail.com,0.125,selfish reasons to have more kids,finish_0150,2025-07-12,ref_to_finished_title
calendar_analysis_row_030523_part_0,calendar_analysis_row_030523,2025-07-08,2025-07-08 07:30:00+00:00,2025-07-08 07:45:00+00:00,Things,Book,Book,generic,,0.25,0.25,False,generic_temporal_read_not_counted_by_default,0.25,calendar_analysis_duration,,,0.0,Mathematics for Machine Learning,finish_0149,2025-07-09,generic_temporal
calendar_analysis_row_030545_part_0,calendar_analysis_row_030545,2025-07-09,2025-07-09 05:00:00+00:00,2025-07-09 06:45:00+00:00,clark.benham@gmail.com,gd&t book,gd&t book,reading,gd&t,1.75,1.75,True,explicit_reading_or_audiobook_duration,1.75,calendar_analysis_duration,,,0.0,,,,
calendar_analysis_row_030549_part_0,calendar_analysis_row_030549,2025-07-09,2025-07-09 07:45:00+00:00,2025-07-09 08:00:00+00:00,Things,read: asme y14.41,read: asme y14.41,reading,asme y14.41,0.25,0.25,True,explicit_reading_or_audiobook_duration,0.25,calendar_analysis_duration,,,0.0,reading asme y14.41,finish_0151,2025-07-15,ref_to_finished_title
calendar_analysis_row_030554_part_0,calendar_analysis_row_030554,2025-07-09,2025-07-09 12:30:00+00:00,2025-07-09 13:00:00+00:00,Things,book:ay,book:ay,reading,ay,0.25,0.5,True,explicit_reading_or_audiobook_duration,0.5,full_duration_minor_overlap,sleep,"Meals, Supplements, Sleep",0.25,,,,
calendar_analysis_row_030562_part_0,calendar_analysis_row_030562,2025-07-09,2025-07-09 18:45:00+00:00,2025-07-09 19:30:00+00:00,clark.benham@gmail.com,finished book: mathematics for machine learning,finished book: mathematics for machine learning,finished,mathematics for machine learning,0.75,0.75,True,explicit_finished_book_duration,0.75,calendar_analysis_duration,,,0.0,Mathematics for Machine Learning,finish_0149,2025-07-09,finished_event_identity
calendar_analysis_row_030582_part_0,calendar_analysis_row_030582,2025-07-10,2025-07-10 07:45:00+00:00,2025-07-10 08:00:00+00:00,Things,read: asme y14.41,read: asme y14.41,reading,asme y14.41,0.25,0.25,True,explicit_reading_or_audiobook_duration,0.25,calendar_analysis_duration,,,0.0,reading asme y14.41,finish_0151,2025-07-15,ref_to_finished_title
calendar_analysis_row_030602_part_0,calendar_analysis_row_030602,2025-07-11,2025-07-11 08:45:00+00:00,2025-07-11 10:30:00+00:00,Things,book:finao,book:finao,reading,finao,1.5,1.75,True,explicit_reading_or_audiobook_duration,1.75,full_duration_minor_overlap,failed sleep | food,"Meals, Supplements, Sleep",0.25,failure is not an option,finish_0153,2025-07-28,ref_to_finished_title
calendar_analysis_row_030605_part_0,calendar_analysis_row_030605,2025-07-11,2025-07-11 10:30:00+00:00,2025-07-11 10:45:00+00:00,Things,read: asme y14.41,read: asme y14.41,reading,asme y14.41,0.25,0.25,True,explicit_reading_or_audiobook_duration,0.25,calendar_analysis_duration,,,0.0,reading asme y14.41,finish_0151,2025-07-15,ref_to_finished_title
calendar_analysis_row_030629_part_0,calendar_analysis_row_030629,2025-07-12,2025-07-12 14:45:00+00:00,2025-07-12 15:00:00+00:00,Things,Finished: selfish reasons to have more kids,Finished: selfish reasons to have more kids,finished,selfish reasons to have more kids,0.25,0.25,True,bare_finished_marker_with_book_ref_duration,0.25,calendar_analysis_duration,,,0.0,selfish reasons to have more kids,finish_0150,2025-07-12,finished_event_identity
calendar_analysis_row_030632_part_0,calendar_analysis_row_030632,2025-07-12,2025-07-12 16:00:00+00:00,2025-07-12 17:00:00+00:00,Things,Audio book:  tpb,Audio book:  tpb,audiobook,tpb,0.5,1.0,True,explicit_reading_or_audiobook_duration,1.0,full_duration_compatible_overlap,Walk,Things,0.5,the power broker,finish_0174,2025-12-04,ref_to_finished_title
calendar_analysis_row_030669_part_0,calendar_analysis_row_030669,2025-07-13,2025-07-13 19:30:00+00:00,2025-07-13 21:15:00+00:00,Things,book:finao,book:finao,reading,finao,1.625,1.75,True,explicit_reading_or_audiobook_duration,1.75,full_duration_minor_overlap,lunch,"Meals, Supplements, Sleep",0.125,failure is not an option,finish_0153,2025-07-28,ref_to_finished_title
calendar_analysis_row_030688_part_0,calendar_analysis_row_030688,2025-07-14,2025-07-14 06:00:00+00:00,2025-07-14 06:30:00+00:00,Things,book:edad,book:edad,reading,edad,0.5,0.5,True,explicit_reading_or_audiobook_duration,0.5,calendar_analysis_duration,,,0.0,,,,
calendar_analysis_row_030695_part_0,calendar_analysis_row_030695,2025-07-14,2025-07-14 07:45:00+00:00,2025-07-14 08:00:00+00:00,Things,Read: gd&t,Read: gd&t,reading,gd&t,0.25,0.25,True,explicit_reading_or_audiobook_duration,0.25,calendar_analysis_duration,,,0.0,,,,
calendar_analysis_row_030725_part_0,calendar_analysis_row_030725,2025-07-15,2025-07-15 09:45:00+00:00,2025-07-15 10:00:00+00:00,Things,Finished reading asme y14.41,Finished reading asme y14.41,finished,reading asme y14.41,0.25,0.25,True,bare_finished_marker_with_book_ref_duration,0.25,calendar_analysis_duration,,,0.0,reading asme y14.41,finish_0151,2025-07-15,finished_event_identity
calendar_analysis_row_030735_part_0,calendar_analysis_row_030735,2025-07-15,2025-07-15 20:15:00+00:00,2025-07-15 20:30:00+00:00,clark.benham@gmail.com,read hyperparms,read hyperparms,reading,hyperparms,0.25,0.25,True,explicit_reading_or_audiobook_duration,0.25,calendar_analysis_duration,,,0.0,,,,
calendar_analysis_row_030775_part_0,calendar_analysis_row_030775,2025-07-16,2025-07-16 21:15:00+00:00,2025-07-16 21:30:00+00:00,Things,book:sp,book:sp,reading,sp,0.25,0.25,True,explicit_reading_or_audiobook_duration,0.25,calendar_analysis_duration,,,0.0,,,,
calendar_analysis_row_030806_part_0,calendar_analysis_row_030806,2025-07-18,2025-07-18 04:15:00+00:00,2025-07-18 04:30:00+00:00,Things,Book:finao,Book:finao,reading,finao,0.25,0.25,True,explicit_reading_or_audiobook_duration,0.25,calendar_analysis_duration,,,0.0,failure is not an option,finish_0153,2025-07-28,ref_to_finished_title
calendar_analysis_row_030809_part_0,calendar_analysis_row_030809,2025-07-18,2025-07-18 05:30:00+00:00,2025-07-18 07:30:00+00:00,Things,Book:finao,Book:finao,reading,finao,2.0,2.0,True,explicit_reading_or_audiobook_duration,2.0,calendar_analysis_duration,,,0.0,failure is not an option,finish_0153,2025-07-28,ref_to_finished_title
calendar_analysis_row_030838_part_0,calendar_analysis_row_030838,2025-07-19,2025-07-19 05:15:00+00:00,2025-07-19 05:30:00+00:00,Things,Book:edad,Book:edad,reading,edad,0.25,0.25,True,explicit_reading_or_audiobook_duration,0.25,calendar_analysis_duration,,,0.0,,,,
calendar_analysis_row_030841_part_0,calendar_analysis_row_030841,2025-07-19,2025-07-19 10:45:00+00:00,2025-07-19 11:00:00+00:00,Things,Book:sp,Book:sp,reading,sp,0.25,0.25,True,explicit_reading_or_audiobook_duration,0.25,calendar_analysis_duration,,,0.0,,,,
calendar_analysis_row_030871_part_0,calendar_analysis_row_030871,2025-07-20,2025-07-20 04:00:00+00:00,2025-07-20 04:30:00+00:00,Things,Book:edad,Book:edad,reading,edad,0.5,0.5,True,explicit_reading_or_audiobook_duration,0.5,calendar_analysis_duration,,,0.0,,,,
calendar_analysis_row_030918_part_0,calendar_analysis_row_030918,2025-07-21,2025-07-21 23:30:00+00:00,2025-07-21 23:45:00+00:00,Things,Book,Book,generic,,0.125,0.25,False,generic_temporal_read_not_counted_by_default,0.125,calendar_analysis_duration,,,0.0,blueprint reading: construction drawings for the building trade,finish_0152,2025-07-28,generic_temporal
calendar_analysis_row_030969_part_0,calendar_analysis_row_030969,2025-07-23,2025-07-23 17:45:00+00:00,2025-07-23 18:15:00+00:00,Things,book:fogc,book:fogc,reading,fogc,0.5,0.5,True,explicit_reading_or_audiobook_duration,0.5,calendar_analysis_duration,,,0.0,,,,
calendar_analysis_row_030971_part_0,calendar_analysis_row_030971,2025-07-23,2025-07-23 19:15:00+00:00,2025-07-23 20:45:00+00:00,clark.benham@gmail.com,reading llm abilities,reading llm abilities,reading,ing llm abilities,1.375,1.5,True,explicit_reading_or_audiobook_duration,1.5,full_duration_minor_overlap,lunch,"Meals, Supplements, Sleep",0.125,,,,
calendar_analysis_row_030974_part_0,calendar_analysis_row_030974,2025-07-23,2025-07-23 21:45:00+00:00,2025-07-23 22:00:00+00:00,Things,book:aoa,book:aoa,reading,aoa,0.25,0.25,True,explicit_reading_or_audiobook_duration,0.25,calendar_analysis_duration,,,0.0,age of ambition,finish_0155,2025-08-02,ref_to_finished_title
calendar_analysis_row_031003_part_0,calendar_analysis_row_031003,2025-07-24,2025-07-24 22:15:00+00:00,2025-07-24 22:30:00+00:00,Things,Book:aoa,Book:aoa,reading,aoa,0.25,0.25,True,explicit_reading_or_audiobook_duration,0.25,calendar_analysis_duration,,,0.0,age of ambition,finish_0155,2025-08-02,ref_to_finished_title
calendar_analysis_row_031005_part_0,calendar_analysis_row_031005,2025-07-25,2025-07-25 00:30:00+00:00,2025-07-25 01:00:00+00:00,Things,book:aoa,book:aoa,reading,aoa,0.5,0.5,True,explicit_reading_or_audiobook_duration,0.5,calendar_analysis_duration,,,0.0,age of ambition,finish_0155,2025-08-02,ref_to_finished_title
calendar_analysis_row_031041_part_0,calendar_analysis_row_031041,2025-07-26,2025-07-26 16:15:00+00:00,2025-07-26 17:00:00+00:00,Things,Book:finao,Book:finao,reading,finao,0.75,0.75,True,explicit_reading_or_audiobook_duration,0.75,calendar_analysis_duration,,,0.0,failure is not an option,finish_0153,2025-07-28,ref_to_finished_title
calendar_analysis_row_031043_part_0,calendar_analysis_row_031043,2025-07-26,2025-07-26 17:45:00+00:00,2025-07-26 18:00:00+00:00,Things,Books,Books,generic,,0.25,0.25,False,generic_temporal_read_not_counted_by_default,0.25,calendar_analysis_duration,,,0.0,blueprint reading: construction drawings for the building trade,finish_0152,2025-07-28,generic_temporal
calendar_analysis_row_031058_part_0,calendar_analysis_row_031058,2025-07-27,2025-07-27 12:15:00+00:00,2025-07-27 12:30:00+00:00,Things,Read: Kipling,Read: Kipling,reading,Kipling,0.25,0.25,True,explicit_reading_or_audiobook_duration,0.25,calendar_analysis_duration,,,0.0,,,,
calendar_analysis_row_031064_part_0,calendar_analysis_row_031064,2025-07-27,2025-07-27 21:15:00+00:00,2025-07-27 21:45:00+00:00,Things,Books,Books,generic,,0.5,0.5,False,generic_temporal_read_not_counted_by_default,0.5,calendar_analysis_duration,,,0.0,blueprint reading: construction drawings for the building trade,finish_0152,2025-07-28,generic_temporal
calendar_analysis_row_031084_part_0,calendar_analysis_row_031084,2025-07-28,2025-07-28 05:30:00+00:00,2025-07-28 06:15:00+00:00,Things,Book:finao,Book:finao,reading,finao,0.75,0.75,True,explicit_reading_or_audiobook_duration,0.75,calendar_analysis_duration,,,0.0,failure is not an option,finish_0153,2025-07-28,ref_to_finished_title
calendar_analysis_row_031086_part_0,calendar_analysis_row_031086,2025-07-28,2025-07-28 06:45:00+00:00,2025-07-28 07:30:00+00:00,Things,Book:finao,Book:finao,reading,finao,0.75,0.75,True,explicit_reading_or_audiobook_duration,0.75,calendar_analysis_duration,,,0.0,failure is not an option,finish_0153,2025-07-28,ref_to_finished_title
calendar_analysis_row_031094_part_0,calendar_analysis_row_031094,2025-07-28,2025-07-28 17:30:00+00:00,2025-07-28 18:15:00+00:00,Things,finished book: blueprint reading: construction drawings for the building trade,finished book: blueprint reading: construction drawings for the building trade,finished,blueprint reading: construction drawings for the building trade,0.75,0.75,True,explicit_finished_book_duration,0.75,calendar_analysis_duration,,,0.0,blueprint reading: construction drawings for the building trade,finish_0152,2025-07-28,finished_event_identity
calendar_analysis_row_031105_part_0,calendar_analysis_row_031105,2025-07-28,2025-07-28 22:15:00+00:00,2025-07-28 22:30:00+00:00,Things,book:aoa,book:aoa,reading,aoa,0.25,0.25,True,explicit_reading_or_audiobook_duration,0.25,calendar_analysis_duration,,,0.0,age of ambition,finish_0155,2025-08-02,ref_to_finished_title
calendar_analysis_row_031106_part_0,calendar_analysis_row_031106,2025-07-28,2025-07-28 22:30:00+00:00,2025-07-28 23:15:00+00:00,Things,finished book: failure is not an option,finished book: failure is not an option,finished,failure is not an option,0.75,0.75,True,explicit_finished_book_duration,0.75,calendar_analysis_duration,,,0.0,failure is not an option,finish_0153,2025-07-28,finished_event_identity
calendar_analysis_row_031116_part_0,calendar_analysis_row_031116,2025-07-29,2025-07-29 03:00:00+00:00,2025-07-29 05:00:00+00:00,Things,finished book: the high crusade,finished book: the high crusade,finished,the high crusade,2.0,2.0,True,explicit_finished_book_duration,2.0,calendar_analysis_duration,,,0.0,the high crusade,finish_0154,2025-07-29,finished_event_identity
calendar_analysis_row_031132_part_0,calendar_analysis_row_031132,2025-07-29,2025-07-29 19:15:00+00:00,2025-07-29 20:00:00+00:00,Things,book:aoa,book:aoa,reading,aoa,0.625,0.75,True,explicit_reading_or_audiobook_duration,0.75,full_duration_minor_overlap,lunch,"Meals, Supplements, Sleep",0.125,age of ambition,finish_0155,2025-08-02,ref_to_finished_title
calendar_analysis_row_031151_part_0,calendar_analysis_row_031151,2025-07-30,2025-07-30 05:30:00+00:00,2025-07-30 06:00:00+00:00,Things,book:aoa,book:aoa,reading,aoa,0.5,0.5,True,explicit_reading_or_audiobook_duration,0.5,calendar_analysis_duration,,,0.0,age of ambition,finish_0155,2025-08-02,ref_to_finished_title
calendar_analysis_row_031227_part_0,calendar_analysis_row_031227,2025-08-02,2025-08-02 00:30:00+00:00,2025-08-02 01:30:00+00:00,Things,finished book: age of ambition,finished book: age of ambition,finished,age of ambition,0.5,1.0,True,explicit_finished_book_duration,0.5,calendar_analysis_duration_incompatible_overlap,China trip,Things,0.0,age of ambition,finish_0155,2025-08-02,finished_event_identity
calendar_analysis_row_031287_part_0,calendar_analysis_row_031287,2025-08-09,2025-08-09 17:30:00+00:00,2025-08-09 18:30:00+00:00,Things,book:aic,book:aic,reading,aic,1.0,1.0,True,explicit_reading_or_audiobook_duration,1.0,calendar_analysis_duration,,,0.0,Apple in China,finish_0156,2025-08-10,ref_to_finished_title
calendar_analysis_row_031295_part_0,calendar_analysis_row_031295,2025-08-09,2025-08-09 21:30:00+00:00,2025-08-09 21:45:00+00:00,Things,Book:aic,Book:aic,reading,aic,0.25,0.25,True,explicit_reading_or_audiobook_duration,0.25,calendar_analysis_duration,,,0.0,Apple in China,finish_0156,2025-08-10,ref_to_finished_title
calendar_analysis_row_031300_part_0,calendar_analysis_row_031300,2025-08-10,2025-08-10 04:00:00+00:00,2025-08-10 06:30:00+00:00,Things,Book:aic,Book:aic,reading,aic,2.375,2.5,True,explicit_reading_or_audiobook_duration,2.5,full_duration_minor_overlap,Dinner,"Meals, Supplements, Sleep",0.125,Apple in China,finish_0156,2025-08-10,ref_to_finished_title
calendar_analysis_row_031301_part_0,calendar_analysis_row_031301,2025-08-10,2025-08-10 06:45:00+00:00,2025-08-10 08:00:00+00:00,Things,Book:aic,Book:aic,reading,aic,1.25,1.25,True,explicit_reading_or_audiobook_duration,1.25,calendar_analysis_duration,,,0.0,Apple in China,finish_0156,2025-08-10,ref_to_finished_title
calendar_analysis_row_031307_part_0,calendar_analysis_row_031307,2025-08-10,2025-08-10 11:00:00+00:00,2025-08-10 12:00:00+00:00,Things,Finished book: Apple in China,Finished book: Apple in China,finished,Apple in China,1.0,1.0,True,explicit_finished_book_duration,1.0,calendar_analysis_duration,,,0.0,Apple in China,finish_0156,2025-08-10,finished_event_identity
calendar_analysis_row_031331_part_0,calendar_analysis_row_031331,2025-08-11,2025-08-11 01:45:00+00:00,2025-08-11 02:00:00+00:00,Things,started book: the price of victory,started book: the price of victory,started,the price of victory,0.25,0.25,True,explicit_started_book_duration,0.25,calendar_analysis_duration,,,0.0,the price of victory,finish_0157,2025-08-14,ref_to_finished_title
calendar_analysis_row_031339_part_0,calendar_analysis_row_031339,2025-08-11,2025-08-11 11:45:00+00:00,2025-08-11 12:30:00+00:00,Things,Book:tpv,Book:tpv,reading,tpv,0.75,0.75,True,explicit_reading_or_audiobook_duration,0.75,calendar_analysis_duration,,,0.0,the price of victory,finish_0157,2025-08-14,ref_to_finished_title
calendar_analysis_row_031346_part_0,calendar_analysis_row_031346,2025-08-11,2025-08-11 15:45:00+00:00,2025-08-11 16:45:00+00:00,Things,book:tpv,book:tpv,reading,tpv,1.0,1.0,True,explicit_reading_or_audiobook_duration,1.0,calendar_analysis_duration,,,0.0,the price of victory,finish_0157,2025-08-14,ref_to_finished_title
calendar_analysis_row_031354_part_0,calendar_analysis_row_031354,2025-08-12,2025-08-12 01:45:00+00:00,2025-08-12 02:15:00+00:00,Things,Book:tpv,Book:tpv,reading,tpv,0.5,0.5,True,explicit_reading_or_audiobook_duration,0.5,calendar_analysis_duration,,,0.0,the price of victory,finish_0157,2025-08-14,ref_to_finished_title
calendar_analysis_row_031357_part_0,calendar_analysis_row_031357,2025-08-12,2025-08-12 04:45:00+00:00,2025-08-12 07:00:00+00:00,Things,book:tpv,book:tpv,reading,tpv,2.25,2.25,True,explicit_reading_or_audiobook_duration,2.25,calendar_analysis_duration,,,0.0,the price of victory,finish_0157,2025-08-14,ref_to_finished_title
calendar_analysis_row_031359_part_0,calendar_analysis_row_031359,2025-08-12,2025-08-12 12:15:00+00:00,2025-08-12 13:45:00+00:00,Things,Book:tpv,Book:tpv,reading,tpv,1.5,1.5,True,explicit_reading_or_audiobook_duration,1.5,calendar_analysis_duration,,,0.0,the price of victory,finish_0157,2025-08-14,ref_to_finished_title
calendar_analysis_row_031376_part_0,calendar_analysis_row_031376,2025-08-12,2025-08-12 21:30:00+00:00,2025-08-13 01:15:00+00:00,Things,book:tpv,book:tpv,reading,tpv,3.75,3.75,True,explicit_reading_or_audiobook_duration,3.75,calendar_analysis_duration,,,0.0,the price of victory,finish_0157,2025-08-14,ref_to_finished_title
calendar_analysis_row_031379_part_0,calendar_analysis_row_031379,2025-08-13,2025-08-13 03:00:00+00:00,2025-08-13 03:15:00+00:00,Things,Book:tpv,Book:tpv,reading,tpv,0.125,0.25,True,explicit_reading_or_audiobook_duration,0.25,full_duration_minor_overlap,Dinner,"Meals, Supplements, Sleep",0.125,the price of victory,finish_0157,2025-08-14,ref_to_finished_title
calendar_analysis_row_031383_part_0,calendar_analysis_row_031383,2025-08-13,2025-08-13 09:00:00+00:00,2025-08-13 10:00:00+00:00,Things,Book:tpv,Book:tpv,reading,tpv,1.0,1.0,True,explicit_reading_or_audiobook_duration,1.0,calendar_analysis_duration,,,0.0,the price of victory,finish_0157,2025-08-14,ref_to_finished_title
calendar_analysis_row_031403_part_0,calendar_analysis_row_031403,2025-08-13,2025-08-13 22:00:00+00:00,2025-08-14 03:00:00+00:00,Things,Book:tpv,Book:tpv,reading,tpv,4.75,5.0,True,explicit_reading_or_audiobook_duration,5.0,full_duration_minor_overlap,Dinner,"Meals, Supplements, Sleep",0.25,the price of victory,finish_0157,2025-08-14,ref_to_finished_title
calendar_analysis_row_031406_part_0,calendar_analysis_row_031406,2025-08-14,2025-08-14 03:45:00+00:00,2025-08-14 04:15:00+00:00,Things,book:tpv,book:tpv,reading,tpv,0.5,0.5,True,explicit_reading_or_audiobook_duration,0.5,calendar_analysis_duration,,,0.0,the price of victory,finish_0157,2025-08-14,ref_to_finished_title
calendar_analysis_row_031410_part_0,calendar_analysis_row_031410,2025-08-14,2025-08-14 11:00:00+00:00,2025-08-14 11:30:00+00:00,Things,Book:tpv,Book:tpv,reading,tpv,0.5,0.5,True,explicit_reading_or_audiobook_duration,0.5,calendar_analysis_duration,,,0.0,the price of victory,finish_0157,2025-08-14,ref_to_finished_title
calendar_analysis_row_031412_part_0,calendar_analysis_row_031412,2025-08-14,2025-08-14 11:45:00+00:00,2025-08-14 12:45:00+00:00,Things,Book:tpv,Book:tpv,reading,tpv,0.875,1.0,True,explicit_reading_or_audiobook_duration,1.0,full_duration_minor_overlap,Porn,Waste Time,0.125,the price of victory,finish_0157,2025-08-14,ref_to_finished_title
calendar_analysis_row_031423_part_0,calendar_analysis_row_031423,2025-08-14,2025-08-14 18:30:00+00:00,2025-08-14 21:00:00+00:00,Things,book:tpv,book:tpv,reading,tpv,2.375,2.5,True,explicit_reading_or_audiobook_duration,2.5,full_duration_minor_overlap,lunch,"Meals, Supplements, Sleep",0.125,the price of victory,finish_0157,2025-08-14,ref_to_finished_title
calendar_analysis_row_031426_part_0,calendar_analysis_row_031426,2025-08-14,2025-08-14 22:00:00+00:00,2025-08-14 22:30:00+00:00,Things,finished book: tpv,finished book: tpv,finished,tpv,0.5,0.5,True,explicit_finished_book_duration,0.5,calendar_analysis_duration,,,0.0,the price of victory,finish_0157,2025-08-14,finished_event_identity
calendar_analysis_row_031470_part_0,calendar_analysis_row_031470,2025-08-16,2025-08-16 22:30:00+00:00,2025-08-16 23:30:00+00:00,Things,book:rntl,book:rntl,reading,rntl,1.0,1.0,True,explicit_reading_or_audiobook_duration,1.0,calendar_analysis_duration,,,0.0,Richard Nixon the Life,finish_0159,2025-09-11,ref_to_finished_title
calendar_analysis_row_031472_part_0,calendar_analysis_row_031472,2025-08-17,2025-08-17 01:00:00+00:00,2025-08-17 01:30:00+00:00,Things,Read: Kipling,Read: Kipling,reading,Kipling,0.5,0.5,True,explicit_reading_or_audiobook_duration,0.5,calendar_analysis_duration,,,0.0,,,,
calendar_analysis_row_031500_part_0,calendar_analysis_row_031500,2025-08-17,2025-08-17 22:30:00+00:00,2025-08-18 00:00:00+00:00,Things,book:emfhagaa,book:emfhagaa,reading,emfhagaa,1.5,1.5,True,explicit_reading_or_audiobook_duration,1.5,calendar_analysis_duration,,,0.0,,,,
calendar_analysis_row_031502_part_0,calendar_analysis_row_031502,2025-08-18,2025-08-18 01:30:00+00:00,2025-08-18 03:30:00+00:00,Things,Book:emfhagaa,Book:emfhagaa,reading,emfhagaa,1.875,2.0,True,explicit_reading_or_audiobook_duration,2.0,full_duration_minor_overlap,Dinner,"Meals, Supplements, Sleep",0.125,,,,
calendar_analysis_row_031530_part_0,calendar_analysis_row_031530,2025-08-19,2025-08-19 08:15:00+00:00,2025-08-19 08:30:00+00:00,Things,book:ae,book:ae,reading,ae,0.25,0.25,True,explicit_reading_or_audiobook_duration,0.25,calendar_analysis_duration,,,0.0,,,,
calendar_analysis_row_031544_part_0,calendar_analysis_row_031544,2025-08-19,2025-08-19 23:30:00+00:00,2025-08-20 00:00:00+00:00,Things,book:emfhagaa,book:emfhagaa,reading,emfhagaa,0.5,0.5,True,explicit_reading_or_audiobook_duration,0.5,calendar_analysis_duration,,,0.0,,,,
calendar_analysis_row_031605_part_0,calendar_analysis_row_031605,2025-08-22,2025-08-22 07:15:00+00:00,2025-08-22 07:30:00+00:00,Things,book:rntl,book:rntl,reading,rntl,0.25,0.25,True,explicit_reading_or_audiobook_duration,0.25,calendar_analysis_duration,,,0.0,Richard Nixon the Life,finish_0159,2025-09-11,ref_to_finished_title
calendar_analysis_row_031722_part_0,calendar_analysis_row_031722,2025-08-28,2025-08-28 08:00:00+00:00,2025-08-28 08:30:00+00:00,Things,Book:rntl,Book:rntl,reading,rntl,0.5,0.5,True,explicit_reading_or_audiobook_duration,0.5,calendar_analysis_duration,,,0.0,Richard Nixon the Life,finish_0159,2025-09-11,ref_to_finished_title
calendar_analysis_row_031816_part_0,calendar_analysis_row_031816,2025-09-01,2025-09-01 20:45:00+00:00,2025-09-01 22:15:00+00:00,Things,Finished book: Everyman for himself and god against all,Finished book: Everyman for himself and god against all,finished,Everyman for himself and god against all,1.5,1.5,True,explicit_finished_book_duration,1.5,calendar_analysis_duration,,,0.0,Everyman for himself and god against all,finish_0158,2025-09-01,finished_event_identity
calendar_analysis_row_031942_part_0,calendar_analysis_row_031942,2025-09-06,2025-09-06 20:45:00+00:00,2025-09-06 22:00:00+00:00,Things,book:coto,book:coto,reading,coto,1.25,1.25,True,explicit_reading_or_audiobook_duration,1.25,calendar_analysis_duration,,,0.0,,,,
calendar_analysis_row_031943_part_0,calendar_analysis_row_031943,2025-09-06,2025-09-06 22:00:00+00:00,2025-09-06 22:45:00+00:00,Things,Book:rntl,Book:rntl,reading,rntl,0.75,0.75,True,explicit_reading_or_audiobook_duration,0.75,calendar_analysis_duration,,,0.0,Richard Nixon the Life,finish_0159,2025-09-11,ref_to_finished_title
calendar_analysis_row_031970_part_0,calendar_analysis_row_031970,2025-09-08,2025-09-08 01:30:00+00:00,2025-09-08 03:30:00+00:00,Things,Book:rntl,Book:rntl,reading,rntl,2.0,2.0,True,explicit_reading_or_audiobook_duration,2.0,calendar_analysis_duration,,,0.0,Richard Nixon the Life,finish_0159,2025-09-11,ref_to_finished_title
calendar_analysis_row_031976_part_0,calendar_analysis_row_031976,2025-09-08,2025-09-08 06:30:00+00:00,2025-09-08 07:30:00+00:00,Things,Book:rntl,Book:rntl,reading,rntl,1.0,1.0,True,explicit_reading_or_audiobook_duration,1.0,calendar_analysis_duration,,,0.0,Richard Nixon the Life,finish_0159,2025-09-11,ref_to_finished_title
calendar_analysis_row_031985_part_0,calendar_analysis_row_031985,2025-09-08,2025-09-08 23:00:00+00:00,2025-09-08 23:30:00+00:00,Things,Book:rntl,Book:rntl,reading,rntl,0.5,0.5,True,explicit_reading_or_audiobook_duration,0.5,calendar_analysis_duration,,,0.0,Richard Nixon the Life,finish_0159,2025-09-11,ref_to_finished_title
calendar_analysis_row_032030_part_0,calendar_analysis_row_032030,2025-09-10,2025-09-10 19:30:00+00:00,2025-09-11 00:45:00+00:00,Things,Book:rntl,Book:rntl,reading,rntl,5.125,5.25,True,explicit_reading_or_audiobook_duration,5.25,full_duration_minor_overlap,lunch,"Meals, Supplements, Sleep",0.125,Richard Nixon the Life,finish_0159,2025-09-11,ref_to_finished_title
calendar_analysis_row_032034_part_0,calendar_analysis_row_032034,2025-09-11,2025-09-11 01:45:00+00:00,2025-09-11 03:00:00+00:00,Things,book:rntl,book:rntl,reading,rntl,1.25,1.25,True,explicit_reading_or_audiobook_duration,1.25,calendar_analysis_duration,,,0.0,Richard Nixon the Life,finish_0159,2025-09-11,ref_to_finished_title
calendar_analysis_row_032045_part_0,calendar_analysis_row_032045,2025-09-11,2025-09-11 11:45:00+00:00,2025-09-11 12:30:00+00:00,Things,Book:rntl,Book:rntl,reading,rntl,0.75,0.75,True,explicit_reading_or_audiobook_duration,0.75,calendar_analysis_duration,,,0.0,Richard Nixon the Life,finish_0159,2025-09-11,ref_to_finished_title
calendar_analysis_row_032047_part_0,calendar_analysis_row_032047,2025-09-11,2025-09-11 13:30:00+00:00,2025-09-11 14:00:00+00:00,Things,Book:rntl,Book:rntl,reading,rntl,0.5,0.5,True,explicit_reading_or_audiobook_duration,0.5,calendar_analysis_duration,,,0.0,Richard Nixon the Life,finish_0159,2025-09-11,ref_to_finished_title
calendar_analysis_row_032054_part_0,calendar_analysis_row_032054,2025-09-11,2025-09-11 22:15:00+00:00,2025-09-12 00:00:00+00:00,Things,Finished book: Richard Nixon the Life,Finished book: Richard Nixon the Life,finished,Richard Nixon the Life,1.75,1.75,True,explicit_finished_book_duration,1.75,calendar_analysis_duration,,,0.0,Richard Nixon the Life,finish_0159,2025-09-11,finished_event_identity
calendar_analysis_row_032063_part_0,calendar_analysis_row_032063,2025-09-12,2025-09-12 04:45:00+00:00,2025-09-12 05:00:00+00:00,Things,read franklin,read franklin,reading,franklin,0.25,0.25,True,explicit_reading_or_audiobook_duration,0.25,calendar_analysis_duration,,,0.0,autobiography of ben franklin,finish_0163,2025-10-01,ref_to_finished_title
calendar_analysis_row_032064_part_0,calendar_analysis_row_032064,2025-09-12,2025-09-12 05:00:00+00:00,2025-09-12 05:15:00+00:00,Things,read carneige,read carneige,reading,carneige,0.25,0.25,True,explicit_reading_or_audiobook_duration,0.25,calendar_analysis_duration,,,0.0,,,,
calendar_analysis_row_032083_part_0,calendar_analysis_row_032083,2025-09-13,2025-09-13 05:00:00+00:00,2025-09-13 05:45:00+00:00,Things,Book:coto,Book:coto,reading,coto,0.75,0.75,True,explicit_reading_or_audiobook_duration,0.75,calendar_analysis_duration,,,0.0,,,,
calendar_analysis_row_032090_part_0,calendar_analysis_row_032090,2025-09-13,2025-09-13 15:00:00+00:00,2025-09-13 16:00:00+00:00,Things,started book: autobiography of ben franklin,started book: autobiography of ben franklin,started,autobiography of ben franklin,1.0,1.0,True,explicit_started_book_duration,1.0,calendar_analysis_duration,,,0.0,autobiography of ben franklin,finish_0163,2025-10-01,ref_to_finished_title
calendar_analysis_row_032096_part_0,calendar_analysis_row_032096,2025-09-13,2025-09-13 18:15:00+00:00,2025-09-13 19:30:00+00:00,Waste Time,finished book: humor and the presidency,finished book: humor and the presidency,finished,humor and the presidency,1.25,1.25,True,explicit_finished_book_duration,1.25,calendar_analysis_duration,,,0.0,humor and the presidency,finish_0160,2025-09-13,finished_event_identity
calendar_analysis_row_032097_part_0,calendar_analysis_row_032097,2025-09-13,2025-09-13 20:00:00+00:00,2025-09-13 20:15:00+00:00,Things,Book:coto,Book:coto,reading,coto,0.25,0.25,True,explicit_reading_or_audiobook_duration,0.25,calendar_analysis_duration,,,0.0,,,,
calendar_analysis_row_032106_part_0,calendar_analysis_row_032106,2025-09-13,2025-09-13 23:45:00+00:00,2025-09-14 00:25:00+00:00,Things,Book:coto,Book:coto,reading,coto,0.6666666666666666,0.6666666666666666,True,explicit_reading_or_audiobook_duration,0.6666666666666666,calendar_analysis_duration,,,0.0,,,,
calendar_analysis_row_032108_part_0,calendar_analysis_row_032108,2025-09-14,2025-09-14 01:05:00+00:00,2025-09-14 01:45:00+00:00,Things,book:coto,book:coto,reading,coto,0.6666666666666666,0.6666666666666666,True,explicit_reading_or_audiobook_duration,0.6666666666666666,calendar_analysis_duration,,,0.0,,,,
calendar_analysis_row_032127_part_0,calendar_analysis_row_032127,2025-09-14,2025-09-14 19:15:00+00:00,2025-09-14 20:00:00+00:00,Things,Book:aobf,Book:aobf,reading,aobf,0.75,0.75,True,explicit_reading_or_audiobook_duration,0.75,calendar_analysis_duration,,,0.0,autobiography of ben franklin,finish_0163,2025-10-01,ref_to_finished_title
calendar_analysis_row_032168_part_0,calendar_analysis_row_032168,2025-09-16,2025-09-16 06:15:00+00:00,2025-09-16 07:30:00+00:00,Things,book:dotj,book:dotj,reading,dotj,1.25,1.25,True,explicit_reading_or_audiobook_duration,1.25,calendar_analysis_duration,,,0.0,day of the jackal,finish_0162,2025-09-23,ref_to_finished_title
calendar_analysis_row_032180_part_0,calendar_analysis_row_032180,2025-09-16,2025-09-16 20:15:00+00:00,2025-09-16 21:45:00+00:00,Things,Book:dotj,Book:dotj,reading,dotj,1.5,1.5,True,explicit_reading_or_audiobook_duration,1.5,calendar_analysis_duration,,,0.0,day of the jackal,finish_0162,2025-09-23,ref_to_finished_title
calendar_analysis_row_032185_part_0,calendar_analysis_row_032185,2025-09-17,2025-09-17 00:30:00+00:00,2025-09-17 01:30:00+00:00,Things,book:dotj,book:dotj,reading,dotj,1.0,1.0,True,explicit_reading_or_audiobook_duration,1.0,calendar_analysis_duration,,,0.0,day of the jackal,finish_0162,2025-09-23,ref_to_finished_title
calendar_analysis_row_032228_part_0,calendar_analysis_row_032228,2025-09-18,2025-09-18 23:15:00+00:00,2025-09-19 00:15:00+00:00,Things,Book:dotj,Book:dotj,reading,dotj,1.0,1.0,True,explicit_reading_or_audiobook_duration,1.0,calendar_analysis_duration,,,0.0,day of the jackal,finish_0162,2025-09-23,ref_to_finished_title
calendar_analysis_row_032235_part_0,calendar_analysis_row_032235,2025-09-19,2025-09-19 07:00:00+00:00,2025-09-19 07:45:00+00:00,Things,Book:dotj,Book:dotj,reading,dotj,0.75,0.75,True,explicit_reading_or_audiobook_duration,0.75,calendar_analysis_duration,,,0.0,day of the jackal,finish_0162,2025-09-23,ref_to_finished_title
calendar_analysis_row_032271_part_0,calendar_analysis_row_032271,2025-09-22,2025-09-22 04:30:00+00:00,2025-09-22 04:45:00+00:00,Things,Book:tdotj,Book:tdotj,reading,tdotj,0.25,0.25,True,explicit_reading_or_audiobook_duration,0.25,calendar_analysis_duration,,,0.0,,,,
calendar_analysis_row_032280_part_0,calendar_analysis_row_032280,2025-09-22,2025-09-22 14:45:00+00:00,2025-09-22 16:00:00+00:00,Things,book:hittmmw,book:hittmmw,reading,hittmmw,1.25,1.25,True,explicit_reading_or_audiobook_duration,1.25,calendar_analysis_duration,,,0.0,high intensity training the mike mentzer way,finish_0161,2025-09-22,ref_to_finished_title
calendar_analysis_row_032282_part_0,calendar_analysis_row_032282,2025-09-22,2025-09-22 16:30:00+00:00,2025-09-22 16:45:00+00:00,Things,finished book: high intensity training the mike mentzer way,finished book: high intensity training the mike mentzer way,finished,high intensity training the mike mentzer way,0.25,0.25,True,explicit_finished_book_duration,0.25,calendar_analysis_duration,,,0.0,high intensity training the mike mentzer way,finish_0161,2025-09-22,finished_event_identity
calendar_analysis_row_032300_part_0,calendar_analysis_row_032300,2025-09-23,2025-09-23 04:15:00+00:00,2025-09-23 06:00:00+00:00,Things,finished book: day of the jackal,finished book: day of the jackal,finished,day of the jackal,1.75,1.75,True,explicit_finished_book_duration,1.75,calendar_analysis_duration,,,0.0,day of the jackal,finish_0162,2025-09-23,finished_event_identity
calendar_analysis_row_032301_part_0,calendar_analysis_row_032301,2025-09-23,2025-09-23 06:00:00+00:00,2025-09-23 06:30:00+00:00,Waste Time,wiki on book,wiki on book,reading,wiki on,0.5,0.5,True,explicit_reading_or_audiobook_duration,0.5,calendar_analysis_duration,,,0.0,,,,
calendar_analysis_row_032315_part_0,calendar_analysis_row_032315,2025-09-24,2025-09-24 05:00:00+00:00,2025-09-24 05:22:30+00:00,Things,book:coto,book:coto,reading,coto,0.375,0.375,True,explicit_reading_or_audiobook_duration,0.375,calendar_analysis_duration,,,0.0,,,,
calendar_analysis_row_032316_part_0,calendar_analysis_row_032316,2025-09-24,2025-09-24 05:22:30+00:00,2025-09-24 05:45:00+00:00,Things,started book: golf stories,started book: golf stories,started,golf stories,0.375,0.375,True,explicit_started_book_duration,0.375,calendar_analysis_duration,,,0.0,,,,
calendar_analysis_row_032333_part_0,calendar_analysis_row_032333,2025-09-25,2025-09-25 09:00:00+00:00,2025-09-25 09:22:30+00:00,Things,book:gs,book:gs,reading,gs,0.375,0.375,True,explicit_reading_or_audiobook_duration,0.375,calendar_analysis_duration,,,0.0,,,,
calendar_analysis_row_032334_part_0,calendar_analysis_row_032334,2025-09-25,2025-09-25 09:22:30+00:00,2025-09-25 09:45:00+00:00,Things,book:coto,book:coto,reading,coto,0.375,0.375,True,explicit_reading_or_audiobook_duration,0.375,calendar_analysis_duration,,,0.0,,,,
calendar_analysis_row_032338_part_0,calendar_analysis_row_032338,2025-09-25,2025-09-25 10:45:00+00:00,2025-09-25 11:00:00+00:00,Things,Book:gs,Book:gs,reading,gs,0.25,0.25,True,explicit_reading_or_audiobook_duration,0.25,calendar_analysis_duration,,,0.0,,,,
calendar_analysis_row_032339_part_0,calendar_analysis_row_032339,2025-09-25,2025-09-25 11:30:00+00:00,2025-09-25 12:00:00+00:00,Things,Book:coto,Book:coto,reading,coto,0.5,0.5,True,explicit_reading_or_audiobook_duration,0.5,calendar_analysis_duration,,,0.0,,,,
calendar_analysis_row_032353_part_0,calendar_analysis_row_032353,2025-09-26,2025-09-26 06:45:00+00:00,2025-09-26 07:00:00+00:00,Things,Read for bed,Read for bed,reading,for bed,0.125,0.25,True,explicit_reading_or_audiobook_duration,0.25,full_duration_minor_overlap,Job: diesl,clark.benham@gmail.com,0.125,,,,
calendar_analysis_row_032373_part_0,calendar_analysis_row_032373,2025-09-27,2025-09-27 04:30:00+00:00,2025-09-27 05:15:00+00:00,Things,Audiobook: tpb,Audiobook: tpb,audiobook,tpb,0.75,0.75,True,explicit_reading_or_audiobook_duration,0.75,calendar_analysis_duration,,,0.0,the power broker,finish_0174,2025-12-04,ref_to_finished_title
calendar_analysis_row_032380_part_0,calendar_analysis_row_032380,2025-09-27,2025-09-27 08:30:00+00:00,2025-09-27 08:45:00+00:00,Things,read,read,generic,,0.25,0.25,False,generic_temporal_read_not_counted_by_default,0.25,calendar_analysis_duration,,,0.0,autobiography of ben franklin,finish_0163,2025-10-01,generic_temporal
calendar_analysis_row_032389_part_0,calendar_analysis_row_032389,2025-09-27,2025-09-27 22:30:00+00:00,2025-09-27 22:45:00+00:00,Things,Book:gs,Book:gs,reading,gs,0.25,0.25,True,explicit_reading_or_audiobook_duration,0.25,calendar_analysis_duration,,,0.0,,,,
calendar_analysis_row_032390_part_0,calendar_analysis_row_032390,2025-09-27,2025-09-27 22:45:00+00:00,2025-09-27 23:15:00+00:00,Things,Book:coto,Book:coto,reading,coto,0.5,0.5,True,explicit_reading_or_audiobook_duration,0.5,calendar_analysis_duration,,,0.0,,,,
calendar_analysis_row_032394_part_0,calendar_analysis_row_032394,2025-09-28,2025-09-28 02:15:00+00:00,2025-09-28 02:37:30+00:00,Things,Book:aobf,Book:aobf,reading,aobf,0.375,0.375,True,explicit_reading_or_audiobook_duration,0.375,calendar_analysis_duration,,,0.0,autobiography of ben franklin,finish_0163,2025-10-01,ref_to_finished_title
calendar_analysis_row_032395_part_0,calendar_analysis_row_032395,2025-09-28,2025-09-28 02:37:30+00:00,2025-09-28 03:00:00+00:00,Things,started book: Buckley,started book: Buckley,started,Buckley,0.375,0.375,True,explicit_started_book_duration,0.375,calendar_analysis_duration,,,0.0,Buckley,finish_0164,2025-10-04,ref_to_finished_title
calendar_analysis_row_032401_part_0,calendar_analysis_row_032401,2025-09-28,2025-09-28 07:15:00+00:00,2025-09-28 08:15:00+00:00,Things,Book:coto,Book:coto,reading,coto,1.0,1.0,True,explicit_reading_or_audiobook_duration,1.0,calendar_analysis_duration,,,0.0,,,,
calendar_analysis_row_032402_part_0,calendar_analysis_row_032402,2025-09-28,2025-09-28 08:15:00+00:00,2025-09-28 08:45:00+00:00,Things,Book:aobf,Book:aobf,reading,aobf,0.5,0.5,True,explicit_reading_or_audiobook_duration,0.5,calendar_analysis_duration,,,0.0,autobiography of ben franklin,finish_0163,2025-10-01,ref_to_finished_title
calendar_analysis_row_032404_part_0,calendar_analysis_row_032404,2025-09-28,2025-09-28 17:15:00+00:00,2025-09-28 17:45:00+00:00,Things,Book:aobf,Book:aobf,reading,aobf,0.5,0.5,True,explicit_reading_or_audiobook_duration,0.5,calendar_analysis_duration,,,0.0,autobiography of ben franklin,finish_0163,2025-10-01,ref_to_finished_title
calendar_analysis_row_032405_part_0,calendar_analysis_row_032405,2025-09-28,2025-09-28 17:45:00+00:00,2025-09-28 18:15:00+00:00,Things,Book:Buckley,Book:Buckley,reading,Buckley,0.5,0.5,True,explicit_reading_or_audiobook_duration,0.5,calendar_analysis_duration,,,0.0,Buckley,finish_0164,2025-10-04,ref_to_finished_title
calendar_analysis_row_032452_part_0,calendar_analysis_row_032452,2025-09-29,2025-09-29 23:45:00+00:00,2025-09-30 01:00:00+00:00,Things,Audio book: tpb,Audio book: tpb,audiobook,tpb,0.875,1.25,True,explicit_reading_or_audiobook_duration,1.25,full_duration_compatible_overlap,Walk,Things,0.375,the power broker,finish_0174,2025-12-04,ref_to_finished_title
calendar_analysis_row_032460_part_0,calendar_analysis_row_032460,2025-09-30,2025-09-30 09:00:00+00:00,2025-09-30 09:15:00+00:00,Things,book:st,book:st,reading,st,0.25,0.25,True,explicit_reading_or_audiobook_duration,0.25,calendar_analysis_duration,,,0.0,,,,
calendar_analysis_row_032461_part_0,calendar_analysis_row_032461,2025-09-30,2025-09-30 09:15:00+00:00,2025-09-30 09:30:00+00:00,Things,book:Buckley,book:Buckley,reading,Buckley,0.25,0.25,True,explicit_reading_or_audiobook_duration,0.25,calendar_analysis_duration,,,0.0,Buckley,finish_0164,2025-10-04,ref_to_finished_title
calendar_analysis_row_032476_part_0,calendar_analysis_row_032476,2025-10-01,2025-10-01 00:00:00+00:00,2025-10-01 00:45:00+00:00,Things,Book:buckley,Book:buckley,reading,buckley,0.625,0.75,True,explicit_reading_or_audiobook_duration,0.75,full_duration_minor_overlap,job: diesl,clark.benham@gmail.com,0.125,Buckley,finish_0164,2025-10-04,ref_to_finished_title
calendar_analysis_row_032491_part_0,calendar_analysis_row_032491,2025-10-01,2025-10-01 06:30:00+00:00,2025-10-01 08:00:00+00:00,Things,Finished book: autobiography of Ben Franklin,Finished book: autobiography of Ben Franklin,finished,autobiography of Ben Franklin,1.5,1.5,True,explicit_finished_book_duration,1.5,calendar_analysis_duration,,,0.0,autobiography of ben franklin,finish_0163,2025-10-01,finished_event_identity
calendar_analysis_row_032500_part_0,calendar_analysis_row_032500,2025-10-01,2025-10-01 17:45:00+00:00,2025-10-01 18:00:00+00:00,Things,book:buckley,book:buckley,reading,buckley,0.25,0.25,True,explicit_reading_or_audiobook_duration,0.25,calendar_analysis_duration,,,0.0,Buckley,finish_0164,2025-10-04,ref_to_finished_title
calendar_analysis_row_032508_part_0,calendar_analysis_row_032508,2025-10-01,2025-10-01 21:00:00+00:00,2025-10-01 22:15:00+00:00,Things,Book:Buckley,Book:Buckley,reading,Buckley,1.125,1.25,True,explicit_reading_or_audiobook_duration,1.25,full_duration_minor_overlap,Food,"Meals, Supplements, Sleep",0.125,Buckley,finish_0164,2025-10-04,ref_to_finished_title
calendar_analysis_row_032522_part_0,calendar_analysis_row_032522,2025-10-02,2025-10-02 06:15:00+00:00,2025-10-02 06:30:00+00:00,Things,Book:gs,Book:gs,reading,gs,0.25,0.25,True,explicit_reading_or_audiobook_duration,0.25,calendar_analysis_duration,,,0.0,,,,
calendar_analysis_row_032524_part_0,calendar_analysis_row_032524,2025-10-02,2025-10-02 07:00:00+00:00,2025-10-02 07:30:00+00:00,Things,book:buckley,book:buckley,reading,buckley,0.5,0.5,True,explicit_reading_or_audiobook_duration,0.5,calendar_analysis_duration,,,0.0,Buckley,finish_0164,2025-10-04,ref_to_finished_title
calendar_analysis_row_032526_part_0,calendar_analysis_row_032526,2025-10-02,2025-10-02 08:30:00+00:00,2025-10-02 09:00:00+00:00,Things,book:Buckley,book:Buckley,reading,Buckley,0.25,0.5,True,explicit_reading_or_audiobook_duration,0.5,full_duration_minor_overlap,job: diesl,clark.benham@gmail.com,0.25,Buckley,finish_0164,2025-10-04,ref_to_finished_title
calendar_analysis_row_032528_part_0,calendar_analysis_row_032528,2025-10-02,2025-10-02 10:00:00+00:00,2025-10-02 10:30:00+00:00,Things,book:buckley,book:buckley,reading,buckley,0.5,0.5,True,explicit_reading_or_audiobook_duration,0.5,calendar_analysis_duration,,,0.0,Buckley,finish_0164,2025-10-04,ref_to_finished_title
calendar_analysis_row_032534_part_0,calendar_analysis_row_032534,2025-10-02,2025-10-02 19:15:00+00:00,2025-10-02 19:30:00+00:00,Things,book:buckley,book:buckley,reading,buckley,0.25,0.25,True,explicit_reading_or_audiobook_duration,0.25,calendar_analysis_duration,,,0.0,Buckley,finish_0164,2025-10-04,ref_to_finished_title
calendar_analysis_row_032543_part_0,calendar_analysis_row_032543,2025-10-02,2025-10-02 23:00:00+00:00,2025-10-02 23:15:00+00:00,Things,book:gs,book:gs,reading,gs,0.25,0.25,True,explicit_reading_or_audiobook_duration,0.25,calendar_analysis_duration,,,0.0,,,,
calendar_analysis_row_032544_part_0,calendar_analysis_row_032544,2025-10-02,2025-10-02 23:30:00+00:00,2025-10-03 00:30:00+00:00,Things,book:buckley,book:buckley,reading,buckley,1.0,1.0,True,explicit_reading_or_audiobook_duration,1.0,calendar_analysis_duration,,,0.0,Buckley,finish_0164,2025-10-04,ref_to_finished_title
calendar_analysis_row_032550_part_0,calendar_analysis_row_032550,2025-10-03,2025-10-03 09:30:00+00:00,2025-10-03 10:30:00+00:00,Things,book:buckley,book:buckley,reading,buckley,1.0,1.0,True,explicit_reading_or_audiobook_duration,1.0,calendar_analysis_duration,,,0.0,Buckley,finish_0164,2025-10-04,ref_to_finished_title
calendar_analysis_row_032553_part_0,calendar_analysis_row_032553,2025-10-03,2025-10-03 11:30:00+00:00,2025-10-03 12:00:00+00:00,Things,book:buckley,book:buckley,reading,buckley,0.5,0.5,True,explicit_reading_or_audiobook_duration,0.5,calendar_analysis_duration,,,0.0,Buckley,finish_0164,2025-10-04,ref_to_finished_title
calendar_analysis_row_032555_part_0,calendar_analysis_row_032555,2025-10-03,2025-10-03 13:15:00+00:00,2025-10-03 13:30:00+00:00,Waste Time,read,read,generic,,0.25,0.25,False,generic_temporal_read_not_counted_by_default,0.25,calendar_analysis_duration,,,0.0,Buckley,finish_0164,2025-10-04,generic_temporal
calendar_analysis_row_032562_part_0,calendar_analysis_row_032562,2025-10-03,2025-10-03 19:45:00+00:00,2025-10-03 20:45:00+00:00,Things,book:buckley,book:buckley,reading,buckley,0.875,1.0,True,explicit_reading_or_audiobook_duration,1.0,full_duration_minor_overlap,lunch,"Meals, Supplements, Sleep",0.125,Buckley,finish_0164,2025-10-04,ref_to_finished_title
calendar_analysis_row_032568_part_0,calendar_analysis_row_032568,2025-10-04,2025-10-04 00:00:00+00:00,2025-10-04 00:30:00+00:00,Things,book:buckley,book:buckley,reading,buckley,0.5,0.5,True,explicit_reading_or_audiobook_duration,0.5,calendar_analysis_duration,,,0.0,Buckley,finish_0164,2025-10-04,ref_to_finished_title
calendar_analysis_row_032570_part_0,calendar_analysis_row_032570,2025-10-04,2025-10-04 00:45:00+00:00,2025-10-04 01:00:00+00:00,Things,book:buckley,book:buckley,reading,buckley,0.25,0.25,True,explicit_reading_or_audiobook_duration,0.25,calendar_analysis_duration,,,0.0,Buckley,finish_0164,2025-10-04,ref_to_finished_title
calendar_analysis_row_032575_part_0,calendar_analysis_row_032575,2025-10-04,2025-10-04 03:15:00+00:00,2025-10-04 06:00:00+00:00,Things,Book:Buckley,Book:Buckley,reading,Buckley,2.75,2.75,True,explicit_reading_or_audiobook_duration,2.75,calendar_analysis_duration,,,0.0,Buckley,finish_0164,2025-10-04,ref_to_finished_title
calendar_analysis_row_032576_part_0,calendar_analysis_row_032576,2025-10-04,2025-10-04 06:30:00+00:00,2025-10-04 10:30:00+00:00,Things,Book:Buckley,Book:Buckley,reading,Buckley,4.0,4.0,True,explicit_reading_or_audiobook_duration,4.0,calendar_analysis_duration,,,0.0,Buckley,finish_0164,2025-10-04,ref_to_finished_title
calendar_analysis_row_032578_part_0,calendar_analysis_row_032578,2025-10-04,2025-10-04 19:30:00+00:00,2025-10-04 20:30:00+00:00,Things,Book:Buckley,Book:Buckley,reading,Buckley,1.0,1.0,True,explicit_reading_or_audiobook_duration,1.0,calendar_analysis_duration,,,0.0,Buckley,finish_0164,2025-10-04,ref_to_finished_title
calendar_analysis_row_032580_part_0,calendar_analysis_row_032580,2025-10-04,2025-10-04 20:45:00+00:00,2025-10-04 22:00:00+00:00,Things,Finished Book: Buckley,Finished Book: Buckley,finished,Buckley,1.125,1.25,True,explicit_finished_book_duration,1.25,full_duration_minor_overlap,lunch,"Meals, Supplements, Sleep",0.125,Buckley,finish_0164,2025-10-04,finished_event_identity
calendar_analysis_row_032619_part_0,calendar_analysis_row_032619,2025-10-06,2025-10-06 10:15:00+00:00,2025-10-06 11:15:00+00:00,Things,book:gs,book:gs,reading,gs,1.0,1.0,True,explicit_reading_or_audiobook_duration,1.0,calendar_analysis_duration,,,0.0,,,,
calendar_analysis_row_032631_part_0,calendar_analysis_row_032631,2025-10-06,2025-10-06 23:30:00+00:00,2025-10-07 00:30:00+00:00,Things,book:dt,book:dt,reading,dt,1.0,1.0,True,explicit_reading_or_audiobook_duration,1.0,calendar_analysis_duration,,,0.0,DFW_TV.pdf,finish_0165,2025-10-09,ref_to_finished_title
calendar_analysis_row_032633_part_0,calendar_analysis_row_032633,2025-10-07,2025-10-07 00:30:00+00:00,2025-10-07 01:45:00+00:00,Things,Audiobook: tpb,Audiobook: tpb,audiobook,tpb,0.625,1.25,True,explicit_reading_or_audiobook_duration,1.25,full_duration_compatible_overlap,Walk,Things,0.625,the power broker,finish_0174,2025-12-04,ref_to_finished_title
calendar_analysis_row_032662_part_0,calendar_analysis_row_032662,2025-10-08,2025-10-08 00:15:00+00:00,2025-10-08 00:45:00+00:00,Things,Book:gs,Book:gs,reading,gs,0.5,0.5,True,explicit_reading_or_audiobook_duration,0.5,calendar_analysis_duration,,,0.0,,,,
calendar_analysis_row_032687_part_0,calendar_analysis_row_032687,2025-10-09,2025-10-09 02:30:00+00:00,2025-10-09 02:45:00+00:00,Things,Book:gs,Book:gs,reading,gs,0.25,0.25,True,explicit_reading_or_audiobook_duration,0.25,calendar_analysis_duration,,,0.0,,,,
calendar_analysis_row_032699_part_0,calendar_analysis_row_032699,2025-10-09,2025-10-09 08:00:00+00:00,2025-10-09 08:15:00+00:00,Things,book:dt,book:dt,reading,dt,0.125,0.25,True,explicit_reading_or_audiobook_duration,0.25,full_duration_minor_overlap,anki,clark.benham@gmail.com,0.125,DFW_TV.pdf,finish_0165,2025-10-09,ref_to_finished_title
calendar_analysis_row_032704_part_0,calendar_analysis_row_032704,2025-10-09,2025-10-09 12:45:00+00:00,2025-10-09 13:00:00+00:00,Things,book:dt,book:dt,reading,dt,0.25,0.25,True,explicit_reading_or_audiobook_duration,0.25,calendar_analysis_duration,,,0.0,DFW_TV.pdf,finish_0165,2025-10-09,ref_to_finished_title
calendar_analysis_row_032716_part_0,calendar_analysis_row_032716,2025-10-09,2025-10-09 21:30:00+00:00,2025-10-09 21:45:00+00:00,Things,finished book: dfw tv,finished book: dfw tv,finished,dfw tv,0.25,0.25,True,explicit_finished_book_duration,0.25,calendar_analysis_duration,,,0.0,DFW_TV.pdf,finish_0165,2025-10-09,finished_event_identity
calendar_analysis_row_032719_part_0,calendar_analysis_row_032719,2025-10-09,2025-10-09 22:45:00+00:00,2025-10-09 23:30:00+00:00,Things,book:sc,book:sc,reading,sc,0.75,0.75,True,explicit_reading_or_audiobook_duration,0.75,calendar_analysis_duration,,,0.0,six crises,finish_0168,2025-10-25,ref_to_finished_title
calendar_analysis_row_032725_part_0,calendar_analysis_row_032725,2025-10-10,2025-10-10 05:00:00+00:00,2025-10-10 05:15:00+00:00,Things,read,read,generic,,0.25,0.25,False,generic_temporal_read_not_counted_by_default,0.25,calendar_analysis_duration,,,0.0,my early life,finish_0166,2025-10-14,generic_temporal
calendar_analysis_row_032738_part_0,calendar_analysis_row_032738,2025-10-10,2025-10-10 19:30:00+00:00,2025-10-10 20:15:00+00:00,Things,read,read,generic,,0.625,0.75,False,generic_temporal_read_not_counted_by_default,0.625,calendar_analysis_duration,,,0.0,my early life,finish_0166,2025-10-14,generic_temporal
calendar_analysis_row_032742_part_0,calendar_analysis_row_032742,2025-10-10,2025-10-10 21:30:00+00:00,2025-10-10 22:30:00+00:00,Things,Book:sc,Book:sc,reading,sc,1.0,1.0,True,explicit_reading_or_audiobook_duration,1.0,calendar_analysis_duration,,,0.0,six crises,finish_0168,2025-10-25,ref_to_finished_title
calendar_analysis_row_032764_part_0,calendar_analysis_row_032764,2025-10-11,2025-10-11 17:00:00+00:00,2025-10-11 19:00:00+00:00,Things,book:sc,book:sc,reading,sc,2.0,2.0,True,explicit_reading_or_audiobook_duration,2.0,calendar_analysis_duration,,,0.0,six crises,finish_0168,2025-10-25,ref_to_finished_title
calendar_analysis_row_032778_part_0,calendar_analysis_row_032778,2025-10-12,2025-10-12 14:15:00+00:00,2025-10-12 15:00:00+00:00,Things,Book:sc,Book:sc,reading,sc,0.75,0.75,True,explicit_reading_or_audiobook_duration,0.75,calendar_analysis_duration,,,0.0,six crises,finish_0168,2025-10-25,ref_to_finished_title
calendar_analysis_row_032779_part_0,calendar_analysis_row_032779,2025-10-12,2025-10-12 15:00:00+00:00,2025-10-12 15:30:00+00:00,Things,read,read,generic,,0.5,0.5,False,generic_temporal_read_not_counted_by_default,0.5,calendar_analysis_duration,,,0.0,my early life,finish_0166,2025-10-14,generic_temporal
calendar_analysis_row_032793_part_0,calendar_analysis_row_032793,2025-10-12,2025-10-12 20:45:00+00:00,2025-10-12 21:15:00+00:00,Things,book:mel,book:mel,reading,mel,0.5,0.5,True,explicit_reading_or_audiobook_duration,0.5,calendar_analysis_duration,,,0.0,my early life,finish_0166,2025-10-14,ref_to_finished_title
calendar_analysis_row_032795_part_0,calendar_analysis_row_032795,2025-10-12,2025-10-12 21:30:00+00:00,2025-10-12 22:30:00+00:00,Things,Book:mel,Book:mel,reading,mel,1.0,1.0,True,explicit_reading_or_audiobook_duration,1.0,calendar_analysis_duration,,,0.0,my early life,finish_0166,2025-10-14,ref_to_finished_title
calendar_analysis_row_032797_part_0,calendar_analysis_row_032797,2025-10-12,2025-10-12 23:00:00+00:00,2025-10-12 23:45:00+00:00,Things,Book:mel,Book:mel,reading,mel,0.75,0.75,True,explicit_reading_or_audiobook_duration,0.75,calendar_analysis_duration,,,0.0,my early life,finish_0166,2025-10-14,ref_to_finished_title
calendar_analysis_row_032808_part_0,calendar_analysis_row_032808,2025-10-13,2025-10-13 15:45:00+00:00,2025-10-13 17:00:00+00:00,Things,Book:mel,Book:mel,reading,mel,1.125,1.25,True,explicit_reading_or_audiobook_duration,1.25,full_duration_minor_overlap,Tug,Waste Time,0.125,my early life,finish_0166,2025-10-14,ref_to_finished_title
calendar_analysis_row_032815_part_0,calendar_analysis_row_032815,2025-10-13,2025-10-13 22:45:00+00:00,2025-10-13 23:30:00+00:00,Things,Book:mel,Book:mel,reading,mel,0.75,0.75,True,explicit_reading_or_audiobook_duration,0.75,calendar_analysis_duration,,,0.0,my early life,finish_0166,2025-10-14,ref_to_finished_title
calendar_analysis_row_032818_part_0,calendar_analysis_row_032818,2025-10-14,2025-10-14 02:30:00+00:00,2025-10-14 03:00:00+00:00,Things,book:bn,book:bn,reading,bn,0.5,0.5,True,explicit_reading_or_audiobook_duration,0.5,calendar_analysis_duration,,,0.0,,,,
calendar_analysis_row_032819_part_0,calendar_analysis_row_032819,2025-10-14,2025-10-14 03:00:00+00:00,2025-10-14 03:15:00+00:00,Things,Book:mel,Book:mel,reading,mel,0.25,0.25,True,explicit_reading_or_audiobook_duration,0.25,calendar_analysis_duration,,,0.0,my early life,finish_0166,2025-10-14,ref_to_finished_title
calendar_analysis_row_032822_part_0,calendar_analysis_row_032822,2025-10-14,2025-10-14 04:30:00+00:00,2025-10-14 05:15:00+00:00,Things,Book:mel,Book:mel,reading,mel,0.75,0.75,True,explicit_reading_or_audiobook_duration,0.75,calendar_analysis_duration,,,0.0,my early life,finish_0166,2025-10-14,ref_to_finished_title
calendar_analysis_row_032824_part_0,calendar_analysis_row_032824,2025-10-14,2025-10-14 16:00:00+00:00,2025-10-14 17:30:00+00:00,Things,finished book: my early life,finished book: my early life,finished,my early life,1.375,1.5,True,explicit_finished_book_duration,1.5,full_duration_minor_overlap,breakfast,"Meals, Supplements, Sleep",0.125,my early life,finish_0166,2025-10-14,finished_event_identity
calendar_analysis_row_032827_part_0,calendar_analysis_row_032827,2025-10-14,2025-10-14 18:30:00+00:00,2025-10-14 18:45:00+00:00,Things,Book:sc,Book:sc,reading,sc,0.25,0.25,True,explicit_reading_or_audiobook_duration,0.25,calendar_analysis_duration,,,0.0,six crises,finish_0168,2025-10-25,ref_to_finished_title
calendar_analysis_row_032836_part_0,calendar_analysis_row_032836,2025-10-15,2025-10-15 00:30:00+00:00,2025-10-15 01:00:00+00:00,Things,Book:sc,Book:sc,reading,sc,0.5,0.5,True,explicit_reading_or_audiobook_duration,0.5,calendar_analysis_duration,,,0.0,six crises,finish_0168,2025-10-25,ref_to_finished_title
calendar_analysis_row_032837_part_0,calendar_analysis_row_032837,2025-10-15,2025-10-15 01:00:00+00:00,2025-10-15 01:45:00+00:00,Things,book:tsww,book:tsww,reading,tsww,0.75,0.75,True,explicit_reading_or_audiobook_duration,0.75,calendar_analysis_duration,,,0.0,the second world war,finish_0167,2025-10-21,ref_to_finished_title
calendar_analysis_row_032849_part_0,calendar_analysis_row_032849,2025-10-15,2025-10-15 19:30:00+00:00,2025-10-15 21:00:00+00:00,Things,book:tsww,book:tsww,reading,tsww,1.375,1.5,True,explicit_reading_or_audiobook_duration,1.5,full_duration_minor_overlap,lunch,"Meals, Supplements, Sleep",0.125,the second world war,finish_0167,2025-10-21,ref_to_finished_title
calendar_analysis_row_032855_part_0,calendar_analysis_row_032855,2025-10-16,2025-10-16 00:30:00+00:00,2025-10-16 01:45:00+00:00,Things,book:tsww,book:tsww,reading,tsww,1.25,1.25,True,explicit_reading_or_audiobook_duration,1.25,calendar_analysis_duration,,,0.0,the second world war,finish_0167,2025-10-21,ref_to_finished_title
calendar_analysis_row_032862_part_0,calendar_analysis_row_032862,2025-10-16,2025-10-16 05:15:00+00:00,2025-10-16 06:30:00+00:00,Things,Book:tsww,Book:tsww,reading,tsww,1.25,1.25,True,explicit_reading_or_audiobook_duration,1.25,calendar_analysis_duration,,,0.0,the second world war,finish_0167,2025-10-21,ref_to_finished_title
calendar_analysis_row_032877_part_0,calendar_analysis_row_032877,2025-10-16,2025-10-16 22:15:00+00:00,2025-10-16 22:45:00+00:00,Things,book:tsww,book:tsww,reading,tsww,0.5,0.5,True,explicit_reading_or_audiobook_duration,0.5,calendar_analysis_duration,,,0.0,the second world war,finish_0167,2025-10-21,ref_to_finished_title
calendar_analysis_row_032879_part_0,calendar_analysis_row_032879,2025-10-16,2025-10-16 23:30:00+00:00,2025-10-17 01:15:00+00:00,Things,book:tsww,book:tsww,reading,tsww,1.75,1.75,True,explicit_reading_or_audiobook_duration,1.75,calendar_analysis_duration,,,0.0,the second world war,finish_0167,2025-10-21,ref_to_finished_title
calendar_analysis_row_032887_part_0,calendar_analysis_row_032887,2025-10-17,2025-10-17 07:30:00+00:00,2025-10-17 08:15:00+00:00,Things,Book:tsww,Book:tsww,reading,tsww,0.75,0.75,True,explicit_reading_or_audiobook_duration,0.75,calendar_analysis_duration,,,0.0,the second world war,finish_0167,2025-10-21,ref_to_finished_title
calendar_analysis_row_032906_part_0,calendar_analysis_row_032906,2025-10-18,2025-10-18 09:00:00+00:00,2025-10-18 09:30:00+00:00,Things,Book:tsww,Book:tsww,reading,tsww,0.5,0.5,True,explicit_reading_or_audiobook_duration,0.5,calendar_analysis_duration,,,0.0,the second world war,finish_0167,2025-10-21,ref_to_finished_title
calendar_analysis_row_032908_part_0,calendar_analysis_row_032908,2025-10-18,2025-10-18 15:30:00+00:00,2025-10-18 16:00:00+00:00,Things,richard book,richard book,generic,,0.5,0.5,False,generic_temporal_read_not_counted_by_default,0.5,calendar_analysis_duration,,,0.0,the second world war,finish_0167,2025-10-21,generic_temporal
calendar_analysis_row_032930_part_0,calendar_analysis_row_032930,2025-10-19,2025-10-19 18:45:00+00:00,2025-10-19 21:45:00+00:00,Things,Book:tsww,Book:tsww,reading,tsww,2.75,3.0,True,explicit_reading_or_audiobook_duration,3.0,full_duration_minor_overlap,lunch | Jack,"Meals, Supplements, Sleep | Waste Time",0.25,the second world war,finish_0167,2025-10-21,ref_to_finished_title
calendar_analysis_row_032933_part_0,calendar_analysis_row_032933,2025-10-19,2025-10-19 21:45:00+00:00,2025-10-19 22:45:00+00:00,Things,Book:tsww,Book:tsww,reading,tsww,1.0,1.0,True,explicit_reading_or_audiobook_duration,1.0,calendar_analysis_duration,,,0.0,the second world war,finish_0167,2025-10-21,ref_to_finished_title
calendar_analysis_row_032945_part_0,calendar_analysis_row_032945,2025-10-20,2025-10-20 02:30:00+00:00,2025-10-20 03:45:00+00:00,Things,Book:tsww,Book:tsww,reading,tsww,1.25,1.25,True,explicit_reading_or_audiobook_duration,1.25,calendar_analysis_duration,,,0.0,the second world war,finish_0167,2025-10-21,ref_to_finished_title
calendar_analysis_row_032948_part_0,calendar_analysis_row_032948,2025-10-20,2025-10-20 04:30:00+00:00,2025-10-20 05:30:00+00:00,Things,Book:tsww,Book:tsww,reading,tsww,0.875,1.0,True,explicit_reading_or_audiobook_duration,1.0,full_duration_minor_overlap,Snack,"Meals, Supplements, Sleep",0.125,the second world war,finish_0167,2025-10-21,ref_to_finished_title
calendar_analysis_row_032951_part_0,calendar_analysis_row_032951,2025-10-20,2025-10-20 06:00:00+00:00,2025-10-20 06:45:00+00:00,Things,Book:tsww,Book:tsww,reading,tsww,0.75,0.75,True,explicit_reading_or_audiobook_duration,0.75,calendar_analysis_duration,,,0.0,the second world war,finish_0167,2025-10-21,ref_to_finished_title
calendar_analysis_row_032962_part_0,calendar_analysis_row_032962,2025-10-20,2025-10-20 21:00:00+00:00,2025-10-20 21:45:00+00:00,Things,Book:tsww,Book:tsww,reading,tsww,0.75,0.75,True,explicit_reading_or_audiobook_duration,0.75,calendar_analysis_duration,,,0.0,the second world war,finish_0167,2025-10-21,ref_to_finished_title
calendar_analysis_row_032964_part_0,calendar_analysis_row_032964,2025-10-20,2025-10-20 22:45:00+00:00,2025-10-21 01:00:00+00:00,Things,Book:tsww,Book:tsww,reading,tsww,2.25,2.25,True,explicit_reading_or_audiobook_duration,2.25,calendar_analysis_duration,,,0.0,the second world war,finish_0167,2025-10-21,ref_to_finished_title
calendar_analysis_row_032967_part_0,calendar_analysis_row_032967,2025-10-21,2025-10-21 02:00:00+00:00,2025-10-21 05:45:00+00:00,Things,book:tsww,book:tsww,reading,tsww,3.75,3.75,True,explicit_reading_or_audiobook_duration,3.75,calendar_analysis_duration,,,0.0,the second world war,finish_0167,2025-10-21,ref_to_finished_title
calendar_analysis_row_032971_part_0,calendar_analysis_row_032971,2025-10-21,2025-10-21 07:45:00+00:00,2025-10-21 12:30:00+00:00,Things,book:tsww,book:tsww,reading,tsww,4.75,4.75,True,explicit_reading_or_audiobook_duration,4.75,calendar_analysis_duration,,,0.0,the second world war,finish_0167,2025-10-21,ref_to_finished_title
calendar_analysis_row_032981_part_0,calendar_analysis_row_032981,2025-10-21,2025-10-21 17:30:00+00:00,2025-10-21 21:00:00+00:00,Things,finished book: the second world war,finished book: the second world war,finished,the second world war,3.375,3.5,True,explicit_finished_book_duration,3.5,full_duration_minor_overlap,lunch,"Meals, Supplements, Sleep",0.125,the second world war,finish_0167,2025-10-21,finished_event_identity
calendar_analysis_row_032994_part_0,calendar_analysis_row_032994,2025-10-22,2025-10-22 02:45:00+00:00,2025-10-22 03:00:00+00:00,Things,Book:gs,Book:gs,reading,gs,0.25,0.25,True,explicit_reading_or_audiobook_duration,0.25,calendar_analysis_duration,,,0.0,,,,
calendar_analysis_row_033001_part_0,calendar_analysis_row_033001,2025-10-22,2025-10-22 11:15:00+00:00,2025-10-22 11:45:00+00:00,Things,Book:sc,Book:sc,reading,sc,0.5,0.5,True,explicit_reading_or_audiobook_duration,0.5,calendar_analysis_duration,,,0.0,six crises,finish_0168,2025-10-25,ref_to_finished_title
calendar_analysis_row_033024_part_0,calendar_analysis_row_033024,2025-10-23,2025-10-23 05:15:00+00:00,2025-10-23 05:30:00+00:00,Things,book:sc,book:sc,reading,sc,0.25,0.25,True,explicit_reading_or_audiobook_duration,0.25,calendar_analysis_duration,,,0.0,six crises,finish_0168,2025-10-25,ref_to_finished_title
calendar_analysis_row_033037_part_0,calendar_analysis_row_033037,2025-10-23,2025-10-23 22:30:00+00:00,2025-10-23 23:00:00+00:00,Things,book:gs,book:gs,reading,gs,0.5,0.5,True,explicit_reading_or_audiobook_duration,0.5,calendar_analysis_duration,,,0.0,,,,
calendar_analysis_row_033062_part_0,calendar_analysis_row_033062,2025-10-24,2025-10-24 20:15:00+00:00,2025-10-24 20:30:00+00:00,Things,Book,Book,generic,,0.25,0.25,False,generic_temporal_read_not_counted_by_default,0.25,calendar_analysis_duration,,,0.0,six crises,finish_0168,2025-10-25,generic_temporal
calendar_analysis_row_033063_part_0,calendar_analysis_row_033063,2025-10-24,2025-10-24 20:30:00+00:00,2025-10-24 21:00:00+00:00,Things,Book:sc,Book:sc,reading,sc,0.5,0.5,True,explicit_reading_or_audiobook_duration,0.5,calendar_analysis_duration,,,0.0,six crises,finish_0168,2025-10-25,ref_to_finished_title
calendar_analysis_row_033079_part_0,calendar_analysis_row_033079,2025-10-25,2025-10-25 04:30:00+00:00,2025-10-25 05:30:00+00:00,Things,Finished book: six crises,Finished book: six crises,finished,six crises,1.0,1.0,True,explicit_finished_book_duration,1.0,calendar_analysis_duration,,,0.0,six crises,finish_0168,2025-10-25,finished_event_identity
calendar_analysis_row_033091_part_0,calendar_analysis_row_033091,2025-10-25,2025-10-25 21:15:00+00:00,2025-10-25 22:15:00+00:00,Things,finished book: good old neon,finished book: good old neon,finished,good old neon,1.0,1.0,True,explicit_finished_book_duration,1.0,calendar_analysis_duration,,,0.0,Good Old Neon,finish_0169,2025-10-25,finished_event_identity
calendar_analysis_row_033107_part_0,calendar_analysis_row_033107,2025-10-26,2025-10-26 06:15:00+00:00,2025-10-26 06:30:00+00:00,Things,Book:bn,Book:bn,reading,bn,0.25,0.25,True,explicit_reading_or_audiobook_duration,0.25,calendar_analysis_duration,,,0.0,,,,
calendar_analysis_row_033114_part_0,calendar_analysis_row_033114,2025-10-26,2025-10-26 17:45:00+00:00,2025-10-26 18:45:00+00:00,Things,Audiobook: tpb,Audiobook: tpb,audiobook,tpb,0.5,1.0,True,explicit_reading_or_audiobook_duration,1.0,full_duration_compatible_overlap,Walk,Things,0.5,the power broker,finish_0174,2025-12-04,ref_to_finished_title
calendar_analysis_row_033117_part_0,calendar_analysis_row_033117,2025-10-26,2025-10-26 19:45:00+00:00,2025-10-26 20:00:00+00:00,Things,Started Book: profiles in courage,Started Book: profiles in courage,started,profiles in courage,0.25,0.25,True,explicit_started_book_duration,0.25,calendar_analysis_duration,,,0.0,,,,
calendar_analysis_row_033152_part_0,calendar_analysis_row_033152,2025-10-28,2025-10-28 04:40:00+00:00,2025-10-28 04:50:00+00:00,Things,book:pic,book:pic,reading,pic,0.1666666666666666,0.16666666666666666,True,explicit_reading_or_audiobook_duration,0.1666666666666666,calendar_analysis_duration,,,0.0,,,,
calendar_analysis_row_033174_part_0,calendar_analysis_row_033174,2025-10-28,2025-10-28 19:30:00+00:00,2025-10-28 19:45:00+00:00,Things,started book: only the paranoid survive ,started book: only the paranoid survive,started,only the paranoid survive,0.25,0.25,True,explicit_started_book_duration,0.25,calendar_analysis_duration,,,0.0,,,,
calendar_analysis_row_033244_part_0,calendar_analysis_row_033244,2025-10-31,2025-10-31 04:30:00+00:00,2025-10-31 05:30:00+00:00,Things,audiobook: tpb,audiobook: tpb,audiobook,tpb,0.5,1.0,True,explicit_reading_or_audiobook_duration,1.0,full_duration_compatible_overlap,Amelia chores,Things,0.5,the power broker,finish_0174,2025-12-04,ref_to_finished_title
calendar_analysis_row_033246_part_0,calendar_analysis_row_033246,2025-10-31,2025-10-31 06:00:00+00:00,2025-10-31 07:15:00+00:00,Things,audiobook: tpb,audiobook: tpb,audiobook,tpb,0.625,1.25,True,explicit_reading_or_audiobook_duration,1.25,full_duration_compatible_overlap,Amelia: Chores,Things,0.625,the power broker,finish_0174,2025-12-04,ref_to_finished_title
calendar_analysis_row_033261_part_0,calendar_analysis_row_033261,2025-10-31,2025-10-31 21:00:00+00:00,2025-10-31 23:00:00+00:00,Things,book:tpb,book:tpb,reading,tpb,1.875,2.0,True,explicit_reading_or_audiobook_duration,2.0,full_duration_minor_overlap,1 beer,Waste Time,0.125,the power broker,finish_0174,2025-12-04,ref_to_finished_title
calendar_analysis_row_033275_part_0,calendar_analysis_row_033275,2025-11-01,2025-11-01 08:00:00+00:00,2025-11-01 08:30:00+00:00,Things,book:gc,book:gc,reading,gc,0.5,0.5,True,explicit_reading_or_audiobook_duration,0.5,calendar_analysis_duration,,,0.0,,,,
calendar_analysis_row_033294_part_0,calendar_analysis_row_033294,2025-11-01,2025-11-01 22:30:00+00:00,2025-11-01 23:00:00+00:00,Things,book:gc,book:gc,reading,gc,0.375,0.5,True,explicit_reading_or_audiobook_duration,0.5,full_duration_minor_overlap,food,"Meals, Supplements, Sleep",0.125,,,,
calendar_analysis_row_033302_part_0,calendar_analysis_row_033302,2025-11-02,2025-11-02 05:00:00+00:00,2025-11-02 07:15:00+00:00,Things,richards book,richards book,generic,,2.0,2.25,False,generic_temporal_read_not_counted_by_default,2.0,calendar_analysis_duration,,,0.0,thoughts and adventures,finish_0170,2025-11-03,generic_temporal
calendar_analysis_row_033311_part_0,calendar_analysis_row_033311,2025-11-02,2025-11-02 22:30:00+00:00,2025-11-02 23:45:00+00:00,Things,audiobook: tpb,audiobook: tpb,audiobook,tpb,0.625,1.25,True,explicit_reading_or_audiobook_duration,0.625,calendar_analysis_duration_incompatible_overlap,Amelia,Things,0.0,the power broker,finish_0174,2025-12-04,ref_to_finished_title
calendar_analysis_row_033330_part_0,calendar_analysis_row_033330,2025-11-03,2025-11-03 17:45:00+00:00,2025-11-03 19:30:00+00:00,Things,book:gc,book:gc,reading,gc,1.625,1.75,True,explicit_reading_or_audiobook_duration,1.75,full_duration_minor_overlap,breakfast,"Meals, Supplements, Sleep",0.125,,,,
calendar_analysis_row_033340_part_0,calendar_analysis_row_033340,2025-11-03,2025-11-03 22:45:00+00:00,2025-11-04 03:00:00+00:00,Things,finished book: thoughts and adventures,finished book: thoughts and adventures,finished,thoughts and adventures,4.25,4.25,True,explicit_finished_book_duration,4.25,calendar_analysis_duration,,,0.0,thoughts and adventures,finish_0170,2025-11-03,finished_event_identity
calendar_analysis_row_033359_part_0,calendar_analysis_row_033359,2025-11-04,2025-11-04 18:30:00+00:00,2025-11-04 19:00:00+00:00,Things,book:gc,book:gc,reading,gc,0.5,0.5,True,explicit_reading_or_audiobook_duration,0.5,calendar_analysis_duration,,,0.0,,,,
calendar_analysis_row_033439_part_0,calendar_analysis_row_033439,2025-11-07,2025-11-07 02:30:00+00:00,2025-11-07 03:00:00+00:00,Things,book:ritd,book:ritd,reading,ritd,0.5,0.5,True,explicit_reading_or_audiobook_duration,0.5,calendar_analysis_duration,,,0.0,revolt in the desert,finish_0171,2025-11-10,ref_to_finished_title
calendar_analysis_row_033444_part_0,calendar_analysis_row_033444,2025-11-07,2025-11-07 05:00:00+00:00,2025-11-07 07:00:00+00:00,Things,Book:ritd,Book:ritd,reading,ritd,2.0,2.0,True,explicit_reading_or_audiobook_duration,2.0,calendar_analysis_duration,,,0.0,revolt in the desert,finish_0171,2025-11-10,ref_to_finished_title
calendar_analysis_row_033448_part_0,calendar_analysis_row_033448,2025-11-07,2025-11-07 15:30:00+00:00,2025-11-07 16:00:00+00:00,Things,Book:ritd,Book:ritd,reading,ritd,0.5,0.5,True,explicit_reading_or_audiobook_duration,0.5,calendar_analysis_duration,,,0.0,revolt in the desert,finish_0171,2025-11-10,ref_to_finished_title
calendar_analysis_row_033453_part_0,calendar_analysis_row_033453,2025-11-07,2025-11-07 18:45:00+00:00,2025-11-07 21:15:00+00:00,Things,Book:ritd,Book:ritd,reading,ritd,2.5,2.5,True,explicit_reading_or_audiobook_duration,2.5,calendar_analysis_duration,,,0.0,revolt in the desert,finish_0171,2025-11-10,ref_to_finished_title
calendar_analysis_row_033473_part_0,calendar_analysis_row_033473,2025-11-08,2025-11-08 05:20:00+00:00,2025-11-08 05:30:00+00:00,Things,book:ritd,book:ritd,reading,ritd,0.1666666666666666,0.16666666666666666,True,explicit_reading_or_audiobook_duration,0.1666666666666666,calendar_analysis_duration,,,0.0,revolt in the desert,finish_0171,2025-11-10,ref_to_finished_title
calendar_analysis_row_033474_part_0,calendar_analysis_row_033474,2025-11-08,2025-11-08 05:30:00+00:00,2025-11-08 06:00:00+00:00,Things,book:ritd,book:ritd,reading,ritd,0.5,0.5,True,explicit_reading_or_audiobook_duration,0.5,calendar_analysis_duration,,,0.0,revolt in the desert,finish_0171,2025-11-10,ref_to_finished_title
calendar_analysis_row_033478_part_0,calendar_analysis_row_033478,2025-11-08,2025-11-08 08:00:00+00:00,2025-11-08 08:45:00+00:00,Things,Book:ritd,Book:ritd,reading,ritd,0.75,0.75,True,explicit_reading_or_audiobook_duration,0.75,calendar_analysis_duration,,,0.0,revolt in the desert,finish_0171,2025-11-10,ref_to_finished_title
calendar_analysis_row_033488_part_0,calendar_analysis_row_033488,2025-11-08,2025-11-08 22:30:00+00:00,2025-11-08 23:30:00+00:00,Things,Book:ritd,Book:ritd,reading,ritd,0.875,1.0,True,explicit_reading_or_audiobook_duration,1.0,full_duration_minor_overlap,2 beer,Waste Time,0.125,revolt in the desert,finish_0171,2025-11-10,ref_to_finished_title
calendar_analysis_row_033494_part_0,calendar_analysis_row_033494,2025-11-09,2025-11-09 00:00:00+00:00,2025-11-09 00:15:00+00:00,Things,Book:ritd,Book:ritd,reading,ritd,0.125,0.25,True,explicit_reading_or_audiobook_duration,0.25,full_duration_minor_overlap,Porn,Waste Time,0.125,revolt in the desert,finish_0171,2025-11-10,ref_to_finished_title
calendar_analysis_row_033502_part_0,calendar_analysis_row_033502,2025-11-09,2025-11-09 06:15:00+00:00,2025-11-09 07:00:00+00:00,Things,Book:ritd,Book:ritd,reading,ritd,0.75,0.75,True,explicit_reading_or_audiobook_duration,0.75,calendar_analysis_duration,,,0.0,revolt in the desert,finish_0171,2025-11-10,ref_to_finished_title
calendar_analysis_row_033505_part_0,calendar_analysis_row_033505,2025-11-09,2025-11-09 08:15:00+00:00,2025-11-09 09:00:00+00:00,Things,Book:ritd,Book:ritd,reading,ritd,0.75,0.75,True,explicit_reading_or_audiobook_duration,0.75,calendar_analysis_duration,,,0.0,revolt in the desert,finish_0171,2025-11-10,ref_to_finished_title
calendar_analysis_row_033508_part_0,calendar_analysis_row_033508,2025-11-09,2025-11-09 16:15:00+00:00,2025-11-09 16:45:00+00:00,Things,Book:ritd,Book:ritd,reading,ritd,0.5,0.5,True,explicit_reading_or_audiobook_duration,0.5,calendar_analysis_duration,,,0.0,revolt in the desert,finish_0171,2025-11-10,ref_to_finished_title
calendar_analysis_row_033532_part_0,calendar_analysis_row_033532,2025-11-10,2025-11-10 03:00:00+00:00,2025-11-10 03:15:00+00:00,Things,book:ritd,book:ritd,reading,ritd,0.25,0.25,True,explicit_reading_or_audiobook_duration,0.25,calendar_analysis_duration,,,0.0,revolt in the desert,finish_0171,2025-11-10,ref_to_finished_title
calendar_analysis_row_033539_part_0,calendar_analysis_row_033539,2025-11-10,2025-11-10 06:00:00+00:00,2025-11-10 07:30:00+00:00,Things,finished book: revolt in the desert,finished book: revolt in the desert,finished,revolt in the desert,1.5,1.5,True,explicit_finished_book_duration,1.5,calendar_analysis_duration,,,0.0,revolt in the desert,finish_0171,2025-11-10,finished_event_identity
calendar_analysis_row_033540_part_0,calendar_analysis_row_033540,2025-11-10,2025-11-10 08:00:00+00:00,2025-11-10 08:30:00+00:00,Things,Read: Kipling,Read: Kipling,reading,Kipling,0.5,0.5,True,explicit_reading_or_audiobook_duration,0.5,calendar_analysis_duration,,,0.0,,,,
calendar_analysis_row_033563_part_0,calendar_analysis_row_033563,2025-11-11,2025-11-11 05:00:00+00:00,2025-11-11 05:15:00+00:00,Things,Books,Books,generic,,0.25,0.25,False,generic_temporal_read_not_counted_by_default,0.25,calendar_analysis_duration,,,0.0,and call me conrad,finish_0172,2025-11-13,generic_temporal
calendar_analysis_row_033566_part_0,calendar_analysis_row_033566,2025-11-11,2025-11-11 05:45:00+00:00,2025-11-11 06:30:00+00:00,Things,audiobook: tab,audiobook: tab,audiobook,tab,0.375,0.75,True,explicit_reading_or_audiobook_duration,0.75,full_duration_compatible_overlap,walk,Things,0.375,,,,
calendar_analysis_row_033603_part_0,calendar_analysis_row_033603,2025-11-12,2025-11-12 08:15:00+00:00,2025-11-12 08:30:00+00:00,Things,book:aie,book:aie,reading,aie,0.25,0.25,True,explicit_reading_or_audiobook_duration,0.25,calendar_analysis_duration,,,0.0,,,,
calendar_analysis_row_033604_part_0,calendar_analysis_row_033604,2025-11-12,2025-11-12 08:30:00+00:00,2025-11-12 08:45:00+00:00,Things,Book:pic,Book:pic,reading,pic,0.25,0.25,True,explicit_reading_or_audiobook_duration,0.25,calendar_analysis_duration,,,0.0,,,,
calendar_analysis_row_033613_part_0,calendar_analysis_row_033613,2025-11-12,2025-11-12 18:15:00+00:00,2025-11-12 18:30:00+00:00,Things,book:pic,book:pic,reading,pic,0.25,0.25,True,explicit_reading_or_audiobook_duration,0.25,calendar_analysis_duration,,,0.0,,,,
calendar_analysis_row_033626_part_0,calendar_analysis_row_033626,2025-11-13,2025-11-13 01:15:00+00:00,2025-11-13 01:45:00+00:00,Things,Audiobook: tpb,Audiobook: tpb,audiobook,tpb,0.25,0.5,True,explicit_reading_or_audiobook_duration,0.5,full_duration_minor_overlap,Walk,Things,0.25,the power broker,finish_0174,2025-12-04,ref_to_finished_title
calendar_analysis_row_033634_part_0,calendar_analysis_row_033634,2025-11-13,2025-11-13 05:00:00+00:00,2025-11-13 08:00:00+00:00,Things,finished book: and call me conrad,finished book: and call me conrad,finished,and call me conrad,2.875,3.0,True,explicit_finished_book_duration,3.0,full_duration_minor_overlap,1 cocktail,Waste Time,0.125,and call me conrad,finish_0172,2025-11-13,finished_event_identity
calendar_analysis_row_033647_part_0,calendar_analysis_row_033647,2025-11-14,2025-11-14 01:45:00+00:00,2025-11-14 02:45:00+00:00,Things,Audiobook: tpb,Audiobook: tpb,audiobook,tpb,0.5,1.0,True,explicit_reading_or_audiobook_duration,1.0,full_duration_compatible_overlap,gym | Dinner,"Meals, Supplements, Sleep",0.5,the power broker,finish_0174,2025-12-04,ref_to_finished_title
calendar_analysis_row_033678_part_0,calendar_analysis_row_033678,2025-11-15,2025-11-15 03:00:00+00:00,2025-11-15 04:00:00+00:00,Things,book:hotesp,book:hotesp,reading,hotesp,0.875,1.0,True,explicit_reading_or_audiobook_duration,1.0,full_duration_minor_overlap,drink,Waste Time,0.125,the history of the English speaking peoples volume 4,finish_0182,2026-01-11,ref_to_finished_title
calendar_analysis_row_033679_part_0,calendar_analysis_row_033679,2025-11-15,2025-11-15 04:00:00+00:00,2025-11-15 05:30:00+00:00,Things,book:ws,book:ws,reading,ws,1.5,1.5,True,explicit_reading_or_audiobook_duration,1.5,calendar_analysis_duration,,,0.0,way station,finish_0173,2025-11-15,ref_to_finished_title
calendar_analysis_row_033682_part_0,calendar_analysis_row_033682,2025-11-15,2025-11-15 08:15:00+00:00,2025-11-15 09:45:00+00:00,Things,Book:ws,Book:ws,reading,ws,1.5,1.5,True,explicit_reading_or_audiobook_duration,1.5,calendar_analysis_duration,,,0.0,way station,finish_0173,2025-11-15,ref_to_finished_title
calendar_analysis_row_033683_part_0,calendar_analysis_row_033683,2025-11-15,2025-11-15 09:45:00+00:00,2025-11-15 10:30:00+00:00,Things,Finished book : way station,Finished book : way station,finished,way station,0.75,0.75,True,explicit_finished_book_duration,0.75,calendar_analysis_duration,,,0.0,way station,finish_0173,2025-11-15,finished_event_identity
calendar_analysis_row_033697_part_0,calendar_analysis_row_033697,2025-11-15,2025-11-15 21:15:00+00:00,2025-11-15 21:45:00+00:00,Things,Audiobook: tpb,Audiobook: tpb,audiobook,tpb,0.25,0.5,True,explicit_reading_or_audiobook_duration,0.5,full_duration_minor_overlap,Laundry,Things,0.25,the power broker,finish_0174,2025-12-04,ref_to_finished_title
calendar_analysis_row_033710_part_0,calendar_analysis_row_033710,2025-11-16,2025-11-16 01:30:00+00:00,2025-11-16 02:00:00+00:00,Things,Book:hotesp,Book:hotesp,reading,hotesp,0.5,0.5,True,explicit_reading_or_audiobook_duration,0.5,calendar_analysis_duration,,,0.0,the history of the English speaking peoples volume 4,finish_0182,2026-01-11,ref_to_finished_title
calendar_analysis_row_033734_part_0,calendar_analysis_row_033734,2025-11-16,2025-11-16 22:15:00+00:00,2025-11-16 22:45:00+00:00,Things,book:hotesp,book:hotesp,reading,hotesp,0.375,0.5,True,explicit_reading_or_audiobook_duration,0.5,full_duration_minor_overlap,food,"Meals, Supplements, Sleep",0.125,the history of the English speaking peoples volume 4,finish_0182,2026-01-11,ref_to_finished_title
calendar_analysis_row_033740_part_0,calendar_analysis_row_033740,2025-11-17,2025-11-17 01:30:00+00:00,2025-11-17 02:30:00+00:00,Things,book:hmtscfalol,book:hmtscfalol,reading,hmtscfalol,1.0,1.0,True,explicit_reading_or_audiobook_duration,1.0,calendar_analysis_duration,,,0.0,,,,
calendar_analysis_row_033745_part_0,calendar_analysis_row_033745,2025-11-17,2025-11-17 05:00:00+00:00,2025-11-17 06:00:00+00:00,Things,Book:hotesp,Book:hotesp,reading,hotesp,1.0,1.0,True,explicit_reading_or_audiobook_duration,1.0,calendar_analysis_duration,,,0.0,the history of the English speaking peoples volume 4,finish_0182,2026-01-11,ref_to_finished_title
calendar_analysis_row_033746_part_0,calendar_analysis_row_033746,2025-11-17,2025-11-17 06:00:00+00:00,2025-11-17 06:30:00+00:00,Things,Book:bn,Book:bn,reading,bn,0.5,0.5,True,explicit_reading_or_audiobook_duration,0.5,calendar_analysis_duration,,,0.0,,,,
calendar_analysis_row_033758_part_0,calendar_analysis_row_033758,2025-11-17,2025-11-17 19:30:00+00:00,2025-11-17 20:00:00+00:00,Things,Book:hotesp,Book:hotesp,reading,hotesp,0.5,0.5,True,explicit_reading_or_audiobook_duration,0.5,calendar_analysis_duration,,,0.0,the history of the English speaking peoples volume 4,finish_0182,2026-01-11,ref_to_finished_title
calendar_analysis_row_033762_part_0,calendar_analysis_row_033762,2025-11-17,2025-11-17 21:00:00+00:00,2025-11-17 22:00:00+00:00,Things,book:pmog,book:pmog,reading,pmog,1.0,1.0,True,explicit_reading_or_audiobook_duration,1.0,calendar_analysis_duration,,,0.0,prime movers of globalization,finish_0190,2026-02-09,ref_to_finished_title
calendar_analysis_row_033770_part_0,calendar_analysis_row_033770,2025-11-18,2025-11-18 11:45:00+00:00,2025-11-18 12:00:00+00:00,Things,Book:hotesp,Book:hotesp,reading,hotesp,0.25,0.25,True,explicit_reading_or_audiobook_duration,0.25,calendar_analysis_duration,,,0.0,the history of the English speaking peoples volume 4,finish_0182,2026-01-11,ref_to_finished_title
calendar_analysis_row_033819_part_0,calendar_analysis_row_033819,2025-11-20,2025-11-20 01:30:00+00:00,2025-11-20 02:45:00+00:00,Things,Audiobook: tpb,Audiobook: tpb,audiobook,tpb,0.625,1.25,True,explicit_reading_or_audiobook_duration,1.25,full_duration_compatible_overlap,Walk,Things,0.625,the power broker,finish_0174,2025-12-04,ref_to_finished_title
calendar_analysis_row_033824_part_0,calendar_analysis_row_033824,2025-11-20,2025-11-20 04:45:00+00:00,2025-11-20 05:00:00+00:00,Things,Book:hotesp,Book:hotesp,reading,hotesp,0.25,0.25,True,explicit_reading_or_audiobook_duration,0.25,calendar_analysis_duration,,,0.0,the history of the English speaking peoples volume 4,finish_0182,2026-01-11,ref_to_finished_title
calendar_analysis_row_033826_part_0,calendar_analysis_row_033826,2025-11-20,2025-11-20 05:30:00+00:00,2025-11-20 08:00:00+00:00,Things,Book:hotesp,Book:hotesp,reading,hotesp,2.5,2.5,True,explicit_reading_or_audiobook_duration,2.5,calendar_analysis_duration,,,0.0,the history of the English speaking peoples volume 4,finish_0182,2026-01-11,ref_to_finished_title
calendar_analysis_row_033828_part_0,calendar_analysis_row_033828,2025-11-20,2025-11-20 08:15:00+00:00,2025-11-20 12:00:00+00:00,Things,Book:hotesp,Book:hotesp,reading,hotesp,3.75,3.75,True,explicit_reading_or_audiobook_duration,3.75,calendar_analysis_duration,,,0.0,the history of the English speaking peoples volume 4,finish_0182,2026-01-11,ref_to_finished_title
calendar_analysis_row_033845_part_0,calendar_analysis_row_033845,2025-11-21,2025-11-21 03:00:00+00:00,2025-11-21 03:30:00+00:00,Things,Book:hotesp,Book:hotesp,reading,hotesp,0.5,0.5,True,explicit_reading_or_audiobook_duration,0.5,calendar_analysis_duration,,,0.0,the history of the English speaking peoples volume 4,finish_0182,2026-01-11,ref_to_finished_title
calendar_analysis_row_033883_part_0,calendar_analysis_row_033883,2025-11-22,2025-11-22 08:45:00+00:00,2025-11-22 09:15:00+00:00,Things,Book:hotesp,Book:hotesp,reading,hotesp,0.5,0.5,True,explicit_reading_or_audiobook_duration,0.5,calendar_analysis_duration,,,0.0,the history of the English speaking peoples volume 4,finish_0182,2026-01-11,ref_to_finished_title
calendar_analysis_row_033890_part_0,calendar_analysis_row_033890,2025-11-22,2025-11-22 19:00:00+00:00,2025-11-22 21:00:00+00:00,Things,Audiobook: tpb,Audiobook: tpb,audiobook,tpb,1.0,2.0,True,explicit_reading_or_audiobook_duration,2.0,full_duration_compatible_overlap,Walk,Things,1.0,the power broker,finish_0174,2025-12-04,ref_to_finished_title
calendar_analysis_row_033906_part_0,calendar_analysis_row_033906,2025-11-23,2025-11-23 03:00:00+00:00,2025-11-23 04:00:00+00:00,Things,Audiobook: tpb,Audiobook: tpb,audiobook,tpb,0.5,1.0,True,explicit_reading_or_audiobook_duration,1.0,full_duration_compatible_overlap,Toil: fix bike,Things,0.5,the power broker,finish_0174,2025-12-04,ref_to_finished_title
calendar_analysis_row_033933_part_0,calendar_analysis_row_033933,2025-11-24,2025-11-24 04:45:00+00:00,2025-11-24 05:00:00+00:00,Things,Book:hotesp,Book:hotesp,reading,hotesp,0.25,0.25,True,explicit_reading_or_audiobook_duration,0.25,calendar_analysis_duration,,,0.0,the history of the English speaking peoples volume 4,finish_0182,2026-01-11,ref_to_finished_title
calendar_analysis_row_033934_part_0,calendar_analysis_row_033934,2025-11-24,2025-11-24 05:00:00+00:00,2025-11-24 05:15:00+00:00,Things,Book:bn,Book:bn,reading,bn,0.25,0.25,True,explicit_reading_or_audiobook_duration,0.25,calendar_analysis_duration,,,0.0,,,,
calendar_analysis_row_033955_part_0,calendar_analysis_row_033955,2025-11-24,2025-11-24 21:30:00+00:00,2025-11-24 21:52:30+00:00,Things,books,books,generic,,0.375,0.375,False,generic_temporal_read_not_counted_by_default,0.375,calendar_analysis_duration,,,0.0,the power broker,finish_0174,2025-12-04,generic_temporal
calendar_analysis_row_034017_part_0,calendar_analysis_row_034017,2025-11-27,2025-11-27 12:37:30+00:00,2025-11-27 13:00:00+00:00,Things,book:gs,book:gs,reading,gs,0.1875,0.375,True,explicit_reading_or_audiobook_duration,0.375,full_duration_minor_overlap,sleep,"Meals, Supplements, Sleep",0.1875,,,,
calendar_analysis_row_034063_part_0,calendar_analysis_row_034063,2025-11-30,2025-11-30 07:30:00+00:00,2025-11-30 08:00:00+00:00,Things,Book:bn,Book:bn,reading,bn,0.5,0.5,True,explicit_reading_or_audiobook_duration,0.5,calendar_analysis_duration,,,0.0,,,,
calendar_analysis_row_034077_part_0,calendar_analysis_row_034077,2025-12-01,2025-12-01 00:07:30+00:00,2025-12-01 00:30:00+00:00,Things,books,books,generic,,0.375,0.375,False,generic_temporal_read_not_counted_by_default,0.375,calendar_analysis_duration,,,0.0,the power broker,finish_0174,2025-12-04,generic_temporal
calendar_analysis_row_034084_part_0,calendar_analysis_row_034084,2025-12-01,2025-12-01 04:00:00+00:00,2025-12-01 04:15:00+00:00,Things,started book: the bonds that make us free,started book: the bonds that make us free,started,the bonds that make us free,0.25,0.25,True,explicit_started_book_duration,0.25,calendar_analysis_duration,,,0.0,,,,
calendar_analysis_row_034085_part_0,calendar_analysis_row_034085,2025-12-01,2025-12-01 04:15:00+00:00,2025-12-01 04:45:00+00:00,Things,book:pmog,book:pmog,reading,pmog,0.5,0.5,True,explicit_reading_or_audiobook_duration,0.5,calendar_analysis_duration,,,0.0,prime movers of globalization,finish_0190,2026-02-09,ref_to_finished_title
calendar_analysis_row_034086_part_0,calendar_analysis_row_034086,2025-12-01,2025-12-01 04:45:00+00:00,2025-12-01 05:00:00+00:00,Things,book:tss,book:tss,reading,tss,0.125,0.25,True,explicit_reading_or_audiobook_duration,0.25,full_duration_minor_overlap,anki,clark.benham@gmail.com,0.125,,,,
calendar_analysis_row_034109_part_0,calendar_analysis_row_034109,2025-12-02,2025-12-02 02:15:00+00:00,2025-12-02 03:00:00+00:00,Things,Audiobook: tpb,Audiobook: tpb,audiobook,tpb,0.375,0.75,True,explicit_reading_or_audiobook_duration,0.75,full_duration_compatible_overlap,gym,"Meals, Supplements, Sleep",0.375,the power broker,finish_0174,2025-12-04,ref_to_finished_title
calendar_analysis_row_034135_part_0,calendar_analysis_row_034135,2025-12-02,2025-12-02 22:30:00+00:00,2025-12-02 23:15:00+00:00,Things,Read: Kipling,Read: Kipling,reading,Kipling,0.625,0.75,True,explicit_reading_or_audiobook_duration,0.75,full_duration_minor_overlap,Food,"Meals, Supplements, Sleep",0.125,,,,
calendar_analysis_row_034159_part_0,calendar_analysis_row_034159,2025-12-03,2025-12-03 19:15:00+00:00,2025-12-03 19:45:00+00:00,Things,Read: Kipling,Read: Kipling,reading,Kipling,0.5,0.5,True,explicit_reading_or_audiobook_duration,0.5,calendar_analysis_duration,,,0.0,,,,
calendar_analysis_row_034176_part_0,calendar_analysis_row_034176,2025-12-04,2025-12-04 03:45:00+00:00,2025-12-04 04:00:00+00:00,Things,book:su,book:su,reading,su,0.25,0.25,True,explicit_reading_or_audiobook_duration,0.25,calendar_analysis_duration,,,0.0,Shape Up Stop Running in Circles and Ship Work that Matters,finish_0175,2025-12-05,ref_to_finished_title
calendar_analysis_row_034179_part_0,calendar_analysis_row_034179,2025-12-04,2025-12-04 05:15:00+00:00,2025-12-04 05:45:00+00:00,Things,book:su,book:su,reading,su,0.375,0.5,True,explicit_reading_or_audiobook_duration,0.5,full_duration_minor_overlap,amelia,Things,0.125,Shape Up Stop Running in Circles and Ship Work that Matters,finish_0175,2025-12-05,ref_to_finished_title
calendar_analysis_row_034204_part_0,calendar_analysis_row_034204,2025-12-04,2025-12-04 21:30:00+00:00,2025-12-04 23:00:00+00:00,Things,Finished Audiobook: the power broker,Finished Audiobook: the power broker,finished,the power broker,0.75,1.5,True,explicit_finished_book_duration,1.5,full_duration_compatible_overlap,Walk,Things,0.75,the power broker,finish_0174,2025-12-04,finished_event_identity
calendar_analysis_row_034220_part_0,calendar_analysis_row_034220,2025-12-05,2025-12-05 03:45:00+00:00,2025-12-05 04:15:00+00:00,Things,book:su,book:su,reading,su,0.5,0.5,True,explicit_reading_or_audiobook_duration,0.5,calendar_analysis_duration,,,0.0,Shape Up Stop Running in Circles and Ship Work that Matters,finish_0175,2025-12-05,ref_to_finished_title
calendar_analysis_row_034241_part_0,calendar_analysis_row_034241,2025-12-05,2025-12-05 20:45:00+00:00,2025-12-05 21:15:00+00:00,Things,finished book: shaping up,finished book: shaping up,finished,Shape Up Stop Running in Circles and Ship Work that Matters,0.25,0.5,True,explicit_finished_book_duration,0.5,full_duration_minor_overlap,job: diesl,clark.benham@gmail.com,0.25,Shape Up Stop Running in Circles and Ship Work that Matters,finish_0175,2025-12-05,finished_event_identity
calendar_analysis_row_034243_part_0,calendar_analysis_row_034243,2025-12-05,2025-12-05 21:15:00+00:00,2025-12-05 21:45:00+00:00,Things,book:wh,book:wh,reading,wh,0.5,0.5,True,explicit_reading_or_audiobook_duration,0.5,calendar_analysis_duration,,,0.0,,,,
calendar_analysis_row_034246_part_0,calendar_analysis_row_034246,2025-12-05,2025-12-05 22:30:00+00:00,2025-12-05 23:30:00+00:00,Things,book:vc,book:vc,reading,vc,0.625,1.0,True,explicit_reading_or_audiobook_duration,0.625,calendar_analysis_duration_incompatible_overlap,job: diesl,clark.benham@gmail.com,0.0,,,,
calendar_analysis_row_034254_part_0,calendar_analysis_row_034254,2025-12-06,2025-12-06 06:30:00+00:00,2025-12-06 07:00:00+00:00,Things,Book:bn,Book:bn,reading,bn,0.5,0.5,True,explicit_reading_or_audiobook_duration,0.5,calendar_analysis_duration,,,0.0,,,,
calendar_analysis_row_034257_part_0,calendar_analysis_row_034257,2025-12-06,2025-12-06 16:15:00+00:00,2025-12-06 16:45:00+00:00,Things,Book:pmog,Book:pmog,reading,pmog,0.5,0.5,True,explicit_reading_or_audiobook_duration,0.5,calendar_analysis_duration,,,0.0,prime movers of globalization,finish_0190,2026-02-09,ref_to_finished_title
calendar_analysis_row_034259_part_0,calendar_analysis_row_034259,2025-12-06,2025-12-06 17:15:00+00:00,2025-12-06 19:00:00+00:00,Things,Audiobook: the great democracies,Audiobook: the great democracies,audiobook,the great democracies,0.875,1.75,True,explicit_reading_or_audiobook_duration,1.75,full_duration_compatible_overlap,Walk,Things,0.875,the history of the English speaking peoples volume 4,finish_0182,2026-01-11,ref_to_finished_title
calendar_analysis_row_034274_part_0,calendar_analysis_row_034274,2025-12-07,2025-12-07 02:30:00+00:00,2025-12-07 02:45:00+00:00,Things,book:pmog ,book:pmog,reading,pmog,0.25,0.25,True,explicit_reading_or_audiobook_duration,0.25,calendar_analysis_duration,,,0.0,prime movers of globalization,finish_0190,2026-02-09,ref_to_finished_title
calendar_analysis_row_034276_part_0,calendar_analysis_row_034276,2025-12-07,2025-12-07 03:15:00+00:00,2025-12-07 04:15:00+00:00,Things,book:tsnotd,book:tsnotd,reading,tsnotd,1.0,1.0,True,explicit_reading_or_audiobook_duration,1.0,calendar_analysis_duration,,,0.0,to say nothing of the dog,finish_0176,2025-12-08,ref_to_finished_title
calendar_analysis_row_034280_part_0,calendar_analysis_row_034280,2025-12-07,2025-12-07 07:30:00+00:00,2025-12-07 08:30:00+00:00,Things,Book:tsnotd,Book:tsnotd,reading,tsnotd,1.0,1.0,True,explicit_reading_or_audiobook_duration,1.0,calendar_analysis_duration,,,0.0,to say nothing of the dog,finish_0176,2025-12-08,ref_to_finished_title
calendar_analysis_row_034299_part_0,calendar_analysis_row_034299,2025-12-07,2025-12-07 23:30:00+00:00,2025-12-08 00:30:00+00:00,Things,Book:tsnotd,Book:tsnotd,reading,tsnotd,0.875,1.0,True,explicit_reading_or_audiobook_duration,1.0,full_duration_minor_overlap,Dinner,"Meals, Supplements, Sleep",0.125,to say nothing of the dog,finish_0176,2025-12-08,ref_to_finished_title
calendar_analysis_row_034301_part_0,calendar_analysis_row_034301,2025-12-08,2025-12-08 00:45:00+00:00,2025-12-08 01:00:00+00:00,Things,book:tsnotd,book:tsnotd,reading,tsnotd,0.25,0.25,True,explicit_reading_or_audiobook_duration,0.25,calendar_analysis_duration,,,0.0,to say nothing of the dog,finish_0176,2025-12-08,ref_to_finished_title
calendar_analysis_row_034306_part_0,calendar_analysis_row_034306,2025-12-08,2025-12-08 04:25:00+00:00,2025-12-08 04:45:00+00:00,Things,Book:tsnotd,Book:tsnotd,reading,tsnotd,0.3333333333333333,0.3333333333333333,True,explicit_reading_or_audiobook_duration,0.3333333333333333,calendar_analysis_duration,,,0.0,to say nothing of the dog,finish_0176,2025-12-08,ref_to_finished_title
calendar_analysis_row_034310_part_0,calendar_analysis_row_034310,2025-12-08,2025-12-08 07:45:00+00:00,2025-12-08 08:15:00+00:00,Things,Book:bn,Book:bn,reading,bn,0.5,0.5,True,explicit_reading_or_audiobook_duration,0.5,calendar_analysis_duration,,,0.0,,,,
calendar_analysis_row_034315_part_0,calendar_analysis_row_034315,2025-12-08,2025-12-08 12:45:00+00:00,2025-12-08 14:15:00+00:00,Things,Book:tsnotd,Book:tsnotd,reading,tsnotd,0.75,1.5,True,explicit_reading_or_audiobook_duration,0.75,calendar_analysis_duration_incompatible_overlap,sleep,"Meals, Supplements, Sleep",0.0,to say nothing of the dog,finish_0176,2025-12-08,ref_to_finished_title
calendar_analysis_row_034320_part_0,calendar_analysis_row_034320,2025-12-08,2025-12-08 18:45:00+00:00,2025-12-08 20:00:00+00:00,Things,book:tsnotd,book:tsnotd,reading,tsnotd,1.25,1.25,True,explicit_reading_or_audiobook_duration,1.25,calendar_analysis_duration,,,0.0,to say nothing of the dog,finish_0176,2025-12-08,ref_to_finished_title
calendar_analysis_row_034323_part_0,calendar_analysis_row_034323,2025-12-08,2025-12-08 22:00:00+00:00,2025-12-09 00:00:00+00:00,Things,finished book: to say nothing of the dog,finished book: to say nothing of the dog,finished,to say nothing of the dog,2.0,2.0,True,explicit_finished_book_duration,2.0,calendar_analysis_duration,,,0.0,to say nothing of the dog,finish_0176,2025-12-08,finished_event_identity
calendar_analysis_row_034331_part_0,calendar_analysis_row_034331,2025-12-09,2025-12-09 10:45:00+00:00,2025-12-09 11:15:00+00:00,Things,Book:bn,Book:bn,reading,bn,0.5,0.5,True,explicit_reading_or_audiobook_duration,0.5,calendar_analysis_duration,,,0.0,,,,
calendar_analysis_row_034340_part_0,calendar_analysis_row_034340,2025-12-09,2025-12-09 18:45:00+00:00,2025-12-09 19:15:00+00:00,Things,book:pmog ,book:pmog,reading,pmog,0.375,0.5,True,explicit_reading_or_audiobook_duration,0.5,full_duration_minor_overlap,amelia text,Waste Time,0.125,prime movers of globalization,finish_0190,2026-02-09,ref_to_finished_title
calendar_analysis_row_034353_part_0,calendar_analysis_row_034353,2025-12-10,2025-12-10 02:00:00+00:00,2025-12-10 02:30:00+00:00,Things,books,books,generic,,0.5,0.5,False,generic_temporal_read_not_counted_by_default,0.5,calendar_analysis_duration,,,0.0,art and fear,finish_0177,2025-12-15,generic_temporal
calendar_analysis_row_034383_part_0,calendar_analysis_row_034383,2025-12-11,2025-12-11 02:30:00+00:00,2025-12-11 02:45:00+00:00,Things,book:pmog ,book:pmog,reading,pmog,0.25,0.25,True,explicit_reading_or_audiobook_duration,0.25,calendar_analysis_duration,,,0.0,prime movers of globalization,finish_0190,2026-02-09,ref_to_finished_title
calendar_analysis_row_034390_part_0,calendar_analysis_row_034390,2025-12-11,2025-12-11 05:30:00+00:00,2025-12-11 06:15:00+00:00,Things,Book:tssojc,Book:tssojc,reading,tssojc,0.75,0.75,True,explicit_reading_or_audiobook_duration,0.75,calendar_analysis_duration,,,0.0,,,,
calendar_analysis_row_034417_part_0,calendar_analysis_row_034417,2025-12-12,2025-12-12 05:45:00+00:00,2025-12-12 06:15:00+00:00,Things,book:aaf,book:aaf,reading,aaf,0.5,0.5,True,explicit_reading_or_audiobook_duration,0.5,calendar_analysis_duration,,,0.0,art and fear,finish_0177,2025-12-15,ref_to_finished_title
calendar_analysis_row_034419_part_0,calendar_analysis_row_034419,2025-12-12,2025-12-12 06:45:00+00:00,2025-12-12 07:00:00+00:00,Things,Book:bn,Book:bn,reading,bn,0.25,0.25,True,explicit_reading_or_audiobook_duration,0.25,calendar_analysis_duration,,,0.0,,,,
calendar_analysis_row_034444_part_0,calendar_analysis_row_034444,2025-12-13,2025-12-13 16:15:00+00:00,2025-12-13 16:45:00+00:00,Things,audiobook: tgd,audiobook: tgd,audiobook,tgd,0.25,0.5,True,explicit_reading_or_audiobook_duration,0.5,full_duration_minor_overlap,Birthday 10K - Santa Monica-Venice Christmas Run,clark.benham@gmail.com,0.25,the history of the English speaking peoples volume 4,finish_0182,2026-01-11,ref_to_finished_title
calendar_analysis_row_034459_part_0,calendar_analysis_row_034459,2025-12-14,2025-12-14 22:30:00+00:00,2025-12-15 01:00:00+00:00,Things,Audiobook: tgd,Audiobook: tgd,audiobook,tgd,1.2083333333333333,2.5,True,explicit_reading_or_audiobook_duration,2.5,full_duration_compatible_overlap,Walk | gym | lunch,"Meals, Supplements, Sleep | Things",1.2916666666666667,the history of the English speaking peoples volume 4,finish_0182,2026-01-11,ref_to_finished_title
calendar_analysis_row_034488_part_0,calendar_analysis_row_034488,2025-12-15,2025-12-15 18:30:00+00:00,2025-12-15 19:00:00+00:00,Things,book:oaf,book:oaf,reading,oaf,0.5,0.5,True,explicit_reading_or_audiobook_duration,0.5,calendar_analysis_duration,,,0.0,,,,
calendar_analysis_row_034492_part_0,calendar_analysis_row_034492,2025-12-15,2025-12-15 20:00:00+00:00,2025-12-15 20:30:00+00:00,Things,finished book: art and fear,finished book: art and fear,finished,art and fear,0.5,0.5,True,explicit_finished_book_duration,0.5,calendar_analysis_duration,,,0.0,art and fear,finish_0177,2025-12-15,finished_event_identity
calendar_analysis_row_034514_part_0,calendar_analysis_row_034514,2025-12-16,2025-12-16 18:30:00+00:00,2025-12-16 19:00:00+00:00,Things,Audiobook: tgd,Audiobook: tgd,audiobook,tgd,0.25,0.5,True,explicit_reading_or_audiobook_duration,0.5,full_duration_minor_overlap,Gym,"Meals, Supplements, Sleep",0.25,the history of the English speaking peoples volume 4,finish_0182,2026-01-11,ref_to_finished_title
calendar_analysis_row_034515_part_0,calendar_analysis_row_034515,2025-12-16,2025-12-16 19:00:00+00:00,2025-12-16 20:00:00+00:00,Things,Audiobook: the world crisis,Audiobook: the world crisis,audiobook,the world crisis,0.5,1.0,True,explicit_reading_or_audiobook_duration,0.5,calendar_analysis_duration_incompatible_overlap,Gym | Toil: desk | laundry,"Meals, Supplements, Sleep | Things",0.0,the world crisis,finish_0178,2025-12-27,ref_to_finished_title
calendar_analysis_row_034541_part_0,calendar_analysis_row_034541,2025-12-17,2025-12-17 17:00:00+00:00,2025-12-17 19:00:00+00:00,Things,Audiobook: twc,Audiobook: twc,audiobook,the world crisis,1.875,2.0,True,explicit_reading_or_audiobook_duration,2.0,full_duration_minor_overlap,lunch,"Meals, Supplements, Sleep",0.125,the world crisis,finish_0178,2025-12-27,ref_to_finished_title
calendar_analysis_row_034545_part_0,calendar_analysis_row_034545,2025-12-17,2025-12-17 21:00:00+00:00,2025-12-17 21:30:00+00:00,Things,audiobook: twc,audiobook: twc,audiobook,the world crisis,0.375,0.5,True,explicit_reading_or_audiobook_duration,0.5,full_duration_minor_overlap,Food,"Meals, Supplements, Sleep",0.125,the world crisis,finish_0178,2025-12-27,ref_to_finished_title
calendar_analysis_row_034547_part_0,calendar_analysis_row_034547,2025-12-17,2025-12-17 21:30:00+00:00,2025-12-17 22:00:00+00:00,Things,Audiobook: the effective executive,Audiobook: the effective executive,audiobook,the effective executive,0.5,0.5,True,explicit_reading_or_audiobook_duration,0.5,calendar_analysis_duration,,,0.0,the effective executive,finish_0187,2026-01-29,ref_to_finished_title
calendar_analysis_row_034612_part_0,calendar_analysis_row_034612,2025-12-20,2025-12-20 03:45:00+00:00,2025-12-20 04:15:00+00:00,Things,Book:VC,Book:VC,reading,VC,0.375,0.5,True,explicit_reading_or_audiobook_duration,0.5,full_duration_minor_overlap,Jack,Waste Time,0.125,,,,
calendar_analysis_row_034614_part_0,calendar_analysis_row_034614,2025-12-20,2025-12-20 04:15:00+00:00,2025-12-20 04:45:00+00:00,Things,Book:bn,Book:bn,reading,bn,0.5,0.5,True,explicit_reading_or_audiobook_duration,0.5,calendar_analysis_duration,,,0.0,,,,
calendar_analysis_row_034617_part_0,calendar_analysis_row_034617,2025-12-20,2025-12-20 13:00:00+00:00,2025-12-20 14:30:00+00:00,Things,Read Old screenshots,Read Old screenshots,reading,Old screenshots,1.25,1.5,True,explicit_reading_or_audiobook_duration,1.5,full_duration_minor_overlap,breakfast,"Meals, Supplements, Sleep",0.25,,,,
calendar_analysis_row_034622_part_0,calendar_analysis_row_034622,2025-12-20,2025-12-20 16:30:00+00:00,2025-12-20 16:45:00+00:00,Things,book:twc ,book:twc,reading,the world crisis,0.25,0.25,True,explicit_reading_or_audiobook_duration,0.25,calendar_analysis_duration,,,0.0,the world crisis,finish_0178,2025-12-27,ref_to_finished_title
calendar_analysis_row_034631_part_0,calendar_analysis_row_034631,2025-12-20,2025-12-20 21:30:00+00:00,2025-12-20 21:45:00+00:00,Things,Book:twc,Book:twc,reading,the world crisis,0.25,0.25,True,explicit_reading_or_audiobook_duration,0.25,calendar_analysis_duration,,,0.0,the world crisis,finish_0178,2025-12-27,ref_to_finished_title
calendar_analysis_row_034648_part_0,calendar_analysis_row_034648,2025-12-21,2025-12-21 17:30:00+00:00,2025-12-21 18:00:00+00:00,Things,book:twc ,book:twc,reading,the world crisis,0.5,0.5,True,explicit_reading_or_audiobook_duration,0.5,calendar_analysis_duration,,,0.0,the world crisis,finish_0178,2025-12-27,ref_to_finished_title
calendar_analysis_row_034650_part_0,calendar_analysis_row_034650,2025-12-21,2025-12-21 18:15:00+00:00,2025-12-21 19:00:00+00:00,Things,Book:twc,Book:twc,reading,the world crisis,0.75,0.75,True,explicit_reading_or_audiobook_duration,0.75,calendar_analysis_duration,,,0.0,the world crisis,finish_0178,2025-12-27,ref_to_finished_title
calendar_analysis_row_034652_part_0,calendar_analysis_row_034652,2025-12-21,2025-12-21 19:15:00+00:00,2025-12-21 19:45:00+00:00,Things,Book:pmog,Book:pmog,reading,pmog,0.5,0.5,True,explicit_reading_or_audiobook_duration,0.5,calendar_analysis_duration,,,0.0,prime movers of globalization,finish_0190,2026-02-09,ref_to_finished_title
calendar_analysis_row_034679_part_0,calendar_analysis_row_034679,2025-12-22,2025-12-22 18:15:00+00:00,2025-12-22 18:30:00+00:00,Things,Book:twc,Book:twc,reading,the world crisis,0.25,0.25,True,explicit_reading_or_audiobook_duration,0.25,calendar_analysis_duration,,,0.0,the world crisis,finish_0178,2025-12-27,ref_to_finished_title
calendar_analysis_row_034689_part_0,calendar_analysis_row_034689,2025-12-22,2025-12-22 23:30:00+00:00,2025-12-23 00:15:00+00:00,Things,Book:twc,Book:twc,reading,the world crisis,0.75,0.75,True,explicit_reading_or_audiobook_duration,0.75,calendar_analysis_duration,,,0.0,the world crisis,finish_0178,2025-12-27,ref_to_finished_title
calendar_analysis_row_034710_part_0,calendar_analysis_row_034710,2025-12-24,2025-12-24 04:00:00+00:00,2025-12-24 05:00:00+00:00,Things,Book:twc,Book:twc,reading,the world crisis,0.875,1.0,True,explicit_reading_or_audiobook_duration,1.0,full_duration_minor_overlap,Food,"Meals, Supplements, Sleep",0.125,the world crisis,finish_0178,2025-12-27,ref_to_finished_title
calendar_analysis_row_034712_part_0,calendar_analysis_row_034712,2025-12-24,2025-12-24 05:00:00+00:00,2025-12-24 06:15:00+00:00,Things,Book:twc,Book:twc,reading,the world crisis,1.25,1.25,True,explicit_reading_or_audiobook_duration,1.25,calendar_analysis_duration,,,0.0,the world crisis,finish_0178,2025-12-27,ref_to_finished_title
calendar_analysis_row_034724_part_0,calendar_analysis_row_034724,2025-12-25,2025-12-25 04:00:00+00:00,2025-12-25 05:00:00+00:00,Things,book:twc,book:twc,reading,the world crisis,1.0,1.0,True,explicit_reading_or_audiobook_duration,1.0,calendar_analysis_duration,,,0.0,the world crisis,finish_0178,2025-12-27,ref_to_finished_title
calendar_analysis_row_034736_part_0,calendar_analysis_row_034736,2025-12-26,2025-12-26 04:00:00+00:00,2025-12-26 05:00:00+00:00,Things,Book:twc,Book:twc,reading,the world crisis,1.0,1.0,True,explicit_reading_or_audiobook_duration,1.0,calendar_analysis_duration,,,0.0,the world crisis,finish_0178,2025-12-27,ref_to_finished_title
calendar_analysis_row_034757_part_0,calendar_analysis_row_034757,2025-12-27,2025-12-27 05:15:00+00:00,2025-12-27 05:45:00+00:00,Things,Book:twc,Book:twc,reading,the world crisis,0.5,0.5,True,explicit_reading_or_audiobook_duration,0.5,calendar_analysis_duration,,,0.0,the world crisis,finish_0178,2025-12-27,ref_to_finished_title
calendar_analysis_row_034759_part_0,calendar_analysis_row_034759,2025-12-27,2025-12-27 14:30:00+00:00,2025-12-27 14:45:00+00:00,Things,Finished book: the world crisis,Finished book: the world crisis,finished,the world crisis,0.25,0.25,True,explicit_finished_book_duration,0.25,calendar_analysis_duration,,,0.0,the world crisis,finish_0178,2025-12-27,finished_event_identity
calendar_analysis_row_034775_part_0,calendar_analysis_row_034775,2025-12-28,2025-12-28 08:30:00+00:00,2025-12-28 08:45:00+00:00,Things,book:twod,book:twod,reading,twod,0.25,0.25,True,explicit_reading_or_audiobook_duration,0.25,calendar_analysis_duration,,,0.0,,,,
calendar_analysis_row_034836_part_0,calendar_analysis_row_034836,2026-01-01,2026-01-01 06:00:00+00:00,2026-01-01 06:45:00+00:00,Things,Book:twc,Book:twc,reading,the world crisis volume 2,0.75,0.75,True,explicit_reading_or_audiobook_duration,0.75,calendar_analysis_duration,,,0.0,the world crisis volume 2,finish_0179,2026-01-04,ref_to_finished_title
calendar_analysis_row_034839_part_0,calendar_analysis_row_034839,2026-01-01,2026-01-01 14:00:00+00:00,2026-01-01 15:00:00+00:00,Things,Book:twc,Book:twc,reading,the world crisis volume 2,1.0,1.0,True,explicit_reading_or_audiobook_duration,1.0,calendar_analysis_duration,,,0.0,the world crisis volume 2,finish_0179,2026-01-04,ref_to_finished_title
calendar_analysis_row_034841_part_0,calendar_analysis_row_034841,2026-01-01,2026-01-01 15:30:00+00:00,2026-01-01 15:52:30+00:00,Things,Book:twc,Book:twc,reading,the world crisis volume 2,0.375,0.375,True,explicit_reading_or_audiobook_duration,0.375,calendar_analysis_duration,,,0.0,the world crisis volume 2,finish_0179,2026-01-04,ref_to_finished_title
calendar_analysis_row_034858_part_0,calendar_analysis_row_034858,2026-01-02,2026-01-02 05:00:00+00:00,2026-01-02 05:45:00+00:00,Things,Book:twc,Book:twc,reading,the world crisis volume 2,0.75,0.75,True,explicit_reading_or_audiobook_duration,0.75,calendar_analysis_duration,,,0.0,the world crisis volume 2,finish_0179,2026-01-04,ref_to_finished_title
calendar_analysis_row_034867_part_0,calendar_analysis_row_034867,2026-01-02,2026-01-02 17:15:00+00:00,2026-01-02 17:45:00+00:00,Things,Book:twc,Book:twc,reading,the world crisis volume 2,0.5,0.5,True,explicit_reading_or_audiobook_duration,0.5,calendar_analysis_duration,,,0.0,the world crisis volume 2,finish_0179,2026-01-04,ref_to_finished_title
calendar_analysis_row_034872_part_0,calendar_analysis_row_034872,2026-01-02,2026-01-02 19:30:00+00:00,2026-01-02 19:55:00+00:00,Things,Book:twc,Book:twc,reading,the world crisis volume 2,0.4166666666666667,0.4166666666666667,True,explicit_reading_or_audiobook_duration,0.4166666666666667,calendar_analysis_duration,,,0.0,the world crisis volume 2,finish_0179,2026-01-04,ref_to_finished_title
calendar_analysis_row_034875_part_0,calendar_analysis_row_034875,2026-01-02,2026-01-02 20:30:00+00:00,2026-01-02 20:45:00+00:00,Things,Book:twc,Book:twc,reading,the world crisis volume 2,0.25,0.25,True,explicit_reading_or_audiobook_duration,0.25,calendar_analysis_duration,,,0.0,the world crisis volume 2,finish_0179,2026-01-04,ref_to_finished_title
calendar_analysis_row_034877_part_0,calendar_analysis_row_034877,2026-01-02,2026-01-02 22:00:00+00:00,2026-01-02 23:00:00+00:00,Things,Book:twc,Book:twc,reading,the world crisis volume 2,1.0,1.0,True,explicit_reading_or_audiobook_duration,1.0,calendar_analysis_duration,,,0.0,the world crisis volume 2,finish_0179,2026-01-04,ref_to_finished_title
calendar_analysis_row_034880_part_0,calendar_analysis_row_034880,2026-01-02,2026-01-02 23:30:00+00:00,2026-01-03 00:00:00+00:00,Things,Book:twc,Book:twc,reading,the world crisis volume 2,0.5,0.5,True,explicit_reading_or_audiobook_duration,0.5,calendar_analysis_duration,,,0.0,the world crisis volume 2,finish_0179,2026-01-04,ref_to_finished_title
calendar_analysis_row_034882_part_0,calendar_analysis_row_034882,2026-01-03,2026-01-03 00:15:00+00:00,2026-01-03 00:45:00+00:00,Things,Book:twc,Book:twc,reading,the world crisis volume 2,0.5,0.5,True,explicit_reading_or_audiobook_duration,0.5,calendar_analysis_duration,,,0.0,the world crisis volume 2,finish_0179,2026-01-04,ref_to_finished_title
calendar_analysis_row_034888_part_0,calendar_analysis_row_034888,2026-01-03,2026-01-03 05:00:00+00:00,2026-01-03 07:30:00+00:00,Things,Book:twc,Book:twc,reading,the world crisis volume 2,2.5,2.5,True,explicit_reading_or_audiobook_duration,2.5,calendar_analysis_duration,,,0.0,the world crisis volume 2,finish_0179,2026-01-04,ref_to_finished_title
calendar_analysis_row_034890_part_0,calendar_analysis_row_034890,2026-01-03,2026-01-03 07:45:00+00:00,2026-01-03 08:15:00+00:00,Things,Book:twc,Book:twc,reading,the world crisis volume 2,0.5,0.5,True,explicit_reading_or_audiobook_duration,0.5,calendar_analysis_duration,,,0.0,the world crisis volume 2,finish_0179,2026-01-04,ref_to_finished_title
calendar_analysis_row_034912_part_0,calendar_analysis_row_034912,2026-01-04,2026-01-04 05:15:00+00:00,2026-01-04 07:45:00+00:00,Things,Finished book: the world crisis volume 2,Finished book: the world crisis volume 2,finished,the world crisis volume 2,2.5,2.5,True,explicit_finished_book_duration,2.5,calendar_analysis_duration,,,0.0,the world crisis volume 2,finish_0179,2026-01-04,finished_event_identity
calendar_analysis_row_034936_part_0,calendar_analysis_row_034936,2026-01-05,2026-01-05 08:00:00+00:00,2026-01-05 09:00:00+00:00,Things,Book:twc,Book:twc,reading,the world crisis volume 3,1.0,1.0,True,explicit_reading_or_audiobook_duration,1.0,calendar_analysis_duration,,,0.0,the world crisis volume 2,finish_0179,2026-01-04,ref_to_finished_title
calendar_analysis_row_034948_part_0,calendar_analysis_row_034948,2026-01-05,2026-01-05 16:15:00+00:00,2026-01-05 16:45:00+00:00,Things,Book:twc,Book:twc,reading,the world crisis volume 3,0.375,0.5,True,explicit_reading_or_audiobook_duration,0.5,full_duration_minor_overlap,Porn,Waste Time,0.125,the world crisis volume 2,finish_0179,2026-01-04,ref_to_finished_title
calendar_analysis_row_034955_part_0,calendar_analysis_row_034955,2026-01-05,2026-01-05 20:00:00+00:00,2026-01-05 22:15:00+00:00,Things,Audiobook: twc,Audiobook: twc,audiobook,the world crisis volume 3,1.125,2.25,True,explicit_reading_or_audiobook_duration,2.25,full_duration_compatible_overlap,Walk,Things,1.125,the world crisis volume 2,finish_0179,2026-01-04,ref_to_finished_title
calendar_analysis_row_034958_part_0,calendar_analysis_row_034958,2026-01-05,2026-01-05 23:00:00+00:00,2026-01-06 00:00:00+00:00,Things,book:twc ,book:twc,reading,the world crisis volume 3,0.875,1.0,True,explicit_reading_or_audiobook_duration,1.0,full_duration_minor_overlap,twitter,Waste Time,0.125,the world crisis volume 2,finish_0179,2026-01-04,ref_to_finished_title
calendar_analysis_row_034965_part_0,calendar_analysis_row_034965,2026-01-06,2026-01-06 05:15:00+00:00,2026-01-06 07:45:00+00:00,Things,Book:twc,Book:twc,reading,the world crisis volume 3,2.5,2.5,True,explicit_reading_or_audiobook_duration,2.5,calendar_analysis_duration,,,0.0,the world crisis vol 3,finish_0180,2026-01-07,ref_to_finished_title
calendar_analysis_row_034970_part_0,calendar_analysis_row_034970,2026-01-06,2026-01-06 17:00:00+00:00,2026-01-06 18:30:00+00:00,Things,Book:twc,Book:twc,reading,the world crisis volume 3,1.5,1.5,True,explicit_reading_or_audiobook_duration,1.5,calendar_analysis_duration,,,0.0,the world crisis vol 3,finish_0180,2026-01-07,ref_to_finished_title
calendar_analysis_row_034979_part_0,calendar_analysis_row_034979,2026-01-06,2026-01-06 22:30:00+00:00,2026-01-07 00:00:00+00:00,Things,book:twc,book:twc,reading,the world crisis volume 3,1.0,1.5,True,explicit_reading_or_audiobook_duration,1.0,calendar_analysis_duration_incompatible_overlap,stall,Waste Time,0.0,the world crisis vol 3,finish_0180,2026-01-07,ref_to_finished_title
calendar_analysis_row_034989_part_0,calendar_analysis_row_034989,2026-01-07,2026-01-07 22:30:00+00:00,2026-01-07 23:30:00+00:00,Things,Finished book: the world crisis vol 3,Finished book: the world crisis vol 3,finished,the world crisis vol 3,0.625,1.0,True,explicit_finished_book_duration,0.625,calendar_analysis_duration_incompatible_overlap,gym,"Meals, Supplements, Sleep",0.0,the world crisis vol 3,finish_0180,2026-01-07,finished_event_identity
calendar_analysis_row_034999_part_0,calendar_analysis_row_034999,2026-01-08,2026-01-08 07:00:00+00:00,2026-01-08 07:30:00+00:00,Things,Book:twc,Book:twc,reading,the world crisis volume 4,0.5,0.5,True,explicit_reading_or_audiobook_duration,0.5,calendar_analysis_duration,,,0.0,the world crisis vol 3,finish_0180,2026-01-07,ref_to_finished_title
calendar_analysis_row_035009_part_0,calendar_analysis_row_035009,2026-01-08,2026-01-08 19:00:00+00:00,2026-01-08 20:00:00+00:00,Things,Book:twc,Book:twc,reading,the world crisis volume 4,1.0,1.0,True,explicit_reading_or_audiobook_duration,1.0,calendar_analysis_duration,,,0.0,the world crisis vol 3,finish_0180,2026-01-07,ref_to_finished_title
calendar_analysis_row_035025_part_0,calendar_analysis_row_035025,2026-01-09,2026-01-09 14:45:00+00:00,2026-01-09 15:30:00+00:00,Things,Book:twc,Book:twc,reading,the world crisis volume 4,0.75,0.75,True,explicit_reading_or_audiobook_duration,0.75,calendar_analysis_duration,,,0.0,the world crisis volume 4,finish_0181,2026-01-10,ref_to_finished_title
calendar_analysis_row_035030_part_0,calendar_analysis_row_035030,2026-01-09,2026-01-09 17:30:00+00:00,2026-01-09 18:15:00+00:00,Things,Book:twc,Book:twc,reading,the world crisis volume 4,0.75,0.75,True,explicit_reading_or_audiobook_duration,0.75,calendar_analysis_duration,,,0.0,the world crisis volume 4,finish_0181,2026-01-10,ref_to_finished_title
calendar_analysis_row_035031_part_0,calendar_analysis_row_035031,2026-01-09,2026-01-09 18:15:00+00:00,2026-01-09 19:15:00+00:00,Things,Book:twc,Book:twc,reading,the world crisis volume 4,0.875,1.0,True,explicit_reading_or_audiobook_duration,1.0,full_duration_minor_overlap,Food,"Meals, Supplements, Sleep",0.125,the world crisis volume 4,finish_0181,2026-01-10,ref_to_finished_title
calendar_analysis_row_035037_part_0,calendar_analysis_row_035037,2026-01-09,2026-01-09 21:15:00+00:00,2026-01-09 22:00:00+00:00,Things,Book:twc,Book:twc,reading,the world crisis volume 4,0.75,0.75,True,explicit_reading_or_audiobook_duration,0.75,calendar_analysis_duration,,,0.0,the world crisis volume 4,finish_0181,2026-01-10,ref_to_finished_title
calendar_analysis_row_035041_part_0,calendar_analysis_row_035041,2026-01-09,2026-01-09 23:00:00+00:00,2026-01-09 23:15:00+00:00,Things,Book:twc,Book:twc,reading,the world crisis volume 4,0.25,0.25,True,explicit_reading_or_audiobook_duration,0.25,calendar_analysis_duration,,,0.0,the world crisis volume 4,finish_0181,2026-01-10,ref_to_finished_title
calendar_analysis_row_035046_part_0,calendar_analysis_row_035046,2026-01-10,2026-01-10 01:30:00+00:00,2026-01-10 06:00:00+00:00,Things,Book:twc,Book:twc,reading,the world crisis volume 4,4.5,4.5,True,explicit_reading_or_audiobook_duration,4.5,calendar_analysis_duration,,,0.0,the world crisis volume 4,finish_0181,2026-01-10,ref_to_finished_title
calendar_analysis_row_035049_part_0,calendar_analysis_row_035049,2026-01-10,2026-01-10 16:00:00+00:00,2026-01-10 17:45:00+00:00,Things,Book:twc,Book:twc,reading,the world crisis volume 4,1.75,1.75,True,explicit_reading_or_audiobook_duration,1.75,calendar_analysis_duration,,,0.0,the world crisis volume 4,finish_0181,2026-01-10,ref_to_finished_title
calendar_analysis_row_035053_part_0,calendar_analysis_row_035053,2026-01-10,2026-01-10 19:00:00+00:00,2026-01-10 20:45:00+00:00,Things,Book:twc,Book:twc,reading,the world crisis volume 4,1.75,1.75,True,explicit_reading_or_audiobook_duration,1.75,calendar_analysis_duration,,,0.0,the world crisis volume 4,finish_0181,2026-01-10,ref_to_finished_title
calendar_analysis_row_035056_part_0,calendar_analysis_row_035056,2026-01-10,2026-01-10 21:45:00+00:00,2026-01-10 22:15:00+00:00,Things,Finished book: the world crisis volume 4,Finished book: the world crisis volume 4,finished,the world crisis volume 4,0.5,0.5,True,explicit_finished_book_duration,0.5,calendar_analysis_duration,,,0.0,the world crisis volume 4,finish_0181,2026-01-10,finished_event_identity
calendar_analysis_row_035073_part_0,calendar_analysis_row_035073,2026-01-11,2026-01-11 16:15:00+00:00,2026-01-11 17:00:00+00:00,Things,Read history,Read history,reading,history,0.75,0.75,True,explicit_reading_or_audiobook_duration,0.75,calendar_analysis_duration,,,0.0,the history of the English speaking peoples volume 4,finish_0182,2026-01-11,ref_to_finished_title
calendar_analysis_row_035077_part_0,calendar_analysis_row_035077,2026-01-11,2026-01-11 17:30:00+00:00,2026-01-11 18:30:00+00:00,Things,Finished audiobook: the history of the English speaking peoples volume 4,Finished audiobook: the history of the English speaking peoples volume 4,finished,the history of the English speaking peoples volume 4,0.5,1.0,True,explicit_finished_book_duration,1.0,full_duration_compatible_overlap,Walk,Things,0.5,the history of the English speaking peoples volume 4,finish_0182,2026-01-11,finished_event_identity
calendar_analysis_row_035079_part_0,calendar_analysis_row_035079,2026-01-11,2026-01-11 19:30:00+00:00,2026-01-11 20:15:00+00:00,Things,Audiobook: tef,Audiobook: tef,audiobook,tef,0.5,0.75,True,explicit_reading_or_audiobook_duration,0.75,full_duration_minor_overlap,Walk,Things,0.25,,,,
calendar_analysis_row_035081_part_0,calendar_analysis_row_035081,2026-01-11,2026-01-11 20:15:00+00:00,2026-01-11 20:45:00+00:00,Things,Audiobook: the creative act,Audiobook: the creative act,audiobook,the creative act,0.25,0.5,True,explicit_reading_or_audiobook_duration,0.5,full_duration_minor_overlap,Walk,Things,0.25,,,,
calendar_analysis_row_035105_part_0,calendar_analysis_row_035105,2026-01-12,2026-01-12 21:30:00+00:00,2026-01-12 22:30:00+00:00,Things,Audiobook: nicbt,Audiobook: nicbt,audiobook,nicbt,0.5,1.0,True,explicit_reading_or_audiobook_duration,0.5,calendar_analysis_duration_incompatible_overlap,Walk | 1 cocktail,Things | Waste Time,0.0,Now It Can Be Told,finish_0184,2026-01-19,ref_to_finished_title
calendar_analysis_row_035110_part_0,calendar_analysis_row_035110,2026-01-12,2026-01-12 22:45:00+00:00,2026-01-12 23:30:00+00:00,Things,Audiobook: nicbt,Audiobook: nicbt,audiobook,nicbt,0.375,0.75,True,explicit_reading_or_audiobook_duration,0.75,full_duration_compatible_overlap,Walk,Things,0.375,Now It Can Be Told,finish_0184,2026-01-19,ref_to_finished_title
calendar_analysis_row_035124_part_0,calendar_analysis_row_035124,2026-01-13,2026-01-13 15:30:00+00:00,2026-01-13 17:30:00+00:00,Things,Audiobook: nicbt,Audiobook: nicbt,audiobook,nicbt,1.0,2.0,True,explicit_reading_or_audiobook_duration,1.0,calendar_analysis_duration_incompatible_overlap,Walk | Toil,Things,0.0,Now It Can Be Told,finish_0184,2026-01-19,ref_to_finished_title
calendar_analysis_row_035134_part_0,calendar_analysis_row_035134,2026-01-13,2026-01-13 21:45:00+00:00,2026-01-14 00:00:00+00:00,Things,book:gp,book:gp,reading,gp,2.25,2.25,True,explicit_reading_or_audiobook_duration,2.25,calendar_analysis_duration,,,0.0,going postal,finish_0183,2026-01-14,ref_to_finished_title
calendar_analysis_row_035141_part_0,calendar_analysis_row_035141,2026-01-14,2026-01-14 04:45:00+00:00,2026-01-14 07:15:00+00:00,Things,Finished book: going postal,Finished book: going postal,finished,going postal,2.5,2.5,True,explicit_finished_book_duration,2.5,calendar_analysis_duration,,,0.0,going postal,finish_0183,2026-01-14,finished_event_identity
calendar_analysis_row_035149_part_0,calendar_analysis_row_035149,2026-01-14,2026-01-14 16:45:00+00:00,2026-01-14 18:15:00+00:00,Things,Audiobook: the age of revolution,Audiobook: the age of revolution,audiobook,the age of revolution,0.75,1.5,True,explicit_reading_or_audiobook_duration,1.5,full_duration_compatible_overlap,Walk,Things,0.75,,,,
calendar_analysis_row_035170_part_0,calendar_analysis_row_035170,2026-01-15,2026-01-15 05:00:00+00:00,2026-01-15 05:30:00+00:00,Things,Book:bn,Book:bn,reading,bn,0.5,0.5,True,explicit_reading_or_audiobook_duration,0.5,calendar_analysis_duration,,,0.0,,,,
calendar_analysis_row_035180_part_0,calendar_analysis_row_035180,2026-01-15,2026-01-15 21:00:00+00:00,2026-01-15 21:30:00+00:00,Things,Audiobook: nicbt,Audiobook: nicbt,audiobook,nicbt,0.25,0.5,True,explicit_reading_or_audiobook_duration,0.5,full_duration_minor_overlap,Walk,Things,0.25,Now It Can Be Told,finish_0184,2026-01-19,ref_to_finished_title
calendar_analysis_row_035186_part_0,calendar_analysis_row_035186,2026-01-15,2026-01-15 23:37:30+00:00,2026-01-15 23:45:00+00:00,Things,read,read,generic,,0.125,0.125,False,generic_temporal_read_not_counted_by_default,0.125,calendar_analysis_duration,,,0.0,Now It Can Be Told,finish_0184,2026-01-19,generic_temporal
calendar_analysis_row_035187_part_0,calendar_analysis_row_035187,2026-01-15,2026-01-15 23:45:00+00:00,2026-01-16 00:00:00+00:00,Things,book:ba,book:ba,reading,ba,0.25,0.25,True,explicit_reading_or_audiobook_duration,0.25,calendar_analysis_duration,,,0.0,,,,
calendar_analysis_row_035192_part_0,calendar_analysis_row_035192,2026-01-16,2026-01-16 03:30:00+00:00,2026-01-16 04:45:00+00:00,Things,Book:ba,Book:ba,reading,ba,1.25,1.25,True,explicit_reading_or_audiobook_duration,1.25,calendar_analysis_duration,,,0.0,,,,
calendar_analysis_row_035193_part_0,calendar_analysis_row_035193,2026-01-16,2026-01-16 04:45:00+00:00,2026-01-16 05:30:00+00:00,Things,Book:pic,Book:pic,reading,pic,0.75,0.75,True,explicit_reading_or_audiobook_duration,0.75,calendar_analysis_duration,,,0.0,,,,
calendar_analysis_row_035194_part_0,calendar_analysis_row_035194,2026-01-16,2026-01-16 05:30:00+00:00,2026-01-16 06:00:00+00:00,Things,Book:pmog,Book:pmog,reading,pmog,0.5,0.5,True,explicit_reading_or_audiobook_duration,0.5,calendar_analysis_duration,,,0.0,prime movers of globalization,finish_0190,2026-02-09,ref_to_finished_title
calendar_analysis_row_035209_part_0,calendar_analysis_row_035209,2026-01-16,2026-01-16 20:45:00+00:00,2026-01-16 21:45:00+00:00,Things,Audiobook: nicbt,Audiobook: nicbt,audiobook,nicbt,0.75,1.0,True,explicit_reading_or_audiobook_duration,1.0,full_duration_minor_overlap,Purge,Waste Time,0.25,Now It Can Be Told,finish_0184,2026-01-19,ref_to_finished_title
calendar_analysis_row_035254_part_0,calendar_analysis_row_035254,2026-01-19,2026-01-19 00:15:00+00:00,2026-01-19 00:45:00+00:00,Things,Finished audiobook: now it can be told,Finished audiobook: now it can be told,finished,now it can be told,0.5,0.5,True,explicit_finished_book_duration,0.5,calendar_analysis_duration,,,0.0,Now It Can Be Told,finish_0184,2026-01-19,finished_event_identity
calendar_analysis_row_035255_part_0,calendar_analysis_row_035255,2026-01-19,2026-01-19 00:45:00+00:00,2026-01-19 02:15:00+00:00,Things,Audiobook: surely you’re joking Mr Feynman,Audiobook: surely you’re joking Mr Feynman,audiobook,surely you’re joking Mr Feynman,1.125,1.5,True,explicit_reading_or_audiobook_duration,1.5,full_duration_compatible_overlap,Gym,"Meals, Supplements, Sleep",0.375,surely you’re joking Feynman,finish_0200,2026-04-19,ref_to_finished_title
calendar_analysis_row_035273_part_0,calendar_analysis_row_035273,2026-01-19,2026-01-19 21:00:00+00:00,2026-01-19 21:30:00+00:00,Things,Book:pmog,Book:pmog,reading,pmog,0.5,0.5,True,explicit_reading_or_audiobook_duration,0.5,calendar_analysis_duration,,,0.0,prime movers of globalization,finish_0190,2026-02-09,ref_to_finished_title
calendar_analysis_row_035279_part_0,calendar_analysis_row_035279,2026-01-20,2026-01-20 00:15:00+00:00,2026-01-20 02:45:00+00:00,Things,finished book: Churchill's wit the definitive collection,finished book: Churchill's wit the definitive collection,finished,Churchill's wit the definitive collection,2.375,2.5,True,explicit_finished_book_duration,2.5,full_duration_minor_overlap,Dinner,"Meals, Supplements, Sleep",0.125,Churchill's wit the definitive collection,finish_0185,2026-01-20,finished_event_identity
calendar_analysis_row_035287_part_0,calendar_analysis_row_035287,2026-01-20,2026-01-20 05:30:00+00:00,2026-01-20 06:00:00+00:00,Things,book:ibtbf,book:ibtbf,reading,ibtbf,0.5,0.5,True,explicit_reading_or_audiobook_duration,0.5,calendar_analysis_duration,,,0.0,it's better to be feared,finish_0186,2026-01-24,ref_to_finished_title
calendar_analysis_row_035288_part_0,calendar_analysis_row_035288,2026-01-20,2026-01-20 06:00:00+00:00,2026-01-20 06:30:00+00:00,Things,book:dc,book:dc,reading,dc,0.5,0.5,True,explicit_reading_or_audiobook_duration,0.5,calendar_analysis_duration,,,0.0,,,,
calendar_analysis_row_035289_part_0,calendar_analysis_row_035289,2026-01-20,2026-01-20 06:30:00+00:00,2026-01-20 07:00:00+00:00,Things,book:bn,book:bn,reading,bn,0.5,0.5,True,explicit_reading_or_audiobook_duration,0.5,calendar_analysis_duration,,,0.0,,,,
calendar_analysis_row_035309_part_0,calendar_analysis_row_035309,2026-01-20,2026-01-20 23:15:00+00:00,2026-01-21 00:45:00+00:00,Things,read past highlights,read past highlights,reading,past highlights,1.5,1.5,True,explicit_reading_or_audiobook_duration,1.5,calendar_analysis_duration,,,0.0,,,,
calendar_analysis_row_035315_part_0,calendar_analysis_row_035315,2026-01-21,2026-01-21 02:30:00+00:00,2026-01-21 02:45:00+00:00,Things,Book:ibtbf,Book:ibtbf,reading,ibtbf,0.25,0.25,True,explicit_reading_or_audiobook_duration,0.25,calendar_analysis_duration,,,0.0,it's better to be feared,finish_0186,2026-01-24,ref_to_finished_title
calendar_analysis_row_035317_part_0,calendar_analysis_row_035317,2026-01-21,2026-01-21 03:45:00+00:00,2026-01-21 04:00:00+00:00,Things,Read past highlights,Read past highlights,reading,past highlights,0.25,0.25,True,explicit_reading_or_audiobook_duration,0.25,calendar_analysis_duration,,,0.0,,,,
calendar_analysis_row_035318_part_0,calendar_analysis_row_035318,2026-01-21,2026-01-21 04:00:00+00:00,2026-01-21 04:30:00+00:00,Things,Book:ibtbf,Book:ibtbf,reading,ibtbf,0.5,0.5,True,explicit_reading_or_audiobook_duration,0.5,calendar_analysis_duration,,,0.0,it's better to be feared,finish_0186,2026-01-24,ref_to_finished_title
calendar_analysis_row_035341_part_0,calendar_analysis_row_035341,2026-01-21,2026-01-21 23:30:00+00:00,2026-01-22 01:00:00+00:00,Things,Book:ibtbf,Book:ibtbf,reading,ibtbf,1.5,1.5,True,explicit_reading_or_audiobook_duration,1.5,calendar_analysis_duration,,,0.0,it's better to be feared,finish_0186,2026-01-24,ref_to_finished_title
calendar_analysis_row_035368_part_0,calendar_analysis_row_035368,2026-01-22,2026-01-22 21:45:00+00:00,2026-01-22 22:15:00+00:00,Things,book:ibtbf,book:ibtbf,reading,ibtbf,0.5,0.5,True,explicit_reading_or_audiobook_duration,0.5,calendar_analysis_duration,,,0.0,it's better to be feared,finish_0186,2026-01-24,ref_to_finished_title
calendar_analysis_row_035369_part_0,calendar_analysis_row_035369,2026-01-22,2026-01-22 22:15:00+00:00,2026-01-22 22:45:00+00:00,Things,book:tbab,book:tbab,reading,tbab,0.5,0.5,True,explicit_reading_or_audiobook_duration,0.5,calendar_analysis_duration,,,0.0,the best and brightest,finish_0188,2026-02-02,ref_to_finished_title
calendar_analysis_row_035371_part_0,calendar_analysis_row_035371,2026-01-22,2026-01-22 23:15:00+00:00,2026-01-23 01:00:00+00:00,Things,Book:ibtbf,Book:ibtbf,reading,ibtbf,1.75,1.75,True,explicit_reading_or_audiobook_duration,1.75,calendar_analysis_duration,,,0.0,it's better to be feared,finish_0186,2026-01-24,ref_to_finished_title
calendar_analysis_row_035374_part_0,calendar_analysis_row_035374,2026-01-23,2026-01-23 02:00:00+00:00,2026-01-23 03:30:00+00:00,Things,Book:ibtbf,Book:ibtbf,reading,ibtbf,1.375,1.5,True,explicit_reading_or_audiobook_duration,1.5,full_duration_minor_overlap,Dinner,"Meals, Supplements, Sleep",0.125,it's better to be feared,finish_0186,2026-01-24,ref_to_finished_title
calendar_analysis_row_035377_part_0,calendar_analysis_row_035377,2026-01-23,2026-01-23 03:45:00+00:00,2026-01-23 04:15:00+00:00,Things,audiobook: tee,audiobook: tee,audiobook,tee,0.25,0.5,True,explicit_reading_or_audiobook_duration,0.5,full_duration_minor_overlap,Take transit from Your location to 10800 Rose Ave,Things,0.25,the effective executive,finish_0187,2026-01-29,ref_to_finished_title
calendar_analysis_row_035406_part_0,calendar_analysis_row_035406,2026-01-24,2026-01-24 03:15:00+00:00,2026-01-24 04:15:00+00:00,Things,book:ibtbf,book:ibtbf,reading,ibtbf,0.875,1.0,True,explicit_reading_or_audiobook_duration,1.0,full_duration_minor_overlap,Dinner,"Meals, Supplements, Sleep",0.125,it's better to be feared,finish_0186,2026-01-24,ref_to_finished_title
calendar_analysis_row_035415_part_0,calendar_analysis_row_035415,2026-01-24,2026-01-24 07:00:00+00:00,2026-01-24 07:15:00+00:00,Things,Book:sp,Book:sp,reading,sp,0.25,0.25,True,explicit_reading_or_audiobook_duration,0.25,calendar_analysis_duration,,,0.0,,,,
calendar_analysis_row_035417_part_0,calendar_analysis_row_035417,2026-01-24,2026-01-24 13:00:00+00:00,2026-01-24 15:45:00+00:00,Things,Book:ibtbf,Book:ibtbf,reading,ibtbf,2.75,2.75,True,explicit_reading_or_audiobook_duration,2.75,calendar_analysis_duration,,,0.0,it's better to be feared,finish_0186,2026-01-24,ref_to_finished_title
calendar_analysis_row_035420_part_0,calendar_analysis_row_035420,2026-01-24,2026-01-24 16:30:00+00:00,2026-01-24 17:00:00+00:00,Things,Book:itbtbf,Book:itbtbf,reading,itbtbf,0.5,0.5,True,explicit_reading_or_audiobook_duration,0.5,calendar_analysis_duration,,,0.0,,,,
calendar_analysis_row_035422_part_0,calendar_analysis_row_035422,2026-01-24,2026-01-24 17:15:00+00:00,2026-01-24 17:30:00+00:00,Things,Book:ibtbf,Book:ibtbf,reading,ibtbf,0.1490277777777778,0.25,True,explicit_reading_or_audiobook_duration,0.25,full_duration_minor_overlap,Travel to WeWork Office Space & Coworking,clark.benham@gmail.com,0.10097222222222221,it's better to be feared,finish_0186,2026-01-24,ref_to_finished_title
calendar_analysis_row_035423_part_0,calendar_analysis_row_035423,2026-01-24,2026-01-24 17:30:00+00:00,2026-01-24 18:00:00+00:00,Things,Book:ibtbf,Book:ibtbf,reading,ibtbf,0.5,0.5,True,explicit_reading_or_audiobook_duration,0.5,calendar_analysis_duration,,,0.0,it's better to be feared,finish_0186,2026-01-24,ref_to_finished_title
calendar_analysis_row_035429_part_0,calendar_analysis_row_035429,2026-01-24,2026-01-24 22:45:00+00:00,2026-01-25 00:30:00+00:00,Things,finished book: it's better to be feared,finished book: it's better to be feared,finished,it's better to be feared,1.75,1.75,True,explicit_finished_book_duration,1.75,calendar_analysis_duration,,,0.0,it's better to be feared,finish_0186,2026-01-24,finished_event_identity
calendar_analysis_row_035433_part_0,calendar_analysis_row_035433,2026-01-25,2026-01-25 02:45:00+00:00,2026-01-25 03:00:00+00:00,Things,Book; tbab,Book; tbab,reading,tbab,0.25,0.25,True,explicit_reading_or_audiobook_duration,0.25,calendar_analysis_duration,,,0.0,the best and brightest,finish_0188,2026-02-02,ref_to_finished_title
calendar_analysis_row_035437_part_0,calendar_analysis_row_035437,2026-01-25,2026-01-25 03:45:00+00:00,2026-01-25 05:00:00+00:00,Things,Book:tbab,Book:tbab,reading,tbab,1.125,1.25,True,explicit_reading_or_audiobook_duration,1.25,full_duration_minor_overlap,Food,"Meals, Supplements, Sleep",0.125,the best and brightest,finish_0188,2026-02-02,ref_to_finished_title
calendar_analysis_row_035442_part_0,calendar_analysis_row_035442,2026-01-25,2026-01-25 06:30:00+00:00,2026-01-25 06:45:00+00:00,Things,book:tbab,book:tbab,reading,tbab,0.25,0.25,True,explicit_reading_or_audiobook_duration,0.25,calendar_analysis_duration,,,0.0,the best and brightest,finish_0188,2026-02-02,ref_to_finished_title
calendar_analysis_row_035445_part_0,calendar_analysis_row_035445,2026-01-25,2026-01-25 16:00:00+00:00,2026-01-25 16:30:00+00:00,Things,Book:tbab,Book:tbab,reading,tbab,0.375,0.5,True,explicit_reading_or_audiobook_duration,0.5,full_duration_minor_overlap,Tug,Waste Time,0.125,the best and brightest,finish_0188,2026-02-02,ref_to_finished_title
calendar_analysis_row_035474_part_0,calendar_analysis_row_035474,2026-01-26,2026-01-26 22:15:00+00:00,2026-01-26 22:45:00+00:00,Things,read,read,generic,,0.5,0.5,False,generic_temporal_read_not_counted_by_default,0.5,calendar_analysis_duration,,,0.0,the effective executive,finish_0187,2026-01-29,generic_temporal
calendar_analysis_row_035476_part_0,calendar_analysis_row_035476,2026-01-26,2026-01-26 23:15:00+00:00,2026-01-27 00:15:00+00:00,Things,Book:tbab,Book:tbab,reading,tbab,1.0,1.0,True,explicit_reading_or_audiobook_duration,1.0,calendar_analysis_duration,,,0.0,the best and brightest,finish_0188,2026-02-02,ref_to_finished_title
calendar_analysis_row_035483_part_0,calendar_analysis_row_035483,2026-01-27,2026-01-27 03:30:00+00:00,2026-01-27 06:30:00+00:00,Things,Book:tbab,Book:tbab,reading,tbab,3.0,3.0,True,explicit_reading_or_audiobook_duration,3.0,calendar_analysis_duration,,,0.0,the best and brightest,finish_0188,2026-02-02,ref_to_finished_title
calendar_analysis_row_035502_part_0,calendar_analysis_row_035502,2026-01-28,2026-01-28 03:45:00+00:00,2026-01-28 04:00:00+00:00,Things,book:bfq,book:bfq,reading,bfq,0.25,0.25,True,explicit_reading_or_audiobook_duration,0.25,calendar_analysis_duration,,,0.0,,,,
calendar_analysis_row_035506_part_0,calendar_analysis_row_035506,2026-01-28,2026-01-28 05:30:00+00:00,2026-01-28 05:45:00+00:00,Things,Audiobook: tee,Audiobook: tee,audiobook,tee,0.125,0.25,True,explicit_reading_or_audiobook_duration,0.25,full_duration_minor_overlap,Take transit from 520 Broadway to 10800 Rose Ave,Things,0.125,the effective executive,finish_0187,2026-01-29,ref_to_finished_title
calendar_analysis_row_035510_part_0,calendar_analysis_row_035510,2026-01-28,2026-01-28 07:30:00+00:00,2026-01-28 08:30:00+00:00,Things,Book:tbab,Book:tbab,reading,tbab,1.0,1.0,True,explicit_reading_or_audiobook_duration,1.0,calendar_analysis_duration,,,0.0,the best and brightest,finish_0188,2026-02-02,ref_to_finished_title
calendar_analysis_row_035526_part_0,calendar_analysis_row_035526,2026-01-28,2026-01-28 22:00:00+00:00,2026-01-29 00:00:00+00:00,Things,Book:tbab,Book:tbab,reading,tbab,2.0,2.0,True,explicit_reading_or_audiobook_duration,2.0,calendar_analysis_duration,,,0.0,the best and brightest,finish_0188,2026-02-02,ref_to_finished_title
calendar_analysis_row_035532_part_0,calendar_analysis_row_035532,2026-01-29,2026-01-29 03:45:00+00:00,2026-01-29 04:15:00+00:00,Things,book:tbab,book:tbab,reading,tbab,0.5,0.5,True,explicit_reading_or_audiobook_duration,0.5,calendar_analysis_duration,,,0.0,the best and brightest,finish_0188,2026-02-02,ref_to_finished_title
calendar_analysis_row_035534_part_0,calendar_analysis_row_035534,2026-01-29,2026-01-29 05:00:00+00:00,2026-01-29 07:45:00+00:00,Things,Book:tbab,Book:tbab,reading,tbab,2.75,2.75,True,explicit_reading_or_audiobook_duration,2.75,calendar_analysis_duration,,,0.0,the best and brightest,finish_0188,2026-02-02,ref_to_finished_title
calendar_analysis_row_035538_part_0,calendar_analysis_row_035538,2026-01-29,2026-01-29 16:30:00+00:00,2026-01-29 17:00:00+00:00,Things,finished audiobook: the effective executive,finished audiobook: the effective executive,finished,the effective executive,0.25,0.5,True,explicit_finished_book_duration,0.5,full_duration_minor_overlap,Travel to wework,Things,0.25,the effective executive,finish_0187,2026-01-29,finished_event_identity
calendar_analysis_row_035546_part_0,calendar_analysis_row_035546,2026-01-29,2026-01-29 18:30:00+00:00,2026-01-29 19:30:00+00:00,Things,book:tbab,book:tbab,reading,tbab,1.0,1.0,True,explicit_reading_or_audiobook_duration,1.0,calendar_analysis_duration,,,0.0,the best and brightest,finish_0188,2026-02-02,ref_to_finished_title
calendar_analysis_row_035549_part_0,calendar_analysis_row_035549,2026-01-29,2026-01-29 20:30:00+00:00,2026-01-29 20:45:00+00:00,Things,Book:tbab,Book:tbab,reading,tbab,0.25,0.25,True,explicit_reading_or_audiobook_duration,0.25,calendar_analysis_duration,,,0.0,the best and brightest,finish_0188,2026-02-02,ref_to_finished_title
calendar_analysis_row_035551_part_0,calendar_analysis_row_035551,2026-01-29,2026-01-29 21:30:00+00:00,2026-01-30 00:00:00+00:00,Things,book:tbab,book:tbab,reading,tbab,2.5,2.5,True,explicit_reading_or_audiobook_duration,2.5,calendar_analysis_duration,,,0.0,the best and brightest,finish_0188,2026-02-02,ref_to_finished_title
calendar_analysis_row_035562_part_0,calendar_analysis_row_035562,2026-01-30,2026-01-30 03:45:00+00:00,2026-01-30 04:00:00+00:00,Things,audiobook: seven habits of highly effective people,audiobook: seven habits of highly effective people,audiobook,seven habits of highly effective people,0.125,0.25,True,explicit_reading_or_audiobook_duration,0.25,full_duration_minor_overlap,Travel to Home,Things,0.125,the effective executive,finish_0187,2026-01-29,ref_to_finished_title
calendar_analysis_row_035582_part_0,calendar_analysis_row_035582,2026-01-31,2026-01-31 09:30:00+00:00,2026-01-31 09:45:00+00:00,Things,book:tbab,book:tbab,reading,tbab,0.25,0.25,True,explicit_reading_or_audiobook_duration,0.25,calendar_analysis_duration,,,0.0,the best and brightest,finish_0188,2026-02-02,ref_to_finished_title
calendar_analysis_row_035596_part_0,calendar_analysis_row_035596,2026-02-01,2026-02-01 00:00:00+00:00,2026-02-01 00:30:00+00:00,Things,Book:tbab,Book:tbab,reading,tbab,0.1666666666666666,0.5,True,explicit_reading_or_audiobook_duration,0.1666666666666666,calendar_analysis_duration_incompatible_overlap,Amelia | Beach,Things,0.0,the best and brightest,finish_0188,2026-02-02,ref_to_finished_title
calendar_analysis_row_035600_part_0,calendar_analysis_row_035600,2026-02-01,2026-02-01 03:30:00+00:00,2026-02-01 03:45:00+00:00,Things,Book:tbab,Book:tbab,reading,tbab,0.25,0.25,True,explicit_reading_or_audiobook_duration,0.25,calendar_analysis_duration,,,0.0,the best and brightest,finish_0188,2026-02-02,ref_to_finished_title
calendar_analysis_row_035604_part_0,calendar_analysis_row_035604,2026-02-01,2026-02-01 08:15:00+00:00,2026-02-01 08:45:00+00:00,Things,Book:tbab,Book:tbab,reading,tbab,0.5,0.5,True,explicit_reading_or_audiobook_duration,0.5,calendar_analysis_duration,,,0.0,the best and brightest,finish_0188,2026-02-02,ref_to_finished_title
calendar_analysis_row_035607_part_0,calendar_analysis_row_035607,2026-02-01,2026-02-01 16:45:00+00:00,2026-02-01 17:00:00+00:00,Things,Book:tbab,Book:tbab,reading,tbab,0.25,0.25,True,explicit_reading_or_audiobook_duration,0.25,calendar_analysis_duration,,,0.0,the best and brightest,finish_0188,2026-02-02,ref_to_finished_title
calendar_analysis_row_035614_part_0,calendar_analysis_row_035614,2026-02-01,2026-02-01 21:00:00+00:00,2026-02-01 21:30:00+00:00,Things,Book:tbab,Book:tbab,reading,tbab,0.5,0.5,True,explicit_reading_or_audiobook_duration,0.5,calendar_analysis_duration,,,0.0,the best and brightest,finish_0188,2026-02-02,ref_to_finished_title
calendar_analysis_row_035617_part_0,calendar_analysis_row_035617,2026-02-02,2026-02-02 00:15:00+00:00,2026-02-02 01:00:00+00:00,Things,book:tbab,book:tbab,reading,tbab,0.75,0.75,True,explicit_reading_or_audiobook_duration,0.75,calendar_analysis_duration,,,0.0,the best and brightest,finish_0188,2026-02-02,ref_to_finished_title
calendar_analysis_row_035620_part_0,calendar_analysis_row_035620,2026-02-02,2026-02-02 02:45:00+00:00,2026-02-02 05:00:00+00:00,Things,book:tbab,book:tbab,reading,tbab,2.25,2.25,True,explicit_reading_or_audiobook_duration,2.25,calendar_analysis_duration,,,0.0,the best and brightest,finish_0188,2026-02-02,ref_to_finished_title
calendar_analysis_row_035622_part_0,calendar_analysis_row_035622,2026-02-02,2026-02-02 05:15:00+00:00,2026-02-02 05:45:00+00:00,Things,finished book: the best and brightest,finished book: the best and brightest,finished,the best and brightest,0.5,0.5,True,explicit_finished_book_duration,0.5,calendar_analysis_duration,,,0.0,the best and brightest,finish_0188,2026-02-02,finished_event_identity
calendar_analysis_row_035626_part_0,calendar_analysis_row_035626,2026-02-02,2026-02-02 07:00:00+00:00,2026-02-02 07:30:00+00:00,Things,book:bq,book:bq,reading,bq,0.5,0.5,True,explicit_reading_or_audiobook_duration,0.5,calendar_analysis_duration,,,0.0,,,,
calendar_analysis_row_035658_part_0,calendar_analysis_row_035658,2026-02-03,2026-02-03 04:15:00+00:00,2026-02-03 04:30:00+00:00,Things,Audiobook: system design interview two,Audiobook: system design interview two,audiobook,system design interview two,0.125,0.25,True,explicit_reading_or_audiobook_duration,0.25,full_duration_minor_overlap,Travel to Home 7:56 train,Things,0.125,,,,
calendar_analysis_row_035662_part_0,calendar_analysis_row_035662,2026-02-03,2026-02-03 06:00:00+00:00,2026-02-03 06:15:00+00:00,Things,read cs,read cs,reading,cs,0.25,0.25,True,explicit_reading_or_audiobook_duration,0.25,calendar_analysis_duration,,,0.0,,,,
calendar_analysis_row_035663_part_0,calendar_analysis_row_035663,2026-02-03,2026-02-03 06:15:00+00:00,2026-02-03 06:30:00+00:00,Things,read history,read history,reading,history,0.25,0.25,True,explicit_reading_or_audiobook_duration,0.25,calendar_analysis_duration,,,0.0,,,,
calendar_analysis_row_035668_part_0,calendar_analysis_row_035668,2026-02-03,2026-02-03 07:30:00+00:00,2026-02-03 08:00:00+00:00,Things,read,read,generic,,0.375,0.5,False,generic_temporal_read_not_counted_by_default,0.375,calendar_analysis_duration,,,0.0,good omens,finish_0189,2026-02-08,generic_temporal
calendar_analysis_row_035712_part_0,calendar_analysis_row_035712,2026-02-04,2026-02-04 20:45:00+00:00,2026-02-04 21:30:00+00:00,Things,read,read,generic,,0.75,0.75,False,generic_temporal_read_not_counted_by_default,0.75,calendar_analysis_duration,,,0.0,good omens,finish_0189,2026-02-08,generic_temporal
calendar_analysis_row_035764_part_0,calendar_analysis_row_035764,2026-02-06,2026-02-06 23:30:00+00:00,2026-02-07 00:00:00+00:00,Things,book:go,book:go,reading,go,0.5,0.5,True,explicit_reading_or_audiobook_duration,0.5,calendar_analysis_duration,,,0.0,good omens,finish_0189,2026-02-08,ref_to_finished_title
calendar_analysis_row_035771_part_0,calendar_analysis_row_035771,2026-02-07,2026-02-07 03:45:00+00:00,2026-02-07 04:00:00+00:00,Things,Book:go,Book:go,reading,go,0.25,0.25,True,explicit_reading_or_audiobook_duration,0.25,calendar_analysis_duration,,,0.0,good omens,finish_0189,2026-02-08,ref_to_finished_title
calendar_analysis_row_035777_part_0,calendar_analysis_row_035777,2026-02-07,2026-02-07 06:30:00+00:00,2026-02-07 08:30:00+00:00,Things,Book:go,Book:go,reading,go,2.0,2.0,True,explicit_reading_or_audiobook_duration,2.0,calendar_analysis_duration,,,0.0,good omens,finish_0189,2026-02-08,ref_to_finished_title
calendar_analysis_row_035790_part_0,calendar_analysis_row_035790,2026-02-08,2026-02-08 00:30:00+00:00,2026-02-08 03:45:00+00:00,Things,Finished book: good omens,Finished book: good omens,finished,good omens,3.25,3.25,True,explicit_finished_book_duration,3.25,calendar_analysis_duration,,,0.0,good omens,finish_0189,2026-02-08,finished_event_identity
calendar_analysis_row_035819_part_0,calendar_analysis_row_035819,2026-02-09,2026-02-09 22:30:00+00:00,2026-02-09 23:15:00+00:00,Things,finished book: prime movers of globalization,finished book: prime movers of globalization,finished,prime movers of globalization,0.75,0.75,True,explicit_finished_book_duration,0.75,calendar_analysis_duration,,,0.0,prime movers of globalization,finish_0190,2026-02-09,finished_event_identity
calendar_analysis_row_035846_part_0,calendar_analysis_row_035846,2026-02-10,2026-02-10 23:30:00+00:00,2026-02-11 02:15:00+00:00,Things,book:sd,book:sd,reading,sd,2.75,2.75,True,explicit_reading_or_audiobook_duration,2.75,calendar_analysis_duration,,,0.0,shoe dog,finish_0191,2026-02-11,ref_to_finished_title
calendar_analysis_row_035853_part_0,calendar_analysis_row_035853,2026-02-11,2026-02-11 05:30:00+00:00,2026-02-11 08:30:00+00:00,Things,Book:sd,Book:sd,reading,sd,3.0,3.0,True,explicit_reading_or_audiobook_duration,3.0,calendar_analysis_duration,,,0.0,shoe dog,finish_0191,2026-02-11,ref_to_finished_title
calendar_analysis_row_035857_part_0,calendar_analysis_row_035857,2026-02-11,2026-02-11 16:45:00+00:00,2026-02-11 17:00:00+00:00,Things,Finished book: shoe dog,Finished book: shoe dog,finished,shoe dog,0.125,0.25,True,explicit_finished_book_duration,0.25,full_duration_minor_overlap,Travel to 520 Broadway,Things,0.125,shoe dog,finish_0191,2026-02-11,finished_event_identity
calendar_analysis_row_035860_part_0,calendar_analysis_row_035860,2026-02-11,2026-02-11 17:30:00+00:00,2026-02-11 18:00:00+00:00,Things,read,read,generic,,0.5,0.5,False,generic_temporal_read_not_counted_by_default,0.5,calendar_analysis_duration,,,0.0,shoe dog,finish_0191,2026-02-11,generic_temporal
calendar_analysis_row_035903_part_0,calendar_analysis_row_035903,2026-02-13,2026-02-13 06:45:00+00:00,2026-02-13 07:45:00+00:00,Things,read: kipling,read: kipling,reading,kipling,1.0,1.0,True,explicit_reading_or_audiobook_duration,1.0,calendar_analysis_duration,,,0.0,,,,
calendar_analysis_row_035910_part_0,calendar_analysis_row_035910,2026-02-13,2026-02-13 15:00:00+00:00,2026-02-13 15:30:00+00:00,Things,read: kipling,read: kipling,reading,kipling,0.5,0.5,True,explicit_reading_or_audiobook_duration,0.5,calendar_analysis_duration,,,0.0,,,,
calendar_analysis_row_035911_part_0,calendar_analysis_row_035911,2026-02-13,2026-02-13 15:45:00+00:00,2026-02-13 16:30:00+00:00,Things,Listen speeches,Listen speeches,audiobook,speeches,0.375,0.75,True,explicit_reading_or_audiobook_duration,0.75,full_duration_compatible_overlap,Walk,Things,0.375,,,,
calendar_analysis_row_035916_part_0,calendar_analysis_row_035916,2026-02-13,2026-02-13 18:00:00+00:00,2026-02-13 23:00:00+00:00,Things,book:tbatm,book:tbatm,reading,tbatm,4.875,5.0,True,explicit_reading_or_audiobook_duration,5.0,full_duration_minor_overlap,lunch,"Meals, Supplements, Sleep",0.125,the billionaire and the mechanic,finish_0192,2026-02-14,ref_to_finished_title
calendar_analysis_row_035919_part_0,calendar_analysis_row_035919,2026-02-14,2026-02-14 00:15:00+00:00,2026-02-14 00:45:00+00:00,Things,Book:tbatm,Book:tbatm,reading,tbatm,0.5,0.5,True,explicit_reading_or_audiobook_duration,0.5,calendar_analysis_duration,,,0.0,the billionaire and the mechanic,finish_0192,2026-02-14,ref_to_finished_title
calendar_analysis_row_035923_part_0,calendar_analysis_row_035923,2026-02-14,2026-02-14 03:15:00+00:00,2026-02-14 04:00:00+00:00,Things,Book:tbatm,Book:tbatm,reading,tbatm,0.625,0.75,True,explicit_reading_or_audiobook_duration,0.75,full_duration_minor_overlap,YouTube,Waste Time,0.125,the billionaire and the mechanic,finish_0192,2026-02-14,ref_to_finished_title
calendar_analysis_row_035930_part_0,calendar_analysis_row_035930,2026-02-14,2026-02-14 05:45:00+00:00,2026-02-14 07:30:00+00:00,Things,Finished book: the billionaire and the mechanic,Finished book: the billionaire and the mechanic,finished,the billionaire and the mechanic,1.75,1.75,True,explicit_finished_book_duration,1.75,calendar_analysis_duration,,,0.0,the billionaire and the mechanic,finish_0192,2026-02-14,finished_event_identity
calendar_analysis_row_035949_part_0,calendar_analysis_row_035949,2026-02-15,2026-02-15 07:00:00+00:00,2026-02-15 07:15:00+00:00,Things,book:ctpow,book:ctpow,reading,ctpow,0.25,0.25,True,explicit_reading_or_audiobook_duration,0.25,calendar_analysis_duration,,,0.0,churchill the power of words,finish_0202,2026-05-07,ref_to_finished_title
calendar_analysis_row_035950_part_0,calendar_analysis_row_035950,2026-02-15,2026-02-15 07:15:00+00:00,2026-02-15 07:45:00+00:00,Things,book:vaet,book:vaet,reading,vaet,0.5,0.5,True,explicit_reading_or_audiobook_duration,0.5,calendar_analysis_duration,,,0.0,,,,
calendar_analysis_row_035960_part_0,calendar_analysis_row_035960,2026-02-16,2026-02-16 00:15:00+00:00,2026-02-16 00:45:00+00:00,Things,Book:vaet,Book:vaet,reading,vaet,0.5,0.5,True,explicit_reading_or_audiobook_duration,0.5,calendar_analysis_duration,,,0.0,,,,
calendar_analysis_row_035968_part_0,calendar_analysis_row_035968,2026-02-16,2026-02-16 12:00:00+00:00,2026-02-16 14:00:00+00:00,Things,Book:vaet,Book:vaet,reading,vaet,2.0,2.0,True,explicit_reading_or_audiobook_duration,2.0,calendar_analysis_duration,,,0.0,,,,
calendar_analysis_row_035981_part_0,calendar_analysis_row_035981,2026-02-17,2026-02-17 06:00:00+00:00,2026-02-17 06:30:00+00:00,Things,Book:vaet,Book:vaet,reading,vaet,0.5,0.5,True,explicit_reading_or_audiobook_duration,0.5,calendar_analysis_duration,,,0.0,,,,
calendar_analysis_row_036011_part_0,calendar_analysis_row_036011,2026-02-18,2026-02-18 06:00:00+00:00,2026-02-18 06:20:00+00:00,Things,Book:vaet,Book:vaet,reading,vaet,0.3333333333333333,0.3333333333333333,True,explicit_reading_or_audiobook_duration,0.3333333333333333,calendar_analysis_duration,,,0.0,,,,
calendar_analysis_row_036012_part_0,calendar_analysis_row_036012,2026-02-18,2026-02-18 06:20:00+00:00,2026-02-18 06:40:00+00:00,Things,book:taocp,book:taocp,reading,taocp,0.3333333333333333,0.3333333333333333,True,explicit_reading_or_audiobook_duration,0.3333333333333333,calendar_analysis_duration,,,0.0,,,,
calendar_analysis_row_036013_part_0,calendar_analysis_row_036013,2026-02-18,2026-02-18 06:40:00+00:00,2026-02-18 07:00:00+00:00,Things,book:sp,book:sp,reading,sp,0.3333333333333333,0.3333333333333333,True,explicit_reading_or_audiobook_duration,0.3333333333333333,calendar_analysis_duration,,,0.0,,,,
calendar_analysis_row_036035_part_0,calendar_analysis_row_036035,2026-02-19,2026-02-19 06:00:00+00:00,2026-02-19 06:30:00+00:00,Things,Book:ctpow,Book:ctpow,reading,ctpow,0.5,0.5,True,explicit_reading_or_audiobook_duration,0.5,calendar_analysis_duration,,,0.0,churchill the power of words,finish_0202,2026-05-07,ref_to_finished_title
calendar_analysis_row_036046_part_0,calendar_analysis_row_036046,2026-02-19,2026-02-19 19:00:00+00:00,2026-02-19 20:30:00+00:00,Things,finished book: the parable of rust a novella,finished book: the parable of rust a novella,finished,the parable of rust a novella,1.375,1.5,True,explicit_finished_book_duration,1.5,full_duration_minor_overlap,lunch,"Meals, Supplements, Sleep",0.125,the parable of rust a novella,finish_0193,2026-02-19,finished_event_identity
calendar_analysis_row_036087_part_0,calendar_analysis_row_036087,2026-02-21,2026-02-21 12:15:00+00:00,2026-02-21 13:00:00+00:00,Things,Book:ctpow,Book:ctpow,reading,ctpow,0.75,0.75,True,explicit_reading_or_audiobook_duration,0.75,calendar_analysis_duration,,,0.0,churchill the power of words,finish_0202,2026-05-07,ref_to_finished_title
calendar_analysis_row_036100_part_0,calendar_analysis_row_036100,2026-02-21,2026-02-21 23:00:00+00:00,2026-02-22 02:45:00+00:00,Things,Book:ctpow,Book:ctpow,reading,ctpow,3.625,3.75,True,explicit_reading_or_audiobook_duration,3.75,full_duration_minor_overlap,2 cocktails,Waste Time,0.125,churchill the power of words,finish_0202,2026-05-07,ref_to_finished_title
calendar_analysis_row_036108_part_0,calendar_analysis_row_036108,2026-02-22,2026-02-22 12:30:00+00:00,2026-02-22 13:30:00+00:00,Things,Book:ctpow,Book:ctpow,reading,ctpow,1.0,1.0,True,explicit_reading_or_audiobook_duration,1.0,calendar_analysis_duration,,,0.0,churchill the power of words,finish_0202,2026-05-07,ref_to_finished_title
calendar_analysis_row_036118_part_0,calendar_analysis_row_036118,2026-02-22,2026-02-22 20:15:00+00:00,2026-02-22 21:15:00+00:00,Things,Book:ctpow,Book:ctpow,reading,ctpow,0.875,1.0,True,explicit_reading_or_audiobook_duration,1.0,full_duration_minor_overlap,lunch,"Meals, Supplements, Sleep",0.125,churchill the power of words,finish_0202,2026-05-07,ref_to_finished_title
calendar_analysis_row_036161_part_0,calendar_analysis_row_036161,2026-02-24,2026-02-24 07:15:00+00:00,2026-02-24 07:30:00+00:00,Things,book:vaet,book:vaet,reading,vaet,0.25,0.25,True,explicit_reading_or_audiobook_duration,0.25,calendar_analysis_duration,,,0.0,,,,
calendar_analysis_row_036162_part_0,calendar_analysis_row_036162,2026-02-24,2026-02-24 07:30:00+00:00,2026-02-24 07:45:00+00:00,Things,book:mftc,book:mftc,reading,mftc,0.25,0.25,True,explicit_reading_or_audiobook_duration,0.25,calendar_analysis_duration,,,0.0,memos from the chairman,finish_0194,2026-02-25,ref_to_finished_title
calendar_analysis_row_036174_part_0,calendar_analysis_row_036174,2026-02-24,2026-02-24 19:00:00+00:00,2026-02-24 19:30:00+00:00,Things,book:mftc,book:mftc,reading,mftc,0.5,0.5,True,explicit_reading_or_audiobook_duration,0.5,calendar_analysis_duration,,,0.0,memos from the chairman,finish_0194,2026-02-25,ref_to_finished_title
calendar_analysis_row_036175_part_0,calendar_analysis_row_036175,2026-02-24,2026-02-24 19:45:00+00:00,2026-02-24 20:30:00+00:00,Things,book:vaet,book:vaet,reading,vaet,0.625,0.75,True,explicit_reading_or_audiobook_duration,0.75,full_duration_minor_overlap,lunch,"Meals, Supplements, Sleep",0.125,,,,
calendar_analysis_row_036195_part_0,calendar_analysis_row_036195,2026-02-25,2026-02-25 06:00:00+00:00,2026-02-25 06:45:00+00:00,Things,Book:ctpow,Book:ctpow,reading,ctpow,0.75,0.75,True,explicit_reading_or_audiobook_duration,0.75,calendar_analysis_duration,,,0.0,churchill the power of words,finish_0202,2026-05-07,ref_to_finished_title
calendar_analysis_row_036199_part_0,calendar_analysis_row_036199,2026-02-25,2026-02-25 15:00:00+00:00,2026-02-25 15:45:00+00:00,Things,finished book: memos from the chairman,finished book: memos from the chairman,finished,memos from the chairman,0.75,0.75,True,explicit_finished_book_duration,0.75,calendar_analysis_duration,,,0.0,memos from the chairman,finish_0194,2026-02-25,finished_event_identity
calendar_analysis_row_036225_part_0,calendar_analysis_row_036225,2026-02-26,2026-02-26 06:00:00+00:00,2026-02-26 06:30:00+00:00,Things,read,read,generic,,0.5,0.5,False,generic_temporal_read_not_counted_by_default,0.5,calendar_analysis_duration,,,0.0,night watch,finish_0195,2026-03-05,generic_temporal
calendar_analysis_row_036247_part_0,calendar_analysis_row_036247,2026-02-27,2026-02-27 04:15:00+00:00,2026-02-27 04:45:00+00:00,Things,book:ewsr,book:ewsr,reading,ewsr,0.5,0.5,True,explicit_reading_or_audiobook_duration,0.5,calendar_analysis_duration,,,0.0,,,,
calendar_analysis_row_036253_part_0,calendar_analysis_row_036253,2026-02-27,2026-02-27 07:30:00+00:00,2026-02-27 07:50:00+00:00,Things,read,read,generic,,0.3333333333333333,0.3333333333333333,False,generic_temporal_read_not_counted_by_default,0.3333333333333333,calendar_analysis_duration,,,0.0,night watch,finish_0195,2026-03-05,generic_temporal
calendar_analysis_row_036304_part_0,calendar_analysis_row_036304,2026-03-01,2026-03-01 15:00:00+00:00,2026-03-01 16:30:00+00:00,Things,Book:nw,Book:nw,reading,nw,1.5,1.5,True,explicit_reading_or_audiobook_duration,1.5,calendar_analysis_duration,,,0.0,night watch,finish_0195,2026-03-05,ref_to_finished_title
calendar_analysis_row_036321_part_0,calendar_analysis_row_036321,2026-03-02,2026-03-02 03:30:00+00:00,2026-03-02 04:45:00+00:00,Things,Book:nw,Book:nw,reading,nw,1.25,1.25,True,explicit_reading_or_audiobook_duration,1.25,calendar_analysis_duration,,,0.0,night watch,finish_0195,2026-03-05,ref_to_finished_title
calendar_analysis_row_036336_part_0,calendar_analysis_row_036336,2026-03-02,2026-03-02 18:30:00+00:00,2026-03-02 18:45:00+00:00,Things,read,read,generic,,0.25,0.25,False,generic_temporal_read_not_counted_by_default,0.25,calendar_analysis_duration,,,0.0,night watch,finish_0195,2026-03-05,generic_temporal
calendar_analysis_row_036377_part_0,calendar_analysis_row_036377,2026-03-04,2026-03-04 07:45:00+00:00,2026-03-04 08:00:00+00:00,Things,Read Kipling,Read Kipling,reading,Kipling,0.25,0.25,True,explicit_reading_or_audiobook_duration,0.25,calendar_analysis_duration,,,0.0,,,,
calendar_analysis_row_036397_part_0,calendar_analysis_row_036397,2026-03-05,2026-03-05 01:30:00+00:00,2026-03-05 02:00:00+00:00,Things,Book:nw,Book:nw,reading,nw,0.5,0.5,True,explicit_reading_or_audiobook_duration,0.5,calendar_analysis_duration,,,0.0,night watch,finish_0195,2026-03-05,ref_to_finished_title
calendar_analysis_row_036402_part_0,calendar_analysis_row_036402,2026-03-05,2026-03-05 04:15:00+00:00,2026-03-05 04:30:00+00:00,Things,Book:nw,Book:nw,reading,nw,0.25,0.25,True,explicit_reading_or_audiobook_duration,0.25,calendar_analysis_duration,,,0.0,night watch,finish_0195,2026-03-05,ref_to_finished_title
calendar_analysis_row_036403_part_0,calendar_analysis_row_036403,2026-03-05,2026-03-05 04:45:00+00:00,2026-03-05 06:15:00+00:00,Things,Book:nw,Book:nw,reading,nw,1.5,1.5,True,explicit_reading_or_audiobook_duration,1.5,calendar_analysis_duration,,,0.0,night watch,finish_0195,2026-03-05,ref_to_finished_title
calendar_analysis_row_036410_part_0,calendar_analysis_row_036410,2026-03-05,2026-03-05 15:37:30+00:00,2026-03-05 16:00:00+00:00,Things,finished book: night watch,finished book: night watch,finished,night watch,0.375,0.375,True,explicit_finished_book_duration,0.375,calendar_analysis_duration,,,0.0,night watch,finish_0195,2026-03-05,finished_event_identity
calendar_analysis_row_036435_part_0,calendar_analysis_row_036435,2026-03-06,2026-03-06 10:45:00+00:00,2026-03-06 11:00:00+00:00,Things,Book:wctpow,Book:wctpow,reading,wctpow,0.25,0.25,True,explicit_reading_or_audiobook_duration,0.25,calendar_analysis_duration,,,0.0,,,,
calendar_analysis_row_036474_part_0,calendar_analysis_row_036474,2026-03-08,2026-03-08 21:00:00+00:00,2026-03-08 21:30:00+00:00,Things,Book:Hyperion,Book:Hyperion,reading,Hyperion,0.5,0.5,True,explicit_reading_or_audiobook_duration,0.5,calendar_analysis_duration,,,0.0,[Hyperion 1] Dan Simmons - Hyperion-Saga 1_ Hyperion (1990) - libgen.li.pdf,finish_0196,2026-03-10,ref_to_finished_title
calendar_analysis_row_036477_part_0,calendar_analysis_row_036477,2026-03-09,2026-03-09 01:30:00+00:00,2026-03-09 02:00:00+00:00,Things,Book:h,Book:h,reading,h,0.5,0.5,True,explicit_reading_or_audiobook_duration,0.5,calendar_analysis_duration,,,0.0,[Hyperion 1] Dan Simmons - Hyperion-Saga 1_ Hyperion (1990) - libgen.li.pdf,finish_0196,2026-03-10,ref_to_finished_title
calendar_analysis_row_036480_part_0,calendar_analysis_row_036480,2026-03-09,2026-03-09 03:45:00+00:00,2026-03-09 06:00:00+00:00,Things,Book:h,Book:h,reading,h,2.25,2.25,True,explicit_reading_or_audiobook_duration,2.25,calendar_analysis_duration,,,0.0,[Hyperion 1] Dan Simmons - Hyperion-Saga 1_ Hyperion (1990) - libgen.li.pdf,finish_0196,2026-03-10,ref_to_finished_title
calendar_analysis_row_036486_part_0,calendar_analysis_row_036486,2026-03-09,2026-03-09 17:00:00+00:00,2026-03-09 18:00:00+00:00,Things,Book:h,Book:h,reading,h,1.0,1.0,True,explicit_reading_or_audiobook_duration,1.0,calendar_analysis_duration,,,0.0,[Hyperion 1] Dan Simmons - Hyperion-Saga 1_ Hyperion (1990) - libgen.li.pdf,finish_0196,2026-03-10,ref_to_finished_title
calendar_analysis_row_036487_part_0,calendar_analysis_row_036487,2026-03-09,2026-03-09 18:30:00+00:00,2026-03-09 19:15:00+00:00,Things,Book:h,Book:h,reading,h,0.75,0.75,True,explicit_reading_or_audiobook_duration,0.75,calendar_analysis_duration,,,0.0,[Hyperion 1] Dan Simmons - Hyperion-Saga 1_ Hyperion (1990) - libgen.li.pdf,finish_0196,2026-03-10,ref_to_finished_title
calendar_analysis_row_036494_part_0,calendar_analysis_row_036494,2026-03-09,2026-03-09 21:00:00+00:00,2026-03-09 22:45:00+00:00,Things,Book:h,Book:h,reading,h,1.75,1.75,True,explicit_reading_or_audiobook_duration,1.75,calendar_analysis_duration,,,0.0,[Hyperion 1] Dan Simmons - Hyperion-Saga 1_ Hyperion (1990) - libgen.li.pdf,finish_0196,2026-03-10,ref_to_finished_title
calendar_analysis_row_036496_part_0,calendar_analysis_row_036496,2026-03-09,2026-03-09 23:15:00+00:00,2026-03-09 23:30:00+00:00,Things,Book:h,Book:h,reading,h,0.25,0.25,True,explicit_reading_or_audiobook_duration,0.25,calendar_analysis_duration,,,0.0,[Hyperion 1] Dan Simmons - Hyperion-Saga 1_ Hyperion (1990) - libgen.li.pdf,finish_0196,2026-03-10,ref_to_finished_title
calendar_analysis_row_036499_part_0,calendar_analysis_row_036499,2026-03-10,2026-03-10 00:00:00+00:00,2026-03-10 00:15:00+00:00,Things,Book:h,Book:h,reading,h,0.25,0.25,True,explicit_reading_or_audiobook_duration,0.25,calendar_analysis_duration,,,0.0,[Hyperion 1] Dan Simmons - Hyperion-Saga 1_ Hyperion (1990) - libgen.li.pdf,finish_0196,2026-03-10,ref_to_finished_title
calendar_analysis_row_036500_part_0,calendar_analysis_row_036500,2026-03-10,2026-03-10 00:45:00+00:00,2026-03-10 02:30:00+00:00,Things,Finished book: Hyperion,Finished book: Hyperion,finished,Hyperion,1.75,1.75,True,explicit_finished_book_duration,1.75,calendar_analysis_duration,,,0.0,[Hyperion 1] Dan Simmons - Hyperion-Saga 1_ Hyperion (1990) - libgen.li.pdf,finish_0196,2026-03-10,finished_event_identity
calendar_analysis_row_036503_part_0,calendar_analysis_row_036503,2026-03-10,2026-03-10 04:00:00+00:00,2026-03-10 05:15:00+00:00,Things,book:foh,book:foh,reading,foh,1.25,1.25,True,explicit_reading_or_audiobook_duration,1.25,calendar_analysis_duration,,,0.0,fall of Hyperion,finish_0197,2026-03-11,ref_to_finished_title
calendar_analysis_row_036517_part_0,calendar_analysis_row_036517,2026-03-10,2026-03-10 20:15:00+00:00,2026-03-10 21:30:00+00:00,Things,Book:foh,Book:foh,reading,foh,1.25,1.25,True,explicit_reading_or_audiobook_duration,1.25,calendar_analysis_duration,,,0.0,fall of Hyperion,finish_0197,2026-03-11,ref_to_finished_title
calendar_analysis_row_036519_part_0,calendar_analysis_row_036519,2026-03-10,2026-03-10 23:30:00+00:00,2026-03-11 01:15:00+00:00,Things,Book:foh,Book:foh,reading,foh,1.75,1.75,True,explicit_reading_or_audiobook_duration,1.75,calendar_analysis_duration,,,0.0,fall of Hyperion,finish_0197,2026-03-11,ref_to_finished_title
calendar_analysis_row_036527_part_0,calendar_analysis_row_036527,2026-03-11,2026-03-11 04:00:00+00:00,2026-03-11 07:15:00+00:00,Things,Book:foh,Book:foh,reading,foh,3.25,3.25,True,explicit_reading_or_audiobook_duration,3.25,calendar_analysis_duration,,,0.0,fall of Hyperion,finish_0197,2026-03-11,ref_to_finished_title
calendar_analysis_row_036538_part_0,calendar_analysis_row_036538,2026-03-11,2026-03-11 19:00:00+00:00,2026-03-11 19:45:00+00:00,Things,Book:foh,Book:foh,reading,foh,0.75,0.75,True,explicit_reading_or_audiobook_duration,0.75,calendar_analysis_duration,,,0.0,fall of Hyperion,finish_0197,2026-03-11,ref_to_finished_title
calendar_analysis_row_036542_part_0,calendar_analysis_row_036542,2026-03-11,2026-03-11 21:15:00+00:00,2026-03-12 00:00:00+00:00,Things,Finished book: fall of Hyperion,Finished book: fall of Hyperion,finished,fall of Hyperion,2.625,2.75,True,explicit_finished_book_duration,2.75,full_duration_minor_overlap,Luke,Things,0.125,fall of Hyperion,finish_0197,2026-03-11,finished_event_identity
calendar_analysis_row_036570_part_0,calendar_analysis_row_036570,2026-03-13,2026-03-13 04:30:00+00:00,2026-03-13 05:00:00+00:00,Things,Read,Read,generic,,0.5,0.5,False,generic_temporal_read_not_counted_by_default,0.5,calendar_analysis_duration,,,0.0,thoughts and adventures,finish_0198,2026-03-27,generic_temporal
calendar_analysis_row_036603_part_0,calendar_analysis_row_036603,2026-03-14,2026-03-14 03:30:00+00:00,2026-03-14 04:15:00+00:00,Things,Read,Read,generic,,0.75,0.75,False,generic_temporal_read_not_counted_by_default,0.75,calendar_analysis_duration,,,0.0,thoughts and adventures,finish_0198,2026-03-27,generic_temporal
calendar_analysis_row_036708_part_0,calendar_analysis_row_036708,2026-03-18,2026-03-18 03:45:00+00:00,2026-03-18 04:07:30+00:00,Things,Book:ctpow,Book:ctpow,reading,ctpow,0.375,0.375,True,explicit_reading_or_audiobook_duration,0.375,calendar_analysis_duration,,,0.0,churchill the power of words,finish_0202,2026-05-07,ref_to_finished_title
calendar_analysis_row_036723_part_0,calendar_analysis_row_036723,2026-03-18,2026-03-18 17:45:00+00:00,2026-03-18 18:15:00+00:00,clark.benham@gmail.com,books read,books read,reading,read,0.5,0.5,True,explicit_reading_or_audiobook_duration,0.5,calendar_analysis_duration,,,0.0,thoughts and adventures,finish_0198,2026-03-27,generic_temporal
calendar_analysis_row_036728_part_0,calendar_analysis_row_036728,2026-03-18,2026-03-18 20:00:00+00:00,2026-03-18 22:00:00+00:00,clark.benham@gmail.com,books labeling,books labeling,reading,labeling,2.0,2.0,True,explicit_reading_or_audiobook_duration,2.0,calendar_analysis_duration,,,0.0,,,,
calendar_analysis_row_036731_part_0,calendar_analysis_row_036731,2026-03-18,2026-03-18 23:30:00+00:00,2026-03-18 23:45:00+00:00,clark.benham@gmail.com,books,books,generic,,0.25,0.25,False,generic_temporal_read_not_counted_by_default,0.25,calendar_analysis_duration,,,0.0,thoughts and adventures,finish_0198,2026-03-27,generic_temporal
calendar_analysis_row_036734_part_0,calendar_analysis_row_036734,2026-03-19,2026-03-19 01:00:00+00:00,2026-03-19 01:15:00+00:00,clark.benham@gmail.com,Books,Books,generic,,0.25,0.25,False,generic_temporal_read_not_counted_by_default,0.25,calendar_analysis_duration,,,0.0,thoughts and adventures,finish_0198,2026-03-27,generic_temporal
calendar_analysis_row_036739_part_0,calendar_analysis_row_036739,2026-03-19,2026-03-19 03:30:00+00:00,2026-03-19 03:45:00+00:00,clark.benham@gmail.com,books,books,generic,,0.25,0.25,False,generic_temporal_read_not_counted_by_default,0.25,calendar_analysis_duration,,,0.0,thoughts and adventures,finish_0198,2026-03-27,generic_temporal
calendar_analysis_row_036763_part_0,calendar_analysis_row_036763,2026-03-20,2026-03-20 04:30:00+00:00,2026-03-20 05:15:00+00:00,Things,Book:mel,Book:mel,reading,mel,0.75,0.75,True,explicit_reading_or_audiobook_duration,0.75,calendar_analysis_duration,,,0.0,my early life,finish_0199,2026-03-29,ref_to_finished_title
calendar_analysis_row_036791_part_0,calendar_analysis_row_036791,2026-03-20,2026-03-20 22:15:00+00:00,2026-03-21 00:00:00+00:00,Things,Read: Churchill,Read: Churchill,reading,Churchill,1.5,1.75,True,explicit_reading_or_audiobook_duration,1.75,full_duration_minor_overlap,Book sim,clark.benham@gmail.com,0.25,Churchill: Walking with Destiny,finish_0201,2026-04-24,ref_to_finished_title
calendar_analysis_row_036802_part_0,calendar_analysis_row_036802,2026-03-21,2026-03-21 14:30:00+00:00,2026-03-21 15:15:00+00:00,Things,Read Churchill,Read Churchill,reading,Churchill,0.75,0.75,True,explicit_reading_or_audiobook_duration,0.75,calendar_analysis_duration,,,0.0,Churchill: Walking with Destiny,finish_0201,2026-04-24,ref_to_finished_title
calendar_analysis_row_036829_part_0,calendar_analysis_row_036829,2026-03-22,2026-03-22 06:45:00+00:00,2026-03-22 07:45:00+00:00,Things,Read: Churchill,Read: Churchill,reading,Churchill,1.0,1.0,True,explicit_reading_or_audiobook_duration,1.0,calendar_analysis_duration,,,0.0,Churchill: Walking with Destiny,finish_0201,2026-04-24,ref_to_finished_title
calendar_analysis_row_036831_part_0,calendar_analysis_row_036831,2026-03-22,2026-03-22 14:00:00+00:00,2026-03-22 14:30:00+00:00,Things,read: churchill,read: churchill,reading,churchill,0.375,0.5,True,explicit_reading_or_audiobook_duration,0.5,full_duration_minor_overlap,breakfast,"Meals, Supplements, Sleep",0.125,Churchill: Walking with Destiny,finish_0201,2026-04-24,ref_to_finished_title
calendar_analysis_row_036851_part_0,calendar_analysis_row_036851,2026-03-23,2026-03-23 02:15:00+00:00,2026-03-23 03:45:00+00:00,Things,read churchill,read churchill,reading,churchill,1.375,1.5,True,explicit_reading_or_audiobook_duration,1.5,full_duration_minor_overlap,blogs,Waste Time,0.125,Churchill: Walking with Destiny,finish_0201,2026-04-24,ref_to_finished_title
calendar_analysis_row_036895_part_0,calendar_analysis_row_036895,2026-03-24,2026-03-24 07:15:00+00:00,2026-03-24 07:30:00+00:00,Things,book:ewsdsr ,book:ewsdsr,reading,ewsdsr,0.25,0.25,True,explicit_reading_or_audiobook_duration,0.25,calendar_analysis_duration,,,0.0,,,,
calendar_analysis_row_036957_part_0,calendar_analysis_row_036957,2026-03-26,2026-03-26 23:45:00+00:00,2026-03-27 00:15:00+00:00,Things,Read Churchill,Read Churchill,reading,Churchill,0.5,0.5,True,explicit_reading_or_audiobook_duration,0.5,calendar_analysis_duration,,,0.0,Churchill: Walking with Destiny,finish_0201,2026-04-24,ref_to_finished_title
calendar_analysis_row_036966_part_0,calendar_analysis_row_036966,2026-03-27,2026-03-27 05:30:00+00:00,2026-03-27 07:10:00+00:00,Things,finished book: thoughts and adventures,finished book: thoughts and adventures,finished,thoughts and adventures,1.6666666666666667,1.6666666666666667,True,explicit_finished_book_duration,1.6666666666666667,calendar_analysis_duration,,,0.0,thoughts and adventures,finish_0198,2026-03-27,finished_event_identity
calendar_analysis_row_037004_part_0,calendar_analysis_row_037004,2026-03-28,2026-03-28 23:45:00+00:00,2026-03-29 01:30:00+00:00,Things,book:mel,book:mel,reading,mel,1.5,1.75,True,explicit_reading_or_audiobook_duration,1.75,full_duration_minor_overlap,1 beer | 1 beer,Waste Time,0.25,my early life,finish_0199,2026-03-29,ref_to_finished_title
calendar_analysis_row_037013_part_0,calendar_analysis_row_037013,2026-03-29,2026-03-29 05:30:00+00:00,2026-03-29 07:00:00+00:00,Things,Book:mel,Book:mel,reading,mel,1.5,1.5,True,explicit_reading_or_audiobook_duration,1.5,calendar_analysis_duration,,,0.0,my early life,finish_0199,2026-03-29,ref_to_finished_title
calendar_analysis_row_037021_part_0,calendar_analysis_row_037021,2026-03-29,2026-03-29 18:15:00+00:00,2026-03-29 18:45:00+00:00,Things,book:mel,book:mel,reading,mel,0.5,0.5,True,explicit_reading_or_audiobook_duration,0.5,calendar_analysis_duration,,,0.0,my early life,finish_0199,2026-03-29,ref_to_finished_title
calendar_analysis_row_037024_part_0,calendar_analysis_row_037024,2026-03-29,2026-03-29 19:30:00+00:00,2026-03-29 20:45:00+00:00,Things,finished book: my early life,finished book: my early life,finished,my early life,1.25,1.25,True,explicit_finished_book_duration,1.25,calendar_analysis_duration,,,0.0,my early life,finish_0199,2026-03-29,finished_event_identity
calendar_analysis_row_037090_part_0,calendar_analysis_row_037090,2026-03-31,2026-03-31 17:00:00+00:00,2026-03-31 17:37:30+00:00,Things,read,read,generic,,0.5,0.625,False,generic_temporal_read_not_counted_by_default,0.5,calendar_analysis_duration,,,0.0,surely you’re joking Feynman,finish_0200,2026-04-19,generic_temporal
calendar_analysis_row_037093_part_0,calendar_analysis_row_037093,2026-03-31,2026-03-31 19:15:00+00:00,2026-03-31 19:30:00+00:00,Things,read,read,generic,,0.25,0.25,False,generic_temporal_read_not_counted_by_default,0.25,calendar_analysis_duration,,,0.0,surely you’re joking Feynman,finish_0200,2026-04-19,generic_temporal
calendar_analysis_row_037149_part_0,calendar_analysis_row_037149,2026-04-03,2026-04-03 00:15:00+00:00,2026-04-03 00:45:00+00:00,Things,Read Churchill,Read Churchill,reading,Churchill,0.5,0.5,True,explicit_reading_or_audiobook_duration,0.5,calendar_analysis_duration,,,0.0,Churchill: Walking with Destiny,finish_0201,2026-04-24,ref_to_finished_title
calendar_analysis_row_037162_part_0,calendar_analysis_row_037162,2026-04-03,2026-04-03 05:45:00+00:00,2026-04-03 06:15:00+00:00,Things,Read,Read,generic,,0.375,0.5,False,generic_temporal_read_not_counted_by_default,0.375,calendar_analysis_duration,,,0.0,surely you’re joking Feynman,finish_0200,2026-04-19,generic_temporal
calendar_analysis_row_037163_part_0,calendar_analysis_row_037163,2026-04-03,2026-04-03 06:15:00+00:00,2026-04-03 06:45:00+00:00,Things,book:cwwd,book:cwwd,reading,cwwd,0.5,0.5,True,explicit_reading_or_audiobook_duration,0.5,calendar_analysis_duration,,,0.0,Churchill: Walking with Destiny,finish_0201,2026-04-24,ref_to_finished_title
calendar_analysis_row_037173_part_0,calendar_analysis_row_037173,2026-04-03,2026-04-03 18:30:00+00:00,2026-04-03 18:52:30+00:00,Things,Read: Churchill,Read: Churchill,reading,Churchill,0.375,0.375,True,explicit_reading_or_audiobook_duration,0.375,calendar_analysis_duration,,,0.0,Churchill: Walking with Destiny,finish_0201,2026-04-24,ref_to_finished_title
calendar_analysis_row_037174_part_0,calendar_analysis_row_037174,2026-04-03,2026-04-03 18:52:30+00:00,2026-04-03 19:15:00+00:00,Things,book:cwwd,book:cwwd,reading,cwwd,0.375,0.375,True,explicit_reading_or_audiobook_duration,0.375,calendar_analysis_duration,,,0.0,Churchill: Walking with Destiny,finish_0201,2026-04-24,ref_to_finished_title
calendar_analysis_row_037179_part_0,calendar_analysis_row_037179,2026-04-03,2026-04-03 20:45:00+00:00,2026-04-03 21:00:00+00:00,Things,book:cwwd,book:cwwd,reading,cwwd,0.25,0.25,True,explicit_reading_or_audiobook_duration,0.25,calendar_analysis_duration,,,0.0,Churchill: Walking with Destiny,finish_0201,2026-04-24,ref_to_finished_title
calendar_analysis_row_037182_part_0,calendar_analysis_row_037182,2026-04-03,2026-04-03 21:45:00+00:00,2026-04-03 22:45:00+00:00,Things,book:cwwd,book:cwwd,reading,cwwd,1.0,1.0,True,explicit_reading_or_audiobook_duration,1.0,calendar_analysis_duration,,,0.0,Churchill: Walking with Destiny,finish_0201,2026-04-24,ref_to_finished_title
calendar_analysis_row_037196_part_0,calendar_analysis_row_037196,2026-04-04,2026-04-04 03:45:00+00:00,2026-04-04 05:00:00+00:00,Things,book:cwwd,book:cwwd,reading,cwwd,1.125,1.25,True,explicit_reading_or_audiobook_duration,1.25,full_duration_minor_overlap,Amelia,Things,0.125,Churchill: Walking with Destiny,finish_0201,2026-04-24,ref_to_finished_title
calendar_analysis_row_037201_part_0,calendar_analysis_row_037201,2026-04-04,2026-04-04 06:15:00+00:00,2026-04-04 07:15:00+00:00,Things,book:cwwd,book:cwwd,reading,cwwd,1.0,1.0,True,explicit_reading_or_audiobook_duration,1.0,calendar_analysis_duration,,,0.0,Churchill: Walking with Destiny,finish_0201,2026-04-24,ref_to_finished_title
calendar_analysis_row_037265_part_0,calendar_analysis_row_037265,2026-04-06,2026-04-06 20:15:00+00:00,2026-04-06 21:15:00+00:00,Things,audiobook: sam walton made in america,audiobook: sam walton made in america,audiobook,sam walton made in america,0.5,1.0,True,explicit_reading_or_audiobook_duration,1.0,full_duration_compatible_overlap,walk,Things,0.5,,,,
calendar_analysis_row_037280_part_0,calendar_analysis_row_037280,2026-04-07,2026-04-07 06:00:00+00:00,2026-04-07 07:00:00+00:00,Things,Book:cwwd,Book:cwwd,reading,cwwd,1.0,1.0,True,explicit_reading_or_audiobook_duration,1.0,calendar_analysis_duration,,,0.0,Churchill: Walking with Destiny,finish_0201,2026-04-24,ref_to_finished_title
calendar_analysis_row_037281_part_0,calendar_analysis_row_037281,2026-04-07,2026-04-07 07:00:00+00:00,2026-04-07 07:15:00+00:00,Things,book:cwwd,book:cwwd,reading,cwwd,0.25,0.25,True,explicit_reading_or_audiobook_duration,0.25,calendar_analysis_duration,,,0.0,Churchill: Walking with Destiny,finish_0201,2026-04-24,ref_to_finished_title
calendar_analysis_row_037288_part_0,calendar_analysis_row_037288,2026-04-07,2026-04-07 16:37:30+00:00,2026-04-07 17:00:00+00:00,clark.benham@gmail.com,book summaries,book summaries,reading,summaries,0.375,0.375,True,explicit_reading_or_audiobook_duration,0.375,calendar_analysis_duration,,,0.0,,,,
calendar_analysis_row_037289_part_0,calendar_analysis_row_037289,2026-04-07,2026-04-07 17:00:00+00:00,2026-04-07 19:00:00+00:00,Things,book:cwwd,book:cwwd,reading,cwwd,1.625,2.0,True,explicit_reading_or_audiobook_duration,1.625,calendar_analysis_duration_incompatible_overlap,book sim,clark.benham@gmail.com,0.0,Churchill: Walking with Destiny,finish_0201,2026-04-24,ref_to_finished_title
calendar_analysis_row_037295_part_0,calendar_analysis_row_037295,2026-04-07,2026-04-07 21:00:00+00:00,2026-04-08 01:45:00+00:00,Things,book:cwwd,book:cwwd,reading,cwwd,3.5833333333333335,4.75,True,explicit_reading_or_audiobook_duration,3.5833333333333335,calendar_analysis_duration_incompatible_overlap,book sim | 1 beer | Food | book sim,"Meals, Supplements, Sleep | Waste Time | clark.benham@gmail.com",0.0,Churchill: Walking with Destiny,finish_0201,2026-04-24,ref_to_finished_title
calendar_analysis_row_037304_part_0,calendar_analysis_row_037304,2026-04-08,2026-04-08 03:30:00+00:00,2026-04-08 06:30:00+00:00,Things,Book:cwwd,Book:cwwd,reading,cwwd,2.875,3.0,True,explicit_reading_or_audiobook_duration,3.0,full_duration_minor_overlap,2 beer,Waste Time,0.125,Churchill: Walking with Destiny,finish_0201,2026-04-24,ref_to_finished_title
calendar_analysis_row_037324_part_0,calendar_analysis_row_037324,2026-04-09,2026-04-09 00:30:00+00:00,2026-04-09 02:15:00+00:00,Things,Audiobook: syjf,Audiobook: syjf,audiobook,syjf,0.875,1.75,True,explicit_reading_or_audiobook_duration,1.75,full_duration_compatible_overlap,Walk,Things,0.875,surely you’re joking Feynman,finish_0200,2026-04-19,ref_to_finished_title
calendar_analysis_row_037336_part_0,calendar_analysis_row_037336,2026-04-09,2026-04-09 06:00:00+00:00,2026-04-09 07:45:00+00:00,Things,book:cwwd,book:cwwd,reading,cwwd,1.75,1.75,True,explicit_reading_or_audiobook_duration,1.75,calendar_analysis_duration,,,0.0,Churchill: Walking with Destiny,finish_0201,2026-04-24,ref_to_finished_title
calendar_analysis_row_037343_part_0,calendar_analysis_row_037343,2026-04-09,2026-04-09 19:00:00+00:00,2026-04-09 20:30:00+00:00,Things,book:cwwd,book:cwwd,reading,cwwd,1.25,1.5,True,explicit_reading_or_audiobook_duration,1.5,full_duration_minor_overlap,history qs,Things,0.25,Churchill: Walking with Destiny,finish_0201,2026-04-24,ref_to_finished_title
calendar_analysis_row_037344_part_0,calendar_analysis_row_037344,2026-04-09,2026-04-09 20:45:00+00:00,2026-04-09 21:15:00+00:00,Waste Time,Read quotes,Read quotes,reading,quotes,0.5,0.5,True,explicit_reading_or_audiobook_duration,0.5,calendar_analysis_duration,,,0.0,,,,
calendar_analysis_row_037347_part_0,calendar_analysis_row_037347,2026-04-09,2026-04-09 22:00:00+00:00,2026-04-09 22:30:00+00:00,Things,book:cwwd,book:cwwd,reading,cwwd,0.5,0.5,True,explicit_reading_or_audiobook_duration,0.5,calendar_analysis_duration,,,0.0,Churchill: Walking with Destiny,finish_0201,2026-04-24,ref_to_finished_title
calendar_analysis_row_037351_part_0,calendar_analysis_row_037351,2026-04-09,2026-04-09 23:30:00+00:00,2026-04-10 01:30:00+00:00,Things,book:cwwd,book:cwwd,reading,cwwd,1.625,2.0,True,explicit_reading_or_audiobook_duration,1.625,calendar_analysis_duration_incompatible_overlap,history qs,Things,0.0,Churchill: Walking with Destiny,finish_0201,2026-04-24,ref_to_finished_title
calendar_analysis_row_037356_part_0,calendar_analysis_row_037356,2026-04-10,2026-04-10 03:15:00+00:00,2026-04-10 07:15:00+00:00,Things,Book:cwwd,Book:cwwd,reading,cwwd,3.125,4.0,True,explicit_reading_or_audiobook_duration,3.125,calendar_analysis_duration_incompatible_overlap,Ai history,Things,0.0,Churchill: Walking with Destiny,finish_0201,2026-04-24,ref_to_finished_title
calendar_analysis_row_037407_part_0,calendar_analysis_row_037407,2026-04-12,2026-04-12 03:15:00+00:00,2026-04-12 05:00:00+00:00,Things,Book:cwwd,Book:cwwd,reading,cwwd,1.75,1.75,True,explicit_reading_or_audiobook_duration,1.75,calendar_analysis_duration,,,0.0,Churchill: Walking with Destiny,finish_0201,2026-04-24,ref_to_finished_title
calendar_analysis_row_037421_part_0,calendar_analysis_row_037421,2026-04-12,2026-04-12 17:30:00+00:00,2026-04-12 18:15:00+00:00,Things,Audiobook: syjf,Audiobook: syjf,audiobook,syjf,0.375,0.75,True,explicit_reading_or_audiobook_duration,0.75,full_duration_compatible_overlap,gym | Walk,"Meals, Supplements, Sleep | Things",0.375,surely you’re joking Feynman,finish_0200,2026-04-19,ref_to_finished_title
calendar_analysis_row_037462_part_0,calendar_analysis_row_037462,2026-04-13,2026-04-13 19:45:00+00:00,2026-04-13 20:45:00+00:00,clark.benham@gmail.com,book summary pipeline,book summary pipeline,reading,summary pipeline,1.0,1.0,True,explicit_reading_or_audiobook_duration,1.0,calendar_analysis_duration,,,0.0,,,,
calendar_analysis_row_037496_part_0,calendar_analysis_row_037496,2026-04-15,2026-04-15 07:00:00+00:00,2026-04-15 07:15:00+00:00,Things,Book:cwwd,Book:cwwd,reading,cwwd,0.125,0.25,True,explicit_reading_or_audiobook_duration,0.25,full_duration_minor_overlap,anki,clark.benham@gmail.com,0.125,Churchill: Walking with Destiny,finish_0201,2026-04-24,ref_to_finished_title
calendar_analysis_row_037597_part_0,calendar_analysis_row_037597,2026-04-19,2026-04-19 00:45:00+00:00,2026-04-19 01:45:00+00:00,Things,Finished audiobook: surely you’re joking Feynman,Finished audiobook: surely you’re joking Feynman,finished,surely you’re joking Feynman,0.5,1.0,True,explicit_finished_book_duration,1.0,full_duration_compatible_overlap,Walk,Things,0.5,surely you’re joking Feynman,finish_0200,2026-04-19,finished_event_identity
calendar_analysis_row_037599_part_0,calendar_analysis_row_037599,2026-04-19,2026-04-19 01:45:00+00:00,2026-04-19 02:15:00+00:00,Things,Started audiobook: out of the crisis,Started audiobook: out of the crisis,started,out of the crisis,0.25,0.5,True,explicit_started_book_duration,0.5,full_duration_minor_overlap,Walk,Things,0.25,,,,
calendar_analysis_row_037616_part_0,calendar_analysis_row_037616,2026-04-20,2026-04-20 03:00:00+00:00,2026-04-20 04:00:00+00:00,Things,book:cwwd,book:cwwd,reading,cwwd,1.0,1.0,True,explicit_reading_or_audiobook_duration,1.0,calendar_analysis_duration,,,0.0,Churchill: Walking with Destiny,finish_0201,2026-04-24,ref_to_finished_title
calendar_analysis_row_037622_part_0,calendar_analysis_row_037622,2026-04-20,2026-04-20 12:15:00+00:00,2026-04-20 13:00:00+00:00,Things,Book:cwwd,Book:cwwd,reading,cwwd,0.75,0.75,True,explicit_reading_or_audiobook_duration,0.75,calendar_analysis_duration,,,0.0,Churchill: Walking with Destiny,finish_0201,2026-04-24,ref_to_finished_title
calendar_analysis_row_037625_part_0,calendar_analysis_row_037625,2026-04-20,2026-04-20 16:15:00+00:00,2026-04-20 18:15:00+00:00,Things,Book:cwwd,Book:cwwd,reading,cwwd,2.0,2.0,True,explicit_reading_or_audiobook_duration,2.0,calendar_analysis_duration,,,0.0,Churchill: Walking with Destiny,finish_0201,2026-04-24,ref_to_finished_title
calendar_analysis_row_037628_part_0,calendar_analysis_row_037628,2026-04-20,2026-04-20 19:00:00+00:00,2026-04-20 21:45:00+00:00,Things,Book:cwwd,Book:cwwd,reading,cwwd,2.375,2.75,True,explicit_reading_or_audiobook_duration,2.375,calendar_analysis_duration_incompatible_overlap,lunch | snack,"Meals, Supplements, Sleep",0.0,Churchill: Walking with Destiny,finish_0201,2026-04-24,ref_to_finished_title
calendar_analysis_row_037631_part_0,calendar_analysis_row_037631,2026-04-20,2026-04-20 22:00:00+00:00,2026-04-20 23:00:00+00:00,Things,Book:cwwd,Book:cwwd,reading,cwwd,0.75,1.0,True,explicit_reading_or_audiobook_duration,1.0,full_duration_minor_overlap,Jack | Nap,"Meals, Supplements, Sleep | Waste Time",0.25,Churchill: Walking with Destiny,finish_0201,2026-04-24,ref_to_finished_title
calendar_analysis_row_037643_part_0,calendar_analysis_row_037643,2026-04-21,2026-04-21 06:15:00+00:00,2026-04-21 07:00:00+00:00,Things,Book:cwwd,Book:cwwd,reading,cwwd,0.75,0.75,True,explicit_reading_or_audiobook_duration,0.75,calendar_analysis_duration,,,0.0,Churchill: Walking with Destiny,finish_0201,2026-04-24,ref_to_finished_title
calendar_analysis_row_037647_part_0,calendar_analysis_row_037647,2026-04-21,2026-04-21 10:30:00+00:00,2026-04-21 12:00:00+00:00,Things,Book:cwwd,Book:cwwd,reading,cwwd,0.75,1.5,True,explicit_reading_or_audiobook_duration,0.75,calendar_analysis_duration_incompatible_overlap,sleep,"Meals, Supplements, Sleep",0.0,Churchill: Walking with Destiny,finish_0201,2026-04-24,ref_to_finished_title
calendar_analysis_row_037684_part_0,calendar_analysis_row_037684,2026-04-22,2026-04-22 05:30:00+00:00,2026-04-22 06:30:00+00:00,Things,book:cwwd,book:cwwd,reading,cwwd,0.75,1.0,True,explicit_reading_or_audiobook_duration,1.0,full_duration_minor_overlap,ai history,Things,0.25,Churchill: Walking with Destiny,finish_0201,2026-04-24,ref_to_finished_title
calendar_analysis_row_037703_part_0,calendar_analysis_row_037703,2026-04-23,2026-04-23 00:15:00+00:00,2026-04-23 01:00:00+00:00,Things,audiobook: ootc ,audiobook: ootc,audiobook,ootc,0.375,0.75,True,explicit_reading_or_audiobook_duration,0.75,full_duration_compatible_overlap,walk,Things,0.375,,,,
calendar_analysis_row_037719_part_0,calendar_analysis_row_037719,2026-04-24,2026-04-24 01:00:00+00:00,2026-04-24 05:00:00+00:00,Things,Book:cwwd,Book:cwwd,reading,cwwd,3.625,4.0,True,explicit_reading_or_audiobook_duration,3.625,calendar_analysis_duration_incompatible_overlap,Amelia | Dinner,"Meals, Supplements, Sleep | Things",0.0,Churchill: Walking with Destiny,finish_0201,2026-04-24,ref_to_finished_title
calendar_analysis_row_037724_part_0,calendar_analysis_row_037724,2026-04-24,2026-04-24 06:00:00+00:00,2026-04-24 06:45:00+00:00,Things,Finished Book: Churchill walking with destiny,Finished Book: Churchill walking with destiny,finished,Churchill walking with destiny,0.75,0.75,True,explicit_finished_book_duration,0.75,calendar_analysis_duration,,,0.0,Churchill: Walking with Destiny,finish_0201,2026-04-24,finished_event_identity
calendar_analysis_row_037762_part_0,calendar_analysis_row_037762,2026-04-25,2026-04-25 21:15:00+00:00,2026-04-25 21:30:00+00:00,Things,Read,Read,generic,,0.25,0.25,False,generic_temporal_read_not_counted_by_default,0.25,calendar_analysis_duration,,,0.0,churchill the power of words,finish_0202,2026-05-07,generic_temporal
calendar_analysis_row_037772_part_0,calendar_analysis_row_037772,2026-04-26,2026-04-26 02:00:00+00:00,2026-04-26 03:00:00+00:00,Things,started audiobook: the nvidia way,started audiobook: the nvidia way,started,the nvidia way,0.5,1.0,True,explicit_started_book_duration,1.0,full_duration_compatible_overlap,walk,Things,0.5,the nvidia way,finish_0203,2026-05-13,ref_to_finished_title
calendar_analysis_row_037773_part_0,calendar_analysis_row_037773,2026-04-26,2026-04-26 03:00:00+00:00,2026-04-26 03:15:00+00:00,Things,read churchill,read churchill,reading,churchill,0.25,0.25,True,explicit_reading_or_audiobook_duration,0.25,calendar_analysis_duration,,,0.0,Churchill: Walking with Destiny,finish_0201,2026-04-24,ref_to_finished_title
calendar_analysis_row_037774_part_0,calendar_analysis_row_037774,2026-04-26,2026-04-26 03:15:00+00:00,2026-04-26 03:30:00+00:00,Things,read,read,generic,,0.125,0.25,False,generic_temporal_read_not_counted_by_default,0.125,calendar_analysis_duration,,,0.0,churchill the power of words,finish_0202,2026-05-07,generic_temporal
calendar_analysis_row_037855_part_0,calendar_analysis_row_037855,2026-04-28,2026-04-28 04:00:00+00:00,2026-04-28 04:30:00+00:00,Things,started book: managing the professional service firm,started book: managing the professional service firm,started,managing the professional service firm,0.5,0.5,True,explicit_started_book_duration,0.5,calendar_analysis_duration,,,0.0,managing the professional services firm,finish_0204,2026-05-14,ref_to_finished_title
calendar_analysis_row_037899_part_0,calendar_analysis_row_037899,2026-04-29,2026-04-29 08:15:00+00:00,2026-04-29 08:45:00+00:00,Things,Book:mtpsf ,Book:mtpsf,reading,mtpsf,0.5,0.5,True,explicit_reading_or_audiobook_duration,0.5,calendar_analysis_duration,,,0.0,managing the professional services firm,finish_0204,2026-05-14,ref_to_finished_title
calendar_analysis_row_037936_part_0,calendar_analysis_row_037936,2026-04-30,2026-04-30 05:00:00+00:00,2026-04-30 05:30:00+00:00,Things,book:mtpsf,book:mtpsf,reading,mtpsf,0.5,0.5,True,explicit_reading_or_audiobook_duration,0.5,calendar_analysis_duration,,,0.0,managing the professional services firm,finish_0204,2026-05-14,ref_to_finished_title
calendar_analysis_row_037939_part_0,calendar_analysis_row_037939,2026-04-30,2026-04-30 06:30:00+00:00,2026-04-30 07:00:00+00:00,Things,book:mtpsf,book:mtpsf,reading,mtpsf,0.5,0.5,True,explicit_reading_or_audiobook_duration,0.5,calendar_analysis_duration,,,0.0,managing the professional services firm,finish_0204,2026-05-14,ref_to_finished_title
calendar_analysis_row_037988_part_0,calendar_analysis_row_037988,2026-05-01,2026-05-01 20:45:00+00:00,2026-05-01 21:00:00+00:00,Things,Book:mtpsf,Book:mtpsf,reading,mtpsf,0.25,0.25,True,explicit_reading_or_audiobook_duration,0.25,calendar_analysis_duration,,,0.0,managing the professional services firm,finish_0204,2026-05-14,ref_to_finished_title
calendar_analysis_row_038035_part_0,calendar_analysis_row_038035,2026-05-03,2026-05-03 09:15:00+00:00,2026-05-03 10:15:00+00:00,Things,book:mtpsf,book:mtpsf,reading,mtpsf,1.0,1.0,True,explicit_reading_or_audiobook_duration,1.0,calendar_analysis_duration,,,0.0,managing the professional services firm,finish_0204,2026-05-14,ref_to_finished_title
calendar_analysis_row_038066_part_0,calendar_analysis_row_038066,2026-05-04,2026-05-04 09:15:00+00:00,2026-05-04 09:45:00+00:00,Things,Book:mtpsf,Book:mtpsf,reading,mtpsf,0.375,0.5,True,explicit_reading_or_audiobook_duration,0.5,full_duration_minor_overlap,Interview prep,clark.benham@gmail.com,0.125,managing the professional services firm,finish_0204,2026-05-14,ref_to_finished_title
calendar_analysis_row_038096_part_0,calendar_analysis_row_038096,2026-05-05,2026-05-05 07:45:00+00:00,2026-05-05 08:00:00+00:00,Things,Book:mtpsf,Book:mtpsf,reading,mtpsf,0.25,0.25,True,explicit_reading_or_audiobook_duration,0.25,calendar_analysis_duration,,,0.0,managing the professional services firm,finish_0204,2026-05-14,ref_to_finished_title
calendar_analysis_row_038124_part_0,calendar_analysis_row_038124,2026-05-06,2026-05-06 01:45:00+00:00,2026-05-06 02:15:00+00:00,Things,Audiobook: tnw,Audiobook: tnw,audiobook,tnw,0.25,0.5,True,explicit_reading_or_audiobook_duration,0.5,full_duration_minor_overlap,Walk,Things,0.25,the nvidia way,finish_0203,2026-05-13,ref_to_finished_title
calendar_analysis_row_038155_part_0,calendar_analysis_row_038155,2026-05-06,2026-05-06 23:45:00+00:00,2026-05-07 01:00:00+00:00,Things,Audiobook: tnw,Audiobook: tnw,audiobook,tnw,0.625,1.25,True,explicit_reading_or_audiobook_duration,1.25,full_duration_compatible_overlap,Walk,Things,0.625,the nvidia way,finish_0203,2026-05-13,ref_to_finished_title
calendar_analysis_row_038161_part_0,calendar_analysis_row_038161,2026-05-07,2026-05-07 02:45:00+00:00,2026-05-07 03:15:00+00:00,Things,finished book: churchill the power of words,finished book: churchill the power of words,finished,churchill the power of words,0.5,0.5,True,explicit_finished_book_duration,0.5,calendar_analysis_duration,,,0.0,churchill the power of words,finish_0202,2026-05-07,finished_event_identity
calendar_analysis_row_038164_part_0,calendar_analysis_row_038164,2026-05-07,2026-05-07 03:45:00+00:00,2026-05-07 04:15:00+00:00,Things,book:gs,book:gs,reading,gs,0.5,0.5,True,explicit_reading_or_audiobook_duration,0.5,calendar_analysis_duration,,,0.0,,,,
calendar_analysis_row_038203_part_0,calendar_analysis_row_038203,2026-05-08,2026-05-08 08:00:00+00:00,2026-05-08 08:30:00+00:00,Things,Book:mtpsf,Book:mtpsf,reading,mtpsf,0.5,0.5,True,explicit_reading_or_audiobook_duration,0.5,calendar_analysis_duration,,,0.0,managing the professional services firm,finish_0204,2026-05-14,ref_to_finished_title
calendar_analysis_row_038218_part_0,calendar_analysis_row_038218,2026-05-08,2026-05-08 21:30:00+00:00,2026-05-08 21:45:00+00:00,Things,Book:mtpsf,Book:mtpsf,reading,mtpsf,0.25,0.25,True,explicit_reading_or_audiobook_duration,0.25,calendar_analysis_duration,,,0.0,managing the professional services firm,finish_0204,2026-05-14,ref_to_finished_title
calendar_analysis_row_038299_part_0,calendar_analysis_row_038299,2026-05-11,2026-05-11 23:45:00+00:00,2026-05-12 00:00:00+00:00,Things,Book:mtpsf,Book:mtpsf,reading,mtpsf,0.125,0.25,True,explicit_reading_or_audiobook_duration,0.25,full_duration_minor_overlap,Nap,"Meals, Supplements, Sleep",0.125,managing the professional services firm,finish_0204,2026-05-14,ref_to_finished_title
calendar_analysis_row_038305_part_0,calendar_analysis_row_038305,2026-05-12,2026-05-12 02:30:00+00:00,2026-05-12 02:45:00+00:00,Things,Audiobook: tnw,Audiobook: tnw,audiobook,tnw,0.25,0.25,True,explicit_reading_or_audiobook_duration,0.25,calendar_analysis_duration,,,0.0,the nvidia way,finish_0203,2026-05-13,ref_to_finished_title
calendar_analysis_row_038348_part_0,calendar_analysis_row_038348,2026-05-13,2026-05-13 00:30:00+00:00,2026-05-13 01:00:00+00:00,Things,Finished audiobook: the Nvidia way,Finished audiobook: the Nvidia way,finished,the Nvidia way,0.25,0.5,True,explicit_finished_book_duration,0.5,full_duration_minor_overlap,Walk,Things,0.25,the nvidia way,finish_0203,2026-05-13,finished_event_identity
calendar_analysis_row_038351_part_0,calendar_analysis_row_038351,2026-05-13,2026-05-13 01:15:00+00:00,2026-05-13 02:00:00+00:00,Things,Started Audiobook: Iacocca an autobiography,Started Audiobook: Iacocca an autobiography,started,Iacocca an autobiography,0.375,0.75,True,explicit_started_book_duration,0.375,calendar_analysis_duration_incompatible_overlap,Cook,Things,0.0,,,,
calendar_analysis_row_038359_part_0,calendar_analysis_row_038359,2026-05-13,2026-05-13 05:30:00+00:00,2026-05-13 07:00:00+00:00,Things,Book:mtpsf,Book:mtpsf,reading,mtpsf,1.375,1.5,True,explicit_reading_or_audiobook_duration,1.5,full_duration_minor_overlap,Food,"Meals, Supplements, Sleep",0.125,managing the professional services firm,finish_0204,2026-05-14,ref_to_finished_title
calendar_analysis_row_038377_part_0,calendar_analysis_row_038377,2026-05-13,2026-05-13 20:45:00+00:00,2026-05-13 21:00:00+00:00,Things,Book:mtpsf,Book:mtpsf,reading,mtpsf,0.25,0.25,True,explicit_reading_or_audiobook_duration,0.25,calendar_analysis_duration,,,0.0,managing the professional services firm,finish_0204,2026-05-14,ref_to_finished_title
calendar_analysis_row_038387_part_0,calendar_analysis_row_038387,2026-05-14,2026-05-14 01:00:00+00:00,2026-05-14 01:15:00+00:00,Things,Audiobook: iaa,Audiobook: iaa,audiobook,iaa,0.125,0.25,True,explicit_reading_or_audiobook_duration,0.25,full_duration_minor_overlap,Walk,Things,0.125,,,,
calendar_analysis_row_038389_part_0,calendar_analysis_row_038389,2026-05-14,2026-05-14 01:30:00+00:00,2026-05-14 02:30:00+00:00,Things,Audiobook: iaa,Audiobook: iaa,audiobook,iaa,0.5,1.0,True,explicit_reading_or_audiobook_duration,1.0,full_duration_compatible_overlap,Walk,Things,0.5,,,,
calendar_analysis_row_038403_part_0,calendar_analysis_row_038403,2026-05-14,2026-05-14 08:15:00+00:00,2026-05-14 08:30:00+00:00,Things,Finished book: managing the professional services firm,Finished book: managing the professional services firm,finished,managing the professional services firm,0.25,0.25,True,explicit_finished_book_duration,0.25,calendar_analysis_duration,,,0.0,managing the professional services firm,finish_0204,2026-05-14,finished_event_identity
