event_id,source_row_id,date,start,end,calendar_name,summary,part_summary,event_type,book_ref,calendar_analysis_duration_hours,wall_clock_duration_hours,include_in_first_pass_time,inclusion_rule,overlap_policy_duration_hours,overlap_policy_rule,overlap_other_events,overlap_other_calendars,overlap_restored_hours,title,finish_id,matched_finish_date,match_method
calendar_analysis_row_000473_part_0,calendar_analysis_row_000473,2021-06-20,2021-06-20 08:45:00+00:00,2021-06-20 09:15:00+00:00,Things,read: Chekhov,read: Chekhov,reading,Chekhov,0.5,0.5,True,explicit_reading_or_audiobook_duration,0.5,calendar_analysis_duration,,,0.0,,,,
calendar_analysis_row_000479_part_0,calendar_analysis_row_000479,2021-06-20,2021-06-20 19:30:00+00:00,2021-06-20 20:30:00+00:00,Things,read: chekhov,read: chekhov,reading,chekhov,1.0,1.0,True,explicit_reading_or_audiobook_duration,1.0,calendar_analysis_duration,,,0.0,,,,
calendar_analysis_row_000510_part_0,calendar_analysis_row_000510,2021-06-22,2021-06-22 08:00:00+00:00,2021-06-22 08:15:00+00:00,Things,read: Chekhov,read: Chekhov,reading,Chekhov,0.25,0.25,True,explicit_reading_or_audiobook_duration,0.25,calendar_analysis_duration,,,0.0,,,,
calendar_analysis_row_000526_part_0,calendar_analysis_row_000526,2021-06-23,2021-06-23 08:15:00+00:00,2021-06-23 08:30:00+00:00,Things,read: Chekhov,read: Chekhov,reading,Chekhov,0.25,0.25,True,explicit_reading_or_audiobook_duration,0.25,calendar_analysis_duration,,,0.0,,,,
calendar_analysis_row_000539_part_0,calendar_analysis_row_000539,2021-06-24,2021-06-24 05:30:00+00:00,2021-06-24 05:45:00+00:00,Things,read: Chekhov,read: Chekhov,reading,Chekhov,0.25,0.25,True,explicit_reading_or_audiobook_duration,0.25,calendar_analysis_duration,,,0.0,,,,
calendar_analysis_row_000558_part_0,calendar_analysis_row_000558,2021-06-25,2021-06-25 07:45:00+00:00,2021-06-25 08:15:00+00:00,Things,read: Chekhov,read: Chekhov,reading,Chekhov,0.375,0.5,True,explicit_reading_or_audiobook_duration,0.5,full_duration_minor_overlap,blog,Things,0.125,,,,
calendar_analysis_row_000607_part_0,calendar_analysis_row_000607,2021-06-28,2021-06-28 06:00:00+00:00,2021-06-28 06:30:00+00:00,Things,read: Chekov,read: Chekov,reading,Chekov,0.5,0.5,True,explicit_reading_or_audiobook_duration,0.5,calendar_analysis_duration,,,0.0,,,,
calendar_analysis_row_000617_part_0,calendar_analysis_row_000617,2021-06-29,2021-06-29 04:15:00+00:00,2021-06-29 05:00:00+00:00,Things,read: Chekhov,read: Chekhov,reading,Chekhov,0.3333333333333333,0.75,True,explicit_reading_or_audiobook_duration,0.3333333333333333,calendar_analysis_duration_incompatible_overlap,Job: Hive | dinner (fake; use takeout data from 7 | 13),"Meals, Supplements, Sleep | clark.benham@gmail.com",0.0,,,,
calendar_analysis_row_000620_part_0,calendar_analysis_row_000620,2021-06-29,2021-06-29 05:15:00+00:00,2021-06-29 05:45:00+00:00,Things,read: Chekhov,read: Chekhov,reading,Chekhov,0.25,0.5,True,explicit_reading_or_audiobook_duration,0.5,full_duration_minor_overlap,Job: Hive,clark.benham@gmail.com,0.25,,,,
calendar_analysis_row_000713_part_0,calendar_analysis_row_000713,2021-07-05,2021-07-05 01:45:00+00:00,2021-07-05 02:15:00+00:00,Things,read: Chekhov,read: Chekhov,reading,Chekhov,0.5,0.5,True,explicit_reading_or_audiobook_duration,0.5,calendar_analysis_duration,,,0.0,,,,
calendar_analysis_row_000735_part_0,calendar_analysis_row_000735,2021-07-05,2021-07-05 21:15:00+00:00,2021-07-05 22:00:00+00:00,Things,read: Chekhov,read: Chekhov,reading,Chekhov,0.75,0.75,True,explicit_reading_or_audiobook_duration,0.75,calendar_analysis_duration,,,0.0,,,,
calendar_analysis_row_000798_part_0,calendar_analysis_row_000798,2021-07-09,2021-07-09 09:15:00+00:00,2021-07-09 10:00:00+00:00,Things,read: Chekhov,read: Chekhov,reading,Chekhov,0.75,0.75,True,explicit_reading_or_audiobook_duration,0.75,calendar_analysis_duration,,,0.0,,,,
calendar_analysis_row_001588_part_0,calendar_analysis_row_001588,2021-09-05,2021-09-05 04:15:00+00:00,2021-09-05 05:30:00+00:00,Things,read: Trading at the speed of light,read: Trading at the speed of light,reading,Trading at the speed of light,1.25,1.25,True,explicit_reading_or_audiobook_duration,1.25,calendar_analysis_duration,,,0.0,,,,
calendar_analysis_row_001610_part_0,calendar_analysis_row_001610,2021-09-06,2021-09-06 09:30:00+00:00,2021-09-06 10:15:00+00:00,Things,read: Trading At the speed of Light,read: Trading At the speed of Light,reading,Trading At the speed of Light,0.75,0.75,True,explicit_reading_or_audiobook_duration,0.75,calendar_analysis_duration,,,0.0,,,,
calendar_analysis_row_002385_part_0,calendar_analysis_row_002385,2021-11-07,2021-11-07 08:30:00+00:00,2021-11-07 12:00:00+00:00,Things,book:sk,book:sk,reading,sk,3.5,3.5,True,explicit_reading_or_audiobook_duration,3.5,calendar_analysis_duration,,,0.0,,,,
calendar_analysis_row_002461_part_0,calendar_analysis_row_002461,2021-11-12,2021-11-12 09:30:00+00:00,2021-11-12 10:00:00+00:00,clark.benham@gmail.com,Book:DSWM,Book:DSWM,reading,DSWM,0.5,0.5,True,explicit_reading_or_audiobook_duration,0.5,calendar_analysis_duration,,,0.0,,,,
calendar_analysis_row_002903_part_0,calendar_analysis_row_002903,2021-12-14,2021-12-14 06:00:00+00:00,2021-12-14 06:45:00+00:00,Things,read: Probability Theory the Logic of Science,read: Probability Theory the Logic of Science,reading,Probability Theory the Logic of Science,0.75,0.75,True,explicit_reading_or_audiobook_duration,0.75,calendar_analysis_duration,,,0.0,,,,
calendar_analysis_row_003028_part_0,calendar_analysis_row_003028,2021-12-22,2021-12-22 08:30:00+00:00,2021-12-22 09:00:00+00:00,Things,Book:Pbtl,Book:Pbtl,reading,Pbtl,0.5,0.5,True,explicit_reading_or_audiobook_duration,0.5,calendar_analysis_duration,,,0.0,,,,
calendar_analysis_row_003259_part_0,calendar_analysis_row_003259,2022-01-01,2022-01-01 08:30:00+00:00,2022-01-01 09:00:00+00:00,Things,Book:node,Book:node,reading,node,0.5,0.5,True,explicit_reading_or_audiobook_duration,0.5,calendar_analysis_duration,,,0.0,,,,
calendar_analysis_row_003261_part_0,calendar_analysis_row_003261,2022-01-01,2022-01-01 09:30:00+00:00,2022-01-01 10:00:00+00:00,Things,Book:node,Book:node,reading,node,0.5,0.5,True,explicit_reading_or_audiobook_duration,0.5,calendar_analysis_duration,,,0.0,,,,
calendar_analysis_row_003284_part_0,calendar_analysis_row_003284,2022-01-02,2022-01-02 05:00:00+00:00,2022-01-02 05:30:00+00:00,Things,book:dswn,book:dswn,reading,dswn,0.5,0.5,True,explicit_reading_or_audiobook_duration,0.5,calendar_analysis_duration,,,0.0,,,,
calendar_analysis_row_003310_part_0,calendar_analysis_row_003310,2022-01-03,2022-01-03 15:45:00+00:00,2022-01-03 16:55:00+00:00,Things,book:se,book:se,reading,se,1.1666666666666667,1.1666666666666667,True,explicit_reading_or_audiobook_duration,1.1666666666666667,calendar_analysis_duration,,,0.0,,,,
calendar_analysis_row_003319_part_0,calendar_analysis_row_003319,2022-01-04,2022-01-04 03:00:00+00:00,2022-01-04 04:00:00+00:00,Things,Book:dswn,Book:dswn,reading,dswn,1.0,1.0,True,explicit_reading_or_audiobook_duration,1.0,calendar_analysis_duration,,,0.0,,,,
calendar_analysis_row_003323_part_0,calendar_analysis_row_003323,2022-01-04,2022-01-04 13:00:00+00:00,2022-01-04 13:45:00+00:00,Things,Book:dswn,Book:dswn,reading,dswn,0.75,0.75,True,explicit_reading_or_audiobook_duration,0.75,calendar_analysis_duration,,,0.0,,,,
calendar_analysis_row_003325_part_0,calendar_analysis_row_003325,2022-01-04,2022-01-04 14:00:00+00:00,2022-01-04 15:00:00+00:00,Things,Book:dswn,Book:dswn,reading,dswn,0.875,1.0,True,explicit_reading_or_audiobook_duration,1.0,full_duration_minor_overlap,Jack,Waste Time,0.125,,,,
calendar_analysis_row_003339_part_0,calendar_analysis_row_003339,2022-01-05,2022-01-05 02:45:00+00:00,2022-01-05 04:15:00+00:00,Things,Book:dswn,Book:dswn,reading,dswn,0.75,1.5,True,explicit_reading_or_audiobook_duration,0.75,calendar_analysis_duration_incompatible_overlap,airplane to SFO,Things,0.0,,,,
calendar_analysis_row_003420_part_0,calendar_analysis_row_003420,2022-01-11,2022-01-11 05:45:00+00:00,2022-01-11 06:00:00+00:00,Things,Book:tmi,Book:tmi,reading,tmi,0.25,0.25,True,explicit_reading_or_audiobook_duration,0.25,calendar_analysis_duration,,,0.0,,,,
calendar_analysis_row_003463_part_0,calendar_analysis_row_003463,2022-01-14,2022-01-14 07:15:00+00:00,2022-01-14 07:30:00+00:00,Things,Book:tmi,Book:tmi,reading,tmi,0.25,0.25,True,explicit_reading_or_audiobook_duration,0.25,calendar_analysis_duration,,,0.0,,,,
calendar_analysis_row_003812_part_0,calendar_analysis_row_003812,2022-02-05,2022-02-05 11:15:00+00:00,2022-02-05 11:45:00+00:00,Things,book:sdi,book:sdi,reading,sdi,0.5,0.5,True,explicit_reading_or_audiobook_duration,0.5,calendar_analysis_duration,,,0.0,,,,
calendar_analysis_row_003828_part_0,calendar_analysis_row_003828,2022-02-06,2022-02-06 09:30:00+00:00,2022-02-06 10:00:00+00:00,Things,book:sdi,book:sdi,reading,sdi,0.5,0.5,True,explicit_reading_or_audiobook_duration,0.5,calendar_analysis_duration,,,0.0,,,,
calendar_analysis_row_003883_part_0,calendar_analysis_row_003883,2022-02-09,2022-02-09 05:15:00+00:00,2022-02-09 05:45:00+00:00,Things,book:adop,book:adop,reading,adop,0.5,0.5,True,explicit_reading_or_audiobook_duration,0.5,calendar_analysis_duration,,,0.0,,,,
calendar_analysis_row_003891_part_0,calendar_analysis_row_003891,2022-02-09,2022-02-09 09:15:00+00:00,2022-02-09 09:45:00+00:00,clark.benham@gmail.com,CS book: SDI,CS book: SDI,reading,SDI,0.5,0.5,True,explicit_reading_or_audiobook_duration,0.5,calendar_analysis_duration,,,0.0,,,,
calendar_analysis_row_004325_part_0,calendar_analysis_row_004325,2022-03-06,2022-03-06 09:45:00+00:00,2022-03-06 11:15:00+00:00,Things,Book:SDI,Book:SDI,reading,SDI,1.5,1.5,True,explicit_reading_or_audiobook_duration,1.5,calendar_analysis_duration,,,0.0,,,,
calendar_analysis_row_004499_part_0,calendar_analysis_row_004499,2022-03-17,2022-03-17 08:15:00+00:00,2022-03-17 08:45:00+00:00,clark.benham@gmail.com,CS Book: SDI,CS Book: SDI,reading,SDI,0.5,0.5,True,explicit_reading_or_audiobook_duration,0.5,calendar_analysis_duration,,,0.0,,,,
calendar_analysis_row_004587_part_0,calendar_analysis_row_004587,2022-03-21,2022-03-21 09:30:00+00:00,2022-03-21 09:45:00+00:00,Things,book:sdi,book:sdi,reading,sdi,0.25,0.25,True,explicit_reading_or_audiobook_duration,0.25,calendar_analysis_duration,,,0.0,,,,
calendar_analysis_row_004628_part_0,calendar_analysis_row_004628,2022-03-24,2022-03-24 09:15:00+00:00,2022-03-24 09:45:00+00:00,clark.benham@gmail.com,CS book: Memory,CS book: Memory,reading,Memory,0.375,0.5,True,explicit_reading_or_audiobook_duration,0.5,full_duration_minor_overlap,sleep,"Meals, Supplements, Sleep",0.125,,,,
calendar_analysis_row_004701_part_0,calendar_analysis_row_004701,2022-03-28,2022-03-28 08:30:00+00:00,2022-03-28 09:00:00+00:00,Things,book:wwlc,book:wwlc,reading,wwlc,0.5,0.5,True,explicit_reading_or_audiobook_duration,0.5,calendar_analysis_duration,,,0.0,,,,
calendar_analysis_row_004727_part_0,calendar_analysis_row_004727,2022-03-30,2022-03-30 07:15:00+00:00,2022-03-30 08:00:00+00:00,Things,Book:asaj,Book:asaj,reading,asaj,0.75,0.75,True,explicit_reading_or_audiobook_duration,0.75,calendar_analysis_duration,,,0.0,,,,
calendar_analysis_row_004760_part_0,calendar_analysis_row_004760,2022-04-01,2022-04-01 11:00:00+00:00,2022-04-01 11:30:00+00:00,Things,book:Asaj,book:Asaj,reading,Asaj,0.5,0.5,True,explicit_reading_or_audiobook_duration,0.5,calendar_analysis_duration,,,0.0,,,,
calendar_analysis_row_004801_part_0,calendar_analysis_row_004801,2022-04-03,2022-04-03 11:15:00+00:00,2022-04-03 12:00:00+00:00,Things,book reorg,book reorg,reading,reorg,0.75,0.75,True,explicit_reading_or_audiobook_duration,0.75,calendar_analysis_duration,,,0.0,,,,
calendar_analysis_row_004811_part_0,calendar_analysis_row_004811,2022-04-03,2022-04-03 22:00:00+00:00,2022-04-03 22:30:00+00:00,Things,book reorg,book reorg,reading,reorg,0.5,0.5,True,explicit_reading_or_audiobook_duration,0.5,calendar_analysis_duration,,,0.0,,,,
calendar_analysis_row_004867_part_0,calendar_analysis_row_004867,2022-04-06,2022-04-06 08:00:00+00:00,2022-04-06 08:30:00+00:00,Things,book:sdff,book:sdff,reading,sdff,0.5,0.5,True,explicit_reading_or_audiobook_duration,0.5,calendar_analysis_duration,,,0.0,,,,
calendar_analysis_row_004969_part_0,calendar_analysis_row_004969,2022-04-12,2022-04-12 07:00:00+00:00,2022-04-12 07:15:00+00:00,Things,book:Refactoring,book:Refactoring,reading,Refactoring,0.25,0.25,True,explicit_reading_or_audiobook_duration,0.25,calendar_analysis_duration,,,0.0,,,,
calendar_analysis_row_005330_part_0,calendar_analysis_row_005330,2022-05-02,2022-05-02 07:15:00+00:00,2022-05-02 07:45:00+00:00,clark.benham@gmail.com,Book:memory,Book:memory,reading,memory,0.5,0.5,True,explicit_reading_or_audiobook_duration,0.5,calendar_analysis_duration,,,0.0,,,,
calendar_analysis_row_005430_part_0,calendar_analysis_row_005430,2022-05-08,2022-05-08 06:00:00+00:00,2022-05-08 06:30:00+00:00,Things,Book:memory,Book:memory,reading,memory,0.5,0.5,True,explicit_reading_or_audiobook_duration,0.5,calendar_analysis_duration,,,0.0,,,,
calendar_analysis_row_005579_part_0,calendar_analysis_row_005579,2022-05-16,2022-05-16 07:45:00+00:00,2022-05-16 08:30:00+00:00,Things,Book:debugging,Book:debugging,reading,debugging,0.625,0.75,True,explicit_reading_or_audiobook_duration,0.75,full_duration_minor_overlap,Food,"Meals, Supplements, Sleep",0.125,,,,
calendar_analysis_row_005593_part_0,calendar_analysis_row_005593,2022-05-17,2022-05-17 07:15:00+00:00,2022-05-17 07:30:00+00:00,Things,Book:debugging,Book:debugging,reading,debugging,0.25,0.25,True,explicit_reading_or_audiobook_duration,0.25,calendar_analysis_duration,,,0.0,,,,
calendar_analysis_row_005611_part_0,calendar_analysis_row_005611,2022-05-18,2022-05-18 09:45:00+00:00,2022-05-18 10:00:00+00:00,Things,book:debugging,book:debugging,reading,debugging,0.25,0.25,True,explicit_reading_or_audiobook_duration,0.25,calendar_analysis_duration,,,0.0,,,,
calendar_analysis_row_005627_part_0,calendar_analysis_row_005627,2022-05-19,2022-05-19 06:15:00+00:00,2022-05-19 06:45:00+00:00,Things,book:Memory,book:Memory,reading,Memory,0.5,0.5,True,explicit_reading_or_audiobook_duration,0.5,calendar_analysis_duration,,,0.0,,,,
calendar_analysis_row_005642_part_0,calendar_analysis_row_005642,2022-05-20,2022-05-20 05:00:00+00:00,2022-05-20 05:45:00+00:00,Things,book:debugging,book:debugging,reading,debugging,0.75,0.75,True,explicit_reading_or_audiobook_duration,0.75,calendar_analysis_duration,,,0.0,,,,
calendar_analysis_row_005653_part_0,calendar_analysis_row_005653,2022-05-21,2022-05-21 04:00:00+00:00,2022-05-21 04:30:00+00:00,Things,book:debugging,book:debugging,reading,debugging,0.5,0.5,True,explicit_reading_or_audiobook_duration,0.5,calendar_analysis_duration,,,0.0,,,,
calendar_analysis_row_005722_part_0,calendar_analysis_row_005722,2022-05-24,2022-05-24 06:30:00+00:00,2022-05-24 07:30:00+00:00,clark.benham@gmail.com,CS Book: Memory,CS Book: Memory,reading,Memory,1.0,1.0,True,explicit_reading_or_audiobook_duration,1.0,calendar_analysis_duration,,,0.0,,,,
calendar_analysis_row_005739_part_0,calendar_analysis_row_005739,2022-05-25,2022-05-25 05:45:00+00:00,2022-05-25 06:15:00+00:00,clark.benham@gmail.com,cs book: Docker,cs book: Docker,reading,Docker,0.5,0.5,True,explicit_reading_or_audiobook_duration,0.5,calendar_analysis_duration,,,0.0,,,,
calendar_analysis_row_005755_part_0,calendar_analysis_row_005755,2022-05-26,2022-05-26 06:15:00+00:00,2022-05-26 06:30:00+00:00,Things,book:lives,book:lives,reading,lives,0.25,0.25,True,explicit_reading_or_audiobook_duration,0.25,calendar_analysis_duration,,,0.0,,,,
calendar_analysis_row_005908_part_0,calendar_analysis_row_005908,2022-06-05,2022-06-05 06:45:00+00:00,2022-06-05 07:15:00+00:00,clark.benham@gmail.com,CS book: ML pattern cookbook,CS book: ML pattern cookbook,reading,ML pattern cookbook,0.5,0.5,True,explicit_reading_or_audiobook_duration,0.5,calendar_analysis_duration,,,0.0,,,,
calendar_analysis_row_006130_part_0,calendar_analysis_row_006130,2022-06-20,2022-06-20 08:00:00+00:00,2022-06-20 08:30:00+00:00,Things,book:dpeoroos,book:dpeoroos,reading,dpeoroos,0.5,0.5,True,explicit_reading_or_audiobook_duration,0.5,calendar_analysis_duration,,,0.0,,,,
calendar_analysis_row_006185_part_0,calendar_analysis_row_006185,2022-06-24,2022-06-24 05:00:00+00:00,2022-06-24 05:30:00+00:00,Things,Book:Tmi,Book:Tmi,reading,Tmi,0.5,0.5,True,explicit_reading_or_audiobook_duration,0.5,calendar_analysis_duration,,,0.0,,,,
calendar_analysis_row_006242_part_0,calendar_analysis_row_006242,2022-06-27,2022-06-27 07:15:00+00:00,2022-06-27 07:45:00+00:00,Things,book:tmi,book:tmi,reading,tmi,0.5,0.5,True,explicit_reading_or_audiobook_duration,0.5,calendar_analysis_duration,,,0.0,,,,
calendar_analysis_row_006252_part_0,calendar_analysis_row_006252,2022-06-28,2022-06-28 05:00:00+00:00,2022-06-28 05:45:00+00:00,Things,book:tmi,book:tmi,reading,tmi,0.75,0.75,True,explicit_reading_or_audiobook_duration,0.75,calendar_analysis_duration,,,0.0,,,,
calendar_analysis_row_006359_part_0,calendar_analysis_row_006359,2022-07-08,2022-07-08 05:30:00+00:00,2022-07-08 06:15:00+00:00,clark.benham@gmail.com,read python,read python,reading,python,0.75,0.75,True,explicit_reading_or_audiobook_duration,0.75,calendar_analysis_duration,,,0.0,,,,
calendar_analysis_row_006373_part_0,calendar_analysis_row_006373,2022-07-09,2022-07-09 06:30:00+00:00,2022-07-09 06:45:00+00:00,Things,book:tmi,book:tmi,reading,tmi,0.25,0.25,True,explicit_reading_or_audiobook_duration,0.25,calendar_analysis_duration,,,0.0,,,,
calendar_analysis_row_006404_part_0,calendar_analysis_row_006404,2022-07-10,2022-07-10 23:30:00+00:00,2022-07-11 00:00:00+00:00,Things,book:tmi,book:tmi,reading,tmi,0.5,0.5,True,explicit_reading_or_audiobook_duration,0.5,calendar_analysis_duration,,,0.0,,,,
calendar_analysis_row_006435_part_0,calendar_analysis_row_006435,2022-07-13,2022-07-13 07:30:00+00:00,2022-07-13 08:00:00+00:00,Things,book:sdi,book:sdi,reading,sdi,0.5,0.5,True,explicit_reading_or_audiobook_duration,0.5,calendar_analysis_duration,,,0.0,,,,
calendar_analysis_row_006468_part_0,calendar_analysis_row_006468,2022-07-15,2022-07-15 07:15:00+00:00,2022-07-15 07:45:00+00:00,Things,Book:sdi,Book:sdi,reading,sdi,0.5,0.5,True,explicit_reading_or_audiobook_duration,0.5,calendar_analysis_duration,,,0.0,,,,
calendar_analysis_row_006477_part_0,calendar_analysis_row_006477,2022-07-16,2022-07-16 08:30:00+00:00,2022-07-16 08:45:00+00:00,Things,book:sdi,book:sdi,reading,sdi,0.25,0.25,True,explicit_reading_or_audiobook_duration,0.25,calendar_analysis_duration,,,0.0,,,,
calendar_analysis_row_006581_part_0,calendar_analysis_row_006581,2022-07-22,2022-07-22 03:30:00+00:00,2022-07-22 03:45:00+00:00,Things,book:tmi,book:tmi,reading,tmi,0.25,0.25,True,explicit_reading_or_audiobook_duration,0.25,calendar_analysis_duration,,,0.0,,,,
calendar_analysis_row_006583_part_0,calendar_analysis_row_006583,2022-07-22,2022-07-22 05:00:00+00:00,2022-07-22 05:30:00+00:00,Things,book:tmi,book:tmi,reading,tmi,0.5,0.5,True,explicit_reading_or_audiobook_duration,0.5,calendar_analysis_duration,,,0.0,,,,
calendar_analysis_row_006622_part_0,calendar_analysis_row_006622,2022-07-26,2022-07-26 06:00:00+00:00,2022-07-26 06:15:00+00:00,Things,book:sdi,book:sdi,reading,sdi,0.25,0.25,True,explicit_reading_or_audiobook_duration,0.25,calendar_analysis_duration,,,0.0,,,,
calendar_analysis_row_006665_part_0,calendar_analysis_row_006665,2022-07-29,2022-07-29 05:00:00+00:00,2022-07-29 05:15:00+00:00,Things,book:SDI,book:SDI,reading,SDI,0.25,0.25,True,explicit_reading_or_audiobook_duration,0.25,calendar_analysis_duration,,,0.0,,,,
calendar_analysis_row_006717_part_0,calendar_analysis_row_006717,2022-08-01,2022-08-01 08:30:00+00:00,2022-08-01 09:00:00+00:00,Things,read: prml,read: prml,reading,prml,0.5,0.5,True,explicit_reading_or_audiobook_duration,0.5,calendar_analysis_duration,,,0.0,,,,
calendar_analysis_row_006737_part_0,calendar_analysis_row_006737,2022-08-02,2022-08-02 07:15:00+00:00,2022-08-02 07:30:00+00:00,clark.benham@gmail.com,read: prml,read: prml,reading,prml,0.25,0.25,True,explicit_reading_or_audiobook_duration,0.25,calendar_analysis_duration,,,0.0,,,,
calendar_analysis_row_006767_part_0,calendar_analysis_row_006767,2022-08-04,2022-08-04 07:15:00+00:00,2022-08-04 07:45:00+00:00,Things,read: prml,read: prml,reading,prml,0.5,0.5,True,explicit_reading_or_audiobook_duration,0.5,calendar_analysis_duration,,,0.0,,,,
calendar_analysis_row_006884_part_0,calendar_analysis_row_006884,2022-08-12,2022-08-12 07:15:00+00:00,2022-08-12 07:30:00+00:00,Things,book:prml,book:prml,reading,prml,0.25,0.25,True,explicit_reading_or_audiobook_duration,0.25,calendar_analysis_duration,,,0.0,,,,
calendar_analysis_row_007032_part_0,calendar_analysis_row_007032,2022-08-20,2022-08-20 20:15:00+00:00,2022-08-20 20:30:00+00:00,clark.benham@gmail.com,read: stats,read: stats,reading,stats,0.25,0.25,True,explicit_reading_or_audiobook_duration,0.25,calendar_analysis_duration,,,0.0,,,,
calendar_analysis_row_007079_part_0,calendar_analysis_row_007079,2022-08-22,2022-08-22 08:00:00+00:00,2022-08-22 08:15:00+00:00,Things,read: prml,read: prml,reading,prml,0.25,0.25,True,explicit_reading_or_audiobook_duration,0.25,calendar_analysis_duration,,,0.0,,,,
calendar_analysis_row_007089_part_0,calendar_analysis_row_007089,2022-08-23,2022-08-23 07:30:00+00:00,2022-08-23 07:45:00+00:00,Things,read: prml,read: prml,reading,prml,0.25,0.25,True,explicit_reading_or_audiobook_duration,0.25,calendar_analysis_duration,,,0.0,,,,
calendar_analysis_row_007090_part_0,calendar_analysis_row_007090,2022-08-23,2022-08-23 08:00:00+00:00,2022-08-23 08:15:00+00:00,Things,read: prml,read: prml,reading,prml,0.25,0.25,True,explicit_reading_or_audiobook_duration,0.25,calendar_analysis_duration,,,0.0,,,,
calendar_analysis_row_007106_part_0,calendar_analysis_row_007106,2022-08-24,2022-08-24 10:15:00+00:00,2022-08-24 10:30:00+00:00,clark.benham@gmail.com,read: System Performance,read: System Performance,reading,System Performance,0.25,0.25,True,explicit_reading_or_audiobook_duration,0.25,calendar_analysis_duration,,,0.0,,,,
calendar_analysis_row_007116_part_0,calendar_analysis_row_007116,2022-08-25,2022-08-25 03:45:00+00:00,2022-08-25 04:30:00+00:00,clark.benham@gmail.com,read: ml,read: ml,reading,ml,0.75,0.75,True,explicit_reading_or_audiobook_duration,0.75,calendar_analysis_duration,,,0.0,,,,
calendar_analysis_row_007162_part_0,calendar_analysis_row_007162,2022-08-27,2022-08-27 07:45:00+00:00,2022-08-27 08:00:00+00:00,Things,read: prml,read: prml,reading,prml,0.25,0.25,True,explicit_reading_or_audiobook_duration,0.25,calendar_analysis_duration,,,0.0,,,,
calendar_analysis_row_007169_part_0,calendar_analysis_row_007169,2022-08-27,2022-08-27 19:45:00+00:00,2022-08-27 20:30:00+00:00,clark.benham@gmail.com,read: ml,read: ml,reading,ml,0.75,0.75,True,explicit_reading_or_audiobook_duration,0.75,calendar_analysis_duration,,,0.0,,,,
calendar_analysis_row_007218_part_0,calendar_analysis_row_007218,2022-08-30,2022-08-30 07:15:00+00:00,2022-08-30 07:45:00+00:00,clark.benham@gmail.com,read: ml,read: ml,reading,ml,0.5,0.5,True,explicit_reading_or_audiobook_duration,0.5,calendar_analysis_duration,,,0.0,,,,
calendar_analysis_row_007219_part_0,calendar_analysis_row_007219,2022-08-30,2022-08-30 08:15:00+00:00,2022-08-30 08:45:00+00:00,Things,Ready: prml,Ready: prml,reading,y: prml,0.5,0.5,True,explicit_reading_or_audiobook_duration,0.5,calendar_analysis_duration,,,0.0,,,,
calendar_analysis_row_007235_part_0,calendar_analysis_row_007235,2022-08-31,2022-08-31 08:00:00+00:00,2022-08-31 08:15:00+00:00,Things,read: prml,read: prml,reading,prml,0.25,0.25,True,explicit_reading_or_audiobook_duration,0.25,calendar_analysis_duration,,,0.0,,,,
calendar_analysis_row_007275_part_0,calendar_analysis_row_007275,2022-09-02,2022-09-02 07:30:00+00:00,2022-09-02 07:45:00+00:00,Things,read: prml,read: prml,reading,prml,0.25,0.25,True,explicit_reading_or_audiobook_duration,0.25,calendar_analysis_duration,,,0.0,,,,
calendar_analysis_row_007308_part_0,calendar_analysis_row_007308,2022-09-06,2022-09-06 07:00:00+00:00,2022-09-06 07:15:00+00:00,Things,read: puskin,read: puskin,reading,puskin,0.25,0.25,True,explicit_reading_or_audiobook_duration,0.25,calendar_analysis_duration,,,0.0,,,,
calendar_analysis_row_007336_part_0,calendar_analysis_row_007336,2022-09-08,2022-09-08 02:15:00+00:00,2022-09-08 02:30:00+00:00,Things,read: puskin,read: puskin,reading,puskin,0.25,0.25,True,explicit_reading_or_audiobook_duration,0.25,calendar_analysis_duration,,,0.0,,,,
calendar_analysis_row_007425_part_0,calendar_analysis_row_007425,2022-09-13,2022-09-13 02:30:00+00:00,2022-09-13 02:45:00+00:00,Things,book:besem,book:besem,reading,besem,0.25,0.25,True,explicit_reading_or_audiobook_duration,0.25,calendar_analysis_duration,,,0.0,,,,
calendar_analysis_row_007430_part_0,calendar_analysis_row_007430,2022-09-13,2022-09-13 06:00:00+00:00,2022-09-13 06:15:00+00:00,clark.benham@gmail.com,read: ml,read: ml,reading,ml,0.25,0.25,True,explicit_reading_or_audiobook_duration,0.25,calendar_analysis_duration,,,0.0,,,,
calendar_analysis_row_007443_part_0,calendar_analysis_row_007443,2022-09-14,2022-09-14 02:30:00+00:00,2022-09-14 02:45:00+00:00,Things,read: besem,read: besem,reading,besem,0.25,0.25,True,explicit_reading_or_audiobook_duration,0.25,calendar_analysis_duration,,,0.0,,,,
calendar_analysis_row_007448_part_0,calendar_analysis_row_007448,2022-09-14,2022-09-14 07:00:00+00:00,2022-09-14 07:30:00+00:00,clark.benham@gmail.com,read: ml,read: ml,reading,ml,0.5,0.5,True,explicit_reading_or_audiobook_duration,0.5,calendar_analysis_duration,,,0.0,,,,
calendar_analysis_row_007633_part_0,calendar_analysis_row_007633,2022-09-24,2022-09-24 21:00:00+00:00,2022-09-24 21:30:00+00:00,Things,book:lftt,book:lftt,reading,lftt,0.5,0.5,True,explicit_reading_or_audiobook_duration,0.5,calendar_analysis_duration,,,0.0,,,,
calendar_analysis_row_007689_part_0,calendar_analysis_row_007689,2022-09-27,2022-09-27 08:00:00+00:00,2022-09-27 08:15:00+00:00,Things,read: python,read: python,reading,python,0.25,0.25,True,explicit_reading_or_audiobook_duration,0.25,calendar_analysis_duration,,,0.0,,,,
calendar_analysis_row_007690_part_0,calendar_analysis_row_007690,2022-09-27,2022-09-27 08:30:00+00:00,2022-09-27 08:45:00+00:00,Things,read: prml,read: prml,reading,prml,0.25,0.25,True,explicit_reading_or_audiobook_duration,0.25,calendar_analysis_duration,,,0.0,,,,
calendar_analysis_row_007771_part_0,calendar_analysis_row_007771,2022-10-02,2022-10-02 07:30:00+00:00,2022-10-02 07:45:00+00:00,Things,read: prml,read: prml,reading,prml,0.25,0.25,True,explicit_reading_or_audiobook_duration,0.25,calendar_analysis_duration,,,0.0,,,,
calendar_analysis_row_007772_part_0,calendar_analysis_row_007772,2022-10-02,2022-10-02 08:00:00+00:00,2022-10-02 08:15:00+00:00,Things,read: python,read: python,reading,python,0.25,0.25,True,explicit_reading_or_audiobook_duration,0.25,calendar_analysis_duration,,,0.0,,,,
calendar_analysis_row_007774_part_0,calendar_analysis_row_007774,2022-10-02,2022-10-02 10:00:00+00:00,2022-10-02 10:30:00+00:00,clark.benham@gmail.com,book:fp,book:fp,reading,fp,0.5,0.5,True,explicit_reading_or_audiobook_duration,0.5,calendar_analysis_duration,,,0.0,,,,
calendar_analysis_row_007793_part_0,calendar_analysis_row_007793,2022-10-03,2022-10-03 03:15:00+00:00,2022-10-03 04:30:00+00:00,clark.benham@gmail.com,read: Python,read: Python,reading,Python,1.25,1.25,True,explicit_reading_or_audiobook_duration,1.25,calendar_analysis_duration,,,0.0,,,,
calendar_analysis_row_007926_part_0,calendar_analysis_row_007926,2022-10-13,2022-10-13 09:45:00+00:00,2022-10-13 10:00:00+00:00,Things,Read: prml,Read: prml,reading,prml,0.25,0.25,True,explicit_reading_or_audiobook_duration,0.25,calendar_analysis_duration,,,0.0,,,,
calendar_analysis_row_007928_part_0,calendar_analysis_row_007928,2022-10-13,2022-10-13 10:45:00+00:00,2022-10-13 11:00:00+00:00,Things,Read: prml,Read: prml,reading,prml,0.25,0.25,True,explicit_reading_or_audiobook_duration,0.25,calendar_analysis_duration,,,0.0,,,,
calendar_analysis_row_007929_part_0,calendar_analysis_row_007929,2022-10-13,2022-10-13 11:15:00+00:00,2022-10-13 12:45:00+00:00,clark.benham@gmail.com,read: Python,read: Python,reading,Python,1.5,1.5,True,explicit_reading_or_audiobook_duration,1.5,calendar_analysis_duration,,,0.0,,,,
calendar_analysis_row_007979_part_0,calendar_analysis_row_007979,2022-10-16,2022-10-16 23:00:00+00:00,2022-10-16 23:30:00+00:00,clark.benham@gmail.com,read: algo,read: algo,reading,algo,0.5,0.5,True,explicit_reading_or_audiobook_duration,0.5,calendar_analysis_duration,,,0.0,,,,
calendar_analysis_row_007987_part_0,calendar_analysis_row_007987,2022-10-17,2022-10-17 05:45:00+00:00,2022-10-17 06:15:00+00:00,clark.benham@gmail.com,read: python,read: python,reading,python,0.5,0.5,True,explicit_reading_or_audiobook_duration,0.5,calendar_analysis_duration,,,0.0,,,,
calendar_analysis_row_008003_part_0,calendar_analysis_row_008003,2022-10-18,2022-10-18 05:00:00+00:00,2022-10-18 05:15:00+00:00,clark.benham@gmail.com,read: Python,read: Python,reading,Python,0.25,0.25,True,explicit_reading_or_audiobook_duration,0.25,calendar_analysis_duration,,,0.0,,,,
calendar_analysis_row_008009_part_0,calendar_analysis_row_008009,2022-10-18,2022-10-18 08:15:00+00:00,2022-10-18 08:45:00+00:00,clark.benham@gmail.com,read: python,read: python,reading,python,0.5,0.5,True,explicit_reading_or_audiobook_duration,0.5,calendar_analysis_duration,,,0.0,,,,
calendar_analysis_row_008040_part_0,calendar_analysis_row_008040,2022-10-20,2022-10-20 04:00:00+00:00,2022-10-20 06:15:00+00:00,clark.benham@gmail.com,read: Python,read: Python,reading,Python,2.25,2.25,True,explicit_reading_or_audiobook_duration,2.25,calendar_analysis_duration,,,0.0,,,,
calendar_analysis_row_008041_part_0,calendar_analysis_row_008041,2022-10-20,2022-10-20 06:15:00+00:00,2022-10-20 06:45:00+00:00,Things,read: Python,read: Python,reading,Python,0.5,0.5,True,explicit_reading_or_audiobook_duration,0.5,calendar_analysis_duration,,,0.0,,,,
calendar_analysis_row_008042_part_0,calendar_analysis_row_008042,2022-10-20,2022-10-20 06:45:00+00:00,2022-10-20 07:00:00+00:00,clark.benham@gmail.com,read: Python,read: Python,reading,Python,0.25,0.25,True,explicit_reading_or_audiobook_duration,0.25,calendar_analysis_duration,,,0.0,,,,
calendar_analysis_row_008057_part_0,calendar_analysis_row_008057,2022-10-21,2022-10-21 06:30:00+00:00,2022-10-21 06:45:00+00:00,Things,Read: Bazel,Read: Bazel,reading,Bazel,0.25,0.25,True,explicit_reading_or_audiobook_duration,0.25,calendar_analysis_duration,,,0.0,,,,
calendar_analysis_row_008082_part_0,calendar_analysis_row_008082,2022-10-22,2022-10-22 20:30:00+00:00,2022-10-22 21:00:00+00:00,clark.benham@gmail.com,read: linking,read: linking,reading,linking,0.5,0.5,True,explicit_reading_or_audiobook_duration,0.5,calendar_analysis_duration,,,0.0,,,,
calendar_analysis_row_008086_part_0,calendar_analysis_row_008086,2022-10-22,2022-10-22 23:15:00+00:00,2022-10-22 23:30:00+00:00,clark.benham@gmail.com,read: Python,read: Python,reading,Python,0.25,0.25,True,explicit_reading_or_audiobook_duration,0.25,calendar_analysis_duration,,,0.0,,,,
calendar_analysis_row_008095_part_0,calendar_analysis_row_008095,2022-10-23,2022-10-23 09:30:00+00:00,2022-10-23 09:45:00+00:00,Things,read: prml,read: prml,reading,prml,0.25,0.25,True,explicit_reading_or_audiobook_duration,0.25,calendar_analysis_duration,,,0.0,,,,
calendar_analysis_row_008107_part_0,calendar_analysis_row_008107,2022-10-23,2022-10-23 22:30:00+00:00,2022-10-23 23:00:00+00:00,clark.benham@gmail.com,read: ml,read: ml,reading,ml,0.5,0.5,True,explicit_reading_or_audiobook_duration,0.5,calendar_analysis_duration,,,0.0,,,,
calendar_analysis_row_008117_part_0,calendar_analysis_row_008117,2022-10-24,2022-10-24 05:15:00+00:00,2022-10-24 05:30:00+00:00,clark.benham@gmail.com,read: python,read: python,reading,python,0.25,0.25,True,explicit_reading_or_audiobook_duration,0.25,calendar_analysis_duration,,,0.0,,,,
calendar_analysis_row_008120_part_0,calendar_analysis_row_008120,2022-10-24,2022-10-24 07:00:00+00:00,2022-10-24 07:30:00+00:00,clark.benham@gmail.com,read: python,read: python,reading,python,0.5,0.5,True,explicit_reading_or_audiobook_duration,0.5,calendar_analysis_duration,,,0.0,,,,
calendar_analysis_row_008131_part_0,calendar_analysis_row_008131,2022-10-25,2022-10-25 05:30:00+00:00,2022-10-25 06:30:00+00:00,clark.benham@gmail.com,read: Python,read: Python,reading,Python,1.0,1.0,True,explicit_reading_or_audiobook_duration,1.0,calendar_analysis_duration,,,0.0,,,,
calendar_analysis_row_008133_part_0,calendar_analysis_row_008133,2022-10-25,2022-10-25 07:45:00+00:00,2022-10-25 08:00:00+00:00,Things,read: prml,read: prml,reading,prml,0.25,0.25,True,explicit_reading_or_audiobook_duration,0.25,calendar_analysis_duration,,,0.0,,,,
calendar_analysis_row_008143_part_0,calendar_analysis_row_008143,2022-10-26,2022-10-26 05:15:00+00:00,2022-10-26 05:45:00+00:00,clark.benham@gmail.com,read: Python,read: Python,reading,Python,0.5,0.5,True,explicit_reading_or_audiobook_duration,0.5,calendar_analysis_duration,,,0.0,,,,
calendar_analysis_row_008213_part_0,calendar_analysis_row_008213,2022-10-30,2022-10-30 00:00:00+00:00,2022-10-30 00:15:00+00:00,clark.benham@gmail.com,read: cpp,read: cpp,reading,cpp,0.25,0.25,True,explicit_reading_or_audiobook_duration,0.25,calendar_analysis_duration,,,0.0,,,,
calendar_analysis_row_008219_part_0,calendar_analysis_row_008219,2022-10-30,2022-10-30 05:00:00+00:00,2022-10-30 06:00:00+00:00,Things,book:seag,book:seag,reading,seag,1.0,1.0,True,explicit_reading_or_audiobook_duration,1.0,calendar_analysis_duration,,,0.0,,,,
calendar_analysis_row_008221_part_0,calendar_analysis_row_008221,2022-10-30,2022-10-30 08:15:00+00:00,2022-10-30 08:45:00+00:00,clark.benham@gmail.com,read: cpp,read: cpp,reading,cpp,0.5,0.5,True,explicit_reading_or_audiobook_duration,0.5,calendar_analysis_duration,,,0.0,,,,
calendar_analysis_row_008222_part_0,calendar_analysis_row_008222,2022-10-30,2022-10-30 09:00:00+00:00,2022-10-30 10:00:00+00:00,Things,book:seag,book:seag,reading,seag,1.0,1.0,True,explicit_reading_or_audiobook_duration,1.0,calendar_analysis_duration,,,0.0,,,,
calendar_analysis_row_008229_part_0,calendar_analysis_row_008229,2022-10-30,2022-10-30 22:15:00+00:00,2022-10-30 23:00:00+00:00,clark.benham@gmail.com,read: cpp,read: cpp,reading,cpp,0.625,0.75,True,explicit_reading_or_audiobook_duration,0.75,full_duration_minor_overlap,football,Waste Time,0.125,,,,
calendar_analysis_row_008264_part_0,calendar_analysis_row_008264,2022-11-02,2022-11-02 01:45:00+00:00,2022-11-02 03:30:00+00:00,clark.benham@gmail.com,read: cpp,read: cpp,reading,cpp,1.75,1.75,True,explicit_reading_or_audiobook_duration,1.75,calendar_analysis_duration,,,0.0,,,,
calendar_analysis_row_008300_part_0,calendar_analysis_row_008300,2022-11-04,2022-11-04 05:45:00+00:00,2022-11-04 07:00:00+00:00,Things,book:seag,book:seag,reading,seag,1.25,1.25,True,explicit_reading_or_audiobook_duration,1.25,calendar_analysis_duration,,,0.0,,,,
calendar_analysis_row_008321_part_0,calendar_analysis_row_008321,2022-11-05,2022-11-05 21:45:00+00:00,2022-11-05 22:00:00+00:00,Things,book:seag,book:seag,reading,seag,0.25,0.25,True,explicit_reading_or_audiobook_duration,0.25,calendar_analysis_duration,,,0.0,,,,
calendar_analysis_row_008361_part_0,calendar_analysis_row_008361,2022-11-07,2022-11-07 08:30:00+00:00,2022-11-07 08:45:00+00:00,Things,read: cpp,read: cpp,reading,cpp,0.25,0.25,True,explicit_reading_or_audiobook_duration,0.25,calendar_analysis_duration,,,0.0,,,,
calendar_analysis_row_008373_part_0,calendar_analysis_row_008373,2022-11-08,2022-11-08 07:30:00+00:00,2022-11-08 08:15:00+00:00,Things,book:jos,book:jos,reading,jos,0.75,0.75,True,explicit_reading_or_audiobook_duration,0.75,calendar_analysis_duration,,,0.0,,,,
calendar_analysis_row_008404_part_0,calendar_analysis_row_008404,2022-11-10,2022-11-10 09:45:00+00:00,2022-11-10 10:00:00+00:00,Things,read: prml,read: prml,reading,prml,0.25,0.25,True,explicit_reading_or_audiobook_duration,0.25,calendar_analysis_duration,,,0.0,,,,
calendar_analysis_row_008421_part_0,calendar_analysis_row_008421,2022-11-11,2022-11-11 09:30:00+00:00,2022-11-11 09:45:00+00:00,clark.benham@gmail.com,read: cpp,read: cpp,reading,cpp,0.25,0.25,True,explicit_reading_or_audiobook_duration,0.25,calendar_analysis_duration,,,0.0,,,,
calendar_analysis_row_008433_part_0,calendar_analysis_row_008433,2022-11-12,2022-11-12 06:30:00+00:00,2022-11-12 07:30:00+00:00,clark.benham@gmail.com,read: Python,read: Python,reading,Python,1.0,1.0,True,explicit_reading_or_audiobook_duration,1.0,calendar_analysis_duration,,,0.0,,,,
calendar_analysis_row_008434_part_0,calendar_analysis_row_008434,2022-11-12,2022-11-12 07:30:00+00:00,2022-11-12 08:00:00+00:00,Things,book:jos,book:jos,reading,jos,0.5,0.5,True,explicit_reading_or_audiobook_duration,0.5,calendar_analysis_duration,,,0.0,,,,
calendar_analysis_row_008450_part_0,calendar_analysis_row_008450,2022-11-13,2022-11-13 05:30:00+00:00,2022-11-13 05:45:00+00:00,clark.benham@gmail.com,Read: python,Read: python,reading,python,0.25,0.25,True,explicit_reading_or_audiobook_duration,0.25,calendar_analysis_duration,,,0.0,,,,
calendar_analysis_row_008451_part_0,calendar_analysis_row_008451,2022-11-13,2022-11-13 05:45:00+00:00,2022-11-13 06:15:00+00:00,Things,book:seag,book:seag,reading,seag,0.5,0.5,True,explicit_reading_or_audiobook_duration,0.5,calendar_analysis_duration,,,0.0,,,,
calendar_analysis_row_008452_part_0,calendar_analysis_row_008452,2022-11-13,2022-11-13 06:15:00+00:00,2022-11-13 06:45:00+00:00,Things,book:jos,book:jos,reading,jos,0.5,0.5,True,explicit_reading_or_audiobook_duration,0.5,calendar_analysis_duration,,,0.0,,,,
calendar_analysis_row_008454_part_0,calendar_analysis_row_008454,2022-11-13,2022-11-13 08:00:00+00:00,2022-11-13 08:30:00+00:00,Things,Book:jos,Book:jos,reading,jos,0.5,0.5,True,explicit_reading_or_audiobook_duration,0.5,calendar_analysis_duration,,,0.0,,,,
calendar_analysis_row_008467_part_0,calendar_analysis_row_008467,2022-11-14,2022-11-14 00:30:00+00:00,2022-11-14 01:00:00+00:00,clark.benham@gmail.com,read: Python,read: Python,reading,Python,0.5,0.5,True,explicit_reading_or_audiobook_duration,0.5,calendar_analysis_duration,,,0.0,,,,
calendar_analysis_row_008528_part_0,calendar_analysis_row_008528,2022-11-17,2022-11-17 07:30:00+00:00,2022-11-17 08:15:00+00:00,clark.benham@gmail.com,read: Python,read: Python,reading,Python,0.75,0.75,True,explicit_reading_or_audiobook_duration,0.75,calendar_analysis_duration,,,0.0,,,,
calendar_analysis_row_008582_part_0,calendar_analysis_row_008582,2022-11-22,2022-11-22 05:45:00+00:00,2022-11-22 06:00:00+00:00,clark.benham@gmail.com,read: python,read: python,reading,python,0.25,0.25,True,explicit_reading_or_audiobook_duration,0.25,calendar_analysis_duration,,,0.0,,,,
calendar_analysis_row_008659_part_0,calendar_analysis_row_008659,2022-11-29,2022-11-29 07:30:00+00:00,2022-11-29 08:15:00+00:00,clark.benham@gmail.com,read: Python,read: Python,reading,Python,0.75,0.75,True,explicit_reading_or_audiobook_duration,0.75,calendar_analysis_duration,,,0.0,,,,
calendar_analysis_row_008711_part_0,calendar_analysis_row_008711,2022-12-02,2022-12-02 03:30:00+00:00,2022-12-02 03:45:00+00:00,Things,read: Rayleigh,read: Rayleigh,reading,Rayleigh,0.25,0.25,True,explicit_reading_or_audiobook_duration,0.25,calendar_analysis_duration,,,0.0,,,,
calendar_analysis_row_008712_part_0,calendar_analysis_row_008712,2022-12-02,2022-12-02 03:45:00+00:00,2022-12-02 04:15:00+00:00,Things,book:pteasp,book:pteasp,reading,pteasp,0.5,0.5,True,explicit_reading_or_audiobook_duration,0.5,calendar_analysis_duration,,,0.0,,,,
calendar_analysis_row_008717_part_0,calendar_analysis_row_008717,2022-12-02,2022-12-02 09:30:00+00:00,2022-12-02 10:30:00+00:00,Things,book:pteasp,book:pteasp,reading,pteasp,1.0,1.0,True,explicit_reading_or_audiobook_duration,1.0,calendar_analysis_duration,,,0.0,,,,
calendar_analysis_row_008750_part_0,calendar_analysis_row_008750,2022-12-04,2022-12-04 07:30:00+00:00,2022-12-04 08:00:00+00:00,Things,read: lem,read: lem,reading,lem,0.5,0.5,True,explicit_reading_or_audiobook_duration,0.5,calendar_analysis_duration,,,0.0,,,,
calendar_analysis_row_008809_part_0,calendar_analysis_row_008809,2022-12-08,2022-12-08 10:30:00+00:00,2022-12-08 10:45:00+00:00,Things,book:mfp,book:mfp,reading,mfp,0.25,0.25,True,explicit_reading_or_audiobook_duration,0.25,calendar_analysis_duration,,,0.0,,,,
calendar_analysis_row_008831_part_0,calendar_analysis_row_008831,2022-12-09,2022-12-09 07:45:00+00:00,2022-12-09 08:15:00+00:00,Things,book:mlfp,book:mlfp,reading,mlfp,0.5,0.5,True,explicit_reading_or_audiobook_duration,0.5,calendar_analysis_duration,,,0.0,,,,
calendar_analysis_row_008872_part_0,calendar_analysis_row_008872,2022-12-12,2022-12-12 00:00:00+00:00,2022-12-12 01:00:00+00:00,Things,book:tiobe,book:tiobe,reading,tiobe,1.0,1.0,True,explicit_reading_or_audiobook_duration,1.0,calendar_analysis_duration,,,0.0,,,,
calendar_analysis_row_008876_part_0,calendar_analysis_row_008876,2022-12-12,2022-12-12 03:45:00+00:00,2022-12-12 05:00:00+00:00,Things,book:emswyltbakoi,book:emswyltbakoi,reading,emswyltbakoi,1.25,1.25,True,explicit_reading_or_audiobook_duration,1.25,calendar_analysis_duration,,,0.0,,,,
calendar_analysis_row_008877_part_0,calendar_analysis_row_008877,2022-12-12,2022-12-12 05:00:00+00:00,2022-12-12 05:30:00+00:00,Things,book:bc,book:bc,reading,bc,0.5,0.5,True,explicit_reading_or_audiobook_duration,0.5,calendar_analysis_duration,,,0.0,,,,
calendar_analysis_row_008975_part_0,calendar_analysis_row_008975,2022-12-21,2022-12-21 07:15:00+00:00,2022-12-21 07:30:00+00:00,Things,book:Kaplan,book:Kaplan,reading,Kaplan,0.25,0.25,True,explicit_reading_or_audiobook_duration,0.25,calendar_analysis_duration,,,0.0,,,,
calendar_analysis_row_008992_part_0,calendar_analysis_row_008992,2022-12-22,2022-12-22 08:30:00+00:00,2022-12-22 09:00:00+00:00,Things,book:Kaplan,book:Kaplan,reading,Kaplan,0.5,0.5,True,explicit_reading_or_audiobook_duration,0.5,calendar_analysis_duration,,,0.0,,,,
calendar_analysis_row_009147_part_0,calendar_analysis_row_009147,2022-12-31,2022-12-31 22:30:00+00:00,2022-12-31 22:45:00+00:00,clark.benham@gmail.com,read ml,read ml,reading,ml,0.25,0.25,True,explicit_reading_or_audiobook_duration,0.25,calendar_analysis_duration,,,0.0,,,,
calendar_analysis_row_009197_part_0,calendar_analysis_row_009197,2023-01-03,2023-01-03 01:00:00+00:00,2023-01-03 01:15:00+00:00,clark.benham@gmail.com,read: ml,read: ml,reading,ml,0.25,0.25,True,explicit_reading_or_audiobook_duration,0.25,calendar_analysis_duration,,,0.0,,,,
calendar_analysis_row_009202_part_0,calendar_analysis_row_009202,2023-01-03,2023-01-03 04:30:00+00:00,2023-01-03 05:00:00+00:00,Things,read ml,read ml,reading,ml,0.5,0.5,True,explicit_reading_or_audiobook_duration,0.5,calendar_analysis_duration,,,0.0,,,,
calendar_analysis_row_009217_part_0,calendar_analysis_row_009217,2023-01-04,2023-01-04 05:30:00+00:00,2023-01-04 05:45:00+00:00,clark.benham@gmail.com,read: Python,read: Python,reading,Python,0.25,0.25,True,explicit_reading_or_audiobook_duration,0.25,calendar_analysis_duration,,,0.0,,,,
calendar_analysis_row_009246_part_0,calendar_analysis_row_009246,2023-01-06,2023-01-06 05:45:00+00:00,2023-01-06 06:00:00+00:00,Things,read: ml,read: ml,reading,ml,0.25,0.25,True,explicit_reading_or_audiobook_duration,0.25,calendar_analysis_duration,,,0.0,,,,
calendar_analysis_row_009247_part_0,calendar_analysis_row_009247,2023-01-06,2023-01-06 06:15:00+00:00,2023-01-06 06:30:00+00:00,Things,book:metamorphoses,book:metamorphoses,reading,metamorphoses,0.25,0.25,True,explicit_reading_or_audiobook_duration,0.25,calendar_analysis_duration,,,0.0,,,,
calendar_analysis_row_009259_part_0,calendar_analysis_row_009259,2023-01-07,2023-01-07 10:15:00+00:00,2023-01-07 11:00:00+00:00,Things,book:dmmt,book:dmmt,reading,dmmt,0.75,0.75,True,explicit_reading_or_audiobook_duration,0.75,calendar_analysis_duration,,,0.0,,,,
calendar_analysis_row_009266_part_0,calendar_analysis_row_009266,2023-01-08,2023-01-08 04:00:00+00:00,2023-01-08 04:30:00+00:00,Things,book:dmmt,book:dmmt,reading,dmmt,0.5,0.5,True,explicit_reading_or_audiobook_duration,0.5,calendar_analysis_duration,,,0.0,,,,
calendar_analysis_row_009267_part_0,calendar_analysis_row_009267,2023-01-08,2023-01-08 04:30:00+00:00,2023-01-08 04:45:00+00:00,Things,read: Raleigh,read: Raleigh,reading,Raleigh,0.25,0.25,True,explicit_reading_or_audiobook_duration,0.25,calendar_analysis_duration,,,0.0,,,,
calendar_analysis_row_009279_part_0,calendar_analysis_row_009279,2023-01-09,2023-01-09 03:15:00+00:00,2023-01-09 03:30:00+00:00,Things,book:mlfp,book:mlfp,reading,mlfp,0.25,0.25,True,explicit_reading_or_audiobook_duration,0.25,calendar_analysis_duration,,,0.0,,,,
calendar_analysis_row_009293_part_0,calendar_analysis_row_009293,2023-01-10,2023-01-10 18:45:00+00:00,2023-01-10 19:00:00+00:00,Things,book:dmmt,book:dmmt,reading,dmmt,0.25,0.25,True,explicit_reading_or_audiobook_duration,0.25,calendar_analysis_duration,,,0.0,,,,
calendar_analysis_row_009308_part_0,calendar_analysis_row_009308,2023-01-11,2023-01-11 06:15:00+00:00,2023-01-11 06:30:00+00:00,Things,book:mlfp,book:mlfp,reading,mlfp,0.25,0.25,True,explicit_reading_or_audiobook_duration,0.25,calendar_analysis_duration,,,0.0,,,,
calendar_analysis_row_009324_part_0,calendar_analysis_row_009324,2023-01-12,2023-01-12 06:30:00+00:00,2023-01-12 06:45:00+00:00,Things,book:mlfp,book:mlfp,reading,mlfp,0.25,0.25,True,explicit_reading_or_audiobook_duration,0.25,calendar_analysis_duration,,,0.0,,,,
calendar_analysis_row_009338_part_0,calendar_analysis_row_009338,2023-01-13,2023-01-13 05:00:00+00:00,2023-01-13 05:45:00+00:00,clark.benham@gmail.com,read: ml,read: ml,reading,ml,0.75,0.75,True,explicit_reading_or_audiobook_duration,0.75,calendar_analysis_duration,,,0.0,,,,
calendar_analysis_row_009367_part_0,calendar_analysis_row_009367,2023-01-15,2023-01-15 09:30:00+00:00,2023-01-15 10:00:00+00:00,Things,book:mlfp,book:mlfp,reading,mlfp,0.5,0.5,True,explicit_reading_or_audiobook_duration,0.5,calendar_analysis_duration,,,0.0,,,,
calendar_analysis_row_009388_part_0,calendar_analysis_row_009388,2023-01-16,2023-01-16 06:30:00+00:00,2023-01-16 07:00:00+00:00,Things,book:mlfp,book:mlfp,reading,mlfp,0.5,0.5,True,explicit_reading_or_audiobook_duration,0.5,calendar_analysis_duration,,,0.0,,,,
calendar_analysis_row_009395_part_0,calendar_analysis_row_009395,2023-01-16,2023-01-16 19:00:00+00:00,2023-01-16 19:30:00+00:00,clark.benham@gmail.com,read: ml,read: ml,reading,ml,0.5,0.5,True,explicit_reading_or_audiobook_duration,0.5,calendar_analysis_duration,,,0.0,,,,
calendar_analysis_row_009401_part_0,calendar_analysis_row_009401,2023-01-16,2023-01-16 23:15:00+00:00,2023-01-16 23:45:00+00:00,Things,read: rayleigh,read: rayleigh,reading,rayleigh,0.5,0.5,True,explicit_reading_or_audiobook_duration,0.5,calendar_analysis_duration,,,0.0,,,,
calendar_analysis_row_009407_part_0,calendar_analysis_row_009407,2023-01-17,2023-01-17 05:00:00+00:00,2023-01-17 06:30:00+00:00,Things,book:mlfp,book:mlfp,reading,mlfp,1.5,1.5,True,explicit_reading_or_audiobook_duration,1.5,calendar_analysis_duration,,,0.0,,,,
calendar_analysis_row_009409_part_0,calendar_analysis_row_009409,2023-01-17,2023-01-17 06:45:00+00:00,2023-01-17 07:00:00+00:00,Things,book:mlfp,book:mlfp,reading,mlfp,0.25,0.25,True,explicit_reading_or_audiobook_duration,0.25,calendar_analysis_duration,,,0.0,,,,
calendar_analysis_row_009424_part_0,calendar_analysis_row_009424,2023-01-18,2023-01-18 06:30:00+00:00,2023-01-18 07:00:00+00:00,Things,Book:mlfp,Book:mlfp,reading,mlfp,0.5,0.5,True,explicit_reading_or_audiobook_duration,0.5,calendar_analysis_duration,,,0.0,,,,
calendar_analysis_row_009436_part_0,calendar_analysis_row_009436,2023-01-19,2023-01-19 06:15:00+00:00,2023-01-19 06:45:00+00:00,Things,Book:mlfp,Book:mlfp,reading,mlfp,0.5,0.5,True,explicit_reading_or_audiobook_duration,0.5,calendar_analysis_duration,,,0.0,,,,
calendar_analysis_row_009453_part_0,calendar_analysis_row_009453,2023-01-20,2023-01-20 05:45:00+00:00,2023-01-20 06:00:00+00:00,Things,Book:mlfp,Book:mlfp,reading,mlfp,0.25,0.25,True,explicit_reading_or_audiobook_duration,0.25,calendar_analysis_duration,,,0.0,,,,
calendar_analysis_row_009512_part_0,calendar_analysis_row_009512,2023-01-23,2023-01-23 09:00:00+00:00,2023-01-23 09:15:00+00:00,Things,book:mlfp,book:mlfp,reading,mlfp,0.25,0.25,True,explicit_reading_or_audiobook_duration,0.25,calendar_analysis_duration,,,0.0,,,,
calendar_analysis_row_009600_part_0,calendar_analysis_row_009600,2023-01-29,2023-01-29 06:30:00+00:00,2023-01-29 07:00:00+00:00,Things,Book:sp,Book:sp,reading,sp,0.5,0.5,True,explicit_reading_or_audiobook_duration,0.5,calendar_analysis_duration,,,0.0,,,,
calendar_analysis_row_009609_part_0,calendar_analysis_row_009609,2023-01-29,2023-01-29 17:45:00+00:00,2023-01-29 18:00:00+00:00,Things,book:agol,book:agol,reading,agol,0.25,0.25,True,explicit_reading_or_audiobook_duration,0.25,calendar_analysis_duration,,,0.0,,,,
calendar_analysis_row_009611_part_0,calendar_analysis_row_009611,2023-01-29,2023-01-29 18:45:00+00:00,2023-01-29 19:00:00+00:00,Things,book:seag,book:seag,reading,seag,0.25,0.25,True,explicit_reading_or_audiobook_duration,0.25,calendar_analysis_duration,,,0.0,,,,
calendar_analysis_row_009678_part_0,calendar_analysis_row_009678,2023-02-03,2023-02-03 05:45:00+00:00,2023-02-03 06:15:00+00:00,clark.benham@gmail.com,read: ml,read: ml,reading,ml,0.5,0.5,True,explicit_reading_or_audiobook_duration,0.5,calendar_analysis_duration,,,0.0,,,,
calendar_analysis_row_009679_part_0,calendar_analysis_row_009679,2023-02-03,2023-02-03 06:15:00+00:00,2023-02-03 06:30:00+00:00,clark.benham@gmail.com,read: Python,read: Python,reading,Python,0.25,0.25,True,explicit_reading_or_audiobook_duration,0.25,calendar_analysis_duration,,,0.0,,,,
calendar_analysis_row_009695_part_0,calendar_analysis_row_009695,2023-02-04,2023-02-04 07:15:00+00:00,2023-02-04 07:30:00+00:00,Things,read: python,read: python,reading,python,0.25,0.25,True,explicit_reading_or_audiobook_duration,0.25,calendar_analysis_duration,,,0.0,,,,
calendar_analysis_row_009714_part_0,calendar_analysis_row_009714,2023-02-05,2023-02-05 03:30:00+00:00,2023-02-05 04:00:00+00:00,clark.benham@gmail.com,read: ml,read: ml,reading,ml,0.5,0.5,True,explicit_reading_or_audiobook_duration,0.5,calendar_analysis_duration,,,0.0,,,,
calendar_analysis_row_009739_part_0,calendar_analysis_row_009739,2023-02-06,2023-02-06 06:30:00+00:00,2023-02-06 06:45:00+00:00,Things,book:mlfp,book:mlfp,reading,mlfp,0.25,0.25,True,explicit_reading_or_audiobook_duration,0.25,calendar_analysis_duration,,,0.0,,,,
calendar_analysis_row_009756_part_0,calendar_analysis_row_009756,2023-02-07,2023-02-07 06:15:00+00:00,2023-02-07 06:30:00+00:00,Things,book:mlfp,book:mlfp,reading,mlfp,0.25,0.25,True,explicit_reading_or_audiobook_duration,0.25,calendar_analysis_duration,,,0.0,,,,
calendar_analysis_row_009772_part_0,calendar_analysis_row_009772,2023-02-08,2023-02-08 05:45:00+00:00,2023-02-08 07:15:00+00:00,Things,Book:mlfp,Book:mlfp,reading,mlfp,1.5,1.5,True,explicit_reading_or_audiobook_duration,1.5,calendar_analysis_duration,,,0.0,,,,
calendar_analysis_row_009803_part_0,calendar_analysis_row_009803,2023-02-10,2023-02-10 05:45:00+00:00,2023-02-10 06:15:00+00:00,Things,Book:mlfp,Book:mlfp,reading,mlfp,0.5,0.5,True,explicit_reading_or_audiobook_duration,0.5,calendar_analysis_duration,,,0.0,,,,
calendar_analysis_row_009819_part_0,calendar_analysis_row_009819,2023-02-11,2023-02-11 06:45:00+00:00,2023-02-11 07:00:00+00:00,Things,book:mlfp,book:mlfp,reading,mlfp,0.25,0.25,True,explicit_reading_or_audiobook_duration,0.25,calendar_analysis_duration,,,0.0,,,,
calendar_analysis_row_009875_part_0,calendar_analysis_row_009875,2023-02-14,2023-02-14 06:15:00+00:00,2023-02-14 06:45:00+00:00,Things,Book:mlfp,Book:mlfp,reading,mlfp,0.5,0.5,True,explicit_reading_or_audiobook_duration,0.5,calendar_analysis_duration,,,0.0,,,,
calendar_analysis_row_009942_part_0,calendar_analysis_row_009942,2023-02-18,2023-02-18 19:15:00+00:00,2023-02-18 20:00:00+00:00,clark.benham@gmail.com,read: ml,read: ml,reading,ml,0.75,0.75,True,explicit_reading_or_audiobook_duration,0.75,calendar_analysis_duration,,,0.0,,,,
calendar_analysis_row_009999_part_0,calendar_analysis_row_009999,2023-02-21,2023-02-21 07:45:00+00:00,2023-02-21 08:30:00+00:00,clark.benham@gmail.com,Read: ml,Read: ml,reading,ml,0.75,0.75,True,explicit_reading_or_audiobook_duration,0.75,calendar_analysis_duration,,,0.0,,,,
calendar_analysis_row_010001_part_0,calendar_analysis_row_010001,2023-02-21,2023-02-21 09:00:00+00:00,2023-02-21 09:30:00+00:00,clark.benham@gmail.com,Read: ml,Read: ml,reading,ml,0.5,0.5,True,explicit_reading_or_audiobook_duration,0.5,calendar_analysis_duration,,,0.0,,,,
calendar_analysis_row_010042_part_0,calendar_analysis_row_010042,2023-02-24,2023-02-24 06:30:00+00:00,2023-02-24 06:45:00+00:00,Things,Book:mlfp,Book:mlfp,reading,mlfp,0.25,0.25,True,explicit_reading_or_audiobook_duration,0.25,calendar_analysis_duration,,,0.0,,,,
calendar_analysis_row_010085_part_0,calendar_analysis_row_010085,2023-02-26,2023-02-26 18:15:00+00:00,2023-02-26 18:45:00+00:00,Things,book:wdycwopy,book:wdycwopy,reading,wdycwopy,0.5,0.5,True,explicit_reading_or_audiobook_duration,0.5,calendar_analysis_duration,,,0.0,,,,
calendar_analysis_row_010101_part_0,calendar_analysis_row_010101,2023-02-27,2023-02-27 07:00:00+00:00,2023-02-27 07:15:00+00:00,Things,book:rlai,book:rlai,reading,rlai,0.25,0.25,True,explicit_reading_or_audiobook_duration,0.25,calendar_analysis_duration,,,0.0,,,,
calendar_analysis_row_010104_part_0,calendar_analysis_row_010104,2023-02-27,2023-02-27 11:00:00+00:00,2023-02-27 11:15:00+00:00,Things,Book:rlai,Book:rlai,reading,rlai,0.25,0.25,True,explicit_reading_or_audiobook_duration,0.25,calendar_analysis_duration,,,0.0,,,,
calendar_analysis_row_010131_part_0,calendar_analysis_row_010131,2023-03-01,2023-03-01 02:15:00+00:00,2023-03-01 03:00:00+00:00,Things,book:syfj,book:syfj,reading,syfj,0.75,0.75,True,explicit_reading_or_audiobook_duration,0.75,calendar_analysis_duration,,,0.0,,,,
calendar_analysis_row_010140_part_0,calendar_analysis_row_010140,2023-03-01,2023-03-01 09:30:00+00:00,2023-03-01 09:45:00+00:00,Things,book:rlai,book:rlai,reading,rlai,0.25,0.25,True,explicit_reading_or_audiobook_duration,0.25,calendar_analysis_duration,,,0.0,,,,
calendar_analysis_row_010152_part_0,calendar_analysis_row_010152,2023-03-02,2023-03-02 05:45:00+00:00,2023-03-02 06:00:00+00:00,Things,Book:rlai,Book:rlai,reading,rlai,0.25,0.25,True,explicit_reading_or_audiobook_duration,0.25,calendar_analysis_duration,,,0.0,,,,
calendar_analysis_row_010160_part_0,calendar_analysis_row_010160,2023-03-02,2023-03-02 14:30:00+00:00,2023-03-02 14:45:00+00:00,clark.benham@gmail.com,read: rlai,read: rlai,reading,rlai,0.25,0.25,True,explicit_reading_or_audiobook_duration,0.25,calendar_analysis_duration,,,0.0,,,,
calendar_analysis_row_010184_part_0,calendar_analysis_row_010184,2023-03-04,2023-03-04 02:45:00+00:00,2023-03-04 03:15:00+00:00,Things,book:mod,book:mod,reading,mod,0.5,0.5,True,explicit_reading_or_audiobook_duration,0.5,calendar_analysis_duration,,,0.0,,,,
calendar_analysis_row_010235_part_0,calendar_analysis_row_010235,2023-03-07,2023-03-07 06:15:00+00:00,2023-03-07 06:30:00+00:00,clark.benham@gmail.com,Read: ml,Read: ml,reading,ml,0.25,0.25,True,explicit_reading_or_audiobook_duration,0.25,calendar_analysis_duration,,,0.0,,,,
calendar_analysis_row_010236_part_0,calendar_analysis_row_010236,2023-03-07,2023-03-07 06:45:00+00:00,2023-03-07 07:00:00+00:00,Things,Book:rlai,Book:rlai,reading,rlai,0.25,0.25,True,explicit_reading_or_audiobook_duration,0.25,calendar_analysis_duration,,,0.0,,,,
calendar_analysis_row_010269_part_0,calendar_analysis_row_010269,2023-03-09,2023-03-09 04:30:00+00:00,2023-03-09 05:15:00+00:00,clark.benham@gmail.com,read: ml,read: ml,reading,ml,0.75,0.75,True,explicit_reading_or_audiobook_duration,0.75,calendar_analysis_duration,,,0.0,,,,
calendar_analysis_row_010297_part_0,calendar_analysis_row_010297,2023-03-13,2023-03-13 00:15:00+00:00,2023-03-13 03:55:00+00:00,clark.benham@gmail.com,read: ml,read: ml,reading,ml,3.541666666666667,3.6666666666666665,True,explicit_reading_or_audiobook_duration,3.6666666666666665,full_duration_minor_overlap,dinner,"Meals, Supplements, Sleep",0.12499999999999956,,,,
calendar_analysis_row_010357_part_0,calendar_analysis_row_010357,2023-03-16,2023-03-16 06:00:00+00:00,2023-03-16 06:15:00+00:00,Things,book:rlai,book:rlai,reading,rlai,0.25,0.25,True,explicit_reading_or_audiobook_duration,0.25,calendar_analysis_duration,,,0.0,,,,
calendar_analysis_row_010419_part_0,calendar_analysis_row_010419,2023-03-18,2023-03-18 22:45:00+00:00,2023-03-18 23:30:00+00:00,Things,book:lmam,book:lmam,reading,lmam,0.75,0.75,True,explicit_reading_or_audiobook_duration,0.75,calendar_analysis_duration,,,0.0,,,,
calendar_analysis_row_010484_part_0,calendar_analysis_row_010484,2023-03-22,2023-03-22 06:45:00+00:00,2023-03-22 07:00:00+00:00,Things,Book:rlai,Book:rlai,reading,rlai,0.25,0.25,True,explicit_reading_or_audiobook_duration,0.25,calendar_analysis_duration,,,0.0,,,,
calendar_analysis_row_010512_part_0,calendar_analysis_row_010512,2023-03-24,2023-03-24 03:00:00+00:00,2023-03-24 03:15:00+00:00,Things,Book:dmm,Book:dmm,reading,dmm,0.25,0.25,True,explicit_reading_or_audiobook_duration,0.25,calendar_analysis_duration,,,0.0,,,,
calendar_analysis_row_010516_part_0,calendar_analysis_row_010516,2023-03-24,2023-03-24 07:00:00+00:00,2023-03-24 08:00:00+00:00,Things,Book:rust,Book:rust,reading,rust,1.0,1.0,True,explicit_reading_or_audiobook_duration,1.0,calendar_analysis_duration,,,0.0,,,,
calendar_analysis_row_010603_part_0,calendar_analysis_row_010603,2023-03-28,2023-03-28 05:45:00+00:00,2023-03-28 06:15:00+00:00,Things,Book:rlai,Book:rlai,reading,rlai,0.5,0.5,True,explicit_reading_or_audiobook_duration,0.5,calendar_analysis_duration,,,0.0,,,,
calendar_analysis_row_010693_part_0,calendar_analysis_row_010693,2023-04-02,2023-04-02 08:30:00+00:00,2023-04-02 09:30:00+00:00,Things,Read: tlp,Read: tlp,reading,tlp,1.0,1.0,True,explicit_reading_or_audiobook_duration,1.0,calendar_analysis_duration,,,0.0,,,,
calendar_analysis_row_010702_part_0,calendar_analysis_row_010702,2023-04-02,2023-04-02 21:15:00+00:00,2023-04-02 23:00:00+00:00,Things,Read: TLP,Read: TLP,reading,TLP,1.75,1.75,True,explicit_reading_or_audiobook_duration,1.75,calendar_analysis_duration,,,0.0,,,,
calendar_analysis_row_010716_part_0,calendar_analysis_row_010716,2023-04-03,2023-04-03 05:00:00+00:00,2023-04-03 07:30:00+00:00,Things,Read: TLP,Read: TLP,reading,TLP,2.5,2.5,True,explicit_reading_or_audiobook_duration,2.5,calendar_analysis_duration,,,0.0,,,,
calendar_analysis_row_010720_part_0,calendar_analysis_row_010720,2023-04-03,2023-04-03 09:30:00+00:00,2023-04-03 10:45:00+00:00,Things,Read: TLP,Read: TLP,reading,TLP,1.25,1.25,True,explicit_reading_or_audiobook_duration,1.25,calendar_analysis_duration,,,0.0,,,,
calendar_analysis_row_010727_part_0,calendar_analysis_row_010727,2023-04-03,2023-04-03 12:30:00+00:00,2023-04-03 13:30:00+00:00,Things,Read: TLP,Read: TLP,reading,TLP,1.0,1.0,True,explicit_reading_or_audiobook_duration,1.0,calendar_analysis_duration,,,0.0,,,,
calendar_analysis_row_010839_part_0,calendar_analysis_row_010839,2023-04-09,2023-04-09 16:30:00+00:00,2023-04-09 17:00:00+00:00,Things,Book:diaspora,Book:diaspora,reading,diaspora,0.5,0.5,True,explicit_reading_or_audiobook_duration,0.5,calendar_analysis_duration,,,0.0,,,,
calendar_analysis_row_010932_part_0,calendar_analysis_row_010932,2023-04-13,2023-04-13 21:15:00+00:00,2023-04-14 00:00:00+00:00,Things,book:tmc,book:tmc,reading,tmc,1.375,2.75,True,explicit_reading_or_audiobook_duration,1.375,calendar_analysis_duration_incompatible_overlap,Job: Hive,clark.benham@gmail.com,0.0,,,,
calendar_analysis_row_010951_part_0,calendar_analysis_row_010951,2023-04-15,2023-04-15 01:15:00+00:00,2023-04-15 01:30:00+00:00,Things,book:afrm,book:afrm,reading,afrm,0.25,0.25,True,explicit_reading_or_audiobook_duration,0.25,calendar_analysis_duration,,,0.0,,,,
calendar_analysis_row_010953_part_0,calendar_analysis_row_010953,2023-04-15,2023-04-15 09:30:00+00:00,2023-04-15 11:00:00+00:00,Things,Book:afrm,Book:afrm,reading,afrm,1.5,1.5,True,explicit_reading_or_audiobook_duration,1.5,calendar_analysis_duration,,,0.0,,,,
calendar_analysis_row_011074_part_0,calendar_analysis_row_011074,2023-04-21,2023-04-21 06:30:00+00:00,2023-04-21 06:45:00+00:00,Things,Read: ml,Read: ml,reading,ml,0.25,0.25,True,explicit_reading_or_audiobook_duration,0.25,calendar_analysis_duration,,,0.0,,,,
calendar_analysis_row_011189_part_0,calendar_analysis_row_011189,2023-04-28,2023-04-28 04:30:00+00:00,2023-04-28 04:45:00+00:00,clark.benham@gmail.com,read: ml,read: ml,reading,ml,0.25,0.25,True,explicit_reading_or_audiobook_duration,0.25,calendar_analysis_duration,,,0.0,,,,
calendar_analysis_row_011405_part_0,calendar_analysis_row_011405,2023-05-10,2023-05-10 01:45:00+00:00,2023-05-10 02:45:00+00:00,clark.benham@gmail.com,read: ml,read: ml,reading,ml,1.0,1.0,True,explicit_reading_or_audiobook_duration,1.0,calendar_analysis_duration,,,0.0,,,,
calendar_analysis_row_011411_part_0,calendar_analysis_row_011411,2023-05-10,2023-05-10 05:45:00+00:00,2023-05-10 06:15:00+00:00,Things,book:wthwos,book:wthwos,reading,wthwos,0.5,0.5,True,explicit_reading_or_audiobook_duration,0.5,calendar_analysis_duration,,,0.0,,,,
calendar_analysis_row_011456_part_0,calendar_analysis_row_011456,2023-05-15,2023-05-15 03:45:00+00:00,2023-05-15 04:00:00+00:00,Things,book:pra,book:pra,reading,pra,0.25,0.25,True,explicit_reading_or_audiobook_duration,0.25,calendar_analysis_duration,,,0.0,,,,
calendar_analysis_row_011467_part_0,calendar_analysis_row_011467,2023-05-15,2023-05-15 21:45:00+00:00,2023-05-15 22:30:00+00:00,Things,book:pr,book:pr,reading,pr,0.75,0.75,True,explicit_reading_or_audiobook_duration,0.75,calendar_analysis_duration,,,0.0,,,,
calendar_analysis_row_011487_part_0,calendar_analysis_row_011487,2023-05-16,2023-05-16 17:45:00+00:00,2023-05-16 19:00:00+00:00,Things,book:abbf,book:abbf,reading,abbf,1.25,1.25,True,explicit_reading_or_audiobook_duration,1.25,calendar_analysis_duration,,,0.0,,,,
calendar_analysis_row_011502_part_0,calendar_analysis_row_011502,2023-05-17,2023-05-17 04:45:00+00:00,2023-05-17 05:30:00+00:00,Things,Book:bfa,Book:bfa,reading,bfa,0.75,0.75,True,explicit_reading_or_audiobook_duration,0.75,calendar_analysis_duration,,,0.0,,,,
calendar_analysis_row_011503_part_0,calendar_analysis_row_011503,2023-05-17,2023-05-17 06:00:00+00:00,2023-05-17 06:15:00+00:00,Things,Book:bfa,Book:bfa,reading,bfa,0.25,0.25,True,explicit_reading_or_audiobook_duration,0.25,calendar_analysis_duration,,,0.0,,,,
calendar_analysis_row_011712_part_0,calendar_analysis_row_011712,2023-06-01,2023-06-01 11:15:00+00:00,2023-06-01 11:30:00+00:00,Things,Book:sp,Book:sp,reading,sp,0.25,0.25,True,explicit_reading_or_audiobook_duration,0.25,calendar_analysis_duration,,,0.0,,,,
calendar_analysis_row_011840_part_0,calendar_analysis_row_011840,2023-06-07,2023-06-07 05:30:00+00:00,2023-06-07 05:45:00+00:00,clark.benham@gmail.com,Read: ML,Read: ML,reading,ML,0.25,0.25,True,explicit_reading_or_audiobook_duration,0.25,calendar_analysis_duration,,,0.0,,,,
calendar_analysis_row_012103_part_0,calendar_analysis_row_012103,2023-06-21,2023-06-21 01:15:00+00:00,2023-06-21 01:45:00+00:00,Things,Read: rust,Read: rust,reading,rust,0.5,0.5,True,explicit_reading_or_audiobook_duration,0.5,calendar_analysis_duration,,,0.0,,,,
calendar_analysis_row_012112_part_0,calendar_analysis_row_012112,2023-06-21,2023-06-21 05:00:00+00:00,2023-06-21 05:30:00+00:00,Things,Read: Rust,Read: Rust,reading,Rust,0.5,0.5,True,explicit_reading_or_audiobook_duration,0.5,calendar_analysis_duration,,,0.0,,,,
calendar_analysis_row_012128_part_0,calendar_analysis_row_012128,2023-06-22,2023-06-22 05:30:00+00:00,2023-06-22 06:00:00+00:00,Things,Read: rust,Read: rust,reading,rust,0.5,0.5,True,explicit_reading_or_audiobook_duration,0.5,calendar_analysis_duration,,,0.0,,,,
calendar_analysis_row_012129_part_0,calendar_analysis_row_012129,2023-06-22,2023-06-22 06:15:00+00:00,2023-06-22 06:30:00+00:00,Things,Read: Rust,Read: Rust,reading,Rust,0.25,0.25,True,explicit_reading_or_audiobook_duration,0.25,calendar_analysis_duration,,,0.0,,,,
calendar_analysis_row_012150_part_0,calendar_analysis_row_012150,2023-06-23,2023-06-23 05:45:00+00:00,2023-06-23 06:00:00+00:00,Things,book:Rust,book:Rust,reading,Rust,0.25,0.25,True,explicit_reading_or_audiobook_duration,0.25,calendar_analysis_duration,,,0.0,,,,
calendar_analysis_row_012279_part_0,calendar_analysis_row_012279,2023-06-29,2023-06-29 06:00:00+00:00,2023-06-29 06:15:00+00:00,Things,Book:mlfp,Book:mlfp,reading,mlfp,0.25,0.25,True,explicit_reading_or_audiobook_duration,0.25,calendar_analysis_duration,,,0.0,,,,
calendar_analysis_row_012420_part_0,calendar_analysis_row_012420,2023-07-06,2023-07-06 05:30:00+00:00,2023-07-06 05:45:00+00:00,Things,read: mlfp,read: mlfp,reading,mlfp,0.25,0.25,True,explicit_reading_or_audiobook_duration,0.25,calendar_analysis_duration,,,0.0,,,,
calendar_analysis_row_012690_part_0,calendar_analysis_row_012690,2023-07-19,2023-07-19 05:00:00+00:00,2023-07-19 05:30:00+00:00,Things,Book:mlfp,Book:mlfp,reading,mlfp,0.5,0.5,True,explicit_reading_or_audiobook_duration,0.5,calendar_analysis_duration,,,0.0,,,,
calendar_analysis_row_013075_part_0,calendar_analysis_row_013075,2023-08-05,2023-08-05 23:00:00+00:00,2023-08-06 00:15:00+00:00,Things,Book:wthwos,Book:wthwos,reading,wthwos,1.25,1.25,True,explicit_reading_or_audiobook_duration,1.25,calendar_analysis_duration,,,0.0,,,,
calendar_analysis_row_013078_part_0,calendar_analysis_row_013078,2023-08-06,2023-08-06 04:30:00+00:00,2023-08-06 06:30:00+00:00,Things,Book:wthwos,Book:wthwos,reading,wthwos,2.0,2.0,True,explicit_reading_or_audiobook_duration,2.0,calendar_analysis_duration,,,0.0,,,,
calendar_analysis_row_013114_part_0,calendar_analysis_row_013114,2023-08-07,2023-08-07 18:45:00+00:00,2023-08-07 19:00:00+00:00,Things,book:wthwos,book:wthwos,reading,wthwos,0.25,0.25,True,explicit_reading_or_audiobook_duration,0.25,calendar_analysis_duration,,,0.0,,,,
calendar_analysis_row_013145_part_0,calendar_analysis_row_013145,2023-08-08,2023-08-08 19:00:00+00:00,2023-08-08 20:00:00+00:00,Things,Book:wthwos,Book:wthwos,reading,wthwos,1.0,1.0,True,explicit_reading_or_audiobook_duration,1.0,calendar_analysis_duration,,,0.0,,,,
calendar_analysis_row_013273_part_0,calendar_analysis_row_013273,2023-08-15,2023-08-15 22:00:00+00:00,2023-08-16 00:00:00+00:00,Things,Read journal,Read journal,reading,journal,2.0,2.0,True,explicit_reading_or_audiobook_duration,2.0,calendar_analysis_duration,,,0.0,,,,
calendar_analysis_row_013685_part_0,calendar_analysis_row_013685,2023-09-04,2023-09-04 22:15:00+00:00,2023-09-04 23:15:00+00:00,Things,book:Knudsen,book:Knudsen,reading,Knudsen,1.0,1.0,True,explicit_reading_or_audiobook_duration,1.0,calendar_analysis_duration,,,0.0,,,,
calendar_analysis_row_013694_part_0,calendar_analysis_row_013694,2023-09-05,2023-09-05 05:00:00+00:00,2023-09-05 07:30:00+00:00,Things,Book:Knudsen,Book:Knudsen,reading,Knudsen,2.375,2.5,True,explicit_reading_or_audiobook_duration,2.5,full_duration_minor_overlap,sleep,"Meals, Supplements, Sleep",0.125,,,,
calendar_analysis_row_013722_part_0,calendar_analysis_row_013722,2023-09-06,2023-09-06 03:45:00+00:00,2023-09-06 04:00:00+00:00,Things,Book:mlfp,Book:mlfp,reading,mlfp,0.25,0.25,True,explicit_reading_or_audiobook_duration,0.25,calendar_analysis_duration,,,0.0,,,,
calendar_analysis_row_013746_part_0,calendar_analysis_row_013746,2023-09-07,2023-09-07 04:30:00+00:00,2023-09-07 04:45:00+00:00,Things,Book:mlfp,Book:mlfp,reading,mlfp,0.25,0.25,True,explicit_reading_or_audiobook_duration,0.25,calendar_analysis_duration,,,0.0,,,,
calendar_analysis_row_013797_part_0,calendar_analysis_row_013797,2023-09-09,2023-09-09 03:45:00+00:00,2023-09-09 04:15:00+00:00,Things,Book:mlfp,Book:mlfp,reading,mlfp,0.5,0.5,True,explicit_reading_or_audiobook_duration,0.5,calendar_analysis_duration,,,0.0,,,,
calendar_analysis_row_013862_part_0,calendar_analysis_row_013862,2023-09-12,2023-09-12 02:30:00+00:00,2023-09-12 03:15:00+00:00,clark.benham@gmail.com,read ml papers,read ml papers,reading,ml papers,0.75,0.75,True,explicit_reading_or_audiobook_duration,0.75,calendar_analysis_duration,,,0.0,,,,
calendar_analysis_row_013867_part_0,calendar_analysis_row_013867,2023-09-12,2023-09-12 06:15:00+00:00,2023-09-12 06:45:00+00:00,Things,Book:mlfp,Book:mlfp,reading,mlfp,0.5,0.5,True,explicit_reading_or_audiobook_duration,0.5,calendar_analysis_duration,,,0.0,,,,
calendar_analysis_row_013926_part_0,calendar_analysis_row_013926,2023-09-14,2023-09-14 05:45:00+00:00,2023-09-14 06:00:00+00:00,Things,book:mlfp,book:mlfp,reading,mlfp,0.25,0.25,True,explicit_reading_or_audiobook_duration,0.25,calendar_analysis_duration,,,0.0,,,,
calendar_analysis_row_013931_part_0,calendar_analysis_row_013931,2023-09-14,2023-09-14 07:45:00+00:00,2023-09-14 08:00:00+00:00,Things,book:Knudsen,book:Knudsen,reading,Knudsen,0.25,0.25,True,explicit_reading_or_audiobook_duration,0.25,calendar_analysis_duration,,,0.0,,,,
calendar_analysis_row_013978_part_0,calendar_analysis_row_013978,2023-09-16,2023-09-16 04:30:00+00:00,2023-09-16 05:00:00+00:00,Things,book:litfw,book:litfw,reading,litfw,0.5,0.5,True,explicit_reading_or_audiobook_duration,0.5,calendar_analysis_duration,,,0.0,,,,
calendar_analysis_row_013986_part_0,calendar_analysis_row_013986,2023-09-16,2023-09-16 15:30:00+00:00,2023-09-16 16:45:00+00:00,Things,Book:litfw,Book:litfw,reading,litfw,1.25,1.25,True,explicit_reading_or_audiobook_duration,1.25,calendar_analysis_duration,,,0.0,,,,
calendar_analysis_row_014003_part_0,calendar_analysis_row_014003,2023-09-17,2023-09-17 04:30:00+00:00,2023-09-17 05:00:00+00:00,Things,Book:litfw,Book:litfw,reading,litfw,0.5,0.5,True,explicit_reading_or_audiobook_duration,0.5,calendar_analysis_duration,,,0.0,,,,
calendar_analysis_row_014020_part_0,calendar_analysis_row_014020,2023-09-17,2023-09-17 19:30:00+00:00,2023-09-17 20:30:00+00:00,Things,Book:litfw,Book:litfw,reading,litfw,1.0,1.0,True,explicit_reading_or_audiobook_duration,1.0,calendar_analysis_duration,,,0.0,,,,
calendar_analysis_row_014033_part_0,calendar_analysis_row_014033,2023-09-18,2023-09-18 05:00:00+00:00,2023-09-18 05:30:00+00:00,Things,Book:mlfp,Book:mlfp,reading,mlfp,0.5,0.5,True,explicit_reading_or_audiobook_duration,0.5,calendar_analysis_duration,,,0.0,,,,
calendar_analysis_row_014056_part_0,calendar_analysis_row_014056,2023-09-19,2023-09-19 04:45:00+00:00,2023-09-19 05:00:00+00:00,Things,Book:mlfp,Book:mlfp,reading,mlfp,0.25,0.25,True,explicit_reading_or_audiobook_duration,0.25,calendar_analysis_duration,,,0.0,,,,
calendar_analysis_row_014076_part_0,calendar_analysis_row_014076,2023-09-20,2023-09-20 04:00:00+00:00,2023-09-20 04:45:00+00:00,Things,book:mlfp,book:mlfp,reading,mlfp,0.75,0.75,True,explicit_reading_or_audiobook_duration,0.75,calendar_analysis_duration,,,0.0,,,,
calendar_analysis_row_014100_part_0,calendar_analysis_row_014100,2023-09-21,2023-09-21 04:30:00+00:00,2023-09-21 05:00:00+00:00,Things,Book:ladr,Book:ladr,reading,ladr,0.5,0.5,True,explicit_reading_or_audiobook_duration,0.5,calendar_analysis_duration,,,0.0,,,,
calendar_analysis_row_014136_part_0,calendar_analysis_row_014136,2023-09-23,2023-09-23 06:15:00+00:00,2023-09-23 06:30:00+00:00,Things,Book:ladr,Book:ladr,reading,ladr,0.25,0.25,True,explicit_reading_or_audiobook_duration,0.25,calendar_analysis_duration,,,0.0,,,,
calendar_analysis_row_014187_part_0,calendar_analysis_row_014187,2023-09-25,2023-09-25 05:15:00+00:00,2023-09-25 05:45:00+00:00,Things,Book:ladr,Book:ladr,reading,ladr,0.5,0.5,True,explicit_reading_or_audiobook_duration,0.5,calendar_analysis_duration,,,0.0,,,,
calendar_analysis_row_014210_part_0,calendar_analysis_row_014210,2023-09-26,2023-09-26 04:30:00+00:00,2023-09-26 04:45:00+00:00,Things,Book:ladr,Book:ladr,reading,ladr,0.25,0.25,True,explicit_reading_or_audiobook_duration,0.25,calendar_analysis_duration,,,0.0,,,,
calendar_analysis_row_014255_part_0,calendar_analysis_row_014255,2023-09-28,2023-09-28 04:45:00+00:00,2023-09-28 05:00:00+00:00,Things,book:ladr,book:ladr,reading,ladr,0.25,0.25,True,explicit_reading_or_audiobook_duration,0.25,calendar_analysis_duration,,,0.0,,,,
calendar_analysis_row_014296_part_0,calendar_analysis_row_014296,2023-09-30,2023-09-30 01:30:00+00:00,2023-09-30 02:00:00+00:00,Things,Read: run bookworm,Read: run bookworm,reading,run bookworm,0.5,0.5,True,explicit_reading_or_audiobook_duration,0.5,calendar_analysis_duration,,,0.0,,,,
calendar_analysis_row_014302_part_0,calendar_analysis_row_014302,2023-09-30,2023-09-30 05:30:00+00:00,2023-09-30 05:45:00+00:00,Things,Book:ladr,Book:ladr,reading,ladr,0.25,0.25,True,explicit_reading_or_audiobook_duration,0.25,calendar_analysis_duration,,,0.0,,,,
calendar_analysis_row_014438_part_0,calendar_analysis_row_014438,2023-10-06,2023-10-06 04:30:00+00:00,2023-10-06 04:45:00+00:00,Things,Book:ladr,Book:ladr,reading,ladr,0.25,0.25,True,explicit_reading_or_audiobook_duration,0.25,calendar_analysis_duration,,,0.0,,,,
calendar_analysis_row_014493_part_0,calendar_analysis_row_014493,2023-10-08,2023-10-08 19:15:00+00:00,2023-10-08 19:30:00+00:00,Things,Book:litfw,Book:litfw,reading,litfw,0.25,0.25,True,explicit_reading_or_audiobook_duration,0.25,calendar_analysis_duration,,,0.0,,,,
calendar_analysis_row_014502_part_0,calendar_analysis_row_014502,2023-10-08,2023-10-08 22:00:00+00:00,2023-10-08 22:15:00+00:00,Things,Book:wthwos,Book:wthwos,reading,wthwos,0.25,0.25,True,explicit_reading_or_audiobook_duration,0.25,calendar_analysis_duration,,,0.0,,,,
calendar_analysis_row_014541_part_0,calendar_analysis_row_014541,2023-10-10,2023-10-10 04:45:00+00:00,2023-10-10 05:00:00+00:00,Things,book:ladr,book:ladr,reading,ladr,0.25,0.25,True,explicit_reading_or_audiobook_duration,0.25,calendar_analysis_duration,,,0.0,,,,
calendar_analysis_row_014548_part_0,calendar_analysis_row_014548,2023-10-10,2023-10-10 10:15:00+00:00,2023-10-10 10:45:00+00:00,Things,Book:ladr,Book:ladr,reading,ladr,0.25,0.5,True,explicit_reading_or_audiobook_duration,0.5,full_duration_minor_overlap,sleep,"Meals, Supplements, Sleep",0.25,,,,
calendar_analysis_row_014632_part_0,calendar_analysis_row_014632,2023-10-16,2023-10-16 02:45:00+00:00,2023-10-16 03:00:00+00:00,Things,Book:ladr,Book:ladr,reading,ladr,0.25,0.25,True,explicit_reading_or_audiobook_duration,0.25,calendar_analysis_duration,,,0.0,,,,
calendar_analysis_row_014672_part_0,calendar_analysis_row_014672,2023-10-18,2023-10-18 03:30:00+00:00,2023-10-18 04:15:00+00:00,Things,Book:ladr,Book:ladr,reading,ladr,0.75,0.75,True,explicit_reading_or_audiobook_duration,0.75,calendar_analysis_duration,,,0.0,,,,
calendar_analysis_row_014714_part_0,calendar_analysis_row_014714,2023-10-19,2023-10-19 22:00:00+00:00,2023-10-19 23:45:00+00:00,Things,book:tkt,book:tkt,reading,tkt,1.75,1.75,True,explicit_reading_or_audiobook_duration,1.75,calendar_analysis_duration,,,0.0,,,,
calendar_analysis_row_014725_part_0,calendar_analysis_row_014725,2023-10-20,2023-10-20 04:30:00+00:00,2023-10-20 04:45:00+00:00,Things,Book:ladr,Book:ladr,reading,ladr,0.25,0.25,True,explicit_reading_or_audiobook_duration,0.25,calendar_analysis_duration,,,0.0,,,,
calendar_analysis_row_014732_part_0,calendar_analysis_row_014732,2023-10-20,2023-10-20 15:15:00+00:00,2023-10-20 15:30:00+00:00,Things,Book:ladr,Book:ladr,reading,ladr,0.125,0.25,True,explicit_reading_or_audiobook_duration,0.25,full_duration_minor_overlap,breakfast,"Meals, Supplements, Sleep",0.125,,,,
calendar_analysis_row_014754_part_0,calendar_analysis_row_014754,2023-10-21,2023-10-21 09:30:00+00:00,2023-10-21 09:45:00+00:00,Things,Book:hmpor,Book:hmpor,reading,hmpor,0.25,0.25,True,explicit_reading_or_audiobook_duration,0.25,calendar_analysis_duration,,,0.0,,,,
calendar_analysis_row_014801_part_0,calendar_analysis_row_014801,2023-10-23,2023-10-23 05:15:00+00:00,2023-10-23 05:30:00+00:00,Things,Book:ladr,Book:ladr,reading,ladr,0.25,0.25,True,explicit_reading_or_audiobook_duration,0.25,calendar_analysis_duration,,,0.0,,,,
calendar_analysis_row_014819_part_0,calendar_analysis_row_014819,2023-10-24,2023-10-24 00:45:00+00:00,2023-10-24 01:00:00+00:00,Things,book:mwc,book:mwc,reading,mwc,0.25,0.25,True,explicit_reading_or_audiobook_duration,0.25,calendar_analysis_duration,,,0.0,,,,
calendar_analysis_row_014825_part_0,calendar_analysis_row_014825,2023-10-24,2023-10-24 06:00:00+00:00,2023-10-24 06:30:00+00:00,Things,book:ladr,book:ladr,reading,ladr,0.5,0.5,True,explicit_reading_or_audiobook_duration,0.5,calendar_analysis_duration,,,0.0,,,,
calendar_analysis_row_014849_part_0,calendar_analysis_row_014849,2023-10-25,2023-10-25 05:00:00+00:00,2023-10-25 05:15:00+00:00,Things,Book:ladr,Book:ladr,reading,ladr,0.25,0.25,True,explicit_reading_or_audiobook_duration,0.25,calendar_analysis_duration,,,0.0,,,,
calendar_analysis_row_014861_part_0,calendar_analysis_row_014861,2023-10-26,2023-10-26 04:15:00+00:00,2023-10-26 04:30:00+00:00,Things,book:ladr,book:ladr,reading,ladr,0.25,0.25,True,explicit_reading_or_audiobook_duration,0.25,calendar_analysis_duration,,,0.0,,,,
calendar_analysis_row_014887_part_0,calendar_analysis_row_014887,2023-10-27,2023-10-27 04:45:00+00:00,2023-10-27 05:00:00+00:00,Things,Book:ladr,Book:ladr,reading,ladr,0.25,0.25,True,explicit_reading_or_audiobook_duration,0.25,calendar_analysis_duration,,,0.0,,,,
calendar_analysis_row_014904_part_0,calendar_analysis_row_014904,2023-10-27,2023-10-27 18:00:00+00:00,2023-10-27 19:00:00+00:00,Things,book:sbj,book:sbj,reading,sbj,1.0,1.0,True,explicit_reading_or_audiobook_duration,1.0,calendar_analysis_duration,,,0.0,,,,
calendar_analysis_row_014929_part_0,calendar_analysis_row_014929,2023-10-28,2023-10-28 21:45:00+00:00,2023-10-28 23:00:00+00:00,Things,Book:sbj,Book:sbj,reading,sbj,1.25,1.25,True,explicit_reading_or_audiobook_duration,1.25,calendar_analysis_duration,,,0.0,,,,
calendar_analysis_row_014942_part_0,calendar_analysis_row_014942,2023-10-29,2023-10-29 06:30:00+00:00,2023-10-29 07:00:00+00:00,Things,Book:sbj,Book:sbj,reading,sbj,0.5,0.5,True,explicit_reading_or_audiobook_duration,0.5,calendar_analysis_duration,,,0.0,,,,
calendar_analysis_row_014957_part_0,calendar_analysis_row_014957,2023-10-29,2023-10-29 20:00:00+00:00,2023-10-29 21:15:00+00:00,Things,Book:sbj,Book:sbj,reading,sbj,1.25,1.25,True,explicit_reading_or_audiobook_duration,1.25,calendar_analysis_duration,,,0.0,,,,
calendar_analysis_row_014968_part_0,calendar_analysis_row_014968,2023-10-30,2023-10-30 04:00:00+00:00,2023-10-30 04:45:00+00:00,Things,Book:sbj,Book:sbj,reading,sbj,0.75,0.75,True,explicit_reading_or_audiobook_duration,0.75,calendar_analysis_duration,,,0.0,,,,
calendar_analysis_row_014986_part_0,calendar_analysis_row_014986,2023-10-30,2023-10-30 21:00:00+00:00,2023-10-30 21:45:00+00:00,Things,book:hpmor,book:hpmor,reading,hpmor,0.75,0.75,True,explicit_reading_or_audiobook_duration,0.75,calendar_analysis_duration,,,0.0,,,,
calendar_analysis_row_014989_part_0,calendar_analysis_row_014989,2023-10-30,2023-10-30 23:30:00+00:00,2023-10-31 00:00:00+00:00,Things,book:sbj,book:sbj,reading,sbj,0.5,0.5,True,explicit_reading_or_audiobook_duration,0.5,calendar_analysis_duration,,,0.0,,,,
calendar_analysis_row_015043_part_0,calendar_analysis_row_015043,2023-11-01,2023-11-01 22:30:00+00:00,2023-11-02 00:45:00+00:00,clark.benham@gmail.com,read math: ladr,read math: ladr,reading,math: ladr,2.25,2.25,True,explicit_reading_or_audiobook_duration,2.25,calendar_analysis_duration,,,0.0,,,,
calendar_analysis_row_015049_part_0,calendar_analysis_row_015049,2023-11-02,2023-11-02 04:45:00+00:00,2023-11-02 05:00:00+00:00,Things,Book:ladr,Book:ladr,reading,ladr,0.25,0.25,True,explicit_reading_or_audiobook_duration,0.25,calendar_analysis_duration,,,0.0,,,,
calendar_analysis_row_015119_part_0,calendar_analysis_row_015119,2023-11-05,2023-11-05 05:00:00+00:00,2023-11-05 05:30:00+00:00,Things,book:pc,book:pc,reading,pc,0.375,0.5,True,explicit_reading_or_audiobook_duration,0.5,full_duration_minor_overlap,YouTube,Waste Time,0.125,,,,
calendar_analysis_row_015142_part_0,calendar_analysis_row_015142,2023-11-06,2023-11-06 06:00:00+00:00,2023-11-06 06:15:00+00:00,Things,Book:PyTorch,Book:PyTorch,reading,PyTorch,0.25,0.25,True,explicit_reading_or_audiobook_duration,0.25,calendar_analysis_duration,,,0.0,,,,
calendar_analysis_row_015156_part_0,calendar_analysis_row_015156,2023-11-07,2023-11-07 01:45:00+00:00,2023-11-07 02:00:00+00:00,Things,book:aa7,book:aa7,reading,aa7,0.25,0.25,True,explicit_reading_or_audiobook_duration,0.25,calendar_analysis_duration,,,0.0,,,,
calendar_analysis_row_015228_part_0,calendar_analysis_row_015228,2023-11-10,2023-11-10 05:45:00+00:00,2023-11-10 06:00:00+00:00,Things,book:ladr,book:ladr,reading,ladr,0.25,0.25,True,explicit_reading_or_audiobook_duration,0.25,calendar_analysis_duration,,,0.0,,,,
calendar_analysis_row_015255_part_0,calendar_analysis_row_015255,2023-11-11,2023-11-11 07:15:00+00:00,2023-11-11 07:30:00+00:00,Things,Book:ladr,Book:ladr,reading,ladr,0.25,0.25,True,explicit_reading_or_audiobook_duration,0.25,calendar_analysis_duration,,,0.0,,,,
calendar_analysis_row_015301_part_0,calendar_analysis_row_015301,2023-11-12,2023-11-12 23:15:00+00:00,2023-11-13 00:45:00+00:00,clark.benham@gmail.com,read complex analysis,read complex analysis,reading,complex analysis,1.5,1.5,True,explicit_reading_or_audiobook_duration,1.5,calendar_analysis_duration,,,0.0,,,,
calendar_analysis_row_015432_part_0,calendar_analysis_row_015432,2023-11-18,2023-11-18 08:30:00+00:00,2023-11-18 09:00:00+00:00,Things,Book:litfw,Book:litfw,reading,litfw,0.5,0.5,True,explicit_reading_or_audiobook_duration,0.5,calendar_analysis_duration,,,0.0,,,,
calendar_analysis_row_015451_part_0,calendar_analysis_row_015451,2023-11-19,2023-11-19 07:30:00+00:00,2023-11-19 07:45:00+00:00,Things,Book:litfw,Book:litfw,reading,litfw,0.25,0.25,True,explicit_reading_or_audiobook_duration,0.25,calendar_analysis_duration,,,0.0,,,,
calendar_analysis_row_015479_part_0,calendar_analysis_row_015479,2023-11-20,2023-11-20 05:45:00+00:00,2023-11-20 06:30:00+00:00,Things,Book:litfw,Book:litfw,reading,litfw,0.75,0.75,True,explicit_reading_or_audiobook_duration,0.75,calendar_analysis_duration,,,0.0,,,,
calendar_analysis_row_015508_part_0,calendar_analysis_row_015508,2023-11-21,2023-11-21 12:00:00+00:00,2023-11-21 14:00:00+00:00,Things,book:tadm,book:tadm,reading,tadm,2.0,2.0,True,explicit_reading_or_audiobook_duration,2.0,calendar_analysis_duration,,,0.0,,,,
calendar_analysis_row_015803_part_0,calendar_analysis_row_015803,2023-12-05,2023-12-05 05:45:00+00:00,2023-12-05 06:15:00+00:00,Things,Book:sp,Book:sp,reading,sp,0.5,0.5,True,explicit_reading_or_audiobook_duration,0.5,calendar_analysis_duration,,,0.0,,,,
calendar_analysis_row_015862_part_0,calendar_analysis_row_015862,2023-12-07,2023-12-07 06:30:00+00:00,2023-12-07 07:00:00+00:00,Things,book:sp,book:sp,reading,sp,0.5,0.5,True,explicit_reading_or_audiobook_duration,0.5,calendar_analysis_duration,,,0.0,,,,
calendar_analysis_row_015885_part_0,calendar_analysis_row_015885,2023-12-08,2023-12-08 07:45:00+00:00,2023-12-08 08:30:00+00:00,Things,Book:sp,Book:sp,reading,sp,0.75,0.75,True,explicit_reading_or_audiobook_duration,0.75,calendar_analysis_duration,,,0.0,,,,
calendar_analysis_row_015992_part_0,calendar_analysis_row_015992,2023-12-12,2023-12-12 06:30:00+00:00,2023-12-12 07:00:00+00:00,Things,book:sp,book:sp,reading,sp,0.5,0.5,True,explicit_reading_or_audiobook_duration,0.5,calendar_analysis_duration,,,0.0,,,,
calendar_analysis_row_016073_part_0,calendar_analysis_row_016073,2023-12-15,2023-12-15 06:15:00+00:00,2023-12-15 06:30:00+00:00,Things,Book:ladr,Book:ladr,reading,ladr,0.25,0.25,True,explicit_reading_or_audiobook_duration,0.25,calendar_analysis_duration,,,0.0,,,,
calendar_analysis_row_016120_part_0,calendar_analysis_row_016120,2023-12-18,2023-12-18 03:30:00+00:00,2023-12-18 03:45:00+00:00,Things,book:ladr,book:ladr,reading,ladr,0.25,0.25,True,explicit_reading_or_audiobook_duration,0.25,calendar_analysis_duration,,,0.0,,,,
calendar_analysis_row_016303_part_0,calendar_analysis_row_016303,2023-12-26,2023-12-26 07:00:00+00:00,2023-12-26 07:15:00+00:00,Things,Book:ladr,Book:ladr,reading,ladr,0.25,0.25,True,explicit_reading_or_audiobook_duration,0.25,calendar_analysis_duration,,,0.0,,,,
calendar_analysis_row_016306_part_0,calendar_analysis_row_016306,2023-12-26,2023-12-26 07:45:00+00:00,2023-12-26 08:00:00+00:00,Things,Book:ladr,Book:ladr,reading,ladr,0.25,0.25,True,explicit_reading_or_audiobook_duration,0.25,calendar_analysis_duration,,,0.0,,,,
calendar_analysis_row_016374_part_0,calendar_analysis_row_016374,2023-12-29,2023-12-29 01:00:00+00:00,2023-12-29 01:30:00+00:00,Things,Book:ladr,Book:ladr,reading,ladr,0.5,0.5,True,explicit_reading_or_audiobook_duration,0.5,calendar_analysis_duration,,,0.0,,,,
calendar_analysis_row_016410_part_0,calendar_analysis_row_016410,2023-12-30,2023-12-30 21:00:00+00:00,2023-12-30 21:30:00+00:00,Things,Book:ladr,Book:ladr,reading,ladr,0.5,0.5,True,explicit_reading_or_audiobook_duration,0.5,calendar_analysis_duration,,,0.0,,,,
calendar_analysis_row_016450_part_0,calendar_analysis_row_016450,2024-01-04,2024-01-04 01:00:00+00:00,2024-01-04 01:15:00+00:00,Things,Book:ladr,Book:ladr,reading,ladr,0.25,0.25,True,explicit_reading_or_audiobook_duration,0.25,calendar_analysis_duration,,,0.0,,,,
calendar_analysis_row_016680_part_0,calendar_analysis_row_016680,2024-01-18,2024-01-18 17:30:00+00:00,2024-01-18 18:30:00+00:00,clark.benham@gmail.com,read math,read math,reading,math,1.0,1.0,True,explicit_reading_or_audiobook_duration,1.0,calendar_analysis_duration,,,0.0,,,,
calendar_analysis_row_016763_part_0,calendar_analysis_row_016763,2024-01-22,2024-01-22 05:00:00+00:00,2024-01-22 05:15:00+00:00,Things,book:sp,book:sp,reading,sp,0.25,0.25,True,explicit_reading_or_audiobook_duration,0.25,calendar_analysis_duration,,,0.0,,,,
calendar_analysis_row_016804_part_0,calendar_analysis_row_016804,2024-01-24,2024-01-24 05:15:00+00:00,2024-01-24 05:30:00+00:00,Things,Book:ladr,Book:ladr,reading,ladr,0.25,0.25,True,explicit_reading_or_audiobook_duration,0.25,calendar_analysis_duration,,,0.0,,,,
calendar_analysis_row_016827_part_0,calendar_analysis_row_016827,2024-01-25,2024-01-25 03:30:00+00:00,2024-01-25 05:00:00+00:00,clark.benham@gmail.com,read prompts,read prompts,reading,prompts,1.5,1.5,True,explicit_reading_or_audiobook_duration,1.5,calendar_analysis_duration,,,0.0,,,,
calendar_analysis_row_016843_part_0,calendar_analysis_row_016843,2024-01-25,2024-01-25 18:15:00+00:00,2024-01-25 19:00:00+00:00,clark.benham@gmail.com,read linear algebra,read linear algebra,reading,linear algebra,0.75,0.75,True,explicit_reading_or_audiobook_duration,0.75,calendar_analysis_duration,,,0.0,,,,
calendar_analysis_row_016876_part_0,calendar_analysis_row_016876,2024-01-27,2024-01-27 07:15:00+00:00,2024-01-27 07:45:00+00:00,Things,Book:ladr,Book:ladr,reading,ladr,0.5,0.5,True,explicit_reading_or_audiobook_duration,0.5,calendar_analysis_duration,,,0.0,,,,
calendar_analysis_row_016904_part_0,calendar_analysis_row_016904,2024-01-28,2024-01-28 07:30:00+00:00,2024-01-28 08:00:00+00:00,Things,book:bloj,book:bloj,reading,bloj,0.5,0.5,True,explicit_reading_or_audiobook_duration,0.5,calendar_analysis_duration,,,0.0,,,,
calendar_analysis_row_017000_part_0,calendar_analysis_row_017000,2024-02-02,2024-02-02 08:45:00+00:00,2024-02-02 09:00:00+00:00,Things,book:ladr,book:ladr,reading,ladr,0.25,0.25,True,explicit_reading_or_audiobook_duration,0.25,calendar_analysis_duration,,,0.0,,,,
calendar_analysis_row_017134_part_0,calendar_analysis_row_017134,2024-02-11,2024-02-11 05:45:00+00:00,2024-02-11 06:15:00+00:00,Things,book:pf,book:pf,reading,pf,0.5,0.5,True,explicit_reading_or_audiobook_duration,0.5,calendar_analysis_duration,,,0.0,,,,
calendar_analysis_row_017278_part_0,calendar_analysis_row_017278,2024-02-19,2024-02-19 07:45:00+00:00,2024-02-19 08:30:00+00:00,Things,Book:pf,Book:pf,reading,pf,0.75,0.75,True,explicit_reading_or_audiobook_duration,0.75,calendar_analysis_duration,,,0.0,,,,
calendar_analysis_row_017300_part_0,calendar_analysis_row_017300,2024-02-20,2024-02-20 04:00:00+00:00,2024-02-20 05:30:00+00:00,Things,book:bloj,book:bloj,reading,bloj,1.5,1.5,True,explicit_reading_or_audiobook_duration,1.5,calendar_analysis_duration,,,0.0,,,,
calendar_analysis_row_017301_part_0,calendar_analysis_row_017301,2024-02-20,2024-02-20 05:45:00+00:00,2024-02-20 06:00:00+00:00,Things,Read: ladr,Read: ladr,reading,ladr,0.25,0.25,True,explicit_reading_or_audiobook_duration,0.25,calendar_analysis_duration,,,0.0,,,,
calendar_analysis_row_017351_part_0,calendar_analysis_row_017351,2024-02-22,2024-02-22 01:00:00+00:00,2024-02-22 02:00:00+00:00,Things,book:hss,book:hss,reading,hss,1.0,1.0,True,explicit_reading_or_audiobook_duration,1.0,calendar_analysis_duration,,,0.0,,,,
calendar_analysis_row_017364_part_0,calendar_analysis_row_017364,2024-02-22,2024-02-22 19:00:00+00:00,2024-02-22 20:15:00+00:00,Things,Book:hss,Book:hss,reading,hss,1.25,1.25,True,explicit_reading_or_audiobook_duration,1.25,calendar_analysis_duration,,,0.0,,,,
calendar_analysis_row_017385_part_0,calendar_analysis_row_017385,2024-02-23,2024-02-23 08:15:00+00:00,2024-02-23 09:00:00+00:00,Things,Book:bloj,Book:bloj,reading,bloj,0.75,0.75,True,explicit_reading_or_audiobook_duration,0.75,calendar_analysis_duration,,,0.0,,,,
calendar_analysis_row_017392_part_0,calendar_analysis_row_017392,2024-02-23,2024-02-23 20:45:00+00:00,2024-02-23 21:15:00+00:00,clark.benham@gmail.com,read: ladr,read: ladr,reading,ladr,0.5,0.5,True,explicit_reading_or_audiobook_duration,0.5,calendar_analysis_duration,,,0.0,,,,
calendar_analysis_row_017406_part_0,calendar_analysis_row_017406,2024-02-24,2024-02-24 07:00:00+00:00,2024-02-24 08:45:00+00:00,Things,Book:bloj,Book:bloj,reading,bloj,1.75,1.75,True,explicit_reading_or_audiobook_duration,1.75,calendar_analysis_duration,,,0.0,,,,
calendar_analysis_row_017423_part_0,calendar_analysis_row_017423,2024-02-25,2024-02-25 01:30:00+00:00,2024-02-25 02:30:00+00:00,Things,book:bloj,book:bloj,reading,bloj,1.0,1.0,True,explicit_reading_or_audiobook_duration,1.0,calendar_analysis_duration,,,0.0,,,,
calendar_analysis_row_017424_part_0,calendar_analysis_row_017424,2024-02-25,2024-02-25 02:30:00+00:00,2024-02-25 03:30:00+00:00,clark.benham@gmail.com,read: ladr,read: ladr,reading,ladr,1.0,1.0,True,explicit_reading_or_audiobook_duration,1.0,calendar_analysis_duration,,,0.0,,,,
calendar_analysis_row_017429_part_0,calendar_analysis_row_017429,2024-02-25,2024-02-25 05:15:00+00:00,2024-02-25 05:45:00+00:00,Things,Book:sp,Book:sp,reading,sp,0.5,0.5,True,explicit_reading_or_audiobook_duration,0.5,calendar_analysis_duration,,,0.0,,,,
calendar_analysis_row_017439_part_0,calendar_analysis_row_017439,2024-02-25,2024-02-25 19:15:00+00:00,2024-02-25 19:30:00+00:00,clark.benham@gmail.com,book:sp,book:sp,reading,sp,0.25,0.25,True,explicit_reading_or_audiobook_duration,0.25,calendar_analysis_duration,,,0.0,,,,
calendar_analysis_row_017448_part_0,calendar_analysis_row_017448,2024-02-25,2024-02-25 23:15:00+00:00,2024-02-26 00:00:00+00:00,Things,Book:hss,Book:hss,reading,hss,0.75,0.75,True,explicit_reading_or_audiobook_duration,0.75,calendar_analysis_duration,,,0.0,,,,
calendar_analysis_row_017460_part_0,calendar_analysis_row_017460,2024-02-26,2024-02-26 13:30:00+00:00,2024-02-26 13:45:00+00:00,Things,Book:bloj,Book:bloj,reading,bloj,0.25,0.25,True,explicit_reading_or_audiobook_duration,0.25,calendar_analysis_duration,,,0.0,,,,
calendar_analysis_row_017507_part_0,calendar_analysis_row_017507,2024-02-28,2024-02-28 07:45:00+00:00,2024-02-28 08:15:00+00:00,Things,Book:ladr,Book:ladr,reading,ladr,0.5,0.5,True,explicit_reading_or_audiobook_duration,0.5,calendar_analysis_duration,,,0.0,,,,
calendar_analysis_row_017851_part_0,calendar_analysis_row_017851,2024-03-14,2024-03-14 21:00:00+00:00,2024-03-14 21:15:00+00:00,clark.benham@gmail.com,read misc resources,read misc resources,reading,misc resources,0.25,0.25,True,explicit_reading_or_audiobook_duration,0.25,calendar_analysis_duration,,,0.0,,,,
calendar_analysis_row_017863_part_0,calendar_analysis_row_017863,2024-03-15,2024-03-15 05:30:00+00:00,2024-03-15 06:30:00+00:00,clark.benham@gmail.com,read math: calc3,read math: calc3,reading,math: calc3,1.0,1.0,True,explicit_reading_or_audiobook_duration,1.0,calendar_analysis_duration,,,0.0,,,,
calendar_analysis_row_017883_part_0,calendar_analysis_row_017883,2024-03-16,2024-03-16 00:30:00+00:00,2024-03-16 00:45:00+00:00,clark.benham@gmail.com,read math,read math,reading,math,0.25,0.25,True,explicit_reading_or_audiobook_duration,0.25,calendar_analysis_duration,,,0.0,,,,
calendar_analysis_row_017935_part_0,calendar_analysis_row_017935,2024-03-18,2024-03-18 05:15:00+00:00,2024-03-18 06:15:00+00:00,clark.benham@gmail.com,read calc3,read calc3,reading,calc3,1.0,1.0,True,explicit_reading_or_audiobook_duration,1.0,calendar_analysis_duration,,,0.0,,,,
calendar_analysis_row_017962_part_0,calendar_analysis_row_017962,2024-03-19,2024-03-19 07:00:00+00:00,2024-03-19 07:30:00+00:00,Things,book:cm,book:cm,reading,cm,0.5,0.5,True,explicit_reading_or_audiobook_duration,0.5,calendar_analysis_duration,,,0.0,,,,
calendar_analysis_row_018032_part_0,calendar_analysis_row_018032,2024-03-21,2024-03-21 23:00:00+00:00,2024-03-22 00:00:00+00:00,Things,book:pp,book:pp,reading,pp,1.0,1.0,True,explicit_reading_or_audiobook_duration,1.0,calendar_analysis_duration,,,0.0,,,,
calendar_analysis_row_018063_part_0,calendar_analysis_row_018063,2024-03-23,2024-03-23 02:30:00+00:00,2024-03-23 03:00:00+00:00,Things,book:aoc,book:aoc,reading,aoc,0.5,0.5,True,explicit_reading_or_audiobook_duration,0.5,calendar_analysis_duration,,,0.0,,,,
calendar_analysis_row_018077_part_0,calendar_analysis_row_018077,2024-03-23,2024-03-23 21:00:00+00:00,2024-03-23 21:30:00+00:00,Things,read: hemmingway,read: hemmingway,reading,hemmingway,0.5,0.5,True,explicit_reading_or_audiobook_duration,0.5,calendar_analysis_duration,,,0.0,,,,
calendar_analysis_row_018080_part_0,calendar_analysis_row_018080,2024-03-23,2024-03-23 22:30:00+00:00,2024-03-23 23:30:00+00:00,Things,read: hemmingway,read: hemmingway,reading,hemmingway,1.0,1.0,True,explicit_reading_or_audiobook_duration,1.0,calendar_analysis_duration,,,0.0,,,,
calendar_analysis_row_018239_part_0,calendar_analysis_row_018239,2024-03-30,2024-03-30 23:30:00+00:00,2024-03-30 23:45:00+00:00,Things,book:eup,book:eup,reading,eup,0.25,0.25,True,explicit_reading_or_audiobook_duration,0.25,calendar_analysis_duration,,,0.0,,,,
calendar_analysis_row_018240_part_0,calendar_analysis_row_018240,2024-03-30,2024-03-30 23:45:00+00:00,2024-03-31 00:00:00+00:00,Things,book:nea,book:nea,reading,nea,0.25,0.25,True,explicit_reading_or_audiobook_duration,0.25,calendar_analysis_duration,,,0.0,,,,
calendar_analysis_row_018267_part_0,calendar_analysis_row_018267,2024-04-01,2024-04-01 00:15:00+00:00,2024-04-01 01:00:00+00:00,clark.benham@gmail.com,read lw for spar,read lw for spar,reading,lw for spar,0.75,0.75,True,explicit_reading_or_audiobook_duration,0.75,calendar_analysis_duration,,,0.0,,,,
calendar_analysis_row_018301_part_0,calendar_analysis_row_018301,2024-04-02,2024-04-02 08:15:00+00:00,2024-04-02 08:30:00+00:00,Things,Book:pc,Book:pc,reading,pc,0.25,0.25,True,explicit_reading_or_audiobook_duration,0.25,calendar_analysis_duration,,,0.0,,,,
calendar_analysis_row_018326_part_0,calendar_analysis_row_018326,2024-04-03,2024-04-03 06:00:00+00:00,2024-04-03 06:15:00+00:00,Things,book:pc,book:pc,reading,pc,0.25,0.25,True,explicit_reading_or_audiobook_duration,0.25,calendar_analysis_duration,,,0.0,,,,
calendar_analysis_row_018354_part_0,calendar_analysis_row_018354,2024-04-04,2024-04-04 11:00:00+00:00,2024-04-04 11:30:00+00:00,Things,book:tgb,book:tgb,reading,tgb,0.5,0.5,True,explicit_reading_or_audiobook_duration,0.5,calendar_analysis_duration,,,0.0,,,,
calendar_analysis_row_018357_part_0,calendar_analysis_row_018357,2024-04-04,2024-04-04 16:15:00+00:00,2024-04-04 17:00:00+00:00,Things,Book:bloj,Book:bloj,reading,bloj,0.75,0.75,True,explicit_reading_or_audiobook_duration,0.75,calendar_analysis_duration,,,0.0,,,,
calendar_analysis_row_018380_part_0,calendar_analysis_row_018380,2024-04-05,2024-04-05 17:00:00+00:00,2024-04-05 17:45:00+00:00,clark.benham@gmail.com,read matricies,read matricies,reading,matricies,0.75,0.75,True,explicit_reading_or_audiobook_duration,0.75,calendar_analysis_duration,,,0.0,,,,
calendar_analysis_row_018411_part_0,calendar_analysis_row_018411,2024-04-07,2024-04-07 01:30:00+00:00,2024-04-07 02:00:00+00:00,Things,Book:neuromancer,Book:neuromancer,reading,neuromancer,0.5,0.5,True,explicit_reading_or_audiobook_duration,0.5,calendar_analysis_duration,,,0.0,,,,
calendar_analysis_row_018424_part_0,calendar_analysis_row_018424,2024-04-07,2024-04-07 20:30:00+00:00,2024-04-07 21:00:00+00:00,Things,Book:neuromancer,Book:neuromancer,reading,neuromancer,0.5,0.5,True,explicit_reading_or_audiobook_duration,0.5,calendar_analysis_duration,,,0.0,,,,
calendar_analysis_row_018425_part_0,calendar_analysis_row_018425,2024-04-07,2024-04-07 21:00:00+00:00,2024-04-07 22:00:00+00:00,Things,Book:litfw,Book:litfw,reading,litfw,1.0,1.0,True,explicit_reading_or_audiobook_duration,1.0,calendar_analysis_duration,,,0.0,,,,
calendar_analysis_row_018437_part_0,calendar_analysis_row_018437,2024-04-08,2024-04-08 03:45:00+00:00,2024-04-08 04:00:00+00:00,clark.benham@gmail.com,Book:nfda,Book:nfda,reading,nfda,0.25,0.25,True,explicit_reading_or_audiobook_duration,0.25,calendar_analysis_duration,,,0.0,,,,
calendar_analysis_row_018454_part_0,calendar_analysis_row_018454,2024-04-09,2024-04-09 00:15:00+00:00,2024-04-09 01:15:00+00:00,Things,book:tm,book:tm,reading,tm,1.0,1.0,True,explicit_reading_or_audiobook_duration,1.0,calendar_analysis_duration,,,0.0,,,,
calendar_analysis_row_018626_part_0,calendar_analysis_row_018626,2024-04-15,2024-04-15 05:00:00+00:00,2024-04-15 05:30:00+00:00,Things,Readings,Readings,reading,ings,0.5,0.5,True,explicit_reading_or_audiobook_duration,0.5,calendar_analysis_duration,,,0.0,,,,
calendar_analysis_row_018709_part_0,calendar_analysis_row_018709,2024-04-17,2024-04-17 23:00:00+00:00,2024-04-17 23:30:00+00:00,Things,Book:nfu,Book:nfu,reading,nfu,0.5,0.5,True,explicit_reading_or_audiobook_duration,0.5,calendar_analysis_duration,,,0.0,,,,
calendar_analysis_row_018727_part_0,calendar_analysis_row_018727,2024-04-18,2024-04-18 07:00:00+00:00,2024-04-18 07:15:00+00:00,Things,book:nfu,book:nfu,reading,nfu,0.25,0.25,True,explicit_reading_or_audiobook_duration,0.25,calendar_analysis_duration,,,0.0,,,,
calendar_analysis_row_018758_part_0,calendar_analysis_row_018758,2024-04-19,2024-04-19 18:15:00+00:00,2024-04-19 19:00:00+00:00,Things,book:hemingway,book:hemingway,reading,hemingway,0.75,0.75,True,explicit_reading_or_audiobook_duration,0.75,calendar_analysis_duration,,,0.0,,,,
calendar_analysis_row_018767_part_0,calendar_analysis_row_018767,2024-04-20,2024-04-20 01:15:00+00:00,2024-04-20 01:45:00+00:00,Things,Book:gb,Book:gb,reading,gb,0.5,0.5,True,explicit_reading_or_audiobook_duration,0.5,calendar_analysis_duration,,,0.0,,,,
calendar_analysis_row_018856_part_0,calendar_analysis_row_018856,2024-04-23,2024-04-23 18:15:00+00:00,2024-04-23 19:15:00+00:00,Things,Read: PG woodenhouse,Read: PG woodenhouse,reading,PG woodenhouse,1.0,1.0,True,explicit_reading_or_audiobook_duration,1.0,calendar_analysis_duration,,,0.0,,,,
calendar_analysis_row_018876_part_0,calendar_analysis_row_018876,2024-04-24,2024-04-24 07:15:00+00:00,2024-04-24 07:45:00+00:00,Things,Reading,Reading,reading,ing,0.5,0.5,True,explicit_reading_or_audiobook_duration,0.5,calendar_analysis_duration,,,0.0,,,,
calendar_analysis_row_019003_part_0,calendar_analysis_row_019003,2024-04-29,2024-04-29 07:15:00+00:00,2024-04-29 07:30:00+00:00,Things,Book:pfda,Book:pfda,reading,pfda,0.25,0.25,True,explicit_reading_or_audiobook_duration,0.25,calendar_analysis_duration,,,0.0,,,,
calendar_analysis_row_019032_part_0,calendar_analysis_row_019032,2024-04-30,2024-04-30 06:15:00+00:00,2024-04-30 07:00:00+00:00,clark.benham@gmail.com,book:pfda,book:pfda,reading,pfda,0.75,0.75,True,explicit_reading_or_audiobook_duration,0.75,calendar_analysis_duration,,,0.0,,,,
calendar_analysis_row_019067_part_0,calendar_analysis_row_019067,2024-05-01,2024-05-01 07:00:00+00:00,2024-05-01 07:30:00+00:00,Things,Book:tgb,Book:tgb,reading,tgb,0.5,0.5,True,explicit_reading_or_audiobook_duration,0.5,calendar_analysis_duration,,,0.0,,,,
calendar_analysis_row_019237_part_0,calendar_analysis_row_019237,2024-05-07,2024-05-07 07:45:00+00:00,2024-05-07 08:00:00+00:00,Things,Book:ODE,Book:ODE,reading,ODE,0.25,0.25,True,explicit_reading_or_audiobook_duration,0.25,calendar_analysis_duration,,,0.0,,,,
calendar_analysis_row_019279_part_0,calendar_analysis_row_019279,2024-05-08,2024-05-08 21:15:00+00:00,2024-05-08 21:45:00+00:00,Things,Book:nm,Book:nm,reading,nm,0.5,0.5,True,explicit_reading_or_audiobook_duration,0.5,calendar_analysis_duration,,,0.0,,,,
calendar_analysis_row_019345_part_0,calendar_analysis_row_019345,2024-05-11,2024-05-11 07:30:00+00:00,2024-05-11 08:00:00+00:00,Things,Book:tgb,Book:tgb,reading,tgb,0.5,0.5,True,explicit_reading_or_audiobook_duration,0.5,calendar_analysis_duration,,,0.0,,,,
calendar_analysis_row_019353_part_0,calendar_analysis_row_019353,2024-05-11,2024-05-11 20:15:00+00:00,2024-05-11 20:30:00+00:00,Things,book:tgb,book:tgb,reading,tgb,0.25,0.25,True,explicit_reading_or_audiobook_duration,0.25,calendar_analysis_duration,,,0.0,,,,
calendar_analysis_row_019438_part_0,calendar_analysis_row_019438,2024-05-14,2024-05-14 22:45:00+00:00,2024-05-14 23:00:00+00:00,Things,Book:tgb,Book:tgb,reading,tgb,0.25,0.25,True,explicit_reading_or_audiobook_duration,0.25,calendar_analysis_duration,,,0.0,,,,
calendar_analysis_row_019456_part_0,calendar_analysis_row_019456,2024-05-15,2024-05-15 22:30:00+00:00,2024-05-15 23:00:00+00:00,Things,book:itaseas,book:itaseas,reading,itaseas,0.5,0.5,True,explicit_reading_or_audiobook_duration,0.5,calendar_analysis_duration,,,0.0,,,,
calendar_analysis_row_019480_part_0,calendar_analysis_row_019480,2024-05-16,2024-05-16 23:15:00+00:00,2024-05-16 23:45:00+00:00,clark.benham@gmail.com,book:pfda,book:pfda,reading,pfda,0.5,0.5,True,explicit_reading_or_audiobook_duration,0.5,calendar_analysis_duration,,,0.0,,,,
calendar_analysis_row_019497_part_0,calendar_analysis_row_019497,2024-05-17,2024-05-17 22:00:00+00:00,2024-05-17 22:15:00+00:00,Things,book:tgb,book:tgb,reading,tgb,0.25,0.25,True,explicit_reading_or_audiobook_duration,0.25,calendar_analysis_duration,,,0.0,,,,
calendar_analysis_row_019498_part_0,calendar_analysis_row_019498,2024-05-17,2024-05-17 22:15:00+00:00,2024-05-17 22:45:00+00:00,Things,book:bloj,book:bloj,reading,bloj,0.5,0.5,True,explicit_reading_or_audiobook_duration,0.5,calendar_analysis_duration,,,0.0,,,,
calendar_analysis_row_019676_part_0,calendar_analysis_row_019676,2024-05-24,2024-05-24 17:15:00+00:00,2024-05-24 18:00:00+00:00,Things,Book trip: rafting,Book trip: rafting,reading,trip: rafting,0.75,0.75,True,explicit_reading_or_audiobook_duration,0.75,calendar_analysis_duration,,,0.0,,,,
calendar_analysis_row_019967_part_0,calendar_analysis_row_019967,2024-06-07,2024-06-07 21:15:00+00:00,2024-06-07 21:30:00+00:00,clark.benham@gmail.com,read paper,read paper,reading,paper,0.25,0.25,True,explicit_reading_or_audiobook_duration,0.25,calendar_analysis_duration,,,0.0,,,,
calendar_analysis_row_020014_part_0,calendar_analysis_row_020014,2024-06-09,2024-06-09 07:00:00+00:00,2024-06-09 07:30:00+00:00,Things,read: twain,read: twain,reading,twain,0.5,0.5,True,explicit_reading_or_audiobook_duration,0.5,calendar_analysis_duration,,,0.0,,,,
calendar_analysis_row_020028_part_0,calendar_analysis_row_020028,2024-06-09,2024-06-09 19:30:00+00:00,2024-06-09 19:45:00+00:00,Things,book:wim,book:wim,reading,wim,0.25,0.25,True,explicit_reading_or_audiobook_duration,0.25,calendar_analysis_duration,,,0.0,,,,
calendar_analysis_row_020816_part_0,calendar_analysis_row_020816,2024-07-14,2024-07-14 06:00:00+00:00,2024-07-14 06:15:00+00:00,Things,Book:wism,Book:wism,reading,wism,0.25,0.25,True,explicit_reading_or_audiobook_duration,0.25,calendar_analysis_duration,,,0.0,,,,
calendar_analysis_row_021099_part_0,calendar_analysis_row_021099,2024-07-27,2024-07-27 06:00:00+00:00,2024-07-27 06:30:00+00:00,Things,Book:pp,Book:pp,reading,pp,0.5,0.5,True,explicit_reading_or_audiobook_duration,0.5,calendar_analysis_duration,,,0.0,,,,
calendar_analysis_row_021284_part_0,calendar_analysis_row_021284,2024-08-05,2024-08-05 08:00:00+00:00,2024-08-05 08:15:00+00:00,Things,Book:mastery,Book:mastery,reading,mastery,0.25,0.25,True,explicit_reading_or_audiobook_duration,0.25,calendar_analysis_duration,,,0.0,,,,
calendar_analysis_row_021314_part_0,calendar_analysis_row_021314,2024-08-06,2024-08-06 09:30:00+00:00,2024-08-06 09:45:00+00:00,Things,book:tw1q,book:tw1q,reading,tw1q,0.25,0.25,True,explicit_reading_or_audiobook_duration,0.25,calendar_analysis_duration,,,0.0,,,,
calendar_analysis_row_021321_part_0,calendar_analysis_row_021321,2024-08-06,2024-08-06 13:45:00+00:00,2024-08-06 15:00:00+00:00,Things,Book:tw12q,Book:tw12q,reading,tw12q,1.25,1.25,True,explicit_reading_or_audiobook_duration,1.25,calendar_analysis_duration,,,0.0,,,,
calendar_analysis_row_021345_part_0,calendar_analysis_row_021345,2024-08-07,2024-08-07 05:15:00+00:00,2024-08-07 05:30:00+00:00,Things,Book:tw12q,Book:tw12q,reading,tw12q,0.25,0.25,True,explicit_reading_or_audiobook_duration,0.25,calendar_analysis_duration,,,0.0,,,,
calendar_analysis_row_021525_part_0,calendar_analysis_row_021525,2024-08-13,2024-08-13 23:30:00+00:00,2024-08-14 00:00:00+00:00,Things,book:bm,book:bm,reading,bm,0.2113888888888889,0.5,True,explicit_reading_or_audiobook_duration,0.2113888888888889,calendar_analysis_duration_incompatible_overlap,Travel to AMC Bay Street 16 | Deadpool & Wolverine at AMC Bay Street 16,Things | Waste Time,0.0,,,,
calendar_analysis_row_021539_part_0,calendar_analysis_row_021539,2024-08-14,2024-08-14 21:15:00+00:00,2024-08-14 21:30:00+00:00,Things,Book:bm,Book:bm,reading,bm,0.25,0.25,True,explicit_reading_or_audiobook_duration,0.25,calendar_analysis_duration,,,0.0,,,,
calendar_analysis_row_021637_part_0,calendar_analysis_row_021637,2024-08-18,2024-08-18 20:00:00+00:00,2024-08-18 22:00:00+00:00,Things,book:bm,book:bm,reading,bm,2.0,2.0,True,explicit_reading_or_audiobook_duration,2.0,calendar_analysis_duration,,,0.0,,,,
calendar_analysis_row_021695_part_0,calendar_analysis_row_021695,2024-08-21,2024-08-21 07:30:00+00:00,2024-08-21 08:00:00+00:00,Things,book:pp,book:pp,reading,pp,0.5,0.5,True,explicit_reading_or_audiobook_duration,0.5,calendar_analysis_duration,,,0.0,,,,
calendar_analysis_row_021777_part_0,calendar_analysis_row_021777,2024-08-24,2024-08-24 20:00:00+00:00,2024-08-24 21:00:00+00:00,Things,book:apgte,book:apgte,reading,apgte,1.0,1.0,True,explicit_reading_or_audiobook_duration,1.0,calendar_analysis_duration,,,0.0,,,,
calendar_analysis_row_022007_part_0,calendar_analysis_row_022007,2024-09-05,2024-09-05 13:00:00+00:00,2024-09-05 13:15:00+00:00,Things,Book eyeglasses,Book eyeglasses,reading,eyeglasses,0.25,0.25,True,explicit_reading_or_audiobook_duration,0.25,calendar_analysis_duration,,,0.0,,,,
calendar_analysis_row_022226_part_0,calendar_analysis_row_022226,2024-09-14,2024-09-14 12:00:00+00:00,2024-09-14 12:30:00+00:00,Things,read tabs,read tabs,reading,tabs,0.5,0.5,True,explicit_reading_or_audiobook_duration,0.5,calendar_analysis_duration,,,0.0,,,,
calendar_analysis_row_022410_part_0,calendar_analysis_row_022410,2024-09-20,2024-09-20 21:15:00+00:00,2024-09-20 21:45:00+00:00,Things,book:information,book:information,reading,information,0.5,0.5,True,explicit_reading_or_audiobook_duration,0.5,calendar_analysis_duration,,,0.0,,,,
calendar_analysis_row_022911_part_0,calendar_analysis_row_022911,2024-10-11,2024-10-11 20:30:00+00:00,2024-10-11 21:15:00+00:00,Things,reading,reading,reading,ing,0.75,0.75,True,explicit_reading_or_audiobook_duration,0.75,calendar_analysis_duration,,,0.0,,,,
calendar_analysis_row_022920_part_0,calendar_analysis_row_022920,2024-10-12,2024-10-12 03:15:00+00:00,2024-10-12 03:45:00+00:00,Things,Book:information,Book:information,reading,information,0.5,0.5,True,explicit_reading_or_audiobook_duration,0.5,calendar_analysis_duration,,,0.0,,,,
calendar_analysis_row_022960_part_0,calendar_analysis_row_022960,2024-10-13,2024-10-13 06:30:00+00:00,2024-10-13 07:00:00+00:00,Things,book:lavep,book:lavep,reading,lavep,0.5,0.5,True,explicit_reading_or_audiobook_duration,0.5,calendar_analysis_duration,,,0.0,,,,
calendar_analysis_row_023144_part_0,calendar_analysis_row_023144,2024-10-21,2024-10-21 06:30:00+00:00,2024-10-21 06:45:00+00:00,clark.benham@gmail.com,Read math,Read math,reading,math,0.25,0.25,True,explicit_reading_or_audiobook_duration,0.25,calendar_analysis_duration,,,0.0,,,,
calendar_analysis_row_023267_part_0,calendar_analysis_row_023267,2024-10-26,2024-10-26 06:15:00+00:00,2024-10-26 06:30:00+00:00,Things,Read math,Read math,reading,math,0.25,0.25,True,explicit_reading_or_audiobook_duration,0.25,calendar_analysis_duration,,,0.0,,,,
calendar_analysis_row_023396_part_0,calendar_analysis_row_023396,2024-10-31,2024-10-31 03:45:00+00:00,2024-10-31 04:15:00+00:00,Things,book:thtaht,book:thtaht,reading,thtaht,0.5,0.5,True,explicit_reading_or_audiobook_duration,0.5,calendar_analysis_duration,,,0.0,,,,
calendar_analysis_row_023400_part_0,calendar_analysis_row_023400,2024-10-31,2024-10-31 05:15:00+00:00,2024-10-31 06:15:00+00:00,Things,Book:thtaht,Book:thtaht,reading,thtaht,1.0,1.0,True,explicit_reading_or_audiobook_duration,1.0,calendar_analysis_duration,,,0.0,,,,
calendar_analysis_row_023478_part_0,calendar_analysis_row_023478,2024-11-02,2024-11-02 07:45:00+00:00,2024-11-02 08:00:00+00:00,Things,Read math,Read math,reading,math,0.125,0.25,True,explicit_reading_or_audiobook_duration,0.25,full_duration_minor_overlap,sleep,"Meals, Supplements, Sleep",0.125,,,,
calendar_analysis_row_023508_part_0,calendar_analysis_row_023508,2024-11-03,2024-11-03 08:15:00+00:00,2024-11-03 08:30:00+00:00,Things,Read math,Read math,reading,math,0.25,0.25,True,explicit_reading_or_audiobook_duration,0.25,calendar_analysis_duration,,,0.0,,,,
calendar_analysis_row_023797_part_0,calendar_analysis_row_023797,2024-11-12,2024-11-12 17:45:00+00:00,2024-11-12 18:45:00+00:00,clark.benham@gmail.com,read advanced math,read advanced math,reading,advanced math,1.0,1.0,True,explicit_reading_or_audiobook_duration,1.0,calendar_analysis_duration,,,0.0,,,,
calendar_analysis_row_023823_part_0,calendar_analysis_row_023823,2024-11-13,2024-11-13 07:30:00+00:00,2024-11-13 08:00:00+00:00,Things,read math,read math,reading,math,0.5,0.5,True,explicit_reading_or_audiobook_duration,0.5,calendar_analysis_duration,,,0.0,,,,
calendar_analysis_row_023840_part_0,calendar_analysis_row_023840,2024-11-13,2024-11-13 19:15:00+00:00,2024-11-13 20:00:00+00:00,Waste Time,read podcasts,read podcasts,reading,podcasts,0.625,0.75,True,explicit_reading_or_audiobook_duration,0.75,full_duration_minor_overlap,Snacks | junk food,"Meals, Supplements, Sleep",0.125,,,,
calendar_analysis_row_023944_part_0,calendar_analysis_row_023944,2024-11-17,2024-11-17 15:15:00+00:00,2024-11-17 15:30:00+00:00,clark.benham@gmail.com,read math,read math,reading,math,0.25,0.25,True,explicit_reading_or_audiobook_duration,0.25,calendar_analysis_duration,,,0.0,,,,
calendar_analysis_row_024280_part_0,calendar_analysis_row_024280,2024-11-30,2024-11-30 00:45:00+00:00,2024-11-30 01:15:00+00:00,Things,book:hmp,book:hmp,reading,hmp,0.5,0.5,True,explicit_reading_or_audiobook_duration,0.5,calendar_analysis_duration,,,0.0,,,,
calendar_analysis_row_024293_part_0,calendar_analysis_row_024293,2024-11-30,2024-11-30 08:15:00+00:00,2024-11-30 08:45:00+00:00,Things,Book:thmp,Book:thmp,reading,thmp,0.5,0.5,True,explicit_reading_or_audiobook_duration,0.5,calendar_analysis_duration,,,0.0,,,,
calendar_analysis_row_024296_part_0,calendar_analysis_row_024296,2024-11-30,2024-11-30 16:15:00+00:00,2024-11-30 16:45:00+00:00,Things,Book:thmp,Book:thmp,reading,thmp,0.375,0.5,True,explicit_reading_or_audiobook_duration,0.5,full_duration_minor_overlap,breakfast,"Meals, Supplements, Sleep",0.125,,,,
calendar_analysis_row_024484_part_0,calendar_analysis_row_024484,2024-12-06,2024-12-06 16:00:00+00:00,2024-12-06 17:15:00+00:00,clark.benham@gmail.com,read and org past tabs,read and org past tabs,reading,and org past tabs,1.25,1.25,True,explicit_reading_or_audiobook_duration,1.25,calendar_analysis_duration,,,0.0,,,,
calendar_analysis_row_024811_part_0,calendar_analysis_row_024811,2024-12-17,2024-12-17 00:15:00+00:00,2024-12-17 01:45:00+00:00,Things,book:eopp,book:eopp,reading,eopp,1.375,1.5,True,explicit_reading_or_audiobook_duration,1.5,full_duration_minor_overlap,wiki,Waste Time,0.125,,,,
calendar_analysis_row_024953_part_0,calendar_analysis_row_024953,2024-12-22,2024-12-22 02:15:00+00:00,2024-12-22 02:30:00+00:00,Things,book:htkap,book:htkap,reading,htkap,0.125,0.25,True,explicit_reading_or_audiobook_duration,0.25,full_duration_minor_overlap,drive back from Chesapeake,Things,0.125,,,,
calendar_analysis_row_024958_part_0,calendar_analysis_row_024958,2024-12-22,2024-12-22 04:45:00+00:00,2024-12-22 06:00:00+00:00,Things,Book:htkap,Book:htkap,reading,htkap,1.25,1.25,True,explicit_reading_or_audiobook_duration,1.25,calendar_analysis_duration,,,0.0,,,,
calendar_analysis_row_025143_part_0,calendar_analysis_row_025143,2024-12-31,2024-12-31 01:45:00+00:00,2024-12-31 02:00:00+00:00,Things,Ready for bed,Ready for bed,reading,y for bed,0.25,0.25,True,explicit_reading_or_audiobook_duration,0.25,calendar_analysis_duration,,,0.0,,,,
calendar_analysis_row_025264_part_0,calendar_analysis_row_025264,2025-01-05,2025-01-05 15:45:00+00:00,2025-01-05 17:45:00+00:00,Things,Read Tabs,Read Tabs,reading,Tabs,2.0,2.0,True,explicit_reading_or_audiobook_duration,2.0,calendar_analysis_duration,,,0.0,,,,
calendar_analysis_row_025284_part_0,calendar_analysis_row_025284,2025-01-06,2025-01-06 06:00:00+00:00,2025-01-06 06:30:00+00:00,Things,book:taoosa,book:taoosa,reading,taoosa,0.5,0.5,True,explicit_reading_or_audiobook_duration,0.5,calendar_analysis_duration,,,0.0,,,,
calendar_analysis_row_025298_part_0,calendar_analysis_row_025298,2025-01-06,2025-01-06 21:00:00+00:00,2025-01-06 21:45:00+00:00,Things,book:rate,book:rate,reading,rate,0.75,0.75,True,explicit_reading_or_audiobook_duration,0.75,calendar_analysis_duration,,,0.0,,,,
calendar_analysis_row_025353_part_0,calendar_analysis_row_025353,2025-01-08,2025-01-08 05:45:00+00:00,2025-01-08 06:15:00+00:00,Things,book:microservices,book:microservices,reading,microservices,0.5,0.5,True,explicit_reading_or_audiobook_duration,0.5,calendar_analysis_duration,,,0.0,,,,
calendar_analysis_row_025360_part_0,calendar_analysis_row_025360,2025-01-08,2025-01-08 15:00:00+00:00,2025-01-08 15:30:00+00:00,clark.benham@gmail.com,read past sheet notes,read past sheet notes,reading,past sheet notes,0.5,0.5,True,explicit_reading_or_audiobook_duration,0.5,calendar_analysis_duration,,,0.0,,,,
calendar_analysis_row_025386_part_0,calendar_analysis_row_025386,2025-01-09,2025-01-09 14:15:00+00:00,2025-01-09 14:30:00+00:00,Things,nvc book,nvc book,reading,nvc,0.25,0.25,True,explicit_reading_or_audiobook_duration,0.25,calendar_analysis_duration,,,0.0,,,,
calendar_analysis_row_025757_part_0,calendar_analysis_row_025757,2025-01-22,2025-01-22 07:15:00+00:00,2025-01-22 07:30:00+00:00,clark.benham@gmail.com,read math,read math,reading,math,0.25,0.25,True,explicit_reading_or_audiobook_duration,0.25,calendar_analysis_duration,,,0.0,,,,
calendar_analysis_row_025958_part_0,calendar_analysis_row_025958,2025-01-28,2025-01-28 06:00:00+00:00,2025-01-28 06:15:00+00:00,Things,read math,read math,reading,math,0.25,0.25,True,explicit_reading_or_audiobook_duration,0.25,calendar_analysis_duration,,,0.0,,,,
calendar_analysis_row_026027_part_0,calendar_analysis_row_026027,2025-01-30,2025-01-30 04:00:00+00:00,2025-01-30 04:30:00+00:00,Things,book:tsojc,book:tsojc,reading,tsojc,0.5,0.5,True,explicit_reading_or_audiobook_duration,0.5,calendar_analysis_duration,,,0.0,,,,
calendar_analysis_row_026057_part_0,calendar_analysis_row_026057,2025-01-31,2025-01-31 00:22:30+00:00,2025-01-31 00:45:00+00:00,Things,readings,readings,reading,ings,0.375,0.375,True,explicit_reading_or_audiobook_duration,0.375,calendar_analysis_duration,,,0.0,,,,
calendar_analysis_row_026103_part_0,calendar_analysis_row_026103,2025-02-01,2025-02-01 06:15:00+00:00,2025-02-01 06:45:00+00:00,Things,Book:maths,Book:maths,reading,maths,0.5,0.5,True,explicit_reading_or_audiobook_duration,0.5,calendar_analysis_duration,,,0.0,,,,
calendar_analysis_row_026118_part_0,calendar_analysis_row_026118,2025-02-01,2025-02-01 20:00:00+00:00,2025-02-01 20:30:00+00:00,clark.benham@gmail.com,book:microservices,book:microservices,reading,microservices,0.5,0.5,True,explicit_reading_or_audiobook_duration,0.5,calendar_analysis_duration,,,0.0,,,,
calendar_analysis_row_026199_part_0,calendar_analysis_row_026199,2025-02-04,2025-02-04 06:15:00+00:00,2025-02-04 06:45:00+00:00,clark.benham@gmail.com,Book:microservices,Book:microservices,reading,microservices,0.5,0.5,True,explicit_reading_or_audiobook_duration,0.5,calendar_analysis_duration,,,0.0,,,,
calendar_analysis_row_026216_part_0,calendar_analysis_row_026216,2025-02-04,2025-02-04 22:00:00+00:00,2025-02-04 22:45:00+00:00,Things,book:ssojc,book:ssojc,reading,ssojc,0.75,0.75,True,explicit_reading_or_audiobook_duration,0.75,calendar_analysis_duration,,,0.0,,,,
calendar_analysis_row_026242_part_0,calendar_analysis_row_026242,2025-02-05,2025-02-05 10:30:00+00:00,2025-02-05 11:15:00+00:00,Things,Book:ssojc,Book:ssojc,reading,ssojc,0.75,0.75,True,explicit_reading_or_audiobook_duration,0.75,calendar_analysis_duration,,,0.0,,,,
calendar_analysis_row_026260_part_0,calendar_analysis_row_026260,2025-02-05,2025-02-05 19:45:00+00:00,2025-02-05 20:00:00+00:00,Things,book:lkd,book:lkd,reading,lkd,0.125,0.25,True,explicit_reading_or_audiobook_duration,0.25,full_duration_minor_overlap,Nap,"Meals, Supplements, Sleep",0.125,,,,
calendar_analysis_row_026262_part_0,calendar_analysis_row_026262,2025-02-05,2025-02-05 20:45:00+00:00,2025-02-05 21:00:00+00:00,Things,Book:lkd,Book:lkd,reading,lkd,0.25,0.25,True,explicit_reading_or_audiobook_duration,0.25,calendar_analysis_duration,,,0.0,,,,
calendar_analysis_row_026268_part_0,calendar_analysis_row_026268,2025-02-06,2025-02-06 01:15:00+00:00,2025-02-06 01:45:00+00:00,Things,book:tc,book:tc,reading,tc,0.375,0.5,True,explicit_reading_or_audiobook_duration,0.5,full_duration_minor_overlap,Walk,Things,0.125,,,,
calendar_analysis_row_026298_part_0,calendar_analysis_row_026298,2025-02-06,2025-02-06 22:15:00+00:00,2025-02-06 23:00:00+00:00,Things,Book:ssojc,Book:ssojc,reading,ssojc,0.75,0.75,True,explicit_reading_or_audiobook_duration,0.75,calendar_analysis_duration,,,0.0,,,,
calendar_analysis_row_026314_part_0,calendar_analysis_row_026314,2025-02-07,2025-02-07 06:30:00+00:00,2025-02-07 06:45:00+00:00,Things,book:math,book:math,reading,math,0.25,0.25,True,explicit_reading_or_audiobook_duration,0.25,calendar_analysis_duration,,,0.0,,,,
calendar_analysis_row_026345_part_0,calendar_analysis_row_026345,2025-02-08,2025-02-08 06:00:00+00:00,2025-02-08 06:15:00+00:00,clark.benham@gmail.com,Book:microservices,Book:microservices,reading,microservices,0.25,0.25,True,explicit_reading_or_audiobook_duration,0.25,calendar_analysis_duration,,,0.0,,,,
calendar_analysis_row_026364_part_0,calendar_analysis_row_026364,2025-02-08,2025-02-08 23:15:00+00:00,2025-02-09 00:00:00+00:00,Things,Book:wthwos,Book:wthwos,reading,wthwos,0.75,0.75,True,explicit_reading_or_audiobook_duration,0.75,calendar_analysis_duration,,,0.0,,,,
calendar_analysis_row_026365_part_0,calendar_analysis_row_026365,2025-02-09,2025-02-09 00:00:00+00:00,2025-02-09 00:30:00+00:00,Things,Book:microservice,Book:microservice,reading,microservice,0.5,0.5,True,explicit_reading_or_audiobook_duration,0.5,calendar_analysis_duration,,,0.0,,,,
calendar_analysis_row_026394_part_0,calendar_analysis_row_026394,2025-02-10,2025-02-10 06:15:00+00:00,2025-02-10 06:45:00+00:00,Things,Book:ssojc,Book:ssojc,reading,ssojc,0.5,0.5,True,explicit_reading_or_audiobook_duration,0.5,calendar_analysis_duration,,,0.0,,,,
calendar_analysis_row_026395_part_0,calendar_analysis_row_026395,2025-02-10,2025-02-10 06:45:00+00:00,2025-02-10 07:15:00+00:00,Things,book:tp,book:tp,reading,tp,0.5,0.5,True,explicit_reading_or_audiobook_duration,0.5,calendar_analysis_duration,,,0.0,,,,
calendar_analysis_row_026488_part_0,calendar_analysis_row_026488,2025-02-13,2025-02-13 07:30:00+00:00,2025-02-13 07:45:00+00:00,Things,Book:sp,Book:sp,reading,sp,0.25,0.25,True,explicit_reading_or_audiobook_duration,0.25,calendar_analysis_duration,,,0.0,,,,
calendar_analysis_row_026511_part_0,calendar_analysis_row_026511,2025-02-14,2025-02-14 00:15:00+00:00,2025-02-14 01:15:00+00:00,Things,book:ri,book:ri,reading,ri,0.5,1.0,True,explicit_reading_or_audiobook_duration,0.5,calendar_analysis_duration_incompatible_overlap,Spa,Things,0.0,,,,
calendar_analysis_row_026524_part_0,calendar_analysis_row_026524,2025-02-14,2025-02-14 07:30:00+00:00,2025-02-14 08:00:00+00:00,Things,book:sp,book:sp,reading,sp,0.5,0.5,True,explicit_reading_or_audiobook_duration,0.5,calendar_analysis_duration,,,0.0,,,,
calendar_analysis_row_026647_part_0,calendar_analysis_row_026647,2025-02-18,2025-02-18 04:00:00+00:00,2025-02-18 04:15:00+00:00,Things,book:showstopper,book:showstopper,reading,showstopper,0.25,0.25,True,explicit_reading_or_audiobook_duration,0.25,calendar_analysis_duration,,,0.0,,,,
calendar_analysis_row_026664_part_0,calendar_analysis_row_026664,2025-02-18,2025-02-18 20:15:00+00:00,2025-02-18 21:00:00+00:00,Things,book:ssojc,book:ssojc,reading,ssojc,0.75,0.75,True,explicit_reading_or_audiobook_duration,0.75,calendar_analysis_duration,,,0.0,,,,
calendar_analysis_row_026675_part_0,calendar_analysis_row_026675,2025-02-19,2025-02-19 06:00:00+00:00,2025-02-19 06:30:00+00:00,Things,book:ri,book:ri,reading,ri,0.5,0.5,True,explicit_reading_or_audiobook_duration,0.5,calendar_analysis_duration,,,0.0,,,,
calendar_analysis_row_026708_part_0,calendar_analysis_row_026708,2025-02-20,2025-02-20 07:00:00+00:00,2025-02-20 07:30:00+00:00,Things,Book:sp,Book:sp,reading,sp,0.5,0.5,True,explicit_reading_or_audiobook_duration,0.5,calendar_analysis_duration,,,0.0,,,,
calendar_analysis_row_026710_part_0,calendar_analysis_row_026710,2025-02-20,2025-02-20 07:45:00+00:00,2025-02-20 08:00:00+00:00,Things,Book:lkd,Book:lkd,reading,lkd,0.25,0.25,True,explicit_reading_or_audiobook_duration,0.25,calendar_analysis_duration,,,0.0,,,,
calendar_analysis_row_026783_part_0,calendar_analysis_row_026783,2025-02-22,2025-02-22 21:00:00+00:00,2025-02-22 21:30:00+00:00,Things,Book:toboss,Book:toboss,reading,toboss,0.25,0.5,True,explicit_reading_or_audiobook_duration,0.5,full_duration_minor_overlap,Amelia cuddle,Things,0.25,,,,
calendar_analysis_row_026842_part_0,calendar_analysis_row_026842,2025-02-24,2025-02-24 06:30:00+00:00,2025-02-24 07:00:00+00:00,Things,Book:sp,Book:sp,reading,sp,0.5,0.5,True,explicit_reading_or_audiobook_duration,0.5,calendar_analysis_duration,,,0.0,,,,
calendar_analysis_row_026850_part_0,calendar_analysis_row_026850,2025-02-24,2025-02-24 13:30:00+00:00,2025-02-24 13:45:00+00:00,Things,Book:sp,Book:sp,reading,sp,0.25,0.25,True,explicit_reading_or_audiobook_duration,0.25,calendar_analysis_duration,,,0.0,,,,
calendar_analysis_row_026915_part_0,calendar_analysis_row_026915,2025-02-26,2025-02-26 05:45:00+00:00,2025-02-26 07:30:00+00:00,clark.benham@gmail.com,Book:sp,Book:sp,reading,sp,1.625,1.75,True,explicit_reading_or_audiobook_duration,1.75,full_duration_minor_overlap,Food,"Meals, Supplements, Sleep",0.125,,,,
calendar_analysis_row_026950_part_0,calendar_analysis_row_026950,2025-02-27,2025-02-27 06:45:00+00:00,2025-02-27 07:15:00+00:00,clark.benham@gmail.com,Book:sp,Book:sp,reading,sp,0.5,0.5,True,explicit_reading_or_audiobook_duration,0.5,calendar_analysis_duration,,,0.0,,,,
calendar_analysis_row_026987_part_0,calendar_analysis_row_026987,2025-02-28,2025-02-28 11:00:00+00:00,2025-02-28 11:30:00+00:00,Things,book:tsl,book:tsl,reading,tsl,0.5,0.5,True,explicit_reading_or_audiobook_duration,0.5,calendar_analysis_duration,,,0.0,,,,
calendar_analysis_row_027191_part_0,calendar_analysis_row_027191,2025-03-07,2025-03-07 07:15:00+00:00,2025-03-07 07:30:00+00:00,Things,Book:sp,Book:sp,reading,sp,0.25,0.25,True,explicit_reading_or_audiobook_duration,0.25,calendar_analysis_duration,,,0.0,,,,
calendar_analysis_row_027322_part_0,calendar_analysis_row_027322,2025-03-11,2025-03-11 08:30:00+00:00,2025-03-11 08:45:00+00:00,Things,Book:sp,Book:sp,reading,sp,0.25,0.25,True,explicit_reading_or_audiobook_duration,0.25,calendar_analysis_duration,,,0.0,,,,
calendar_analysis_row_027390_part_0,calendar_analysis_row_027390,2025-03-13,2025-03-13 06:45:00+00:00,2025-03-13 07:00:00+00:00,Things,Book:sp,Book:sp,reading,sp,0.25,0.25,True,explicit_reading_or_audiobook_duration,0.25,calendar_analysis_duration,,,0.0,,,,
calendar_analysis_row_027396_part_0,calendar_analysis_row_027396,2025-03-13,2025-03-13 17:00:00+00:00,2025-03-13 18:45:00+00:00,Things,audiobook: its not luck,audiobook: its not luck,audiobook,its not luck,0.875,1.75,True,explicit_reading_or_audiobook_duration,1.75,full_duration_compatible_overlap,Drive to Indian wells,Things,0.875,,,,
calendar_analysis_row_027401_part_0,calendar_analysis_row_027401,2025-03-14,2025-03-14 01:45:00+00:00,2025-03-14 04:15:00+00:00,Things,audio book: it's not luck,audio book: it's not luck,audiobook,it's not luck,1.25,2.5,True,explicit_reading_or_audiobook_duration,2.5,full_duration_compatible_overlap,Drive home,Things,1.25,,,,
calendar_analysis_row_027497_part_0,calendar_analysis_row_027497,2025-03-18,2025-03-18 00:45:00+00:00,2025-03-18 01:45:00+00:00,Things,audiobook: it's not luck,audiobook: it's not luck,audiobook,it's not luck,0.5,1.0,True,explicit_reading_or_audiobook_duration,1.0,full_duration_compatible_overlap,Walk,Things,0.5,,,,
calendar_analysis_row_027606_part_0,calendar_analysis_row_027606,2025-03-21,2025-03-21 07:15:00+00:00,2025-03-21 07:45:00+00:00,Things,Book:sp,Book:sp,reading,sp,0.5,0.5,True,explicit_reading_or_audiobook_duration,0.5,calendar_analysis_duration,,,0.0,,,,
calendar_analysis_row_027704_part_0,calendar_analysis_row_027704,2025-03-24,2025-03-24 04:15:00+00:00,2025-03-24 05:00:00+00:00,Things,Read: Kipling,Read: Kipling,reading,Kipling,0.75,0.75,True,explicit_reading_or_audiobook_duration,0.75,calendar_analysis_duration,,,0.0,,,,
calendar_analysis_row_027718_part_0,calendar_analysis_row_027718,2025-03-24,2025-03-24 19:45:00+00:00,2025-03-24 21:15:00+00:00,Things,book:pw,book:pw,reading,pw,1.5,1.5,True,explicit_reading_or_audiobook_duration,1.5,calendar_analysis_duration,,,0.0,,,,
calendar_analysis_row_027874_part_0,calendar_analysis_row_027874,2025-03-31,2025-03-31 18:00:00+00:00,2025-03-31 19:15:00+00:00,clark.benham@gmail.com,reading stats,reading stats,reading,ing stats,1.25,1.25,True,explicit_reading_or_audiobook_duration,1.25,calendar_analysis_duration,,,0.0,,,,
calendar_analysis_row_027912_part_0,calendar_analysis_row_027912,2025-04-01,2025-04-01 19:30:00+00:00,2025-04-01 21:30:00+00:00,clark.benham@gmail.com,Read stats,Read stats,reading,stats,2.0,2.0,True,explicit_reading_or_audiobook_duration,2.0,calendar_analysis_duration,,,0.0,,,,
calendar_analysis_row_027918_part_0,calendar_analysis_row_027918,2025-04-01,2025-04-01 23:30:00+00:00,2025-04-01 23:45:00+00:00,Things,book:ri,book:ri,reading,ri,0.25,0.25,True,explicit_reading_or_audiobook_duration,0.25,calendar_analysis_duration,,,0.0,,,,
calendar_analysis_row_027960_part_0,calendar_analysis_row_027960,2025-04-03,2025-04-03 03:45:00+00:00,2025-04-03 04:30:00+00:00,Things,book:ae,book:ae,reading,ae,0.75,0.75,True,explicit_reading_or_audiobook_duration,0.75,calendar_analysis_duration,,,0.0,,,,
calendar_analysis_row_027990_part_0,calendar_analysis_row_027990,2025-04-04,2025-04-04 09:45:00+00:00,2025-04-04 10:15:00+00:00,Things,Read: Kipling,Read: Kipling,reading,Kipling,0.5,0.5,True,explicit_reading_or_audiobook_duration,0.5,calendar_analysis_duration,,,0.0,,,,
calendar_analysis_row_028074_part_0,calendar_analysis_row_028074,2025-04-06,2025-04-06 22:52:30+00:00,2025-04-06 23:15:00+00:00,clark.benham@gmail.com,website into book,website into book,reading,website into,0.375,0.375,True,explicit_reading_or_audiobook_duration,0.375,calendar_analysis_duration,,,0.0,,,,
calendar_analysis_row_028127_part_0,calendar_analysis_row_028127,2025-04-08,2025-04-08 08:00:00+00:00,2025-04-08 08:15:00+00:00,Things,Book:rlhf,Book:rlhf,reading,rlhf,0.25,0.25,True,explicit_reading_or_audiobook_duration,0.25,calendar_analysis_duration,,,0.0,,,,
calendar_analysis_row_028130_part_0,calendar_analysis_row_028130,2025-04-08,2025-04-08 08:45:00+00:00,2025-04-08 09:00:00+00:00,Things,book:aos,book:aos,reading,aos,0.25,0.25,True,explicit_reading_or_audiobook_duration,0.25,calendar_analysis_duration,,,0.0,,,,
calendar_analysis_row_028172_part_0,calendar_analysis_row_028172,2025-04-09,2025-04-09 19:45:00+00:00,2025-04-09 20:00:00+00:00,Things,book:pc,book:pc,reading,pc,0.25,0.25,True,explicit_reading_or_audiobook_duration,0.25,calendar_analysis_duration,,,0.0,,,,
calendar_analysis_row_028212_part_0,calendar_analysis_row_028212,2025-04-11,2025-04-11 08:15:00+00:00,2025-04-11 08:30:00+00:00,Things,Book:aos,Book:aos,reading,aos,0.25,0.25,True,explicit_reading_or_audiobook_duration,0.25,calendar_analysis_duration,,,0.0,,,,
calendar_analysis_row_028334_part_0,calendar_analysis_row_028334,2025-04-16,2025-04-16 07:45:00+00:00,2025-04-16 08:15:00+00:00,Things,Book:sp,Book:sp,reading,sp,0.5,0.5,True,explicit_reading_or_audiobook_duration,0.5,calendar_analysis_duration,,,0.0,,,,
calendar_analysis_row_028349_part_0,calendar_analysis_row_028349,2025-04-16,2025-04-16 21:45:00+00:00,2025-04-16 22:00:00+00:00,clark.benham@gmail.com,read slack,read slack,reading,slack,0.25,0.25,True,explicit_reading_or_audiobook_duration,0.25,calendar_analysis_duration,,,0.0,,,,
calendar_analysis_row_028371_part_0,calendar_analysis_row_028371,2025-04-17,2025-04-17 07:45:00+00:00,2025-04-17 08:00:00+00:00,Things,Book:sp,Book:sp,reading,sp,0.25,0.25,True,explicit_reading_or_audiobook_duration,0.25,calendar_analysis_duration,,,0.0,,,,
calendar_analysis_row_028372_part_0,calendar_analysis_row_028372,2025-04-17,2025-04-17 08:00:00+00:00,2025-04-17 08:15:00+00:00,Things,book:aos,book:aos,reading,aos,0.25,0.25,True,explicit_reading_or_audiobook_duration,0.25,calendar_analysis_duration,,,0.0,,,,
calendar_analysis_row_028374_part_0,calendar_analysis_row_028374,2025-04-17,2025-04-17 08:30:00+00:00,2025-04-17 09:00:00+00:00,Things,Book:pc,Book:pc,reading,pc,0.5,0.5,True,explicit_reading_or_audiobook_duration,0.5,calendar_analysis_duration,,,0.0,,,,
calendar_analysis_row_028390_part_0,calendar_analysis_row_028390,2025-04-18,2025-04-18 02:30:00+00:00,2025-04-18 03:45:00+00:00,clark.benham@gmail.com,read docs,read docs,reading,docs,1.25,1.25,True,explicit_reading_or_audiobook_duration,1.25,calendar_analysis_duration,,,0.0,,,,
calendar_analysis_row_028456_part_0,calendar_analysis_row_028456,2025-04-20,2025-04-20 09:00:00+00:00,2025-04-20 09:30:00+00:00,Things,Book:pc,Book:pc,reading,pc,0.5,0.5,True,explicit_reading_or_audiobook_duration,0.5,calendar_analysis_duration,,,0.0,,,,
calendar_analysis_row_028514_part_0,calendar_analysis_row_028514,2025-04-22,2025-04-22 10:00:00+00:00,2025-04-22 10:15:00+00:00,Things,Book:cp,Book:cp,reading,cp,0.25,0.25,True,explicit_reading_or_audiobook_duration,0.25,calendar_analysis_duration,,,0.0,,,,
calendar_analysis_row_028693_part_0,calendar_analysis_row_028693,2025-04-28,2025-04-28 17:15:00+00:00,2025-04-28 17:45:00+00:00,clark.benham@gmail.com,read math,read math,reading,math,0.5,0.5,True,explicit_reading_or_audiobook_duration,0.5,calendar_analysis_duration,,,0.0,,,,
calendar_analysis_row_028715_part_0,calendar_analysis_row_028715,2025-04-29,2025-04-29 08:45:00+00:00,2025-04-29 09:00:00+00:00,Things,Book:cp,Book:cp,reading,cp,0.25,0.25,True,explicit_reading_or_audiobook_duration,0.25,calendar_analysis_duration,,,0.0,,,,
calendar_analysis_row_028739_part_0,calendar_analysis_row_028739,2025-04-30,2025-04-30 03:15:00+00:00,2025-04-30 03:45:00+00:00,Things,read tmbp notes,read tmbp notes,reading,tmbp notes,0.5,0.5,True,explicit_reading_or_audiobook_duration,0.5,calendar_analysis_duration,,,0.0,,,,
calendar_analysis_row_028742_part_0,calendar_analysis_row_028742,2025-04-30,2025-04-30 04:30:00+00:00,2025-04-30 04:45:00+00:00,Things,Book:cp,Book:cp,reading,cp,0.125,0.25,True,explicit_reading_or_audiobook_duration,0.25,full_duration_minor_overlap,toastmasters,Things,0.125,,,,
calendar_analysis_row_028826_part_0,calendar_analysis_row_028826,2025-05-02,2025-05-02 07:07:30+00:00,2025-05-02 07:30:00+00:00,Things,book:refactoring,book:refactoring,reading,refactoring,0.375,0.375,True,explicit_reading_or_audiobook_duration,0.375,calendar_analysis_duration,,,0.0,,,,
calendar_analysis_row_028844_part_0,calendar_analysis_row_028844,2025-05-03,2025-05-03 03:45:00+00:00,2025-05-03 06:45:00+00:00,clark.benham@gmail.com,Book:sim,Book:sim,reading,sim,3.0,3.0,True,explicit_reading_or_audiobook_duration,3.0,calendar_analysis_duration,,,0.0,,,,
calendar_analysis_row_028884_part_0,calendar_analysis_row_028884,2025-05-04,2025-05-04 11:00:00+00:00,2025-05-04 11:15:00+00:00,Things,Book:refactoring,Book:refactoring,reading,refactoring,0.25,0.25,True,explicit_reading_or_audiobook_duration,0.25,calendar_analysis_duration,,,0.0,,,,
calendar_analysis_row_028887_part_0,calendar_analysis_row_028887,2025-05-04,2025-05-04 16:45:00+00:00,2025-05-04 17:00:00+00:00,Things,book:refactoring,book:refactoring,reading,refactoring,0.125,0.25,True,explicit_reading_or_audiobook_duration,0.25,full_duration_minor_overlap,sleep,"Meals, Supplements, Sleep",0.125,,,,
calendar_analysis_row_028908_part_0,calendar_analysis_row_028908,2025-05-05,2025-05-05 06:00:00+00:00,2025-05-05 06:15:00+00:00,Things,book:dsips,book:dsips,reading,dsips,0.25,0.25,True,explicit_reading_or_audiobook_duration,0.25,calendar_analysis_duration,,,0.0,,,,
calendar_analysis_row_028911_part_0,calendar_analysis_row_028911,2025-05-05,2025-05-05 09:15:00+00:00,2025-05-05 09:45:00+00:00,Things,Book:refactoring,Book:refactoring,reading,refactoring,0.5,0.5,True,explicit_reading_or_audiobook_duration,0.5,calendar_analysis_duration,,,0.0,,,,
calendar_analysis_row_028982_part_0,calendar_analysis_row_028982,2025-05-08,2025-05-08 05:15:00+00:00,2025-05-08 06:15:00+00:00,Things,Book:refactoring,Book:refactoring,reading,refactoring,1.0,1.0,True,explicit_reading_or_audiobook_duration,1.0,calendar_analysis_duration,,,0.0,,,,
calendar_analysis_row_029010_part_0,calendar_analysis_row_029010,2025-05-09,2025-05-09 05:30:00+00:00,2025-05-09 05:45:00+00:00,Things,book:cp,book:cp,reading,cp,0.25,0.25,True,explicit_reading_or_audiobook_duration,0.25,calendar_analysis_duration,,,0.0,,,,
calendar_analysis_row_029012_part_0,calendar_analysis_row_029012,2025-05-09,2025-05-09 06:00:00+00:00,2025-05-09 08:15:00+00:00,clark.benham@gmail.com,book:sim,book:sim,reading,sim,2.25,2.25,True,explicit_reading_or_audiobook_duration,2.25,calendar_analysis_duration,,,0.0,,,,
calendar_analysis_row_029035_part_0,calendar_analysis_row_029035,2025-05-10,2025-05-10 05:00:00+00:00,2025-05-10 05:30:00+00:00,Things,book:cp,book:cp,reading,cp,0.5,0.5,True,explicit_reading_or_audiobook_duration,0.5,calendar_analysis_duration,,,0.0,,,,
calendar_analysis_row_029038_part_0,calendar_analysis_row_029038,2025-05-10,2025-05-10 07:30:00+00:00,2025-05-10 08:00:00+00:00,Things,Book:sp,Book:sp,reading,sp,0.5,0.5,True,explicit_reading_or_audiobook_duration,0.5,calendar_analysis_duration,,,0.0,,,,
calendar_analysis_row_029095_part_0,calendar_analysis_row_029095,2025-05-12,2025-05-12 04:45:00+00:00,2025-05-12 06:15:00+00:00,Things,book:showstoppers,book:showstoppers,reading,showstoppers,1.5,1.5,True,explicit_reading_or_audiobook_duration,1.5,calendar_analysis_duration,,,0.0,,,,
calendar_analysis_row_029135_part_0,calendar_analysis_row_029135,2025-05-13,2025-05-13 08:30:00+00:00,2025-05-13 08:45:00+00:00,Things,Book:sp,Book:sp,reading,sp,0.25,0.25,True,explicit_reading_or_audiobook_duration,0.25,calendar_analysis_duration,,,0.0,,,,
calendar_analysis_row_029206_part_0,calendar_analysis_row_029206,2025-05-15,2025-05-15 06:45:00+00:00,2025-05-15 07:00:00+00:00,Things,Book:sp,Book:sp,reading,sp,0.25,0.25,True,explicit_reading_or_audiobook_duration,0.25,calendar_analysis_duration,,,0.0,,,,
calendar_analysis_row_029208_part_0,calendar_analysis_row_029208,2025-05-15,2025-05-15 07:22:30+00:00,2025-05-15 07:30:00+00:00,Things,book:aos,book:aos,reading,aos,0.125,0.125,True,explicit_reading_or_audiobook_duration,0.125,calendar_analysis_duration,,,0.0,,,,
calendar_analysis_row_029341_part_0,calendar_analysis_row_029341,2025-05-20,2025-05-20 01:30:00+00:00,2025-05-20 05:30:00+00:00,clark.benham@gmail.com,Book:sim,Book:sim,reading,sim,3.75,4.0,True,explicit_reading_or_audiobook_duration,4.0,full_duration_minor_overlap,Dinner,"Meals, Supplements, Sleep",0.25,,,,
calendar_analysis_row_029345_part_0,calendar_analysis_row_029345,2025-05-20,2025-05-20 08:45:00+00:00,2025-05-20 09:00:00+00:00,Things,Book:refactoring,Book:refactoring,reading,refactoring,0.25,0.25,True,explicit_reading_or_audiobook_duration,0.25,calendar_analysis_duration,,,0.0,,,,
calendar_analysis_row_029424_part_0,calendar_analysis_row_029424,2025-05-23,2025-05-23 07:30:00+00:00,2025-05-23 07:45:00+00:00,Things,book:refactoring,book:refactoring,reading,refactoring,0.25,0.25,True,explicit_reading_or_audiobook_duration,0.25,calendar_analysis_duration,,,0.0,,,,
calendar_analysis_row_029511_part_0,calendar_analysis_row_029511,2025-05-28,2025-05-28 07:30:00+00:00,2025-05-28 07:45:00+00:00,Things,Book:sp,Book:sp,reading,sp,0.25,0.25,True,explicit_reading_or_audiobook_duration,0.25,calendar_analysis_duration,,,0.0,,,,
calendar_analysis_row_029640_part_0,calendar_analysis_row_029640,2025-06-03,2025-06-03 04:15:00+00:00,2025-06-03 04:30:00+00:00,Things,book:htsym,book:htsym,reading,htsym,0.25,0.25,True,explicit_reading_or_audiobook_duration,0.25,calendar_analysis_duration,,,0.0,,,,
calendar_analysis_row_029647_part_0,calendar_analysis_row_029647,2025-06-03,2025-06-03 11:00:00+00:00,2025-06-03 11:15:00+00:00,Things,Book:sp,Book:sp,reading,sp,0.25,0.25,True,explicit_reading_or_audiobook_duration,0.25,calendar_analysis_duration,,,0.0,,,,
calendar_analysis_row_029661_part_0,calendar_analysis_row_029661,2025-06-03,2025-06-03 22:30:00+00:00,2025-06-03 22:45:00+00:00,Things,Book:sp,Book:sp,reading,sp,0.25,0.25,True,explicit_reading_or_audiobook_duration,0.25,calendar_analysis_duration,,,0.0,,,,
calendar_analysis_row_029672_part_0,calendar_analysis_row_029672,2025-06-04,2025-06-04 03:45:00+00:00,2025-06-04 04:15:00+00:00,Things,Book:htsym,Book:htsym,reading,htsym,0.5,0.5,True,explicit_reading_or_audiobook_duration,0.5,calendar_analysis_duration,,,0.0,,,,
calendar_analysis_row_029682_part_0,calendar_analysis_row_029682,2025-06-04,2025-06-04 17:30:00+00:00,2025-06-04 18:30:00+00:00,Things,Book:hollm,Book:hollm,reading,hollm,1.0,1.0,True,explicit_reading_or_audiobook_duration,1.0,calendar_analysis_duration,,,0.0,,,,
calendar_analysis_row_029685_part_0,calendar_analysis_row_029685,2025-06-04,2025-06-04 22:30:00+00:00,2025-06-04 22:45:00+00:00,Things,Book:holllm,Book:holllm,reading,holllm,0.25,0.25,True,explicit_reading_or_audiobook_duration,0.25,calendar_analysis_duration,,,0.0,,,,
calendar_analysis_row_029692_part_0,calendar_analysis_row_029692,2025-06-05,2025-06-05 04:45:00+00:00,2025-06-05 05:00:00+00:00,Things,Book:sp,Book:sp,reading,sp,0.25,0.25,True,explicit_reading_or_audiobook_duration,0.25,calendar_analysis_duration,,,0.0,,,,
calendar_analysis_row_029732_part_0,calendar_analysis_row_029732,2025-06-06,2025-06-06 04:45:00+00:00,2025-06-06 05:00:00+00:00,Things,Book:htsym,Book:htsym,reading,htsym,0.25,0.25,True,explicit_reading_or_audiobook_duration,0.25,calendar_analysis_duration,,,0.0,,,,
calendar_analysis_row_029739_part_0,calendar_analysis_row_029739,2025-06-06,2025-06-06 09:45:00+00:00,2025-06-06 10:00:00+00:00,Things,Book:sp,Book:sp,reading,sp,0.25,0.25,True,explicit_reading_or_audiobook_duration,0.25,calendar_analysis_duration,,,0.0,,,,
calendar_analysis_row_029935_part_0,calendar_analysis_row_029935,2025-06-12,2025-06-12 20:15:00+00:00,2025-06-12 21:15:00+00:00,Waste Time,book:httyd,book:httyd,reading,httyd,1.0,1.0,True,explicit_reading_or_audiobook_duration,1.0,calendar_analysis_duration,,,0.0,,,,
calendar_analysis_row_030115_part_0,calendar_analysis_row_030115,2025-06-20,2025-06-20 18:30:00+00:00,2025-06-20 19:00:00+00:00,Things,Book:sp,Book:sp,reading,sp,0.5,0.5,True,explicit_reading_or_audiobook_duration,0.5,calendar_analysis_duration,,,0.0,,,,
calendar_analysis_row_030224_part_0,calendar_analysis_row_030224,2025-06-25,2025-06-25 07:15:00+00:00,2025-06-25 08:00:00+00:00,Things,book:tp,book:tp,reading,tp,0.75,0.75,True,explicit_reading_or_audiobook_duration,0.75,calendar_analysis_duration,,,0.0,,,,
calendar_analysis_row_030302_part_0,calendar_analysis_row_030302,2025-06-30,2025-06-30 06:00:00+00:00,2025-06-30 06:15:00+00:00,Things,Book:tp,Book:tp,reading,tp,0.25,0.25,True,explicit_reading_or_audiobook_duration,0.25,calendar_analysis_duration,,,0.0,,,,
calendar_analysis_row_030545_part_0,calendar_analysis_row_030545,2025-07-09,2025-07-09 05:00:00+00:00,2025-07-09 06:45:00+00:00,clark.benham@gmail.com,gd&t book,gd&t book,reading,gd&t,1.75,1.75,True,explicit_reading_or_audiobook_duration,1.75,calendar_analysis_duration,,,0.0,,,,
calendar_analysis_row_030554_part_0,calendar_analysis_row_030554,2025-07-09,2025-07-09 12:30:00+00:00,2025-07-09 13:00:00+00:00,Things,book:ay,book:ay,reading,ay,0.25,0.5,True,explicit_reading_or_audiobook_duration,0.5,full_duration_minor_overlap,sleep,"Meals, Supplements, Sleep",0.25,,,,
calendar_analysis_row_030688_part_0,calendar_analysis_row_030688,2025-07-14,2025-07-14 06:00:00+00:00,2025-07-14 06:30:00+00:00,Things,book:edad,book:edad,reading,edad,0.5,0.5,True,explicit_reading_or_audiobook_duration,0.5,calendar_analysis_duration,,,0.0,,,,
calendar_analysis_row_030695_part_0,calendar_analysis_row_030695,2025-07-14,2025-07-14 07:45:00+00:00,2025-07-14 08:00:00+00:00,Things,Read: gd&t,Read: gd&t,reading,gd&t,0.25,0.25,True,explicit_reading_or_audiobook_duration,0.25,calendar_analysis_duration,,,0.0,,,,
calendar_analysis_row_030735_part_0,calendar_analysis_row_030735,2025-07-15,2025-07-15 20:15:00+00:00,2025-07-15 20:30:00+00:00,clark.benham@gmail.com,read hyperparms,read hyperparms,reading,hyperparms,0.25,0.25,True,explicit_reading_or_audiobook_duration,0.25,calendar_analysis_duration,,,0.0,,,,
calendar_analysis_row_030775_part_0,calendar_analysis_row_030775,2025-07-16,2025-07-16 21:15:00+00:00,2025-07-16 21:30:00+00:00,Things,book:sp,book:sp,reading,sp,0.25,0.25,True,explicit_reading_or_audiobook_duration,0.25,calendar_analysis_duration,,,0.0,,,,
calendar_analysis_row_030838_part_0,calendar_analysis_row_030838,2025-07-19,2025-07-19 05:15:00+00:00,2025-07-19 05:30:00+00:00,Things,Book:edad,Book:edad,reading,edad,0.25,0.25,True,explicit_reading_or_audiobook_duration,0.25,calendar_analysis_duration,,,0.0,,,,
calendar_analysis_row_030841_part_0,calendar_analysis_row_030841,2025-07-19,2025-07-19 10:45:00+00:00,2025-07-19 11:00:00+00:00,Things,Book:sp,Book:sp,reading,sp,0.25,0.25,True,explicit_reading_or_audiobook_duration,0.25,calendar_analysis_duration,,,0.0,,,,
calendar_analysis_row_030871_part_0,calendar_analysis_row_030871,2025-07-20,2025-07-20 04:00:00+00:00,2025-07-20 04:30:00+00:00,Things,Book:edad,Book:edad,reading,edad,0.5,0.5,True,explicit_reading_or_audiobook_duration,0.5,calendar_analysis_duration,,,0.0,,,,
calendar_analysis_row_030969_part_0,calendar_analysis_row_030969,2025-07-23,2025-07-23 17:45:00+00:00,2025-07-23 18:15:00+00:00,Things,book:fogc,book:fogc,reading,fogc,0.5,0.5,True,explicit_reading_or_audiobook_duration,0.5,calendar_analysis_duration,,,0.0,,,,
calendar_analysis_row_030971_part_0,calendar_analysis_row_030971,2025-07-23,2025-07-23 19:15:00+00:00,2025-07-23 20:45:00+00:00,clark.benham@gmail.com,reading llm abilities,reading llm abilities,reading,ing llm abilities,1.375,1.5,True,explicit_reading_or_audiobook_duration,1.5,full_duration_minor_overlap,lunch,"Meals, Supplements, Sleep",0.125,,,,
calendar_analysis_row_031058_part_0,calendar_analysis_row_031058,2025-07-27,2025-07-27 12:15:00+00:00,2025-07-27 12:30:00+00:00,Things,Read: Kipling,Read: Kipling,reading,Kipling,0.25,0.25,True,explicit_reading_or_audiobook_duration,0.25,calendar_analysis_duration,,,0.0,,,,
calendar_analysis_row_031472_part_0,calendar_analysis_row_031472,2025-08-17,2025-08-17 01:00:00+00:00,2025-08-17 01:30:00+00:00,Things,Read: Kipling,Read: Kipling,reading,Kipling,0.5,0.5,True,explicit_reading_or_audiobook_duration,0.5,calendar_analysis_duration,,,0.0,,,,
calendar_analysis_row_031500_part_0,calendar_analysis_row_031500,2025-08-17,2025-08-17 22:30:00+00:00,2025-08-18 00:00:00+00:00,Things,book:emfhagaa,book:emfhagaa,reading,emfhagaa,1.5,1.5,True,explicit_reading_or_audiobook_duration,1.5,calendar_analysis_duration,,,0.0,,,,
calendar_analysis_row_031502_part_0,calendar_analysis_row_031502,2025-08-18,2025-08-18 01:30:00+00:00,2025-08-18 03:30:00+00:00,Things,Book:emfhagaa,Book:emfhagaa,reading,emfhagaa,1.875,2.0,True,explicit_reading_or_audiobook_duration,2.0,full_duration_minor_overlap,Dinner,"Meals, Supplements, Sleep",0.125,,,,
calendar_analysis_row_031530_part_0,calendar_analysis_row_031530,2025-08-19,2025-08-19 08:15:00+00:00,2025-08-19 08:30:00+00:00,Things,book:ae,book:ae,reading,ae,0.25,0.25,True,explicit_reading_or_audiobook_duration,0.25,calendar_analysis_duration,,,0.0,,,,
calendar_analysis_row_031544_part_0,calendar_analysis_row_031544,2025-08-19,2025-08-19 23:30:00+00:00,2025-08-20 00:00:00+00:00,Things,book:emfhagaa,book:emfhagaa,reading,emfhagaa,0.5,0.5,True,explicit_reading_or_audiobook_duration,0.5,calendar_analysis_duration,,,0.0,,,,
calendar_analysis_row_031942_part_0,calendar_analysis_row_031942,2025-09-06,2025-09-06 20:45:00+00:00,2025-09-06 22:00:00+00:00,Things,book:coto,book:coto,reading,coto,1.25,1.25,True,explicit_reading_or_audiobook_duration,1.25,calendar_analysis_duration,,,0.0,,,,
calendar_analysis_row_032064_part_0,calendar_analysis_row_032064,2025-09-12,2025-09-12 05:00:00+00:00,2025-09-12 05:15:00+00:00,Things,read carneige,read carneige,reading,carneige,0.25,0.25,True,explicit_reading_or_audiobook_duration,0.25,calendar_analysis_duration,,,0.0,,,,
calendar_analysis_row_032083_part_0,calendar_analysis_row_032083,2025-09-13,2025-09-13 05:00:00+00:00,2025-09-13 05:45:00+00:00,Things,Book:coto,Book:coto,reading,coto,0.75,0.75,True,explicit_reading_or_audiobook_duration,0.75,calendar_analysis_duration,,,0.0,,,,
calendar_analysis_row_032097_part_0,calendar_analysis_row_032097,2025-09-13,2025-09-13 20:00:00+00:00,2025-09-13 20:15:00+00:00,Things,Book:coto,Book:coto,reading,coto,0.25,0.25,True,explicit_reading_or_audiobook_duration,0.25,calendar_analysis_duration,,,0.0,,,,
calendar_analysis_row_032106_part_0,calendar_analysis_row_032106,2025-09-13,2025-09-13 23:45:00+00:00,2025-09-14 00:25:00+00:00,Things,Book:coto,Book:coto,reading,coto,0.6666666666666666,0.6666666666666666,True,explicit_reading_or_audiobook_duration,0.6666666666666666,calendar_analysis_duration,,,0.0,,,,
calendar_analysis_row_032108_part_0,calendar_analysis_row_032108,2025-09-14,2025-09-14 01:05:00+00:00,2025-09-14 01:45:00+00:00,Things,book:coto,book:coto,reading,coto,0.6666666666666666,0.6666666666666666,True,explicit_reading_or_audiobook_duration,0.6666666666666666,calendar_analysis_duration,,,0.0,,,,
calendar_analysis_row_032271_part_0,calendar_analysis_row_032271,2025-09-22,2025-09-22 04:30:00+00:00,2025-09-22 04:45:00+00:00,Things,Book:tdotj,Book:tdotj,reading,tdotj,0.25,0.25,True,explicit_reading_or_audiobook_duration,0.25,calendar_analysis_duration,,,0.0,,,,
calendar_analysis_row_032301_part_0,calendar_analysis_row_032301,2025-09-23,2025-09-23 06:00:00+00:00,2025-09-23 06:30:00+00:00,Waste Time,wiki on book,wiki on book,reading,wiki on,0.5,0.5,True,explicit_reading_or_audiobook_duration,0.5,calendar_analysis_duration,,,0.0,,,,
calendar_analysis_row_032315_part_0,calendar_analysis_row_032315,2025-09-24,2025-09-24 05:00:00+00:00,2025-09-24 05:22:30+00:00,Things,book:coto,book:coto,reading,coto,0.375,0.375,True,explicit_reading_or_audiobook_duration,0.375,calendar_analysis_duration,,,0.0,,,,
calendar_analysis_row_032316_part_0,calendar_analysis_row_032316,2025-09-24,2025-09-24 05:22:30+00:00,2025-09-24 05:45:00+00:00,Things,started book: golf stories,started book: golf stories,started,golf stories,0.375,0.375,True,explicit_started_book_duration,0.375,calendar_analysis_duration,,,0.0,,,,
calendar_analysis_row_032333_part_0,calendar_analysis_row_032333,2025-09-25,2025-09-25 09:00:00+00:00,2025-09-25 09:22:30+00:00,Things,book:gs,book:gs,reading,gs,0.375,0.375,True,explicit_reading_or_audiobook_duration,0.375,calendar_analysis_duration,,,0.0,,,,
calendar_analysis_row_032334_part_0,calendar_analysis_row_032334,2025-09-25,2025-09-25 09:22:30+00:00,2025-09-25 09:45:00+00:00,Things,book:coto,book:coto,reading,coto,0.375,0.375,True,explicit_reading_or_audiobook_duration,0.375,calendar_analysis_duration,,,0.0,,,,
calendar_analysis_row_032338_part_0,calendar_analysis_row_032338,2025-09-25,2025-09-25 10:45:00+00:00,2025-09-25 11:00:00+00:00,Things,Book:gs,Book:gs,reading,gs,0.25,0.25,True,explicit_reading_or_audiobook_duration,0.25,calendar_analysis_duration,,,0.0,,,,
calendar_analysis_row_032339_part_0,calendar_analysis_row_032339,2025-09-25,2025-09-25 11:30:00+00:00,2025-09-25 12:00:00+00:00,Things,Book:coto,Book:coto,reading,coto,0.5,0.5,True,explicit_reading_or_audiobook_duration,0.5,calendar_analysis_duration,,,0.0,,,,
calendar_analysis_row_032353_part_0,calendar_analysis_row_032353,2025-09-26,2025-09-26 06:45:00+00:00,2025-09-26 07:00:00+00:00,Things,Read for bed,Read for bed,reading,for bed,0.125,0.25,True,explicit_reading_or_audiobook_duration,0.25,full_duration_minor_overlap,Job: diesl,clark.benham@gmail.com,0.125,,,,
calendar_analysis_row_032389_part_0,calendar_analysis_row_032389,2025-09-27,2025-09-27 22:30:00+00:00,2025-09-27 22:45:00+00:00,Things,Book:gs,Book:gs,reading,gs,0.25,0.25,True,explicit_reading_or_audiobook_duration,0.25,calendar_analysis_duration,,,0.0,,,,
calendar_analysis_row_032390_part_0,calendar_analysis_row_032390,2025-09-27,2025-09-27 22:45:00+00:00,2025-09-27 23:15:00+00:00,Things,Book:coto,Book:coto,reading,coto,0.5,0.5,True,explicit_reading_or_audiobook_duration,0.5,calendar_analysis_duration,,,0.0,,,,
calendar_analysis_row_032401_part_0,calendar_analysis_row_032401,2025-09-28,2025-09-28 07:15:00+00:00,2025-09-28 08:15:00+00:00,Things,Book:coto,Book:coto,reading,coto,1.0,1.0,True,explicit_reading_or_audiobook_duration,1.0,calendar_analysis_duration,,,0.0,,,,
calendar_analysis_row_032460_part_0,calendar_analysis_row_032460,2025-09-30,2025-09-30 09:00:00+00:00,2025-09-30 09:15:00+00:00,Things,book:st,book:st,reading,st,0.25,0.25,True,explicit_reading_or_audiobook_duration,0.25,calendar_analysis_duration,,,0.0,,,,
calendar_analysis_row_032522_part_0,calendar_analysis_row_032522,2025-10-02,2025-10-02 06:15:00+00:00,2025-10-02 06:30:00+00:00,Things,Book:gs,Book:gs,reading,gs,0.25,0.25,True,explicit_reading_or_audiobook_duration,0.25,calendar_analysis_duration,,,0.0,,,,
calendar_analysis_row_032543_part_0,calendar_analysis_row_032543,2025-10-02,2025-10-02 23:00:00+00:00,2025-10-02 23:15:00+00:00,Things,book:gs,book:gs,reading,gs,0.25,0.25,True,explicit_reading_or_audiobook_duration,0.25,calendar_analysis_duration,,,0.0,,,,
calendar_analysis_row_032619_part_0,calendar_analysis_row_032619,2025-10-06,2025-10-06 10:15:00+00:00,2025-10-06 11:15:00+00:00,Things,book:gs,book:gs,reading,gs,1.0,1.0,True,explicit_reading_or_audiobook_duration,1.0,calendar_analysis_duration,,,0.0,,,,
calendar_analysis_row_032662_part_0,calendar_analysis_row_032662,2025-10-08,2025-10-08 00:15:00+00:00,2025-10-08 00:45:00+00:00,Things,Book:gs,Book:gs,reading,gs,0.5,0.5,True,explicit_reading_or_audiobook_duration,0.5,calendar_analysis_duration,,,0.0,,,,
calendar_analysis_row_032687_part_0,calendar_analysis_row_032687,2025-10-09,2025-10-09 02:30:00+00:00,2025-10-09 02:45:00+00:00,Things,Book:gs,Book:gs,reading,gs,0.25,0.25,True,explicit_reading_or_audiobook_duration,0.25,calendar_analysis_duration,,,0.0,,,,
calendar_analysis_row_032818_part_0,calendar_analysis_row_032818,2025-10-14,2025-10-14 02:30:00+00:00,2025-10-14 03:00:00+00:00,Things,book:bn,book:bn,reading,bn,0.5,0.5,True,explicit_reading_or_audiobook_duration,0.5,calendar_analysis_duration,,,0.0,,,,
calendar_analysis_row_032994_part_0,calendar_analysis_row_032994,2025-10-22,2025-10-22 02:45:00+00:00,2025-10-22 03:00:00+00:00,Things,Book:gs,Book:gs,reading,gs,0.25,0.25,True,explicit_reading_or_audiobook_duration,0.25,calendar_analysis_duration,,,0.0,,,,
calendar_analysis_row_033037_part_0,calendar_analysis_row_033037,2025-10-23,2025-10-23 22:30:00+00:00,2025-10-23 23:00:00+00:00,Things,book:gs,book:gs,reading,gs,0.5,0.5,True,explicit_reading_or_audiobook_duration,0.5,calendar_analysis_duration,,,0.0,,,,
calendar_analysis_row_033107_part_0,calendar_analysis_row_033107,2025-10-26,2025-10-26 06:15:00+00:00,2025-10-26 06:30:00+00:00,Things,Book:bn,Book:bn,reading,bn,0.25,0.25,True,explicit_reading_or_audiobook_duration,0.25,calendar_analysis_duration,,,0.0,,,,
calendar_analysis_row_033117_part_0,calendar_analysis_row_033117,2025-10-26,2025-10-26 19:45:00+00:00,2025-10-26 20:00:00+00:00,Things,Started Book: profiles in courage,Started Book: profiles in courage,started,profiles in courage,0.25,0.25,True,explicit_started_book_duration,0.25,calendar_analysis_duration,,,0.0,,,,
calendar_analysis_row_033152_part_0,calendar_analysis_row_033152,2025-10-28,2025-10-28 04:40:00+00:00,2025-10-28 04:50:00+00:00,Things,book:pic,book:pic,reading,pic,0.1666666666666666,0.16666666666666666,True,explicit_reading_or_audiobook_duration,0.1666666666666666,calendar_analysis_duration,,,0.0,,,,
calendar_analysis_row_033174_part_0,calendar_analysis_row_033174,2025-10-28,2025-10-28 19:30:00+00:00,2025-10-28 19:45:00+00:00,Things,started book: only the paranoid survive ,started book: only the paranoid survive,started,only the paranoid survive,0.25,0.25,True,explicit_started_book_duration,0.25,calendar_analysis_duration,,,0.0,,,,
calendar_analysis_row_033275_part_0,calendar_analysis_row_033275,2025-11-01,2025-11-01 08:00:00+00:00,2025-11-01 08:30:00+00:00,Things,book:gc,book:gc,reading,gc,0.5,0.5,True,explicit_reading_or_audiobook_duration,0.5,calendar_analysis_duration,,,0.0,,,,
calendar_analysis_row_033294_part_0,calendar_analysis_row_033294,2025-11-01,2025-11-01 22:30:00+00:00,2025-11-01 23:00:00+00:00,Things,book:gc,book:gc,reading,gc,0.375,0.5,True,explicit_reading_or_audiobook_duration,0.5,full_duration_minor_overlap,food,"Meals, Supplements, Sleep",0.125,,,,
calendar_analysis_row_033330_part_0,calendar_analysis_row_033330,2025-11-03,2025-11-03 17:45:00+00:00,2025-11-03 19:30:00+00:00,Things,book:gc,book:gc,reading,gc,1.625,1.75,True,explicit_reading_or_audiobook_duration,1.75,full_duration_minor_overlap,breakfast,"Meals, Supplements, Sleep",0.125,,,,
calendar_analysis_row_033359_part_0,calendar_analysis_row_033359,2025-11-04,2025-11-04 18:30:00+00:00,2025-11-04 19:00:00+00:00,Things,book:gc,book:gc,reading,gc,0.5,0.5,True,explicit_reading_or_audiobook_duration,0.5,calendar_analysis_duration,,,0.0,,,,
calendar_analysis_row_033540_part_0,calendar_analysis_row_033540,2025-11-10,2025-11-10 08:00:00+00:00,2025-11-10 08:30:00+00:00,Things,Read: Kipling,Read: Kipling,reading,Kipling,0.5,0.5,True,explicit_reading_or_audiobook_duration,0.5,calendar_analysis_duration,,,0.0,,,,
calendar_analysis_row_033566_part_0,calendar_analysis_row_033566,2025-11-11,2025-11-11 05:45:00+00:00,2025-11-11 06:30:00+00:00,Things,audiobook: tab,audiobook: tab,audiobook,tab,0.375,0.75,True,explicit_reading_or_audiobook_duration,0.75,full_duration_compatible_overlap,walk,Things,0.375,,,,
calendar_analysis_row_033603_part_0,calendar_analysis_row_033603,2025-11-12,2025-11-12 08:15:00+00:00,2025-11-12 08:30:00+00:00,Things,book:aie,book:aie,reading,aie,0.25,0.25,True,explicit_reading_or_audiobook_duration,0.25,calendar_analysis_duration,,,0.0,,,,
calendar_analysis_row_033604_part_0,calendar_analysis_row_033604,2025-11-12,2025-11-12 08:30:00+00:00,2025-11-12 08:45:00+00:00,Things,Book:pic,Book:pic,reading,pic,0.25,0.25,True,explicit_reading_or_audiobook_duration,0.25,calendar_analysis_duration,,,0.0,,,,
calendar_analysis_row_033613_part_0,calendar_analysis_row_033613,2025-11-12,2025-11-12 18:15:00+00:00,2025-11-12 18:30:00+00:00,Things,book:pic,book:pic,reading,pic,0.25,0.25,True,explicit_reading_or_audiobook_duration,0.25,calendar_analysis_duration,,,0.0,,,,
calendar_analysis_row_033740_part_0,calendar_analysis_row_033740,2025-11-17,2025-11-17 01:30:00+00:00,2025-11-17 02:30:00+00:00,Things,book:hmtscfalol,book:hmtscfalol,reading,hmtscfalol,1.0,1.0,True,explicit_reading_or_audiobook_duration,1.0,calendar_analysis_duration,,,0.0,,,,
calendar_analysis_row_033746_part_0,calendar_analysis_row_033746,2025-11-17,2025-11-17 06:00:00+00:00,2025-11-17 06:30:00+00:00,Things,Book:bn,Book:bn,reading,bn,0.5,0.5,True,explicit_reading_or_audiobook_duration,0.5,calendar_analysis_duration,,,0.0,,,,
calendar_analysis_row_033934_part_0,calendar_analysis_row_033934,2025-11-24,2025-11-24 05:00:00+00:00,2025-11-24 05:15:00+00:00,Things,Book:bn,Book:bn,reading,bn,0.25,0.25,True,explicit_reading_or_audiobook_duration,0.25,calendar_analysis_duration,,,0.0,,,,
calendar_analysis_row_034017_part_0,calendar_analysis_row_034017,2025-11-27,2025-11-27 12:37:30+00:00,2025-11-27 13:00:00+00:00,Things,book:gs,book:gs,reading,gs,0.1875,0.375,True,explicit_reading_or_audiobook_duration,0.375,full_duration_minor_overlap,sleep,"Meals, Supplements, Sleep",0.1875,,,,
calendar_analysis_row_034063_part_0,calendar_analysis_row_034063,2025-11-30,2025-11-30 07:30:00+00:00,2025-11-30 08:00:00+00:00,Things,Book:bn,Book:bn,reading,bn,0.5,0.5,True,explicit_reading_or_audiobook_duration,0.5,calendar_analysis_duration,,,0.0,,,,
calendar_analysis_row_034084_part_0,calendar_analysis_row_034084,2025-12-01,2025-12-01 04:00:00+00:00,2025-12-01 04:15:00+00:00,Things,started book: the bonds that make us free,started book: the bonds that make us free,started,the bonds that make us free,0.25,0.25,True,explicit_started_book_duration,0.25,calendar_analysis_duration,,,0.0,,,,
calendar_analysis_row_034086_part_0,calendar_analysis_row_034086,2025-12-01,2025-12-01 04:45:00+00:00,2025-12-01 05:00:00+00:00,Things,book:tss,book:tss,reading,tss,0.125,0.25,True,explicit_reading_or_audiobook_duration,0.25,full_duration_minor_overlap,anki,clark.benham@gmail.com,0.125,,,,
calendar_analysis_row_034135_part_0,calendar_analysis_row_034135,2025-12-02,2025-12-02 22:30:00+00:00,2025-12-02 23:15:00+00:00,Things,Read: Kipling,Read: Kipling,reading,Kipling,0.625,0.75,True,explicit_reading_or_audiobook_duration,0.75,full_duration_minor_overlap,Food,"Meals, Supplements, Sleep",0.125,,,,
calendar_analysis_row_034159_part_0,calendar_analysis_row_034159,2025-12-03,2025-12-03 19:15:00+00:00,2025-12-03 19:45:00+00:00,Things,Read: Kipling,Read: Kipling,reading,Kipling,0.5,0.5,True,explicit_reading_or_audiobook_duration,0.5,calendar_analysis_duration,,,0.0,,,,
calendar_analysis_row_034243_part_0,calendar_analysis_row_034243,2025-12-05,2025-12-05 21:15:00+00:00,2025-12-05 21:45:00+00:00,Things,book:wh,book:wh,reading,wh,0.5,0.5,True,explicit_reading_or_audiobook_duration,0.5,calendar_analysis_duration,,,0.0,,,,
calendar_analysis_row_034246_part_0,calendar_analysis_row_034246,2025-12-05,2025-12-05 22:30:00+00:00,2025-12-05 23:30:00+00:00,Things,book:vc,book:vc,reading,vc,0.625,1.0,True,explicit_reading_or_audiobook_duration,0.625,calendar_analysis_duration_incompatible_overlap,job: diesl,clark.benham@gmail.com,0.0,,,,
calendar_analysis_row_034254_part_0,calendar_analysis_row_034254,2025-12-06,2025-12-06 06:30:00+00:00,2025-12-06 07:00:00+00:00,Things,Book:bn,Book:bn,reading,bn,0.5,0.5,True,explicit_reading_or_audiobook_duration,0.5,calendar_analysis_duration,,,0.0,,,,
calendar_analysis_row_034310_part_0,calendar_analysis_row_034310,2025-12-08,2025-12-08 07:45:00+00:00,2025-12-08 08:15:00+00:00,Things,Book:bn,Book:bn,reading,bn,0.5,0.5,True,explicit_reading_or_audiobook_duration,0.5,calendar_analysis_duration,,,0.0,,,,
calendar_analysis_row_034331_part_0,calendar_analysis_row_034331,2025-12-09,2025-12-09 10:45:00+00:00,2025-12-09 11:15:00+00:00,Things,Book:bn,Book:bn,reading,bn,0.5,0.5,True,explicit_reading_or_audiobook_duration,0.5,calendar_analysis_duration,,,0.0,,,,
calendar_analysis_row_034390_part_0,calendar_analysis_row_034390,2025-12-11,2025-12-11 05:30:00+00:00,2025-12-11 06:15:00+00:00,Things,Book:tssojc,Book:tssojc,reading,tssojc,0.75,0.75,True,explicit_reading_or_audiobook_duration,0.75,calendar_analysis_duration,,,0.0,,,,
calendar_analysis_row_034419_part_0,calendar_analysis_row_034419,2025-12-12,2025-12-12 06:45:00+00:00,2025-12-12 07:00:00+00:00,Things,Book:bn,Book:bn,reading,bn,0.25,0.25,True,explicit_reading_or_audiobook_duration,0.25,calendar_analysis_duration,,,0.0,,,,
calendar_analysis_row_034488_part_0,calendar_analysis_row_034488,2025-12-15,2025-12-15 18:30:00+00:00,2025-12-15 19:00:00+00:00,Things,book:oaf,book:oaf,reading,oaf,0.5,0.5,True,explicit_reading_or_audiobook_duration,0.5,calendar_analysis_duration,,,0.0,,,,
calendar_analysis_row_034612_part_0,calendar_analysis_row_034612,2025-12-20,2025-12-20 03:45:00+00:00,2025-12-20 04:15:00+00:00,Things,Book:VC,Book:VC,reading,VC,0.375,0.5,True,explicit_reading_or_audiobook_duration,0.5,full_duration_minor_overlap,Jack,Waste Time,0.125,,,,
calendar_analysis_row_034614_part_0,calendar_analysis_row_034614,2025-12-20,2025-12-20 04:15:00+00:00,2025-12-20 04:45:00+00:00,Things,Book:bn,Book:bn,reading,bn,0.5,0.5,True,explicit_reading_or_audiobook_duration,0.5,calendar_analysis_duration,,,0.0,,,,
calendar_analysis_row_034617_part_0,calendar_analysis_row_034617,2025-12-20,2025-12-20 13:00:00+00:00,2025-12-20 14:30:00+00:00,Things,Read Old screenshots,Read Old screenshots,reading,Old screenshots,1.25,1.5,True,explicit_reading_or_audiobook_duration,1.5,full_duration_minor_overlap,breakfast,"Meals, Supplements, Sleep",0.25,,,,
calendar_analysis_row_034775_part_0,calendar_analysis_row_034775,2025-12-28,2025-12-28 08:30:00+00:00,2025-12-28 08:45:00+00:00,Things,book:twod,book:twod,reading,twod,0.25,0.25,True,explicit_reading_or_audiobook_duration,0.25,calendar_analysis_duration,,,0.0,,,,
calendar_analysis_row_035079_part_0,calendar_analysis_row_035079,2026-01-11,2026-01-11 19:30:00+00:00,2026-01-11 20:15:00+00:00,Things,Audiobook: tef,Audiobook: tef,audiobook,tef,0.5,0.75,True,explicit_reading_or_audiobook_duration,0.75,full_duration_minor_overlap,Walk,Things,0.25,,,,
calendar_analysis_row_035081_part_0,calendar_analysis_row_035081,2026-01-11,2026-01-11 20:15:00+00:00,2026-01-11 20:45:00+00:00,Things,Audiobook: the creative act,Audiobook: the creative act,audiobook,the creative act,0.25,0.5,True,explicit_reading_or_audiobook_duration,0.5,full_duration_minor_overlap,Walk,Things,0.25,,,,
calendar_analysis_row_035149_part_0,calendar_analysis_row_035149,2026-01-14,2026-01-14 16:45:00+00:00,2026-01-14 18:15:00+00:00,Things,Audiobook: the age of revolution,Audiobook: the age of revolution,audiobook,the age of revolution,0.75,1.5,True,explicit_reading_or_audiobook_duration,1.5,full_duration_compatible_overlap,Walk,Things,0.75,,,,
calendar_analysis_row_035170_part_0,calendar_analysis_row_035170,2026-01-15,2026-01-15 05:00:00+00:00,2026-01-15 05:30:00+00:00,Things,Book:bn,Book:bn,reading,bn,0.5,0.5,True,explicit_reading_or_audiobook_duration,0.5,calendar_analysis_duration,,,0.0,,,,
calendar_analysis_row_035187_part_0,calendar_analysis_row_035187,2026-01-15,2026-01-15 23:45:00+00:00,2026-01-16 00:00:00+00:00,Things,book:ba,book:ba,reading,ba,0.25,0.25,True,explicit_reading_or_audiobook_duration,0.25,calendar_analysis_duration,,,0.0,,,,
calendar_analysis_row_035192_part_0,calendar_analysis_row_035192,2026-01-16,2026-01-16 03:30:00+00:00,2026-01-16 04:45:00+00:00,Things,Book:ba,Book:ba,reading,ba,1.25,1.25,True,explicit_reading_or_audiobook_duration,1.25,calendar_analysis_duration,,,0.0,,,,
calendar_analysis_row_035193_part_0,calendar_analysis_row_035193,2026-01-16,2026-01-16 04:45:00+00:00,2026-01-16 05:30:00+00:00,Things,Book:pic,Book:pic,reading,pic,0.75,0.75,True,explicit_reading_or_audiobook_duration,0.75,calendar_analysis_duration,,,0.0,,,,
calendar_analysis_row_035288_part_0,calendar_analysis_row_035288,2026-01-20,2026-01-20 06:00:00+00:00,2026-01-20 06:30:00+00:00,Things,book:dc,book:dc,reading,dc,0.5,0.5,True,explicit_reading_or_audiobook_duration,0.5,calendar_analysis_duration,,,0.0,,,,
calendar_analysis_row_035289_part_0,calendar_analysis_row_035289,2026-01-20,2026-01-20 06:30:00+00:00,2026-01-20 07:00:00+00:00,Things,book:bn,book:bn,reading,bn,0.5,0.5,True,explicit_reading_or_audiobook_duration,0.5,calendar_analysis_duration,,,0.0,,,,
calendar_analysis_row_035309_part_0,calendar_analysis_row_035309,2026-01-20,2026-01-20 23:15:00+00:00,2026-01-21 00:45:00+00:00,Things,read past highlights,read past highlights,reading,past highlights,1.5,1.5,True,explicit_reading_or_audiobook_duration,1.5,calendar_analysis_duration,,,0.0,,,,
calendar_analysis_row_035317_part_0,calendar_analysis_row_035317,2026-01-21,2026-01-21 03:45:00+00:00,2026-01-21 04:00:00+00:00,Things,Read past highlights,Read past highlights,reading,past highlights,0.25,0.25,True,explicit_reading_or_audiobook_duration,0.25,calendar_analysis_duration,,,0.0,,,,
calendar_analysis_row_035415_part_0,calendar_analysis_row_035415,2026-01-24,2026-01-24 07:00:00+00:00,2026-01-24 07:15:00+00:00,Things,Book:sp,Book:sp,reading,sp,0.25,0.25,True,explicit_reading_or_audiobook_duration,0.25,calendar_analysis_duration,,,0.0,,,,
calendar_analysis_row_035420_part_0,calendar_analysis_row_035420,2026-01-24,2026-01-24 16:30:00+00:00,2026-01-24 17:00:00+00:00,Things,Book:itbtbf,Book:itbtbf,reading,itbtbf,0.5,0.5,True,explicit_reading_or_audiobook_duration,0.5,calendar_analysis_duration,,,0.0,,,,
calendar_analysis_row_035502_part_0,calendar_analysis_row_035502,2026-01-28,2026-01-28 03:45:00+00:00,2026-01-28 04:00:00+00:00,Things,book:bfq,book:bfq,reading,bfq,0.25,0.25,True,explicit_reading_or_audiobook_duration,0.25,calendar_analysis_duration,,,0.0,,,,
calendar_analysis_row_035626_part_0,calendar_analysis_row_035626,2026-02-02,2026-02-02 07:00:00+00:00,2026-02-02 07:30:00+00:00,Things,book:bq,book:bq,reading,bq,0.5,0.5,True,explicit_reading_or_audiobook_duration,0.5,calendar_analysis_duration,,,0.0,,,,
calendar_analysis_row_035658_part_0,calendar_analysis_row_035658,2026-02-03,2026-02-03 04:15:00+00:00,2026-02-03 04:30:00+00:00,Things,Audiobook: system design interview two,Audiobook: system design interview two,audiobook,system design interview two,0.125,0.25,True,explicit_reading_or_audiobook_duration,0.25,full_duration_minor_overlap,Travel to Home 7:56 train,Things,0.125,,,,
calendar_analysis_row_035662_part_0,calendar_analysis_row_035662,2026-02-03,2026-02-03 06:00:00+00:00,2026-02-03 06:15:00+00:00,Things,read cs,read cs,reading,cs,0.25,0.25,True,explicit_reading_or_audiobook_duration,0.25,calendar_analysis_duration,,,0.0,,,,
calendar_analysis_row_035663_part_0,calendar_analysis_row_035663,2026-02-03,2026-02-03 06:15:00+00:00,2026-02-03 06:30:00+00:00,Things,read history,read history,reading,history,0.25,0.25,True,explicit_reading_or_audiobook_duration,0.25,calendar_analysis_duration,,,0.0,,,,
calendar_analysis_row_035903_part_0,calendar_analysis_row_035903,2026-02-13,2026-02-13 06:45:00+00:00,2026-02-13 07:45:00+00:00,Things,read: kipling,read: kipling,reading,kipling,1.0,1.0,True,explicit_reading_or_audiobook_duration,1.0,calendar_analysis_duration,,,0.0,,,,
calendar_analysis_row_035910_part_0,calendar_analysis_row_035910,2026-02-13,2026-02-13 15:00:00+00:00,2026-02-13 15:30:00+00:00,Things,read: kipling,read: kipling,reading,kipling,0.5,0.5,True,explicit_reading_or_audiobook_duration,0.5,calendar_analysis_duration,,,0.0,,,,
calendar_analysis_row_035911_part_0,calendar_analysis_row_035911,2026-02-13,2026-02-13 15:45:00+00:00,2026-02-13 16:30:00+00:00,Things,Listen speeches,Listen speeches,audiobook,speeches,0.375,0.75,True,explicit_reading_or_audiobook_duration,0.75,full_duration_compatible_overlap,Walk,Things,0.375,,,,
calendar_analysis_row_035950_part_0,calendar_analysis_row_035950,2026-02-15,2026-02-15 07:15:00+00:00,2026-02-15 07:45:00+00:00,Things,book:vaet,book:vaet,reading,vaet,0.5,0.5,True,explicit_reading_or_audiobook_duration,0.5,calendar_analysis_duration,,,0.0,,,,
calendar_analysis_row_035960_part_0,calendar_analysis_row_035960,2026-02-16,2026-02-16 00:15:00+00:00,2026-02-16 00:45:00+00:00,Things,Book:vaet,Book:vaet,reading,vaet,0.5,0.5,True,explicit_reading_or_audiobook_duration,0.5,calendar_analysis_duration,,,0.0,,,,
calendar_analysis_row_035968_part_0,calendar_analysis_row_035968,2026-02-16,2026-02-16 12:00:00+00:00,2026-02-16 14:00:00+00:00,Things,Book:vaet,Book:vaet,reading,vaet,2.0,2.0,True,explicit_reading_or_audiobook_duration,2.0,calendar_analysis_duration,,,0.0,,,,
calendar_analysis_row_035981_part_0,calendar_analysis_row_035981,2026-02-17,2026-02-17 06:00:00+00:00,2026-02-17 06:30:00+00:00,Things,Book:vaet,Book:vaet,reading,vaet,0.5,0.5,True,explicit_reading_or_audiobook_duration,0.5,calendar_analysis_duration,,,0.0,,,,
calendar_analysis_row_036011_part_0,calendar_analysis_row_036011,2026-02-18,2026-02-18 06:00:00+00:00,2026-02-18 06:20:00+00:00,Things,Book:vaet,Book:vaet,reading,vaet,0.3333333333333333,0.3333333333333333,True,explicit_reading_or_audiobook_duration,0.3333333333333333,calendar_analysis_duration,,,0.0,,,,
calendar_analysis_row_036012_part_0,calendar_analysis_row_036012,2026-02-18,2026-02-18 06:20:00+00:00,2026-02-18 06:40:00+00:00,Things,book:taocp,book:taocp,reading,taocp,0.3333333333333333,0.3333333333333333,True,explicit_reading_or_audiobook_duration,0.3333333333333333,calendar_analysis_duration,,,0.0,,,,
calendar_analysis_row_036013_part_0,calendar_analysis_row_036013,2026-02-18,2026-02-18 06:40:00+00:00,2026-02-18 07:00:00+00:00,Things,book:sp,book:sp,reading,sp,0.3333333333333333,0.3333333333333333,True,explicit_reading_or_audiobook_duration,0.3333333333333333,calendar_analysis_duration,,,0.0,,,,
calendar_analysis_row_036161_part_0,calendar_analysis_row_036161,2026-02-24,2026-02-24 07:15:00+00:00,2026-02-24 07:30:00+00:00,Things,book:vaet,book:vaet,reading,vaet,0.25,0.25,True,explicit_reading_or_audiobook_duration,0.25,calendar_analysis_duration,,,0.0,,,,
calendar_analysis_row_036175_part_0,calendar_analysis_row_036175,2026-02-24,2026-02-24 19:45:00+00:00,2026-02-24 20:30:00+00:00,Things,book:vaet,book:vaet,reading,vaet,0.625,0.75,True,explicit_reading_or_audiobook_duration,0.75,full_duration_minor_overlap,lunch,"Meals, Supplements, Sleep",0.125,,,,
calendar_analysis_row_036247_part_0,calendar_analysis_row_036247,2026-02-27,2026-02-27 04:15:00+00:00,2026-02-27 04:45:00+00:00,Things,book:ewsr,book:ewsr,reading,ewsr,0.5,0.5,True,explicit_reading_or_audiobook_duration,0.5,calendar_analysis_duration,,,0.0,,,,
calendar_analysis_row_036377_part_0,calendar_analysis_row_036377,2026-03-04,2026-03-04 07:45:00+00:00,2026-03-04 08:00:00+00:00,Things,Read Kipling,Read Kipling,reading,Kipling,0.25,0.25,True,explicit_reading_or_audiobook_duration,0.25,calendar_analysis_duration,,,0.0,,,,
calendar_analysis_row_036435_part_0,calendar_analysis_row_036435,2026-03-06,2026-03-06 10:45:00+00:00,2026-03-06 11:00:00+00:00,Things,Book:wctpow,Book:wctpow,reading,wctpow,0.25,0.25,True,explicit_reading_or_audiobook_duration,0.25,calendar_analysis_duration,,,0.0,,,,
calendar_analysis_row_036728_part_0,calendar_analysis_row_036728,2026-03-18,2026-03-18 20:00:00+00:00,2026-03-18 22:00:00+00:00,clark.benham@gmail.com,books labeling,books labeling,reading,labeling,2.0,2.0,True,explicit_reading_or_audiobook_duration,2.0,calendar_analysis_duration,,,0.0,,,,
calendar_analysis_row_036895_part_0,calendar_analysis_row_036895,2026-03-24,2026-03-24 07:15:00+00:00,2026-03-24 07:30:00+00:00,Things,book:ewsdsr ,book:ewsdsr,reading,ewsdsr,0.25,0.25,True,explicit_reading_or_audiobook_duration,0.25,calendar_analysis_duration,,,0.0,,,,
calendar_analysis_row_037265_part_0,calendar_analysis_row_037265,2026-04-06,2026-04-06 20:15:00+00:00,2026-04-06 21:15:00+00:00,Things,audiobook: sam walton made in america,audiobook: sam walton made in america,audiobook,sam walton made in america,0.5,1.0,True,explicit_reading_or_audiobook_duration,1.0,full_duration_compatible_overlap,walk,Things,0.5,,,,
calendar_analysis_row_037288_part_0,calendar_analysis_row_037288,2026-04-07,2026-04-07 16:37:30+00:00,2026-04-07 17:00:00+00:00,clark.benham@gmail.com,book summaries,book summaries,reading,summaries,0.375,0.375,True,explicit_reading_or_audiobook_duration,0.375,calendar_analysis_duration,,,0.0,,,,
calendar_analysis_row_037344_part_0,calendar_analysis_row_037344,2026-04-09,2026-04-09 20:45:00+00:00,2026-04-09 21:15:00+00:00,Waste Time,Read quotes,Read quotes,reading,quotes,0.5,0.5,True,explicit_reading_or_audiobook_duration,0.5,calendar_analysis_duration,,,0.0,,,,
calendar_analysis_row_037462_part_0,calendar_analysis_row_037462,2026-04-13,2026-04-13 19:45:00+00:00,2026-04-13 20:45:00+00:00,clark.benham@gmail.com,book summary pipeline,book summary pipeline,reading,summary pipeline,1.0,1.0,True,explicit_reading_or_audiobook_duration,1.0,calendar_analysis_duration,,,0.0,,,,
calendar_analysis_row_037599_part_0,calendar_analysis_row_037599,2026-04-19,2026-04-19 01:45:00+00:00,2026-04-19 02:15:00+00:00,Things,Started audiobook: out of the crisis,Started audiobook: out of the crisis,started,out of the crisis,0.25,0.5,True,explicit_started_book_duration,0.5,full_duration_minor_overlap,Walk,Things,0.25,,,,
calendar_analysis_row_037703_part_0,calendar_analysis_row_037703,2026-04-23,2026-04-23 00:15:00+00:00,2026-04-23 01:00:00+00:00,Things,audiobook: ootc ,audiobook: ootc,audiobook,ootc,0.375,0.75,True,explicit_reading_or_audiobook_duration,0.75,full_duration_compatible_overlap,walk,Things,0.375,,,,
calendar_analysis_row_038164_part_0,calendar_analysis_row_038164,2026-05-07,2026-05-07 03:45:00+00:00,2026-05-07 04:15:00+00:00,Things,book:gs,book:gs,reading,gs,0.5,0.5,True,explicit_reading_or_audiobook_duration,0.5,calendar_analysis_duration,,,0.0,,,,
calendar_analysis_row_038351_part_0,calendar_analysis_row_038351,2026-05-13,2026-05-13 01:15:00+00:00,2026-05-13 02:00:00+00:00,Things,Started Audiobook: Iacocca an autobiography,Started Audiobook: Iacocca an autobiography,started,Iacocca an autobiography,0.375,0.75,True,explicit_started_book_duration,0.375,calendar_analysis_duration_incompatible_overlap,Cook,Things,0.0,,,,
calendar_analysis_row_038387_part_0,calendar_analysis_row_038387,2026-05-14,2026-05-14 01:00:00+00:00,2026-05-14 01:15:00+00:00,Things,Audiobook: iaa,Audiobook: iaa,audiobook,iaa,0.125,0.25,True,explicit_reading_or_audiobook_duration,0.25,full_duration_minor_overlap,Walk,Things,0.125,,,,
calendar_analysis_row_038389_part_0,calendar_analysis_row_038389,2026-05-14,2026-05-14 01:30:00+00:00,2026-05-14 02:30:00+00:00,Things,Audiobook: iaa,Audiobook: iaa,audiobook,iaa,0.5,1.0,True,explicit_reading_or_audiobook_duration,1.0,full_duration_compatible_overlap,Walk,Things,0.5,,,,
