title,category,read_year,link,trueEnjoy,grRating,ridge_full_enjoy,rf_enjoy,gbm_enjoy,heuristic_sum
"The Influence of Seapower Upon History",General Reading,2012,https://www.goodreads.com/review/show/370100886?utm_medium=api&utm_source=rss,3,3.89,3.3995016919938865,3.1694320895565324,2.621145477958113,3.89
"Unsong",General Reading,2017,https://www.goodreads.com/review/show/1997706071?utm_medium=api&utm_source=rss,4,4.4,3.8822527144857184,3.6096795378627475,2.9257548071628277,4.4
"Neuromancer (Sprawl #1)",General Reading,2025,https://www.goodreads.com/review/show/369944430?utm_medium=api&utm_source=rss,4,3.87,3.380570279347148,3.1916184602363327,2.621145477958113,3.87
"Freedom™ (Daemon, #2)",General Reading,2025,https://www.goodreads.com/review/show/572799761?utm_medium=api&utm_source=rss,2,4.27,3.7591985322819172,3.447846145126452,2.9275548225167403,4.27
"Selected poems (Penguin modern European poets)",General Reading,2014,https://www.goodreads.com/review/show/954822895?utm_medium=api&utm_source=rss,3,4.16,3.6550757627248562,3.2764615559201165,2.6440748476244127,4.16
"The Psychology of Invention in the Mathematical Field",General Reading,2014,https://www.goodreads.com/review/show/829841188?utm_medium=api&utm_source=rss,4,3.98,3.48469304890421,3.1166020754783723,2.5386562938085575,3.98
"Quantum Computing Since Democritus",General Reading,2013,https://www.goodreads.com/review/show/584350400?utm_medium=api&utm_source=rss,4,4.17,3.6645414690482254,3.2943931354785496,2.6440748476244127,4.17
"The Master Algorithm: How the Quest for the Ultimate Learning Machine Will Remake Our World",General Reading,2015,https://www.goodreads.com/review/show/1424450849?utm_medium=api&utm_source=rss,2,3.71,3.2291189781732403,3.1180525219192736,2.6920097982944986,3.71
"The House at Pooh Corner (Winnie-the-Pooh, #2)",General Reading,2024,https://www.goodreads.com/review/show/370627282?utm_medium=api&utm_source=rss,4,4.38,3.86332130183898,3.5961210061167157,2.954018112679327,4.38
"Blindsight (Firefall, #1)",General Reading,2024,https://www.goodreads.com/review/show/369828622?utm_medium=api&utm_source=rss,5,4,3.5036244615509484,3.109294885935889,2.5386562938085575,4
"Around the World in Eighty Days",General Reading,2024,https://www.goodreads.com/review/show/370165761?utm_medium=api&utm_source=rss,4,3.95,3.4562959299341025,3.167391229562459,2.645010657526909,3.95
"One Hundred Famous Views of Edo",General Reading,2024,https://www.goodreads.com/review/show/370205061?utm_medium=api&utm_source=rss,5,4.53,4.005306896689519,3.656207828865651,3.361656719965461,4.53
"Everyman and Other Miracle and Morality Plays",General Reading,2024,https://www.goodreads.com/review/show/374272735?utm_medium=api&utm_source=rss,3,3.29,2.831559312591733,2.8606176201027456,2.6652901079298643,3.29
"Martin the Warrior (Redwall, #6)",General Reading,2024,https://www.goodreads.com/review/show/370163606?utm_medium=api&utm_source=rss,3,4.16,3.6550757627248562,3.2764615559201165,2.6440748476244127,4.16
"The Firm",General Reading,2024,https://www.goodreads.com/review/show/370054264?utm_medium=api&utm_source=rss,3,2.67,2.24468552054284,2.8606176201027456,2.6652901079298643,2.67
"Zen Flesh, Zen Bones",General Reading,2024,https://www.goodreads.com/review/show/370598440?utm_medium=api&utm_source=rss,5,4.18,3.6740071753715946,3.2943931354785496,2.6440748476244127,4.18
"McNamara's Folly: The Use of Low-IQ Troops in the Vietnam War",General Reading,2018,https://www.goodreads.com/review/show/2333328079?utm_medium=api&utm_source=rss,4,4.29,3.7781299449286565,3.4945954908361223,3.0740397452633794,4.29
"A Deepness in the Sky (Zones of Thought, #2)",General Reading,2023,https://www.goodreads.com/review/show/369825906?utm_medium=api&utm_source=rss,5,4.31,3.797061357575395,3.478839420587795,3.0740397452633794,4.31
"Drop Dead Healthy: One Man's Humble Quest for Bodily Perfection",General Reading,2015,https://www.goodreads.com/review/show/1438354031?utm_medium=api&utm_source=rss,3,3.75,3.266981803466718,3.143957952431198,2.9420243767299623,3.75
"Le Ton beau de Marot: In Praise of the Music of Language",General Reading,2023,https://www.goodreads.com/review/show/369832354?utm_medium=api&utm_source=rss,5,4.24,3.7308014133118106,3.4402107118031364,2.9275548225167403,4.24
"Radiance",General Reading,2014,https://www.goodreads.com/review/show/370154318?utm_medium=api&utm_source=rss,5,3.77,3.2859132161134554,3.1396523968756425,2.82691905075889,3.77
"Spam Nation: The Inside Story of Organized Cybercrime — from Global Epidemic to Your Front Door",General Reading,2015,https://www.goodreads.com/review/show/1164690081?utm_medium=api&utm_source=rss,3,3.7,3.219653271849872,3.1058996741370155,2.6920097982944986,3.7
"On the Historicity of Jesus: Why We Might Have Reason for Doubt",General Reading,2018,https://www.goodreads.com/review/show/2427193336?utm_medium=api&utm_source=rss,3,4.27,3.7591985322819172,3.447846145126452,2.9275548225167403,4.27
"Existence",General Reading,2012,https://www.goodreads.com/review/show/467110336?utm_medium=api&utm_source=rss,2,3.77,3.2859132161134554,3.1396523968756425,2.82691905075889,3.77
"City of Golden Shadow (Otherland, #1)",General Reading,2022,https://www.goodreads.com/review/show/369956876?utm_medium=api&utm_source=rss,4,3.93,3.437364517287364,3.1705351892940024,2.645010657526909,3.93
"The Discovery of France: A Historical Geography from the Revolution to the First World War",General Reading,2013,https://www.goodreads.com/review/show/369875300?utm_medium=api&utm_source=rss,5,4,3.5036244615509484,3.109294885935889,2.5386562938085575,4
"The Battle between the Frogs and the Mice: A Tiny Homeric Epic",General Reading,2020,https://www.goodreads.com/review/show/3231032913?utm_medium=api&utm_source=rss,4,4.53,4.005306896689519,3.656207828865651,3.361656719965461,4.53
"The Hye Ch'O Diary: Memoir of the Pilgrimage to the Five Regions of India (Religions of Asia Series) (English and Korean Edition)",General Reading,2020,https://www.goodreads.com/review/show/2584837486?utm_medium=api&utm_source=rss,3,4.2,3.692938588018333,3.38316215536463,2.895634800768575,4.2
"An Introduction to Japanese Court Poetry",General Reading,2020,https://www.goodreads.com/review/show/371034191?utm_medium=api&utm_source=rss,3,3.89,3.3995016919938865,3.1694320895565324,2.621145477958113,3.89
"Private Wealth in Renaissance Florence: A Study of Four Families",General Reading,2019,https://www.goodreads.com/review/show/3057694930?utm_medium=api&utm_source=rss,3,4,3.5036244615509484,3.109294885935889,2.5386562938085575,4
"String of Beads: Complete Poems of Princess Shikishi (Shaps Library of Translations)",General Reading,2019,https://www.goodreads.com/review/show/2821183153?utm_medium=api&utm_source=rss,3,4.29,3.7781299449286565,3.4945954908361223,3.0740397452633794,4.29
"Spec Ops: Case Studies in Special Operations Warfare: Theory and Practice",General Reading,2016,https://www.goodreads.com/review/show/1702133540?utm_medium=api&utm_source=rss,4,4.2,3.692938588018333,3.38316215536463,2.895634800768575,4.2
"The Complete Winnie-the-Pooh",General Reading,2022,https://www.goodreads.com/review/show/372380958?utm_medium=api&utm_source=rss,5,4.42,3.901184127132456,3.7046565988456712,3.361656719965461,4.42
"Worm (Parahumans, #1)",General Reading,2014,https://www.goodreads.com/review/show/825541415?utm_medium=api&utm_source=rss,5,4.6,4.071566840953103,3.656207828865651,3.361656719965461,4.6
"The Book of Fantasy",General Reading,2021,https://www.goodreads.com/review/show/369873253?utm_medium=api&utm_source=rss,4,4.08,3.5793501121379028,3.2941670084941954,2.7622671254511912,4.08
"Bad Blood: Secrets and Lies in a Silicon Valley Startup",General Reading,2018,https://www.goodreads.com/review/show/2427192790?utm_medium=api&utm_source=rss,4,4.38,3.86332130183898,3.5961210061167157,2.954018112679327,4.38
"Left in the dark : the biological origins of the fall from grace : an investigation into the evolution of the human brain : a journey to the edge of the human mind",General Reading,2012,https://www.goodreads.com/review/show/369885742?utm_medium=api&utm_source=rss,1,4.09,3.588815818461272,3.301044940592961,2.7622671254511912,4.09
"Earthsearch",General Reading,1995,https://www.goodreads.com/review/show/4010467126?utm_medium=api&utm_source=rss,5,4.58,4.052635428306365,3.656207828865651,3.361656719965461,4.58
"Indiscrete Thoughts",General Reading,2017,https://www.goodreads.com/review/show/1997328808?utm_medium=api&utm_source=rss,3,4.21,3.702404294341702,3.4095684461202582,2.895634800768575,4.21
"The End of History and the Last Man",General Reading,2004,https://www.goodreads.com/review/show/369928090?utm_medium=api&utm_source=rss,4,3.61,3.1344619149395485,3.091631454525206,2.8817425997587325,3.61
"iWoz - Computer Geek to Cult Icon: How I Invented the Personal Computer, Co-Founded Apple, and Had Fun Doing It",General Reading,2020,https://www.goodreads.com/review/show/369829112?utm_medium=api&utm_source=rss,3,3.75,3.266981803466718,3.143957952431198,2.9420243767299623,3.75
"Eragon (The Inheritance Cycle #1)",General Reading,2004,https://www.goodreads.com/review/show/369973900?utm_medium=api&utm_source=rss,1,3.96,3.4657616362574717,3.1368509099167032,2.5386562938085575,3.96
"House of Leaves",General Reading,2020,https://www.goodreads.com/review/show/507574892?utm_medium=api&utm_source=rss,3,4.11,3.6077472311080103,3.290748344706648,2.7622671254511912,4.11
"Good Thinking: The Foundations of Probability and Its Applications (Dover Books on Mathematics)",General Reading,2013,https://www.goodreads.com/review/show/497088586?utm_medium=api&utm_source=rss,2,4,3.5036244615509484,3.109294885935889,2.5386562938085575,4
"The Wallet of Kai Lung (Kai Lung #1)",General Reading,2013,https://www.goodreads.com/review/show/664549499?utm_medium=api&utm_source=rss,3,3.43,2.9640792011189014,2.847226251055127,2.6652901079298643,3.43
"The Master Switch: The Rise and Fall of Information Empires",General Reading,2010,https://www.goodreads.com/review/show/370187143?utm_medium=api&utm_source=rss,4,3.85,3.36163886670041,3.187094234950601,2.621145477958113,3.85
"The Circus of Dr. Lao",General Reading,2011,https://www.goodreads.com/review/show/370188072?utm_medium=api&utm_source=rss,4,3.82,3.3332417477303022,3.157021060768792,2.621145477958113,3.82
"The Kindly Ones",General Reading,2020,https://www.goodreads.com/review/show/370207955?utm_medium=api&utm_source=rss,4,3.92,3.427898810963994,3.16665920115171,2.621145477958113,3.92
"Cognitive Surplus: Creativity and Generosity in a Connected Age",General Reading,2012,https://www.goodreads.com/review/show/425118086?utm_medium=api&utm_source=rss,3,3.83,3.3427074540536714,3.1791866000905817,2.621145477958113,3.83
"The Lady Tasting Tea: How Statistics Revolutionized Science in the Twentieth Century",General Reading,2020,https://www.goodreads.com/review/show/370178949?utm_medium=api&utm_source=rss,2,3.94,3.4468302236107324,3.167391229562459,2.645010657526909,3.94
"The Ideological Origins of the American Revolution",General Reading,2011,https://www.goodreads.com/review/show/370192024?utm_medium=api&utm_source=rss,4,4.04,3.541487286844425,3.1413284543957407,2.57426083774174,4.04
"Shadow Games (The Chronicles of the Black Company, #4)",General Reading,2013,https://www.goodreads.com/review/show/639823401?utm_medium=api&utm_source=rss,3,4.1,3.5982815247846403,3.299161823709844,2.7622671254511912,4.1
"The Man Who Knew Infinity: A Life of the Genius Ramanujan",General Reading,2013,https://www.goodreads.com/review/show/692991828?utm_medium=api&utm_source=rss,4,4.03,3.532021580521057,3.130877929761123,2.57426083774174,4.03
"The Judging Eye (Aspect-Emperor, #1)",General Reading,2020,https://www.goodreads.com/review/show/395314693?utm_medium=api&utm_source=rss,3,4.01,3.5130901678743176,3.130877929761123,2.57426083774174,4.01
"In the Plex: How Google Thinks, Works, and Shapes Our Lives",General Reading,2013,https://www.goodreads.com/review/show/569922309?utm_medium=api&utm_source=rss,4,3.83,3.3427074540536714,3.1791866000905817,2.621145477958113,3.83
"Curves and Angles: Poems",General Reading,2019,https://www.goodreads.com/review/show/1090123896?utm_medium=api&utm_source=rss,3,3.59,3.1155305022928093,3.082543237186989,2.8817425997587325,3.59
"Dreams of Steel (The Chronicles of the Black Company, #5)",General Reading,2013,https://www.goodreads.com/review/show/639958766?utm_medium=api&utm_source=rss,4,4.11,3.6077472311080103,3.290748344706648,2.7622671254511912,4.11
"Un Lun Dun",General Reading,2014,https://www.goodreads.com/review/show/370584885?utm_medium=api&utm_source=rss,3,3.83,3.3427074540536714,3.1791866000905817,2.621145477958113,3.83
"Shame",General Reading,2013,https://www.goodreads.com/review/show/668566831?utm_medium=api&utm_source=rss,3,3.25,2.793696487298256,2.8606176201027456,2.6652901079298643,3.25
"Perseverance island: or, The Robinson Crusoe of the nineteenth century",General Reading,2014,https://www.goodreads.com/review/show/1127697713?utm_medium=api&utm_source=rss,3,3.5,3.0303391453824866,2.9449681630854956,2.6652901079298643,3.5
"Theological Incorrectness: Why Religious People Believe What They Shouldn't",General Reading,2015,https://www.goodreads.com/review/show/424972918?utm_medium=api&utm_source=rss,3,3.96,3.4657616362574717,3.1368509099167032,2.5386562938085575,3.96
"Pirate Freedom",General Reading,2012,https://www.goodreads.com/review/show/369834195?utm_medium=api&utm_source=rss,3,3.7,3.219653271849872,3.1058996741370155,2.6920097982944986,3.7
"Star Wars: Before the Storm (The Black Fleet Crisis, #1)",General Reading,2020,https://www.goodreads.com/review/show/370976906?utm_medium=api&utm_source=rss,3,3.42,2.9546134947955323,2.847226251055127,2.6652901079298643,3.42
"More Poems",General Reading,2015,https://www.goodreads.com/review/show/372533317?utm_medium=api&utm_source=rss,3,4.15,3.645610056401488,3.2800756050654156,2.6440748476244127,4.15
"The Fountain",General Reading,2014,https://www.goodreads.com/review/show/1057777731?utm_medium=api&utm_source=rss,2,3,2.557053829214024,2.8606176201027456,2.6652901079298643,3
"The Complete Poems",General Reading,2017,https://www.goodreads.com/review/show/1825100933?utm_medium=api&utm_source=rss,1,4.21,3.702404294341702,3.4095684461202582,2.895634800768575,4.21
"Bitter Seeds (The Milkweed Triptych, #1)",General Reading,2013,https://www.goodreads.com/review/show/536251176?utm_medium=api&utm_source=rss,3,3.74,3.2575160971433488,3.133739167413593,2.9420243767299623,3.74
"Newton and the Counterfeiter: The Unknown Detective Career of the World's Greatest Scientist",General Reading,2014,https://www.goodreads.com/review/show/372217592?utm_medium=api&utm_source=rss,3,3.76,3.2764475097900863,3.143957952431198,2.9420243767299623,3.76
"Spice & Wolf, Vol. 01",General Reading,2013,https://www.goodreads.com/review/show/680374249?utm_medium=api&utm_source=rss,3,4.17,3.6645414690482254,3.2943931354785496,2.6440748476244127,4.17
"Silicon Snake Oil: Second Thoughts on the Information Highway",General Reading,2020,https://www.goodreads.com/review/show/371323710?utm_medium=api&utm_source=rss,3,3.34,2.878887844208579,2.85243458438846,2.6652901079298643,3.34
"Chinese History in Economic Perspective (Volume 13) (Studies on China)",General Reading,2012,https://www.goodreads.com/review/show/386937322?utm_medium=api&utm_source=rss,3,3,2.557053829214024,2.8606176201027456,2.6652901079298643,3
"Portfolios of the Poor: How the World's Poor Live on $2 a Day",General Reading,2012,https://www.goodreads.com/review/show/370561955?utm_medium=api&utm_source=rss,3,3.94,3.4468302236107324,3.167391229562459,2.645010657526909,3.94
"Structural Equation Modeling: A Bayesian Approach (Wiley Series in Probability and Statistics)",General Reading,2015,https://www.goodreads.com/review/show/1379457190?utm_medium=api&utm_source=rss,3,3,2.557053829214024,2.8606176201027456,2.6652901079298643,3
"Memoirs Found in a Bathtub",General Reading,2016,https://www.goodreads.com/review/show/371601851?utm_medium=api&utm_source=rss,3,3.8,3.314310335083564,3.15597753343254,2.82691905075889,3.8
"Puzzles of the Black Widowers (The Black Widowers, #5)",General Reading,2015,https://www.goodreads.com/review/show/1323925255?utm_medium=api&utm_source=rss,2,3.97,3.475227342580841,3.134045811789025,2.5386562938085575,3.97
"Star Maker",General Reading,2020,https://www.goodreads.com/review/show/378953642?utm_medium=api&utm_source=rss,5,3.93,3.437364517287364,3.1705351892940024,2.645010657526909,3.93
"Being Wrong: Adventures in the Margin of Error",General Reading,2020,https://www.goodreads.com/review/show/645775331?utm_medium=api&utm_source=rss,3,3.93,3.437364517287364,3.1705351892940024,2.645010657526909,3.93
"The True Believer: Thoughts on the Nature of Mass Movements",General Reading,2020,https://www.goodreads.com/review/show/370558611?utm_medium=api&utm_source=rss,4,4.18,3.6740071753715946,3.2943931354785496,2.6440748476244127,4.18
"Friendship is Optimal",General Reading,2020,https://www.goodreads.com/review/show/464261897?utm_medium=api&utm_source=rss,4,4.14,3.636144350078118,3.2468061167187683,2.5515307663290194,4.14
"The Great Gatsby",General Reading,2015,https://www.goodreads.com/review/show/369880911?utm_medium=api&utm_source=rss,4,3.93,3.437364517287364,3.1705351892940024,2.645010657526909,3.93
"The Thousand Autumns of Jacob de Zoet",General Reading,2018,https://www.goodreads.com/review/show/369971504?utm_medium=api&utm_source=rss,5,4.01,3.5130901678743176,3.130877929761123,2.57426083774174,4.01
"Declare",General Reading,2013,https://www.goodreads.com/review/show/370143889?utm_medium=api&utm_source=rss,4,4.03,3.532021580521057,3.130877929761123,2.57426083774174,4.03
"The Japanese Family Storehouse: Or the Millionaire's Gospel Modernised",General Reading,2018,https://www.goodreads.com/review/show/2445772856?utm_medium=api&utm_source=rss,3,4.18,3.6740071753715946,3.2943931354785496,2.6440748476244127,4.18
"Clever Hans (The horse of Mr. Von Osten): A contribution to experimental animal and human psychology",General Reading,2017,https://www.goodreads.com/review/show/1798234899?utm_medium=api&utm_source=rss,3,4,3.5036244615509484,3.109294885935889,2.5386562938085575,4
"Fear and Loathing in Las Vegas: A Savage Journey to the Heart of the American Dream",General Reading,2014,https://www.goodreads.com/review/show/369880530?utm_medium=api&utm_source=rss,3,4.07,3.5698844058145327,3.280851700523182,2.7622671254511912,4.07
"Daemon (Daemon, #1)",General Reading,2013,https://www.goodreads.com/review/show/572696883?utm_medium=api&utm_source=rss,3,4.17,3.6645414690482254,3.2943931354785496,2.6440748476244127,4.17
"Fascinating Mathematical People: Interviews and Memoirs",General Reading,2014,https://www.goodreads.com/review/show/1082038804?utm_medium=api&utm_source=rss,2,3.71,3.2291189781732403,3.1180525219192736,2.6920097982944986,3.71
"Although of Course You End Up Becoming Yourself: A Road Trip with David Foster Wallace",General Reading,2015,https://www.goodreads.com/review/show/1391170585?utm_medium=api&utm_source=rss,3,3.93,3.437364517287364,3.1705351892940024,2.645010657526909,3.93
"No Country for Old Men",General Reading,2012,https://www.goodreads.com/review/show/369879483?utm_medium=api&utm_source=rss,3,4.16,3.6550757627248562,3.2764615559201165,2.6440748476244127,4.16
"Dhalgren",General Reading,2009,https://www.goodreads.com/review/show/369830630?utm_medium=api&utm_source=rss,1,3.78,3.2953789224368255,3.1543829034891924,2.82691905075889,3.78
"Lords of Finance: The Bankers Who Broke the World",General Reading,2012,https://www.goodreads.com/review/show/371644624?utm_medium=api&utm_source=rss,5,4.01,3.5130901678743176,3.130877929761123,2.57426083774174,4.01
"Packing for Mars: The Curious Science of Life in the Void",General Reading,2013,https://www.goodreads.com/review/show/372115382?utm_medium=api&utm_source=rss,4,3.93,3.437364517287364,3.1705351892940024,2.645010657526909,3.93
"Tau Zero",General Reading,2013,https://www.goodreads.com/review/show/691360180?utm_medium=api&utm_source=rss,3,3.83,3.3427074540536714,3.1791866000905817,2.621145477958113,3.83
"Mathematical People: Profiles and Interviews",General Reading,2014,https://www.goodreads.com/review/show/1063407802?utm_medium=api&utm_source=rss,3,3.88,3.3900359856705173,3.1916184602363327,2.621145477958113,3.88
"A Confederacy of Dunces",General Reading,2013,https://www.goodreads.com/review/show/370122433?utm_medium=api&utm_source=rss,3,3.89,3.3995016919938865,3.1694320895565324,2.621145477958113,3.89
"The Mature Optimization Handbook",General Reading,2017,https://www.goodreads.com/review/show/2075257961?utm_medium=api&utm_source=rss,2,4.1,3.5982815247846403,3.299161823709844,2.7622671254511912,4.1
"The Poems of Gerard Manley Hopkins",General Reading,2016,https://www.goodreads.com/review/show/1643077424?utm_medium=api&utm_source=rss,3,4.29,3.7781299449286565,3.4945954908361223,3.0740397452633794,4.29
"Tales of Ise: Lyrical Episodes from Tenth-Century Japan",General Reading,2016,https://www.goodreads.com/review/show/1752790103?utm_medium=api&utm_source=rss,2,3.97,3.475227342580841,3.134045811789025,2.5386562938085575,3.97
"1000 Poems from the Manyōshū",General Reading,2016,https://www.goodreads.com/review/show/1673338544?utm_medium=api&utm_source=rss,3,4.15,3.645610056401488,3.2800756050654156,2.6440748476244127,4.15
"The Rapture of the Nerds",General Reading,2020,https://www.goodreads.com/review/show/416512247?utm_medium=api&utm_source=rss,3,3.34,2.878887844208579,2.85243458438846,2.6652901079298643,3.34
"Japanese Love Hotels: A Cultural History (Routledge Contemporary Japan Series)",General Reading,2015,https://www.goodreads.com/review/show/1200695726?utm_medium=api&utm_source=rss,3,3.33,2.8694221378852096,2.8606176201027456,2.6652901079298643,3.33
"Confessions of an English Opium Eater",General Reading,2016,https://www.goodreads.com/review/show/1778421809?utm_medium=api&utm_source=rss,3,3.3,2.841025018915102,2.8606176201027456,2.6652901079298643,3.3
"Singularity Rising: Surviving and Thriving in a Smarter, Richer, and More Dangerous World",General Reading,2013,https://www.goodreads.com/review/show/453095194?utm_medium=api&utm_source=rss,4,3.68,3.200721859203133,3.06925610764986,2.6920097982944986,3.68
"Voyage of the Beagle",General Reading,2012,https://www.goodreads.com/review/show/467192562?utm_medium=api&utm_source=rss,3,4.03,3.532021580521057,3.130877929761123,2.57426083774174,4.03
"Robert Bakewell and the Longhorn Breed of Cattle",General Reading,2019,https://www.goodreads.com/review/show/2921636058?utm_medium=api&utm_source=rss,3,3.67,3.1912561528797627,3.0735828572891095,2.865842948517334,3.67
"The Ocean at the End of the Lane",General Reading,2014,https://www.goodreads.com/review/show/980474498?utm_medium=api&utm_source=rss,3,4,3.5036244615509484,3.109294885935889,2.5386562938085575,4
"Renaming of the Birds",General Reading,2014,https://www.goodreads.com/review/show/804909803?utm_medium=api&utm_source=rss,3,4.42,3.901184127132456,3.7046565988456712,3.361656719965461,4.42
"Light (Kefahuchi Tract, #1)",General Reading,2014,https://www.goodreads.com/review/show/371384448?utm_medium=api&utm_source=rss,2,3.62,3.1439276212629177,3.091631454525206,2.8817425997587325,3.62
"Wired Love: A Romance of Dots and Dashes",General Reading,2013,https://www.goodreads.com/review/show/684047219?utm_medium=api&utm_source=rss,4,3.88,3.3900359856705173,3.1916184602363327,2.621145477958113,3.88
"The Windup Girl",General Reading,2015,https://www.goodreads.com/review/show/1411687919?utm_medium=api&utm_source=rss,4,3.75,3.266981803466718,3.143957952431198,2.9420243767299623,3.75
"A Life of Sir Francis Galton: From African Exploration to the Birth of Eugenics",General Reading,2016,https://www.goodreads.com/review/show/1605393134?utm_medium=api&utm_source=rss,4,3.69,3.210187565526502,3.083161219694678,2.6920097982944986,3.69
"The Devil in the White City",General Reading,2013,https://www.goodreads.com/review/show/677191961?utm_medium=api&utm_source=rss,4,3.99,3.4941587552275792,3.109294885935889,2.5386562938085575,3.99
"A Random Walk Down Wall Street",General Reading,2020,https://www.goodreads.com/review/show/369879819?utm_medium=api&utm_source=rss,3,4.05,3.5509529931677943,3.152219098660406,2.57426083774174,4.05
"Genius: The Life and Science of Richard Feynman",General Reading,2014,https://www.goodreads.com/review/show/369950186?utm_medium=api&utm_source=rss,5,4.11,3.6077472311080103,3.290748344706648,2.7622671254511912,4.11
"The Histories",General Reading,2020,https://www.goodreads.com/review/show/370115844?utm_medium=api&utm_source=rss,5,3.99,3.4941587552275792,3.109294885935889,2.5386562938085575,3.99
"The Signal and the Noise: Why So Many Predictions Fail—But Some Don't",General Reading,2012,https://www.goodreads.com/review/show/429626610?utm_medium=api&utm_source=rss,4,3.95,3.4562959299341025,3.167391229562459,2.645010657526909,3.95
"Drug Interdiction: Partnerships, Legal Principles, and Investigative Methodologies for Law Enforcement",General Reading,2015,https://www.goodreads.com/review/show/1411688271?utm_medium=api&utm_source=rss,3,3.5,3.0303391453824866,2.9449681630854956,2.6652901079298643,3.5
"The Hall of Uselessness: Collected Essays",General Reading,2015,https://www.goodreads.com/review/show/1263489523?utm_medium=api&utm_source=rss,4,4.32,3.806527063898764,3.478839420587795,3.0740397452633794,4.32
"The Legend of Sigurd & Gudrún",General Reading,2010,https://www.goodreads.com/review/show/370998347?utm_medium=api&utm_source=rss,2,3.88,3.3900359856705173,3.1916184602363327,2.621145477958113,3.88
"The Iron Dragon's Daughter (The Iron Dragon's Daughter #1)",General Reading,2014,https://www.goodreads.com/review/show/373051526?utm_medium=api&utm_source=rss,4,3.72,3.2385846844966104,3.1326049682793937,2.9420243767299623,3.72
"A Memory of Light (The Wheel of Time, #14)",General Reading,2013,https://www.goodreads.com/review/show/369881195?utm_medium=api&utm_source=rss,3,4.56,4.033704015659626,3.656207828865651,3.361656719965461,4.56
"The Notenki Memoirs: Studio Gainax & The Men Who Created Evangelion",General Reading,2009,https://www.goodreads.com/review/show/513412440?utm_medium=api&utm_source=rss,5,3.61,3.1344619149395485,3.091631454525206,2.8817425997587325,3.61
"The Wages of Destruction: The Making and Breaking of the Nazi Economy",General Reading,2014,https://www.goodreads.com/review/show/373143104?utm_medium=api&utm_source=rss,5,4.53,4.005306896689519,3.656207828865651,3.361656719965461,4.53
"Game Programming Patterns",General Reading,2014,https://www.goodreads.com/review/show/927149987?utm_medium=api&utm_source=rss,3,4.5,3.9769097777194102,3.656207828865651,3.361656719965461,4.5
"The Midas Paradox: Financial Markets, Government Policy Shocks, and the Great Depression",General Reading,2018,https://www.goodreads.com/review/show/2714831124?utm_medium=api&utm_source=rss,3,3.84,3.3521731603770406,3.1840477112016923,2.621145477958113,3.84
"The Buried Giant",General Reading,2018,https://www.goodreads.com/review/show/2714826004?utm_medium=api&utm_source=rss,3,3.57,3.096599089646071,3.0808205669360933,2.910628499887679,3.57
"Urne Burial",General Reading,2012,https://www.goodreads.com/review/show/370067965?utm_medium=api&utm_source=rss,5,4.07,3.5698844058145327,3.280851700523182,2.7622671254511912,4.07
"Solid Fool's Gold: Detours on the Way to Conventional Wisdom",General Reading,2019,https://www.goodreads.com/review/show/2674135747?utm_medium=api&utm_source=rss,2,3.66,3.1817904465563944,3.0735828572891095,2.865842948517334,3.66
"The Secret History of the Mongols (2 vols): A Mongolian Epic Chronicle of the Thirteenth Century",General Reading,2017,https://www.goodreads.com/review/show/2044522137?utm_medium=api&utm_source=rss,3,4.46,3.9390469524259335,3.6796280544733766,3.361656719965461,4.46
"Handbook of Intelligence: Evolutionary Theory, Historical Perspective, and Current Concepts",General Reading,2016,https://www.goodreads.com/review/show/1590697850?utm_medium=api&utm_source=rss,3,3.5,3.0303391453824866,2.9449681630854956,2.6652901079298643,3.5
"Moondust",General Reading,2017,https://www.goodreads.com/review/show/1989891390?utm_medium=api&utm_source=rss,4,4.06,3.5604186994911635,3.1458820859969077,2.57426083774174,4.06
"Tombstone: The Untold Story of Mao's Great Famine",General Reading,2013,https://www.goodreads.com/review/show/461549503?utm_medium=api&utm_source=rss,4,4.19,3.6834728816949647,3.3149541704042047,2.6440748476244127,4.19
"空ろの箱と零のマリア 1",General Reading,2014,https://www.goodreads.com/review/show/1087814156?utm_medium=api&utm_source=rss,3,4.19,3.6834728816949647,3.3149541704042047,2.6440748476244127,4.19
"The Grand Strategy of the Roman Empire: From the First Century CE to the Third",General Reading,2017,https://www.goodreads.com/review/show/2113959410?utm_medium=api&utm_source=rss,4,4.15,3.645610056401488,3.2800756050654156,2.6440748476244127,4.15
"Web Typography: A handbook for designing beautiful and effective responsive typography",General Reading,2019,https://www.goodreads.com/review/show/3014615361?utm_medium=api&utm_source=rss,4,4.67,4.137826785216688,3.656207828865651,3.361656719965461,4.67
"Fujiwara Teika's Hundred-Poem Sequence of the Shōji Era, 1200: A Complete Translation, with Introduction and Commentary",General Reading,2018,https://www.goodreads.com/review/show/2433173597?utm_medium=api&utm_source=rss,4,4.43,3.910649833455826,3.7046565988456712,3.361656719965461,4.43
"The Dark Side of the Enlightenment: Wizards, Alchemists, and Spiritual Seekers in the Age of Reason",General Reading,2013,https://www.goodreads.com/review/show/690480926?utm_medium=api&utm_source=rss,3,3.22,2.7652993683281477,2.8606176201027456,2.6652901079298643,3.22
"New Legends",General Reading,2013,https://www.goodreads.com/review/show/759044326?utm_medium=api&utm_source=rss,3,3.38,2.9167506695020555,2.847226251055127,2.6652901079298643,3.38
"Playboy Interview Ii",General Reading,2017,https://www.goodreads.com/review/show/2200238709?utm_medium=api&utm_source=rss,4,4.5,3.9769097777194102,3.656207828865651,3.361656719965461,4.5
"On the Road",General Reading,2004,https://www.goodreads.com/review/show/369880608?utm_medium=api&utm_source=rss,3,3.63,3.153393327586286,3.0809569415381937,2.865842948517334,3.63
"Ready Player One (Ready Player One, #1)",General Reading,2015,https://www.goodreads.com/review/show/1269872117?utm_medium=api&utm_source=rss,4,4.21,3.702404294341702,3.4095684461202582,2.895634800768575,4.21
"Drift into Failure",General Reading,2015,https://www.goodreads.com/review/show/1268234991?utm_medium=api&utm_source=rss,3,4.01,3.5130901678743176,3.130877929761123,2.57426083774174,4.01
"The Mask of Sanity",General Reading,2012,https://www.goodreads.com/review/show/373031205?utm_medium=api&utm_source=rss,4,3.99,3.4941587552275792,3.109294885935889,2.5386562938085575,3.99
"Turing's Cathedral: The Origins of the Digital Universe",General Reading,2012,https://www.goodreads.com/review/show/369882157?utm_medium=api&utm_source=rss,4,3.57,3.096599089646071,3.0808205669360933,2.910628499887679,3.57
"Ketamine: Dreams and Realities",General Reading,2014,https://www.goodreads.com/review/show/1117746460?utm_medium=api&utm_source=rss,4,4.19,3.6834728816949647,3.3149541704042047,2.6440748476244127,4.19
"Possible Worlds",General Reading,2017,https://www.goodreads.com/review/show/372241209?utm_medium=api&utm_source=rss,3,4.06,3.5604186994911635,3.1458820859969077,2.57426083774174,4.06
"Uncontrolled: The Surprising Payoff of Trial-and-Error for Business, Politics, and Society",General Reading,2013,https://www.goodreads.com/review/show/398771559?utm_medium=api&utm_source=rss,3,3.72,3.2385846844966104,3.1326049682793937,2.9420243767299623,3.72
"Red Plenty: Inside the Fifties’ Soviet Dream",General Reading,2012,https://www.goodreads.com/review/show/369885927?utm_medium=api&utm_source=rss,4,4.08,3.5793501121379028,3.2941670084941954,2.7622671254511912,4.08
"Research Fraud in the Behavioral and Biomedical Sciences",General Reading,2018,https://www.goodreads.com/review/show/2433208266?utm_medium=api&utm_source=rss,3,3,2.557053829214024,2.8606176201027456,2.6652901079298643,3
"Past, Present, and Future of Statistical Science",General Reading,2014,https://www.goodreads.com/review/show/959222084?utm_medium=api&utm_source=rss,4,3.5,3.0303391453824866,2.9449681630854956,2.6652901079298643,3.5
"Proving History: Bayes's Theorem and the Quest for the Historical Jesus",General Reading,2012,https://www.goodreads.com/review/show/370132278?utm_medium=api&utm_source=rss,4,3.89,3.3995016919938865,3.1694320895565324,2.621145477958113,3.89
"Life in Our Phage World",General Reading,2015,https://www.goodreads.com/review/show/1193858929?utm_medium=api&utm_source=rss,4,4.31,3.797061357575395,3.478839420587795,3.0740397452633794,4.31
"Excuse Me Sir, Would You Like to Buy a Kilo of Isopropyl Bromide?",General Reading,2014,https://www.goodreads.com/review/show/1095756192?utm_medium=api&utm_source=rss,4,3.78,3.2953789224368255,3.1543829034891924,2.82691905075889,3.78
"The Machiavellians: Defenders of Freedom",General Reading,2012,https://www.goodreads.com/review/show/373044014?utm_medium=api&utm_source=rss,4,4.26,3.749732825958548,3.4694619338328896,2.9275548225167403,4.26
"A Perfect Vacuum",General Reading,2015,https://www.goodreads.com/review/show/1341603279?utm_medium=api&utm_source=rss,4,4.17,3.6645414690482254,3.2943931354785496,2.6440748476244127,4.17
"The Origins of Political Order: From Prehuman Times to the French Revolution",General Reading,2012,https://www.goodreads.com/review/show/369928050?utm_medium=api&utm_source=rss,5,4.17,3.6645414690482254,3.2943931354785496,2.6440748476244127,4.17
"The Bridge to Lucy Dunne",General Reading,2016,https://www.goodreads.com/review/show/1767656150?utm_medium=api&utm_source=rss,3,4.28,3.7686642386052873,3.4776567106026426,3.0740397452633794,4.28
"Donald Michie: Machine intelligence, biology and more",General Reading,2018,https://www.goodreads.com/review/show/2571405014?utm_medium=api&utm_source=rss,3,3,2.557053829214024,2.8606176201027456,2.6652901079298643,3
"Clear and Simple As the Truth: Writing Classic Prose",General Reading,2014,https://www.goodreads.com/review/show/370138187?utm_medium=api&utm_source=rss,4,4.06,3.5604186994911635,3.1458820859969077,2.57426083774174,4.06
"The Operations Evaluation Group: A History of Naval Operations Analysis",General Reading,2018,https://www.goodreads.com/review/show/2262226559?utm_medium=api&utm_source=rss,3,3.5,3.0303391453824866,2.9449681630854956,2.6652901079298643,3.5
"Bias in Mental Testing",General Reading,2015,https://www.goodreads.com/review/show/1412079619?utm_medium=api&utm_source=rss,5,4.44,3.920115539779195,3.697616420274242,3.361656719965461,4.44
"The Metropolitan Man",General Reading,2014,https://www.goodreads.com/review/show/1041627881?utm_medium=api&utm_source=rss,4,4.22,3.7118700006650713,3.419836382232142,2.9132384554091955,4.22
"The Pillow Book",General Reading,2016,https://www.goodreads.com/review/show/1696965714?utm_medium=api&utm_source=rss,3,4.02,3.522555874197687,3.130877929761123,2.57426083774174,4.02
"Savage Continent: Europe in the Aftermath of World War II",General Reading,2014,https://www.goodreads.com/review/show/372158731?utm_medium=api&utm_source=rss,4,4.18,3.6740071753715946,3.2943931354785496,2.6440748476244127,4.18
"Tokyo: A Certain Style",General Reading,2017,https://www.goodreads.com/review/show/2166235799?utm_medium=api&utm_source=rss,3,4.3,3.787595651252025,3.4863445750852065,3.0740397452633794,4.3
"100 Years of Nobel Prizes",General Reading,2018,https://www.goodreads.com/review/show/2416614546?utm_medium=api&utm_source=rss,1,2,1.610483196877101,2.8606176201027456,2.6652901079298643,2
"Moby-Dick or, The Whale",General Reading,2017,https://www.goodreads.com/review/show/370161829?utm_medium=api&utm_source=rss,3,3.54,3.0682019706759633,2.986518498852377,2.6652901079298643,3.54
"The Autobiography of Benvenuto Cellini",General Reading,2012,https://www.goodreads.com/review/show/412209040?utm_medium=api&utm_source=rss,3,3.99,3.4941587552275792,3.109294885935889,2.5386562938085575,3.99
"Japan As Number One: Lessons for America",General Reading,2018,https://www.goodreads.com/review/show/2354801164?utm_medium=api&utm_source=rss,3,3.54,3.0682019706759633,2.986518498852377,2.6652901079298643,3.54
"Double Entry: How the Merchants of Venice Created Modern Finance",General Reading,2014,https://www.goodreads.com/review/show/1093201048?utm_medium=api&utm_source=rss,3,3.44,2.9735449074422706,2.847226251055127,2.6652901079298643,3.44
"The Genius Factory: The Curious History of the Nobel Prize Sperm Bank",General Reading,2016,https://www.goodreads.com/review/show/373155219?utm_medium=api&utm_source=rss,4,3.54,3.0682019706759633,2.986518498852377,2.6652901079298643,3.54
"Soldiers Live (The Chronicles of the Black Company, #9)",General Reading,2013,https://www.goodreads.com/review/show/643091902?utm_medium=api&utm_source=rss,2,4.25,3.740267119635179,3.4503631739243485,2.9275548225167403,4.25
"The Thousandfold Thought (The Prince of Nothing, #3)",General Reading,2020,https://www.goodreads.com/review/show/394818376?utm_medium=api&utm_source=rss,2,3.94,3.4468302236107324,3.167391229562459,2.645010657526909,3.94
"The Black Company (The Chronicles of the Black Company, #1)",General Reading,2013,https://www.goodreads.com/review/show/635498885?utm_medium=api&utm_source=rss,4,3.94,3.4468302236107324,3.167391229562459,2.645010657526909,3.94
"Hyperbole and a Half: Unfortunate Situations, Flawed Coping Mechanisms, Mayhem, and Other Things That Happened",General Reading,2014,https://www.goodreads.com/review/show/859555507?utm_medium=api&utm_source=rss,4,4.16,3.6550757627248562,3.2764615559201165,2.6440748476244127,4.16
"Haikai Poet Yosa Buson And The Bashō Revival",General Reading,2015,https://www.goodreads.com/review/show/1371866955?utm_medium=api&utm_source=rss,4,4.43,3.910649833455826,3.7046565988456712,3.361656719965461,4.43
"A Shropshire Lad",General Reading,2015,https://www.goodreads.com/review/show/372533270?utm_medium=api&utm_source=rss,4,4.01,3.5130901678743176,3.130877929761123,2.57426083774174,4.01
"Inside WikiLeaks: My Time with Julian Assange at the World's Most Dangerous Website",General Reading,2011,https://www.goodreads.com/review/show/645280290?utm_medium=api&utm_source=rss,3,3.31,2.8504907252384712,2.8606176201027456,2.6652901079298643,3.31
"Matter (Culture, #8)",General Reading,2020,https://www.goodreads.com/review/show/370563699?utm_medium=api&utm_source=rss,3,4.09,3.588815818461272,3.301044940592961,2.7622671254511912,4.09
"Modern Japanese Diaries: The Japanese at Home and Abroad As Revealed through Their Diaries",General Reading,2006,https://www.goodreads.com/review/show/370218176?utm_medium=api&utm_source=rss,3,3.85,3.36163886670041,3.187094234950601,2.621145477958113,3.85
"Chronicle of a Death Foretold",General Reading,2014,https://www.goodreads.com/review/show/369891060?utm_medium=api&utm_source=rss,4,3.98,3.48469304890421,3.1166020754783723,2.5386562938085575,3.98
"Hanging Out with the Dream King",General Reading,2018,https://www.goodreads.com/review/show/371005023?utm_medium=api&utm_source=rss,3,3.91,3.4184331046406258,3.167601003404526,2.621145477958113,3.91
"Cool Tools: A Catalog of Possibilities",General Reading,2014,https://www.goodreads.com/review/show/1203915986?utm_medium=api&utm_source=rss,4,4.39,3.8727870081623483,3.615679537862747,2.954018112679327,4.39
"The Theory That Would Not Die: How Bayes' Rule Cracked the Enigma Code, Hunted Down Russian Submarines, and Emerged Triumphant from Two Centuries of Controversy",General Reading,2020,https://www.goodreads.com/review/show/645281878?utm_medium=api&utm_source=rss,4,3.69,3.210187565526502,3.083161219694678,2.6920097982944986,3.69
"The Riddle of the Labyrinth: The Quest to Crack an Ancient Code",General Reading,2016,https://www.goodreads.com/review/show/1792478509?utm_medium=api&utm_source=rss,3,3.98,3.48469304890421,3.1166020754783723,2.5386562938085575,3.98
"The Simple Men",General Reading,2014,https://www.goodreads.com/review/show/1057773628?utm_medium=api&utm_source=rss,2,3.33,2.8694221378852096,2.8606176201027456,2.6652901079298643,3.33
"Chased by the Light: A 90-Day Journey",General Reading,2007,https://www.goodreads.com/review/show/818485298?utm_medium=api&utm_source=rss,4,4.57,4.043169721982996,3.656207828865651,3.361656719965461,4.57
"The City of Falling Angels",General Reading,2014,https://www.goodreads.com/review/show/814341590?utm_medium=api&utm_source=rss,3,3.54,3.0682019706759633,2.986518498852377,2.6652901079298643,3.54
"Pact",General Reading,2015,https://www.goodreads.com/review/show/1027840363?utm_medium=api&utm_source=rss,4,3.91,3.4184331046406258,3.167601003404526,2.621145477958113,3.91
"Echopraxia (Firefall, #2)",General Reading,2014,https://www.goodreads.com/review/show/1027604581?utm_medium=api&utm_source=rss,4,3.8,3.314310335083564,3.15597753343254,2.82691905075889,3.8
"A Troublesome Inheritance: Genes, Race and Human History",General Reading,2014,https://www.goodreads.com/review/show/1061022300?utm_medium=api&utm_source=rss,3,3.66,3.1817904465563944,3.0735828572891095,2.865842948517334,3.66
"A History of Life-Extensionism in the Twentieth Century",General Reading,2015,https://www.goodreads.com/review/show/1368572411?utm_medium=api&utm_source=rss,4,3.86,3.371104573023779,3.186715309829828,2.621145477958113,3.86
"The Collapse of Complex Societies",General Reading,2020,https://www.goodreads.com/review/show/369908584?utm_medium=api&utm_source=rss,5,4.12,3.6172129374313795,3.2779417955487715,2.7622671254511912,4.12
"The Remains of the Day",General Reading,2012,https://www.goodreads.com/review/show/369947032?utm_medium=api&utm_source=rss,5,4.15,3.645610056401488,3.2800756050654156,2.6440748476244127,4.15
"Average Is Over: Powering America Beyond the Age of the Great Stagnation",General Reading,2016,https://www.goodreads.com/review/show/1711242689?utm_medium=api&utm_source=rss,3,3.57,3.096599089646071,3.0808205669360933,2.910628499887679,3.57
"Intellectuals and Society",General Reading,2020,https://www.goodreads.com/review/show/417975794?utm_medium=api&utm_source=rss,2,4.27,3.7591985322819172,3.447846145126452,2.9275548225167403,4.27
"Debt: The First 5,000 Years",General Reading,2011,https://www.goodreads.com/review/show/369884510?utm_medium=api&utm_source=rss,4,4.21,3.702404294341702,3.4095684461202582,2.895634800768575,4.21
"Selected Non-fictions",General Reading,2017,https://www.goodreads.com/review/show/2046386028?utm_medium=api&utm_source=rss,5,4.57,4.043169721982996,3.656207828865651,3.361656719965461,4.57
"Hive Mind: How Your Nation's IQ Matters So Much More Than Your Own",General Reading,2016,https://www.goodreads.com/review/show/1433728829?utm_medium=api&utm_source=rss,3,3.57,3.096599089646071,3.0808205669360933,2.910628499887679,3.57
"Berkshire Hathaway Letters to Shareholders",General Reading,2017,https://www.goodreads.com/review/show/1961238863?utm_medium=api&utm_source=rss,3,4.64,4.10942966624658,3.656207828865651,3.361656719965461,4.64
"The Cultural Revolution: A People's History, 1962-1976",General Reading,2019,https://www.goodreads.com/review/show/2671118186?utm_medium=api&utm_source=rss,4,4.01,3.5130901678743176,3.130877929761123,2.57426083774174,4.01
"The Book of Lord Shang - A Classic of the Chinese School of Law",General Reading,2008,https://www.goodreads.com/review/show/412602623?utm_medium=api&utm_source=rss,5,3.73,3.2480503908199787,3.133739167413593,2.9420243767299623,3.73
"Experimenter effects in behavioral research (The Century psychology series)",General Reading,2016,https://www.goodreads.com/review/show/1798638457?utm_medium=api&utm_source=rss,1,3.8,3.314310335083564,3.15597753343254,2.82691905075889,3.8
"Pioneers of Soviet Computing",General Reading,2014,https://www.goodreads.com/review/show/985511206?utm_medium=api&utm_source=rss,3,3,2.557053829214024,2.8606176201027456,2.6652901079298643,3
"Drugs 2.0: The Web Revolution That's Changing How the World Gets High.",General Reading,2016,https://www.goodreads.com/review/show/1582878439?utm_medium=api&utm_source=rss,4,4.16,3.6550757627248562,3.2764615559201165,2.6440748476244127,4.16
"Stories of Your Life and Others",General Reading,2012,https://www.goodreads.com/review/show/369923171?utm_medium=api&utm_source=rss,5,4.28,3.7686642386052873,3.4776567106026426,3.0740397452633794,4.28
"The Many Worlds of Hugh Everett III: Multiple Universes, Mutual Assured Destruction, and the Meltdown of a Nuclear Family",General Reading,2014,https://www.goodreads.com/review/show/373031403?utm_medium=api&utm_source=rss,4,3.99,3.4941587552275792,3.109294885935889,2.5386562938085575,3.99
"The Life of Samuel Johnson",General Reading,2015,https://www.goodreads.com/review/show/370105966?utm_medium=api&utm_source=rss,3,3.76,3.2764475097900863,3.143957952431198,2.9420243767299623,3.76
"Don't Sleep, There Are Snakes: Life and Language in the Amazonian Jungle",General Reading,2016,https://www.goodreads.com/review/show/1593642509?utm_medium=api&utm_source=rss,4,3.95,3.4562959299341025,3.167391229562459,2.645010657526909,3.95
"The Corpse Exhibition and Other Stories of Iraq",General Reading,2015,https://www.goodreads.com/review/show/1142763519?utm_medium=api&utm_source=rss,4,3.91,3.4184331046406258,3.167601003404526,2.621145477958113,3.91
"The Recollections Of Eugene P. Wigner: As Told To Andrew Szanton",General Reading,2016,https://www.goodreads.com/review/show/438090100?utm_medium=api&utm_source=rss,3,4.27,3.7591985322819172,3.447846145126452,2.9275548225167403,4.27
"The Unholy Consult (Aspect-Emperor, #4)",General Reading,2017,https://www.goodreads.com/review/show/396645245?utm_medium=api&utm_source=rss,3,3.93,3.437364517287364,3.1705351892940024,2.645010657526909,3.93
"1Q84 (1Q84, #1-3)",General Reading,2020,https://www.goodreads.com/review/show/369856325?utm_medium=api&utm_source=rss,3,3.94,3.4468302236107324,3.167391229562459,2.645010657526909,3.94
"The Ph.D. Grind: A Ph.D. Student Memoir",General Reading,2020,https://www.goodreads.com/review/show/3260179977?utm_medium=api&utm_source=rss,4,4.23,3.7213357069884414,3.432424911847278,2.9275548225167403,4.23
"History of the Conquest of Mexico/History of the Conquest of Peru",General Reading,2020,https://www.goodreads.com/review/show/629346666?utm_medium=api&utm_source=rss,3,3.95,3.4562959299341025,3.167391229562459,2.645010657526909,3.95
"The Cambist and Lord Iron: A Fairy Tale of Economics",General Reading,2020,https://www.goodreads.com/review/show/3165458870?utm_medium=api&utm_source=rss,5,4.32,3.806527063898764,3.478839420587795,3.0740397452633794,4.32
"The Elements of Typographic Style",General Reading,2019,https://www.goodreads.com/review/show/3096054519?utm_medium=api&utm_source=rss,4,4.23,3.7213357069884414,3.432424911847278,2.9275548225167403,4.23
"Envisioning Information",General Reading,2019,https://www.goodreads.com/review/show/370180341?utm_medium=api&utm_source=rss,4,4.22,3.7118700006650713,3.419836382232142,2.9132384554091955,4.22
"Collected Poems of Robert Frost",General Reading,2012,https://www.goodreads.com/review/show/374731260?utm_medium=api&utm_source=rss,4,4.27,3.7591985322819172,3.447846145126452,2.9275548225167403,4.27
"Steps Toward an Ecology of Mind",General Reading,2015,https://www.goodreads.com/review/show/2967413660?utm_medium=api&utm_source=rss,2,4.29,3.7781299449286565,3.4945954908361223,3.0740397452633794,4.29
"The Media Lab: Inventing the Future at M.I.T.",General Reading,2010,https://www.goodreads.com/review/show/373688680?utm_medium=api&utm_source=rss,3,4.1,3.5982815247846403,3.299161823709844,2.7622671254511912,4.1
"Strategic Computing: DARPA and the Quest for Machine Intelligence, 1983-1993",General Reading,2018,https://www.goodreads.com/review/show/2434860176?utm_medium=api&utm_source=rss,3,3.27,2.8126278999449936,2.8606176201027456,2.6652901079298643,3.27
"The Snarkout Boys and the Avocado of Death (Snarkout Boys, #1)",General Reading,2019,https://www.goodreads.com/review/show/370570691?utm_medium=api&utm_source=rss,5,4.4,3.8822527144857184,3.6096795378627475,2.9257548071628277,4.4
"Life on the Infinite Farm",General Reading,2019,https://www.goodreads.com/review/show/2810422812?utm_medium=api&utm_source=rss,4,3.85,3.36163886670041,3.187094234950601,2.621145477958113,3.85
"Kyogoku Tamekane: Poetry and Politics in Late Kamakura Japan",General Reading,2019,https://www.goodreads.com/review/show/2805061572?utm_medium=api&utm_source=rss,3,3,2.557053829214024,2.8606176201027456,2.6652901079298643,3
"Waiting for the Wind",General Reading,2019,https://www.goodreads.com/review/show/2714850222?utm_medium=api&utm_source=rss,4,4.54,4.014772603012887,3.656207828865651,3.361656719965461,4.54
"Be a Perfect Person in Just Three Days!",General Reading,1997,https://www.goodreads.com/review/show/2799249895?utm_medium=api&utm_source=rss,4,3.7,3.219653271849872,3.1058996741370155,2.6920097982944986,3.7
"Hamlet",General Reading,2019,https://www.goodreads.com/review/show/370054358?utm_medium=api&utm_source=rss,3,4.05,3.5509529931677943,3.152219098660406,2.57426083774174,4.05
"The Alehouse at the End of the World",General Reading,2018,https://www.goodreads.com/review/show/2642855851?utm_medium=api&utm_source=rss,2,3.21,2.7558336620047785,2.8606176201027456,2.6652901079298643,3.21
"A Strange and Sometimes Sadness",General Reading,2018,https://www.goodreads.com/review/show/2640891885?utm_medium=api&utm_source=rss,3,3.84,3.3521731603770406,3.1840477112016923,2.621145477958113,3.84
"An Artist of the Floating World",General Reading,2018,https://www.goodreads.com/review/show/369947068?utm_medium=api&utm_source=rss,4,3.79,3.3048446287601947,3.154483880122026,2.82691905075889,3.79
"Vectors: Aphorisms & Ten-Second Essays",General Reading,2018,https://www.goodreads.com/review/show/2619615468?utm_medium=api&utm_source=rss,3,4.05,3.5509529931677943,3.152219098660406,2.57426083774174,4.05
"The Essays of Arthur Schopenhauer; the Wisdom of Life",General Reading,2018,https://www.goodreads.com/review/show/370053392?utm_medium=api&utm_source=rss,4,3.64,3.162859033909656,3.077028370109622,2.865842948517334,3.64
"Through the Looking-Glass and What Alice Found There (Alice's Adventures in Wonderland, #2)",General Reading,2018,https://www.goodreads.com/review/show/369889726?utm_medium=api&utm_source=rss,5,4.04,3.541487286844425,3.1413284543957407,2.57426083774174,4.04
"Like Engend'ring Like: Heredity and Animal Breeding in Early Modern England",General Reading,2018,https://www.goodreads.com/review/show/2576417422?utm_medium=api&utm_source=rss,4,4.5,3.9769097777194102,3.656207828865651,3.361656719965461,4.5
"The Universal History of Numbers: From Prehistory to the Invention of the Computer",General Reading,2001,https://www.goodreads.com/review/show/2565006721?utm_medium=api&utm_source=rss,4,4.17,3.6645414690482254,3.2943931354785496,2.6440748476244127,4.17
"Some Remarks: Essays and Other Writing – A Brilliant Collection on Science and Technology from Newton to Star Wars",General Reading,2018,https://www.goodreads.com/review/show/369888233?utm_medium=api&utm_source=rss,4,3.71,3.2291189781732403,3.1180525219192736,2.6920097982944986,3.71
"Memories of the Space Age",General Reading,2018,https://www.goodreads.com/review/show/1989915376?utm_medium=api&utm_source=rss,3,3.94,3.4468302236107324,3.167391229562459,2.645010657526909,3.94
"The Vaccinators: Smallpox, Medical Knowledge, and the 'Opening' of Japan",General Reading,2018,https://www.goodreads.com/review/show/2137221136?utm_medium=api&utm_source=rss,4,4,3.5036244615509484,3.109294885935889,2.5386562938085575,4
"Plant Breeding Reviews: volume 24, Part 1 : Long-term, Selection : Maize",General Reading,2018,https://www.goodreads.com/review/show/2532495356?utm_medium=api&utm_source=rss,3,3,2.557053829214024,2.8606176201027456,2.6652901079298643,3
"Low-Aptitude Men in the Military: Who Profits, Who Pays?",General Reading,2018,https://www.goodreads.com/review/show/2481763794?utm_medium=api&utm_source=rss,4,2.75,2.3204111711297934,2.8606176201027456,2.6652901079298643,2.75
"The Adventures of Huckleberry Finn (Adventures of Tom and Huck, #2)",General Reading,2018,https://www.goodreads.com/review/show/370053295?utm_medium=api&utm_source=rss,2,3.82,3.3332417477303022,3.157021060768792,2.621145477958113,3.82
"Three Parts Dead (Craft Sequence, #1)",General Reading,2018,https://www.goodreads.com/review/show/1862373906?utm_medium=api&utm_source=rss,3,3.94,3.4468302236107324,3.167391229562459,2.645010657526909,3.94
"Eclipse Two",General Reading,2018,https://www.goodreads.com/review/show/369923240?utm_medium=api&utm_source=rss,4,4.21,3.702404294341702,3.4095684461202582,2.895634800768575,4.21
"Narrow Roads of Gene Land: The Collected Papers of W. D. HamiltonVolume 1: Evolution of Social Behaviour",General Reading,2018,https://www.goodreads.com/review/show/2120854807?utm_medium=api&utm_source=rss,4,4.26,3.749732825958548,3.4694619338328896,2.9275548225167403,4.26
"Genius Revisited: High IQ Children Grown Up (Creativity Research)",General Reading,2016,https://www.goodreads.com/review/show/1673254695?utm_medium=api&utm_source=rss,3,3.88,3.3900359856705173,3.1916184602363327,2.621145477958113,3.88
"Cat Sense: How the New Feline Science Can Make You a Better Friend to Your Pet",General Reading,2018,https://www.goodreads.com/review/show/2044521271?utm_medium=api&utm_source=rss,4,3.49,3.0208734390591174,2.9449681630854956,2.6652901079298643,3.49
"The Miracle Morning for Writers: How to Build a Writing Ritual That Increases Your Impact and Your Income, Before 8AM",General Reading,2018,https://www.goodreads.com/review/show/2427202969?utm_medium=api&utm_source=rss,2,4.01,3.5130901678743176,3.130877929761123,2.57426083774174,4.01
"Zen Koans",General Reading,2018,https://www.goodreads.com/review/show/2427194377?utm_medium=api&utm_source=rss,4,4,3.5036244615509484,3.109294885935889,2.5386562938085575,4
"The Cat in Ancient Egypt",General Reading,2018,https://www.goodreads.com/review/show/2427193762?utm_medium=api&utm_source=rss,3,3.92,3.427898810963994,3.16665920115171,2.621145477958113,3.92
"The Freeze-Frame Revolution",General Reading,2018,https://www.goodreads.com/review/show/2362077853?utm_medium=api&utm_source=rss,3,3.88,3.3900359856705173,3.1916184602363327,2.621145477958113,3.88
"Anti-Tech Revolution: Why and How",General Reading,2017,https://www.goodreads.com/review/show/1997329160?utm_medium=api&utm_source=rss,2,3.92,3.427898810963994,3.16665920115171,2.621145477958113,3.92
"Recollections of Wittgenstein",General Reading,2018,https://www.goodreads.com/review/show/2240795922?utm_medium=api&utm_source=rss,4,4,3.5036244615509484,3.109294885935889,2.5386562938085575,4
"Genetic Diversity & Human Equality",General Reading,2017,https://www.goodreads.com/review/show/2155843629?utm_medium=api&utm_source=rss,4,3.44,2.9735449074422706,2.847226251055127,2.6652901079298643,3.44
"Creativity",General Reading,2017,https://www.goodreads.com/review/show/2235028845?utm_medium=api&utm_source=rss,3,3.22,2.7652993683281477,2.8606176201027456,2.6652901079298643,3.22
"Sunset in a Spider Web; Sijo Poetry of Ancient Korea",General Reading,2017,https://www.goodreads.com/review/show/370662280?utm_medium=api&utm_source=rss,4,4.09,3.588815818461272,3.301044940592961,2.7622671254511912,4.09
"Selected Poems: Summer Knowledge",General Reading,2017,https://www.goodreads.com/review/show/692352114?utm_medium=api&utm_source=rss,3,3.93,3.437364517287364,3.1705351892940024,2.645010657526909,3.93
"Twig",General Reading,2017,https://www.goodreads.com/review/show/1997707162?utm_medium=api&utm_source=rss,3,4.37,3.85385559551561,3.4821218681820705,2.954018112679327,4.37
"Unforgotten Dreams",General Reading,2017,https://www.goodreads.com/review/show/370990566?utm_medium=api&utm_source=rss,5,4.39,3.8727870081623483,3.615679537862747,2.954018112679327,4.39
"Artificial Life: A Report from the Frontier Where Computers Meet Biology",General Reading,2017,https://www.goodreads.com/review/show/2151654462?utm_medium=api&utm_source=rss,4,4,3.5036244615509484,3.109294885935889,2.5386562938085575,4
"The Origins of Theoretical Population Genetics",General Reading,2017,https://www.goodreads.com/review/show/2108707003?utm_medium=api&utm_source=rss,3,3.98,3.48469304890421,3.1166020754783723,2.5386562938085575,3.98
"Studies in the History of Accounting",General Reading,2017,https://www.goodreads.com/review/show/2132031634?utm_medium=api&utm_source=rss,3,3,2.557053829214024,2.8606176201027456,2.6652901079298643,3
"The Too-Clever Fox (Grishaverse, #2.5)",General Reading,2013,https://www.goodreads.com/review/show/2118305408?utm_medium=api&utm_source=rss,4,3.92,3.427898810963994,3.16665920115171,2.621145477958113,3.92
"The King In Yellow",General Reading,2017,https://www.goodreads.com/review/show/372186394?utm_medium=api&utm_source=rss,4,3.49,3.0208734390591174,2.9449681630854956,2.6652901079298643,3.49
"The Great Ordeal (Aspect-Emperor, #3)",General Reading,2017,https://www.goodreads.com/review/show/2080058928?utm_medium=api&utm_source=rss,4,4.08,3.5793501121379028,3.2941670084941954,2.7622671254511912,4.08
"Deep Work: Rules for Focused Success in a Distracted World",General Reading,2017,https://www.goodreads.com/review/show/2065909998?utm_medium=api&utm_source=rss,3,4.15,3.645610056401488,3.2800756050654156,2.6440748476244127,4.15
"Beekeeping for Dummies",General Reading,2017,https://www.goodreads.com/review/show/2045009823?utm_medium=api&utm_source=rss,3,4.19,3.6834728816949647,3.3149541704042047,2.6440748476244127,4.19
"Ethics",General Reading,2017,https://www.goodreads.com/review/show/372401223?utm_medium=api&utm_source=rss,4,4.01,3.5130901678743176,3.130877929761123,2.57426083774174,4.01
"Site Reliability Engineering: How Google Runs Production Systems",General Reading,2017,https://www.goodreads.com/review/show/1896373662?utm_medium=api&utm_source=rss,4,4.2,3.692938588018333,3.38316215536463,2.895634800768575,4.2
"The Anubis Gates",General Reading,2017,https://www.goodreads.com/review/show/369915661?utm_medium=api&utm_source=rss,4,3.93,3.437364517287364,3.1705351892940024,2.645010657526909,3.93
"Bare-Faced Messiah: The True Story Of L. Ron Hubbard",General Reading,2008,https://www.goodreads.com/review/show/1867412389?utm_medium=api&utm_source=rss,4,4.07,3.5698844058145327,3.280851700523182,2.7622671254511912,4.07
"Rubáiyát of Omar Khayyám",General Reading,2016,https://www.goodreads.com/review/show/372224489?utm_medium=api&utm_source=rss,4,4.1,3.5982815247846403,3.299161823709844,2.7622671254511912,4.1
"Montaillou: The Promised Land of Error",General Reading,2016,https://www.goodreads.com/review/show/1762830919?utm_medium=api&utm_source=rss,4,4.01,3.5130901678743176,3.130877929761123,2.57426083774174,4.01
"Seeds in the Heart: Japanese Literature from Earliest Times to the Late Sixteenth Century",General Reading,2006,https://www.goodreads.com/review/show/370218034?utm_medium=api&utm_source=rss,5,4.42,3.901184127132456,3.7046565988456712,3.361656719965461,4.42
"The Essential Marx (Dover Books on Western Philosophy)",General Reading,2002,https://www.goodreads.com/review/show/1757795193?utm_medium=api&utm_source=rss,3,4.02,3.522555874197687,3.130877929761123,2.57426083774174,4.02
"The Complete Far Side, 1980–1994",General Reading,2005,https://www.goodreads.com/review/show/1750726335?utm_medium=api&utm_source=rss,4,4.68,4.147292491540057,3.656207828865651,3.361656719965461,4.68
"The Wise Man's Fear (The Kingkiller Chronicle, #2)",General Reading,2016,https://www.goodreads.com/review/show/369824370?utm_medium=api&utm_source=rss,4,4.55,4.0242383093362575,3.656207828865651,3.361656719965461,4.55
"Infinite in All Directions",General Reading,2016,https://www.goodreads.com/review/show/370150431?utm_medium=api&utm_source=rss,3,3.98,3.48469304890421,3.1166020754783723,2.5386562938085575,3.98
"The Sports Gene: Inside the Science of Extraordinary Athletic Performance",General Reading,2016,https://www.goodreads.com/review/show/1666081413?utm_medium=api&utm_source=rss,4,4.19,3.6834728816949647,3.3149541704042047,2.6440748476244127,4.19
"Latro in the Mist",General Reading,2016,https://www.goodreads.com/review/show/369833776?utm_medium=api&utm_source=rss,5,4.2,3.692938588018333,3.38316215536463,2.895634800768575,4.2
"On Speed: From Benzedrine to Adderall",General Reading,2016,https://www.goodreads.com/review/show/1618777295?utm_medium=api&utm_source=rss,4,4.1,3.5982815247846403,3.299161823709844,2.7622671254511912,4.1
"Small Memory Software: Patterns for Systems With Limited Memory (Software Patterns Series)",General Reading,2008,https://www.goodreads.com/review/show/1578715846?utm_medium=api&utm_source=rss,4,3.69,3.210187565526502,3.083161219694678,2.6920097982944986,3.69
"Drugs Unlimited: The Web Revolution That's Changing How the World Gets High",General Reading,2016,https://www.goodreads.com/review/show/1573766728?utm_medium=api&utm_source=rss,4,3.95,3.4562959299341025,3.167391229562459,2.645010657526909,3.95
"On the Nature of Things (Hackett Classics)",General Reading,2016,https://www.goodreads.com/review/show/1449446725?utm_medium=api&utm_source=rss,4,3.83,3.3427074540536714,3.1791866000905817,2.621145477958113,3.83
"Dawn to the West: Japanese Literature of the Modern Era; Fiction",General Reading,2016,https://www.goodreads.com/review/show/370217509?utm_medium=api&utm_source=rss,3,4.3,3.787595651252025,3.4863445750852065,3.0740397452633794,4.3
"The Dark Forest (Remembrance of Earth’s Past, #2)",General Reading,2016,https://www.goodreads.com/review/show/1501148513?utm_medium=api&utm_source=rss,4,4.39,3.8727870081623483,3.615679537862747,2.954018112679327,4.39
"The Myth of Sisyphus",General Reading,2015,https://www.goodreads.com/review/show/369958707?utm_medium=api&utm_source=rss,4,4.23,3.7213357069884414,3.432424911847278,2.9275548225167403,4.23
"Do No Harm: Stories of Life, Death and Brain Surgery",General Reading,2015,https://www.goodreads.com/review/show/1142762395?utm_medium=api&utm_source=rss,5,4.23,3.7213357069884414,3.432424911847278,2.9275548225167403,4.23
"Ethan Frome",General Reading,2002,https://www.goodreads.com/review/show/1430859742?utm_medium=api&utm_source=rss,4,3.43,2.9640792011189014,2.847226251055127,2.6652901079298643,3.43
"Epic Measures: One Doctor. Seven Billion Patients.",General Reading,2015,https://www.goodreads.com/review/show/1397860469?utm_medium=api&utm_source=rss,3,4.12,3.6172129374313795,3.2779417955487715,2.7622671254511912,4.12
"Practical Criticism: A Study of Literary Judgment",General Reading,2015,https://www.goodreads.com/review/show/1378379226?utm_medium=api&utm_source=rss,3,3.69,3.210187565526502,3.083161219694678,2.6920097982944986,3.69
"World Within Walls: Japanese Literature of the Pre-Modern Era, 1600-1867",General Reading,2015,https://www.goodreads.com/review/show/370217658?utm_medium=api&utm_source=rss,4,4.18,3.6740071753715946,3.2943931354785496,2.6440748476244127,4.18
"The Immortalists: Charles Lindbergh, Dr. Alexis Carrel, and Their Daring Quest to Live Forever",General Reading,2008,https://www.goodreads.com/review/show/1379515443?utm_medium=api&utm_source=rss,4,3.95,3.4562959299341025,3.167391229562459,2.645010657526909,3.95
"Reinforcement Learning: An Introduction (Adaptive Computation and Machine Learning)",General Reading,2015,https://www.goodreads.com/review/show/1332047670?utm_medium=api&utm_source=rss,4,4.55,4.0242383093362575,3.656207828865651,3.361656719965461,4.55
"The Martian",General Reading,2015,https://www.goodreads.com/review/show/1345898816?utm_medium=api&utm_source=rss,4,4.41,3.8917184208090876,3.6709281244737855,3.279590609986401,4.41
"Still Alice",General Reading,2015,https://www.goodreads.com/review/show/1340876359?utm_medium=api&utm_source=rss,4,4.32,3.806527063898764,3.478839420587795,3.0740397452633794,4.32
"Command and Control: Nuclear Weapons, the Damascus Accident, and the Illusion of Safety",General Reading,2015,https://www.goodreads.com/review/show/1334811943?utm_medium=api&utm_source=rss,4,4.24,3.7308014133118106,3.4402107118031364,2.9275548225167403,4.24
"Last Poems by A. E. Housman",General Reading,2015,https://www.goodreads.com/review/show/1308895591?utm_medium=api&utm_source=rss,3,3.75,3.266981803466718,3.143957952431198,2.9420243767299623,3.75
"Additional Poems",General Reading,2015,https://www.goodreads.com/review/show/1305546802?utm_medium=api&utm_source=rss,2,3.25,2.793696487298256,2.8606176201027456,2.6652901079298643,3.25
"The Art of UNIX Programming",General Reading,2014,https://www.goodreads.com/review/show/1106510619?utm_medium=api&utm_source=rss,3,4,3.5036244615509484,3.109294885935889,2.5386562938085575,4
"The Iliad",General Reading,2015,https://www.goodreads.com/review/show/370056976?utm_medium=api&utm_source=rss,2,3.96,3.4657616362574717,3.1368509099167032,2.5386562938085575,3.96
"The Sagas of Icelanders",General Reading,2015,https://www.goodreads.com/review/show/370131884?utm_medium=api&utm_source=rss,4,4.31,3.797061357575395,3.478839420587795,3.0740397452633794,4.31
"Rational Choice in an Uncertain World",General Reading,2015,https://www.goodreads.com/review/show/370038195?utm_medium=api&utm_source=rss,3,4.28,3.7686642386052873,3.4776567106026426,3.0740397452633794,4.28
"Harry Potter and the Methods of Rationality",General Reading,2015,https://www.goodreads.com/review/show/369951479?utm_medium=api&utm_source=rss,4,4.38,3.86332130183898,3.5961210061167157,2.954018112679327,4.38
"From the Country of Eight Islands: An Anthology of Japanese Poetry",General Reading,2003,https://www.goodreads.com/review/show/1222322405?utm_medium=api&utm_source=rss,4,4.52,3.9958411903661486,3.656207828865651,3.361656719965461,4.52
"The Three-Body Problem (Remembrance of Earth’s Past, #1)",General Reading,2015,https://www.goodreads.com/review/show/1220490975?utm_medium=api&utm_source=rss,4,4.07,3.5698844058145327,3.280851700523182,2.7622671254511912,4.07
"Welcome to the N.H.K.",General Reading,2015,https://www.goodreads.com/review/show/1218221449?utm_medium=api&utm_source=rss,4,4.08,3.5793501121379028,3.2941670084941954,2.7622671254511912,4.08
"Japan Edge: The Insider's Guide to Japanese Pop Subculture",General Reading,2015,https://www.goodreads.com/review/show/370995883?utm_medium=api&utm_source=rss,3,3.39,2.9262163758254247,2.847226251055127,2.6652901079298643,3.39
"Peopleware: Productive Projects and Teams",General Reading,2015,https://www.goodreads.com/review/show/369829079?utm_medium=api&utm_source=rss,3,4.11,3.6077472311080103,3.290748344706648,2.7622671254511912,4.11
"Palimpsests",General Reading,2015,https://www.goodreads.com/review/show/1199134018?utm_medium=api&utm_source=rss,3,3.47,3.001942026412379,2.9320672931221257,2.6652901079298643,3.47
"The Cartoon Guide to Statistics",General Reading,2004,https://www.goodreads.com/review/show/369972038?utm_medium=api&utm_source=rss,4,3.92,3.427898810963994,3.16665920115171,2.621145477958113,3.92
"The Manga Guide to Statistics",General Reading,2009,https://www.goodreads.com/review/show/369972166?utm_medium=api&utm_source=rss,2,3.93,3.437364517287364,3.1705351892940024,2.645010657526909,3.93
"Strange Attractors (Chaos Chronicles, #2)",General Reading,2015,https://www.goodreads.com/review/show/372399441?utm_medium=api&utm_source=rss,2,3.78,3.2953789224368255,3.1543829034891924,2.82691905075889,3.78
"Introducing Nietzsche: A Graphic Guide",General Reading,2015,https://www.goodreads.com/review/show/639814920?utm_medium=api&utm_source=rss,3,3.86,3.371104573023779,3.186715309829828,2.621145477958113,3.86
"Empire of the Summer Moon: Quanah Parker and the Rise and Fall of the Comanches, the Most Powerful Indian Tribe in American History",General Reading,2015,https://www.goodreads.com/review/show/455206641?utm_medium=api&utm_source=rss,4,4.22,3.7118700006650713,3.419836382232142,2.9132384554091955,4.22
"Congressional Anecdotes",General Reading,1998,https://www.goodreads.com/review/show/1167350345?utm_medium=api&utm_source=rss,3,3.84,3.3521731603770406,3.1840477112016923,2.621145477958113,3.84
"The Causal Angel (Jean le Flambeur, #3)",General Reading,2015,https://www.goodreads.com/review/show/985279455?utm_medium=api&utm_source=rss,4,4.19,3.6834728816949647,3.3149541704042047,2.6440748476244127,4.19
"The Fractal Prince (Jean le Flambeur, #2)",General Reading,2015,https://www.goodreads.com/review/show/929060536?utm_medium=api&utm_source=rss,4,4.06,3.5604186994911635,3.1458820859969077,2.57426083774174,4.06
"The Principles of Psychology",General Reading,2014,https://www.goodreads.com/review/show/370132738?utm_medium=api&utm_source=rss,4,3.9,3.4089673983172557,3.1602654121873868,2.621145477958113,3.9
"Ender In Exile (Ender's Saga, #6)",General Reading,2014,https://www.goodreads.com/review/show/369823726?utm_medium=api&utm_source=rss,2,3.97,3.475227342580841,3.134045811789025,2.5386562938085575,3.97
"I Am a Cat",General Reading,2014,https://www.goodreads.com/review/show/369923492?utm_medium=api&utm_source=rss,3,3.68,3.200721859203133,3.06925610764986,2.6920097982944986,3.68
"The Quantum Thief (Jean le Flambeur, #1)",General Reading,2014,https://www.goodreads.com/review/show/925882050?utm_medium=api&utm_source=rss,4,3.83,3.3427074540536714,3.1791866000905817,2.621145477958113,3.83
"Diaspora",General Reading,2014,https://www.goodreads.com/review/show/369827529?utm_medium=api&utm_source=rss,5,4.11,3.6077472311080103,3.290748344706648,2.7622671254511912,4.11
"Fine Structure",General Reading,2011,https://www.goodreads.com/review/show/1131575671?utm_medium=api&utm_source=rss,3,4.1,3.5982815247846403,3.299161823709844,2.7622671254511912,4.1
"Ra",General Reading,2014,https://www.goodreads.com/review/show/1131569634?utm_medium=api&utm_source=rss,4,4.02,3.522555874197687,3.130877929761123,2.57426083774174,4.02
"The Far Side Gallery 3",General Reading,2014,https://www.goodreads.com/review/show/1116408657?utm_medium=api&utm_source=rss,3,4.43,3.910649833455826,3.7046565988456712,3.361656719965461,4.43
"Lud-in-the-Mist",General Reading,2014,https://www.goodreads.com/review/show/371660628?utm_medium=api&utm_source=rss,4,3.86,3.371104573023779,3.186715309829828,2.621145477958113,3.86
"A Clockwork Orange",General Reading,2014,https://www.goodreads.com/review/show/369880431?utm_medium=api&utm_source=rss,4,3.98,3.48469304890421,3.1166020754783723,2.5386562938085575,3.98
"Modern Egypt",General Reading,2014,https://www.goodreads.com/review/show/616631455?utm_medium=api&utm_source=rss,3,3,2.557053829214024,2.8606176201027456,2.6652901079298643,3
"Japan's Imperial Conspiracy: How Emperor Hirohito Led Japan Into War Against the West",General Reading,2014,https://www.goodreads.com/review/show/370201412?utm_medium=api&utm_source=rss,4,3.67,3.1912561528797627,3.0735828572891095,2.865842948517334,3.67
"A Book Of Luminous Things: An International Anthology of Poetry",General Reading,2012,https://www.goodreads.com/review/show/430341589?utm_medium=api&utm_source=rss,3,4.18,3.6740071753715946,3.2943931354785496,2.6440748476244127,4.18
"I Am Legend",General Reading,2014,https://www.goodreads.com/review/show/369860304?utm_medium=api&utm_source=rss,3,4.48,3.9579783650726728,3.656207828865651,3.361656719965461,4.48
"Blood and Beauty (The Borgias #1)",General Reading,2014,https://www.goodreads.com/review/show/1060172211?utm_medium=api&utm_source=rss,3,3.56,3.0871333833227026,3.0684152270778267,2.910628499887679,3.56
"The Art of Writing: Lu Chi's Wen Fu",General Reading,2013,https://www.goodreads.com/review/show/1002126713?utm_medium=api&utm_source=rss,4,4.16,3.6550757627248562,3.2764615559201165,2.6440748476244127,4.16
"A Night in the Lonesome October",General Reading,2014,https://www.goodreads.com/review/show/999082042?utm_medium=api&utm_source=rss,3,4.12,3.6172129374313795,3.2779417955487715,2.7622671254511912,4.12
"Roadside Picnic",General Reading,2014,https://www.goodreads.com/review/show/988946184?utm_medium=api&utm_source=rss,3,4.15,3.645610056401488,3.2800756050654156,2.6440748476244127,4.15
"Brain Wave",General Reading,2014,https://www.goodreads.com/review/show/371652746?utm_medium=api&utm_source=rss,3,3.71,3.2291189781732403,3.1180525219192736,2.6920097982944986,3.71
"Manna",General Reading,2008,https://www.goodreads.com/review/show/974706877?utm_medium=api&utm_source=rss,4,3.71,3.2291189781732403,3.1180525219192736,2.6920097982944986,3.71
"Fragments of an Anarchist Anthropology (Paradigm)",General Reading,2014,https://www.goodreads.com/review/show/971208595?utm_medium=api&utm_source=rss,4,4.24,3.7308014133118106,3.4402107118031364,2.9275548225167403,4.24
"The Trumpeter of Krakow",General Reading,1999,https://www.goodreads.com/review/show/370939843?utm_medium=api&utm_source=rss,4,3.75,3.266981803466718,3.143957952431198,2.9420243767299623,3.75
"The Sign of the Seahorse",General Reading,1999,https://www.goodreads.com/review/show/956712468?utm_medium=api&utm_source=rss,5,4.14,3.636144350078118,3.2468061167187683,2.5515307663290194,4.14
"Catch-22",General Reading,2014,https://www.goodreads.com/review/show/369851788?utm_medium=api&utm_source=rss,5,3.99,3.4941587552275792,3.109294885935889,2.5386562938085575,3.99
"The Pelican Brief",General Reading,2014,https://www.goodreads.com/review/show/370606721?utm_medium=api&utm_source=rss,3,3.82,3.3332417477303022,3.157021060768792,2.621145477958113,3.82
"The Story of Life Insurance",General Reading,2009,https://www.goodreads.com/review/show/941251993?utm_medium=api&utm_source=rss,3,3,2.557053829214024,2.8606176201027456,2.6652901079298643,3
"Letters from a Stoic",General Reading,2014,https://www.goodreads.com/review/show/823642906?utm_medium=api&utm_source=rss,3,4.32,3.806527063898764,3.478839420587795,3.0740397452633794,4.32
"Harry Potter and the Half-Blood Prince (Harry Potter, #6)",General Reading,2014,https://www.goodreads.com/review/show/369928533?utm_medium=api&utm_source=rss,2,4.57,4.043169721982996,3.656207828865651,3.361656719965461,4.57
"The Autumn of the Patriarch",General Reading,2014,https://www.goodreads.com/review/show/914225984?utm_medium=api&utm_source=rss,4,3.89,3.3995016919938865,3.1694320895565324,2.621145477958113,3.89
"The Te of Piglet",General Reading,2014,https://www.goodreads.com/review/show/370217047?utm_medium=api&utm_source=rss,4,3.78,3.2953789224368255,3.1543829034891924,2.82691905075889,3.78
"The Adventures of Tom Sawyer",General Reading,2014,https://www.goodreads.com/review/show/370165087?utm_medium=api&utm_source=rss,3,3.92,3.427898810963994,3.16665920115171,2.621145477958113,3.92
"Robinson Crusoe",General Reading,2014,https://www.goodreads.com/review/show/369889074?utm_medium=api&utm_source=rss,3,3.69,3.210187565526502,3.083161219694678,2.6920097982944986,3.69
"Rogue Male (Rogue Male, #1)",General Reading,2014,https://www.goodreads.com/review/show/741905537?utm_medium=api&utm_source=rss,4,3.92,3.427898810963994,3.16665920115171,2.621145477958113,3.92
"The Invention of Morel",General Reading,2014,https://www.goodreads.com/review/show/801696641?utm_medium=api&utm_source=rss,3,4,3.5036244615509484,3.109294885935889,2.5386562938085575,4
"Guerrilla Warfare",General Reading,2003,https://www.goodreads.com/review/show/884163293?utm_medium=api&utm_source=rss,3,3.79,3.3048446287601947,3.154483880122026,2.82691905075889,3.79
"The Sandman, Vol. 7: Brief Lives",General Reading,2014,https://www.goodreads.com/review/show/369836433?utm_medium=api&utm_source=rss,4,4.55,4.0242383093362575,3.656207828865651,3.361656719965461,4.55
"The Rediscovery of Man: The Complete Short Science Fiction of Cordwainer Smith",General Reading,2014,https://www.goodreads.com/review/show/370127265?utm_medium=api&utm_source=rss,5,4.42,3.901184127132456,3.7046565988456712,3.361656719965461,4.42
"The Last Unicorn (The Last Unicorn, #1)",General Reading,1998,https://www.goodreads.com/review/show/369946017?utm_medium=api&utm_source=rss,4,4.16,3.6550757627248562,3.2764615559201165,2.6440748476244127,4.16
"Six Memos for the Next Millennium",General Reading,2014,https://www.goodreads.com/review/show/835469473?utm_medium=api&utm_source=rss,3,4.24,3.7308014133118106,3.4402107118031364,2.9275548225167403,4.24
"Due Considerations: Essays and Criticism",General Reading,2008,https://www.goodreads.com/review/show/370149503?utm_medium=api&utm_source=rss,3,4.05,3.5509529931677943,3.152219098660406,2.57426083774174,4.05
"Black Swan Green",General Reading,2008,https://www.goodreads.com/review/show/369971655?utm_medium=api&utm_source=rss,3,3.97,3.475227342580841,3.134045811789025,2.5386562938085575,3.97
"All Tomorrow's Parties (Bridge, #3)",General Reading,2008,https://www.goodreads.com/review/show/370636092?utm_medium=api&utm_source=rss,2,3.92,3.427898810963994,3.16665920115171,2.621145477958113,3.92
"Burning Chrome (Sprawl, #0)",General Reading,2008,https://www.goodreads.com/review/show/369830392?utm_medium=api&utm_source=rss,4,4.07,3.5698844058145327,3.280851700523182,2.7622671254511912,4.07
"The Master and Margarita",General Reading,2008,https://www.goodreads.com/review/show/370031844?utm_medium=api&utm_source=rss,4,4.31,3.797061357575395,3.478839420587795,3.0740397452633794,4.31
"A Wild Sheep Chase (The Rat, #3)",General Reading,2008,https://www.goodreads.com/review/show/369856022?utm_medium=api&utm_source=rss,4,3.96,3.4657616362574717,3.1368509099167032,2.5386562938085575,3.96
"The Wind-Up Bird Chronicle",General Reading,2008,https://www.goodreads.com/review/show/369855991?utm_medium=api&utm_source=rss,3,4.16,3.6550757627248562,3.2764615559201165,2.6440748476244127,4.16
"Dragon Weather (Obsidian Chronicles, #1)",General Reading,2008,https://www.goodreads.com/review/show/369849980?utm_medium=api&utm_source=rss,4,4.01,3.5130901678743176,3.130877929761123,2.57426083774174,4.01
"Patterns of Software: Tales from the Software Community",General Reading,2008,https://www.goodreads.com/review/show/370637128?utm_medium=api&utm_source=rss,3,3.81,3.323776041406933,3.151179036164781,2.621145477958113,3.81
"Mr Palomar",General Reading,2008,https://www.goodreads.com/review/show/370155129?utm_medium=api&utm_source=rss,3,3.93,3.437364517287364,3.1705351892940024,2.645010657526909,3.93
"The Grand Chessboard: American Primacy and its Geostrategic Imperatives",General Reading,2008,https://www.goodreads.com/review/show/370637720?utm_medium=api&utm_source=rss,2,3.95,3.4562959299341025,3.167391229562459,2.645010657526909,3.95
"M.Y.T.H. Inc. Link (Myth Adventures, #7)",General Reading,2008,https://www.goodreads.com/review/show/370540232?utm_medium=api&utm_source=rss,2,3.95,3.4562959299341025,3.167391229562459,2.645010657526909,3.95
"Myth-Gotten Gains (Myth Adventures, #17)",General Reading,2008,https://www.goodreads.com/review/show/784072638?utm_medium=api&utm_source=rss,2,3.86,3.371104573023779,3.186715309829828,2.621145477958113,3.86
"Another Fine Myth (Myth Adventures, #1)",General Reading,2008,https://www.goodreads.com/review/show/370537164?utm_medium=api&utm_source=rss,3,4.05,3.5509529931677943,3.152219098660406,2.57426083774174,4.05
"Myth-Taken Identity (Myth Adventures, #15)",General Reading,2008,https://www.goodreads.com/review/show/784071758?utm_medium=api&utm_source=rss,3,3.85,3.36163886670041,3.187094234950601,2.621145477958113,3.85
"Phantom (Sword of Truth, #10)",General Reading,2008,https://www.goodreads.com/review/show/370164585?utm_medium=api&utm_source=rss,2,3.99,3.4941587552275792,3.109294885935889,2.5386562938085575,3.99
"Power, Faith, and Fantasy: America in the Middle East 1776 to the Present",General Reading,2008,https://www.goodreads.com/review/show/370637256?utm_medium=api&utm_source=rss,3,4,3.5036244615509484,3.109294885935889,2.5386562938085575,4
"The Spy Who Came In from the Cold (George Smiley, #3)",General Reading,2008,https://www.goodreads.com/review/show/369984208?utm_medium=api&utm_source=rss,4,4.07,3.5698844058145327,3.280851700523182,2.7622671254511912,4.07
"A Book of Five Rings: The Classic Guide to Strategy",General Reading,2004,https://www.goodreads.com/review/show/369955551?utm_medium=api&utm_source=rss,4,4.01,3.5130901678743176,3.130877929761123,2.57426083774174,4.01
"Terror and Consent : The Wars for the Twenty-First Century",General Reading,2008,https://www.goodreads.com/review/show/370637607?utm_medium=api&utm_source=rss,3,3.83,3.3427074540536714,3.1791866000905817,2.621145477958113,3.83
"Bad Money: Reckless Finance, Failed Politics, and the Global Crisis of American Capitalism",General Reading,2008,https://www.goodreads.com/review/show/370636272?utm_medium=api&utm_source=rss,2,3.74,3.2575160971433488,3.133739167413593,2.9420243767299623,3.74
"The Absolute Sandman, Volume 3",General Reading,2008,https://www.goodreads.com/review/show/369836983?utm_medium=api&utm_source=rss,4,4.68,4.147292491540057,3.656207828865651,3.361656719965461,4.68
"The Road",General Reading,2008,https://www.goodreads.com/review/show/369879141?utm_medium=api&utm_source=rss,2,4,3.5036244615509484,3.109294885935889,2.5386562938085575,4
"Othello",General Reading,2008,https://www.goodreads.com/review/show/370054493?utm_medium=api&utm_source=rss,3,3.89,3.3995016919938865,3.1694320895565324,2.621145477958113,3.89
"Red Emma Speaks: An Emma Goldman Reader (Contemporary Studies in Philosophy and the Human Sciences)",General Reading,2008,https://www.goodreads.com/review/show/370637445?utm_medium=api&utm_source=rss,4,4.22,3.7118700006650713,3.419836382232142,2.9132384554091955,4.22
"Command Failure in War: Psychology and Leadership",General Reading,2008,https://www.goodreads.com/review/show/370636475?utm_medium=api&utm_source=rss,3,3,2.557053829214024,2.8606176201027456,2.6652901079298643,3
"The collected songs of Cold Mountain",General Reading,2013,https://www.goodreads.com/review/show/580479987?utm_medium=api&utm_source=rss,5,4.58,4.052635428306365,3.656207828865651,3.361656719965461,4.58
"Black American Students in an Affluent Suburb: A Study of Academic Disengagement",General Reading,2013,https://www.goodreads.com/review/show/372363676?utm_medium=api&utm_source=rss,4,4,3.5036244615509484,3.109294885935889,2.5386562938085575,4
"The Making of Prince of Persia",General Reading,2012,https://www.goodreads.com/review/show/731519844?utm_medium=api&utm_source=rss,4,4.05,3.5509529931677943,3.152219098660406,2.57426083774174,4.05
"It's behind you - The making of a computer Game",General Reading,2013,https://www.goodreads.com/review/show/731518232?utm_medium=api&utm_source=rss,3,4.22,3.7118700006650713,3.419836382232142,2.9132384554091955,4.22
"How to Measure Anything: Finding the Value of """"Intangibles"""" in Business",General Reading,2013,https://www.goodreads.com/review/show/370512610?utm_medium=api&utm_source=rss,4,3.86,3.371104573023779,3.186715309829828,2.621145477958113,3.86
"Sources of Japanese Tradition, Volume One: From Earliest Times to 1600",General Reading,2013,https://www.goodreads.com/review/show/370217630?utm_medium=api&utm_source=rss,3,4,3.5036244615509484,3.109294885935889,2.5386562938085575,4
"On China",General Reading,2012,https://www.goodreads.com/review/show/370160227?utm_medium=api&utm_source=rss,4,4.16,3.6550757627248562,3.2764615559201165,2.6440748476244127,4.16
"The Ring of the Nibelung",General Reading,2006,https://www.goodreads.com/review/show/370220097?utm_medium=api&utm_source=rss,5,4.25,3.740267119635179,3.4503631739243485,2.9275548225167403,4.25
"The Stinky Cheese Man and Other Fairly Stupid Tales",General Reading,1997,https://www.goodreads.com/review/show/370628652?utm_medium=api&utm_source=rss,4,4.2,3.692938588018333,3.38316215536463,2.895634800768575,4.2
"The Policeman's Beard is Half-Constructed: Computer Prose and Poetry",General Reading,2010,https://www.goodreads.com/review/show/623976772?utm_medium=api&utm_source=rss,3,3.8,3.314310335083564,3.15597753343254,2.82691905075889,3.8
"Silently and Very Fast",General Reading,2012,https://www.goodreads.com/review/show/429485073?utm_medium=api&utm_source=rss,3,4.08,3.5793501121379028,3.2941670084941954,2.7622671254511912,4.08
"Intelligence: A Unifying Construct for the Social Sciences",General Reading,2012,https://www.goodreads.com/review/show/391060103?utm_medium=api&utm_source=rss,4,3.69,3.210187565526502,3.083161219694678,2.6920097982944986,3.69
"Laws of Form",General Reading,2013,https://www.goodreads.com/review/show/372220837?utm_medium=api&utm_source=rss,2,4,3.5036244615509484,3.109294885935889,2.5386562938085575,4
"An Island Out of Time: A Memoir of Smith Island in the Chesapeake",General Reading,2013,https://www.goodreads.com/review/show/693377315?utm_medium=api&utm_source=rss,3,3.98,3.48469304890421,3.1166020754783723,2.5386562938085575,3.98
"Vader's Little Princess",General Reading,2013,https://www.goodreads.com/review/show/684101719?utm_medium=api&utm_source=rss,3,4.07,3.5698844058145327,3.280851700523182,2.7622671254511912,4.07
"The Chicago World's Fair of 1893 A Photogrphic Record",General Reading,2013,https://www.goodreads.com/review/show/689012559?utm_medium=api&utm_source=rss,3,3.98,3.48469304890421,3.1166020754783723,2.5386562938085575,3.98
"Stellaluna",General Reading,2013,https://www.goodreads.com/review/show/374353541?utm_medium=api&utm_source=rss,2,4.27,3.7591985322819172,3.447846145126452,2.9275548225167403,4.27
"Scott Pilgrim vs. The World (Scott Pilgrim, #2)",General Reading,2013,https://www.goodreads.com/review/show/374353459?utm_medium=api&utm_source=rss,2,4.24,3.7308014133118106,3.4402107118031364,2.9275548225167403,4.24
"The Locked Room (The New York Trilogy, #3)",General Reading,2013,https://www.goodreads.com/review/show/392020855?utm_medium=api&utm_source=rss,3,3.92,3.427898810963994,3.16665920115171,2.621145477958113,3.92
"City of Glass (The New York Trilogy, #1)",General Reading,2013,https://www.goodreads.com/review/show/392020786?utm_medium=api&utm_source=rss,4,3.78,3.2953789224368255,3.1543829034891924,2.82691905075889,3.78
"Ghosts (The New York Trilogy, #2)",General Reading,2013,https://www.goodreads.com/review/show/392020819?utm_medium=api&utm_source=rss,3,3.62,3.1439276212629177,3.091631454525206,2.8817425997587325,3.62
"The Testament",General Reading,2013,https://www.goodreads.com/review/show/410453423?utm_medium=api&utm_source=rss,3,3.88,3.3900359856705173,3.1916184602363327,2.621145477958113,3.88
"The Complete Guide to Asperger's Syndrome",General Reading,2013,https://www.goodreads.com/review/show/412600186?utm_medium=api&utm_source=rss,3,4.23,3.7213357069884414,3.432424911847278,2.9275548225167403,4.23
"How to Read Donald Duck: Imperialist Ideology in the Disney Comic",General Reading,2013,https://www.goodreads.com/review/show/640523609?utm_medium=api&utm_source=rss,3,3.89,3.3995016919938865,3.1694320895565324,2.621145477958113,3.89
"The Geeks Shall Inherit the Earth: Popularity, Quirk Theory and Why Outsiders Thrive After High School",General Reading,2011,https://www.goodreads.com/review/show/369884687?utm_medium=api&utm_source=rss,2,3.59,3.1155305022928093,3.082543237186989,2.8817425997587325,3.59
"The Difference Engine",General Reading,2011,https://www.goodreads.com/review/show/370209149?utm_medium=api&utm_source=rss,3,3.49,3.0208734390591174,2.9449681630854956,2.6652901079298643,3.49
"Procyon's Promise",General Reading,2011,https://www.goodreads.com/review/show/370206987?utm_medium=api&utm_source=rss,2,3.85,3.36163886670041,3.187094234950601,2.621145477958113,3.85
"A Transatlantic Tunnel, Hurrah!",General Reading,2011,https://www.goodreads.com/review/show/370194768?utm_medium=api&utm_source=rss,3,3.51,3.039804851705856,2.9492579358127684,2.6652901079298643,3.51
"Surface Detail (Culture, #9)",General Reading,2011,https://www.goodreads.com/review/show/370192506?utm_medium=api&utm_source=rss,3,4.25,3.740267119635179,3.4503631739243485,2.9275548225167403,4.25
"The Children of the Sky (Zones of Thought, #3)",General Reading,2011,https://www.goodreads.com/review/show/370184813?utm_medium=api&utm_source=rss,3,3.64,3.162859033909656,3.077028370109622,2.865842948517334,3.64
"Everything Bad is Good for You: How Today's Popular Culture is Actually Making Us Smarter",General Reading,2011,https://www.goodreads.com/review/show/370184656?utm_medium=api&utm_source=rss,3,3.47,3.001942026412379,2.9320672931221257,2.6652901079298643,3.47
"Promises I Can Keep: Why Poor Women Put Motherhood Before Marriage",General Reading,2011,https://www.goodreads.com/review/show/369858122?utm_medium=api&utm_source=rss,4,3.99,3.4941587552275792,3.109294885935889,2.5386562938085575,3.99
"Snuff (Discworld, #39; City Watch, #8)",General Reading,2011,https://www.goodreads.com/review/show/370183007?utm_medium=api&utm_source=rss,4,4.16,3.6550757627248562,3.2764615559201165,2.6440748476244127,4.16
"Little Boy: The Arts of Japan's Exploding Subculture",General Reading,2011,https://www.goodreads.com/review/show/370181273?utm_medium=api&utm_source=rss,4,4.3,3.787595651252025,3.4863445750852065,3.0740397452633794,4.3
"The Closing of the American Mind",General Reading,2011,https://www.goodreads.com/review/show/370182085?utm_medium=api&utm_source=rss,3,3.74,3.2575160971433488,3.133739167413593,2.9420243767299623,3.74
"When London Was Capital of America",General Reading,2011,https://www.goodreads.com/review/show/370181997?utm_medium=api&utm_source=rss,2,3.66,3.1817904465563944,3.0735828572891095,2.865842948517334,3.66
"After the Software Wars",General Reading,2011,https://www.goodreads.com/review/show/370207690?utm_medium=api&utm_source=rss,2,3.28,2.822093606268363,2.8606176201027456,2.6652901079298643,3.28
"The Luck Factor: Changing Your Luck, Changing Your Life - The Four  Essential Principles",General Reading,2011,https://www.goodreads.com/review/show/370201211?utm_medium=api&utm_source=rss,3,3.85,3.36163886670041,3.187094234950601,2.621145477958113,3.85
"Ragnarok",General Reading,2011,https://www.goodreads.com/review/show/648399569?utm_medium=api&utm_source=rss,3,3.49,3.0208734390591174,2.9449681630854956,2.6652901079298643,3.49
"Proofs and Refutations: The Logic of Mathematical Discovery",General Reading,2011,https://www.goodreads.com/review/show/370179277?utm_medium=api&utm_source=rss,4,4.29,3.7781299449286565,3.4945954908361223,3.0740397452633794,4.29
"Where China Meets India: Burma and the New Crossroads of Asia",General Reading,2012,https://www.goodreads.com/review/show/370178720?utm_medium=api&utm_source=rss,2,3.85,3.36163886670041,3.187094234950601,2.621145477958113,3.85
"Making Money (Discworld, #36; Moist Von Lipwig, #2)",General Reading,2012,https://www.goodreads.com/review/show/370177767?utm_medium=api&utm_source=rss,3,4.26,3.749732825958548,3.4694619338328896,2.9275548225167403,4.26
"The Night Land",General Reading,2012,https://www.goodreads.com/review/show/370158770?utm_medium=api&utm_source=rss,3,3.48,3.0114077327357482,2.9320672931221257,2.6652901079298643,3.48
"The Scarlet Pimpernel",General Reading,2012,https://www.goodreads.com/review/show/369883405?utm_medium=api&utm_source=rss,2,4.07,3.5698844058145327,3.280851700523182,2.7622671254511912,4.07
"The Green Brain",General Reading,2012,https://www.goodreads.com/review/show/369864762?utm_medium=api&utm_source=rss,1,3.34,2.878887844208579,2.85243458438846,2.6652901079298643,3.34
"The Intelligent Universe: AI, ET, and the Emerging Mind of the Cosmos",General Reading,2012,https://www.goodreads.com/review/show/648193021?utm_medium=api&utm_source=rss,2,3.96,3.4657616362574717,3.1368509099167032,2.5386562938085575,3.96
"Mrs. Astor Regrets: The Hidden Betrayals of a Family Beyond Reproach",General Reading,2013,https://www.goodreads.com/review/show/647324622?utm_medium=api&utm_source=rss,3,3.59,3.1155305022928093,3.082543237186989,2.8817425997587325,3.59
"The Cinema of George Lucas",General Reading,2012,https://www.goodreads.com/review/show/647418192?utm_medium=api&utm_source=rss,3,4.24,3.7308014133118106,3.4402107118031364,2.9275548225167403,4.24
"Economic Analysis of the Law: Selected Readings",General Reading,2011,https://www.goodreads.com/review/show/370187287?utm_medium=api&utm_source=rss,3,3,2.557053829214024,2.8606176201027456,2.6652901079298643,3
"Merchants and Revolution: Commercial Change, Political Conflict, and London's Overseas Traders, 1550-1653",General Reading,2011,https://www.goodreads.com/review/show/370187487?utm_medium=api&utm_source=rss,2,3.88,3.3900359856705173,3.1916184602363327,2.621145477958113,3.88
"Steve Jobs",General Reading,2011,https://www.goodreads.com/review/show/370128002?utm_medium=api&utm_source=rss,4,4.15,3.645610056401488,3.2800756050654156,2.6440748476244127,4.15
"The Black Cloud",General Reading,2010,https://www.goodreads.com/review/show/370210618?utm_medium=api&utm_source=rss,4,3.9,3.4089673983172557,3.1602654121873868,2.621145477958113,3.9
"Simplicity As Evidence of Truth (Aquinas Lecture)",General Reading,2010,https://www.goodreads.com/review/show/370210766?utm_medium=api&utm_source=rss,2,2,1.610483196877101,2.8606176201027456,2.6652901079298643,2
"Schismatrix Plus",General Reading,2010,https://www.goodreads.com/review/show/369828803?utm_medium=api&utm_source=rss,5,3.94,3.4468302236107324,3.167391229562459,2.645010657526909,3.94
"Planning for Empire: Reform Bureaucrats and the Japanese Wartime State",General Reading,2011,https://www.goodreads.com/review/show/370184034?utm_medium=api&utm_source=rss,1,3.44,2.9735449074422706,2.847226251055127,2.6652901079298643,3.44
"World on Fire: How Exporting Free Market Democracy Breeds Ethnic Hatred and Global Instability",General Reading,2013,https://www.goodreads.com/review/show/370192251?utm_medium=api&utm_source=rss,4,3.81,3.323776041406933,3.151179036164781,2.621145477958113,3.81
"The Clockwork Rocket (Orthogonal, #1)",General Reading,2013,https://www.goodreads.com/review/show/369875602?utm_medium=api&utm_source=rss,2,3.65,3.1723247402330252,3.077028370109622,2.865842948517334,3.65
"Nothing to Envy: Ordinary Lives in North Korea",General Reading,2013,https://www.goodreads.com/review/show/369855381?utm_medium=api&utm_source=rss,5,4.43,3.910649833455826,3.7046565988456712,3.361656719965461,4.43
"Sum: Forty Tales from the Afterlives",General Reading,2013,https://www.goodreads.com/review/show/369886019?utm_medium=api&utm_source=rss,4,4.13,3.6266786437547487,3.2504111143680525,2.5515307663290194,4.13
"The Decameron",General Reading,2013,https://www.goodreads.com/review/show/369853157?utm_medium=api&utm_source=rss,2,3.89,3.3995016919938865,3.1694320895565324,2.621145477958113,3.89
"Water Sleeps (The Chronicles of the Black Company, #8)",General Reading,2013,https://www.goodreads.com/review/show/641854303?utm_medium=api&utm_source=rss,3,4.09,3.588815818461272,3.301044940592961,2.7622671254511912,4.09
"She is the Darkness (The Chronicles of the Black Company, #7)",General Reading,2013,https://www.goodreads.com/review/show/641598784?utm_medium=api&utm_source=rss,2,4.1,3.5982815247846403,3.299161823709844,2.7622671254511912,4.1
"Bleak Seasons (The Chronicles of the Black Company, #6)",General Reading,2013,https://www.goodreads.com/review/show/640968723?utm_medium=api&utm_source=rss,3,3.93,3.437364517287364,3.1705351892940024,2.645010657526909,3.93
"The Silver Spike (The Chronicles of the Black Company, #3.5)",General Reading,2013,https://www.goodreads.com/review/show/640186764?utm_medium=api&utm_source=rss,2,3.96,3.4657616362574717,3.1368509099167032,2.5386562938085575,3.96
"Shadows Linger (The Chronicles of the Black Company, #2)",General Reading,2013,https://www.goodreads.com/review/show/636627748?utm_medium=api&utm_source=rss,4,4.18,3.6740071753715946,3.2943931354785496,2.6440748476244127,4.18
"The White Rose (The Chronicles of the Black Company, #3)",General Reading,2013,https://www.goodreads.com/review/show/637441514?utm_medium=api&utm_source=rss,2,4.21,3.702404294341702,3.4095684461202582,2.895634800768575,4.21
"The Eighteenth Brumaire of Louis Bonaparte",General Reading,2013,https://www.goodreads.com/review/show/618605548?utm_medium=api&utm_source=rss,3,4.21,3.702404294341702,3.4095684461202582,2.895634800768575,4.21
"The Old Regime and the French Revolution",General Reading,2013,https://www.goodreads.com/review/show/618605142?utm_medium=api&utm_source=rss,4,4.04,3.541487286844425,3.1413284543957407,2.57426083774174,4.04
"The Adventures of the Stainless Steel Rat (Stainless Steel Rat, #4-6)",General Reading,2013,https://www.goodreads.com/review/show/370195320?utm_medium=api&utm_source=rss,3,4.13,3.6266786437547487,3.2504111143680525,2.5515307663290194,4.13
"The Clouds Should Know Me By Now: Buddhist Poet Monks of China",General Reading,2013,https://www.goodreads.com/review/show/580480530?utm_medium=api&utm_source=rss,4,4.31,3.797061357575395,3.478839420587795,3.0740397452633794,4.31
"Underground: Tales of hacking, madness, and obsession on the electronic frontier",General Reading,2013,https://www.goodreads.com/review/show/579808555?utm_medium=api&utm_source=rss,4,4.19,3.6834728816949647,3.3149541704042047,2.6440748476244127,4.19
"Young Philby",General Reading,2013,https://www.goodreads.com/review/show/576737901?utm_medium=api&utm_source=rss,3,3.38,2.9167506695020555,2.847226251055127,2.6652901079298643,3.38
"George's Marvellous Medicine",General Reading,2013,https://www.goodreads.com/review/show/576965229?utm_medium=api&utm_source=rss,4,4.05,3.5509529931677943,3.152219098660406,2.57426083774174,4.05
"Fantastic Mr. Fox",General Reading,2013,https://www.goodreads.com/review/show/576964941?utm_medium=api&utm_source=rss,4,4.09,3.588815818461272,3.301044940592961,2.7622671254511912,4.09
"Shades of Grey (Shades of Grey, #1)",General Reading,2013,https://www.goodreads.com/review/show/573742513?utm_medium=api&utm_source=rss,4,4.14,3.636144350078118,3.2468061167187683,2.5515307663290194,4.14
"Dreamland: Travels Inside the Secret World of Roswell and Area 51",General Reading,2013,https://www.goodreads.com/review/show/572234518?utm_medium=api&utm_source=rss,3,3.49,3.0208734390591174,2.9449681630854956,2.6652901079298643,3.49
"Buddhist Ethics: A Very Short Introduction",General Reading,2013,https://www.goodreads.com/review/show/571403731?utm_medium=api&utm_source=rss,3,3.59,3.1155305022928093,3.082543237186989,2.8817425997587325,3.59
"Ex-Prodigy: My Childhood and Youth",General Reading,2013,https://www.goodreads.com/review/show/370992509?utm_medium=api&utm_source=rss,3,3.67,3.1912561528797627,3.0735828572891095,2.865842948517334,3.67
"Cybernetics: Or Control and Communication in the Animal and the Machine",General Reading,2013,https://www.goodreads.com/review/show/370992454?utm_medium=api&utm_source=rss,3,3.97,3.475227342580841,3.134045811789025,2.5386562938085575,3.97
"Paper Dinosaur (Make Your Own S.)",General Reading,2013,https://www.goodreads.com/review/show/545557323?utm_medium=api&utm_source=rss,4,4.14,3.636144350078118,3.2468061167187683,2.5515307663290194,4.14
"Four Past Midnight",General Reading,2013,https://www.goodreads.com/review/show/561223921?utm_medium=api&utm_source=rss,4,3.97,3.475227342580841,3.134045811789025,2.5386562938085575,3.97
"Raptor Red",General Reading,2013,https://www.goodreads.com/review/show/560216641?utm_medium=api&utm_source=rss,5,3.96,3.4657616362574717,3.1368509099167032,2.5386562938085575,3.96
"Rats, Bats & Vats (The Rats and the Bats, #1)",General Reading,2013,https://www.goodreads.com/review/show/372250919?utm_medium=api&utm_source=rss,3,3.79,3.3048446287601947,3.154483880122026,2.82691905075889,3.79
"The Tragical History of Doctor Faustus",General Reading,2013,https://www.goodreads.com/review/show/370216152?utm_medium=api&utm_source=rss,4,4.13,3.6266786437547487,3.2504111143680525,2.5515307663290194,4.13
"Anthropic Bias (Studies in Philosophy)",General Reading,2013,https://www.goodreads.com/review/show/370991826?utm_medium=api&utm_source=rss,4,3.9,3.4089673983172557,3.1602654121873868,2.621145477958113,3.9
"Heisenberg and the Nazi Atomic Bomb Project, 1939-1945: A Study in German Culture",General Reading,2013,https://www.goodreads.com/review/show/537194479?utm_medium=api&utm_source=rss,3,3.89,3.3995016919938865,3.1694320895565324,2.621145477958113,3.89
"Global Price Fixing: Our Customers are the Enemy (Studies in Industrial Organization, 24)",General Reading,2013,https://www.goodreads.com/review/show/536267576?utm_medium=api&utm_source=rss,4,4,3.5036244615509484,3.109294885935889,2.5386562938085575,4
"Demian: Die Geschichte von Emil Sinclairs Jugend",General Reading,2013,https://www.goodreads.com/review/show/529514598?utm_medium=api&utm_source=rss,4,4.18,3.6740071753715946,3.2943931354785496,2.6440748476244127,4.18
"Man's Search for Meaning",General Reading,2013,https://www.goodreads.com/review/show/526122755?utm_medium=api&utm_source=rss,3,4.38,3.86332130183898,3.5961210061167157,2.954018112679327,4.38
"Shadows of the New Sun",General Reading,2013,https://www.goodreads.com/review/show/372354663?utm_medium=api&utm_source=rss,4,4,3.5036244615509484,3.109294885935889,2.5386562938085575,4
"Back to Methuselah",General Reading,2013,https://www.goodreads.com/review/show/467608314?utm_medium=api&utm_source=rss,3,3.84,3.3521731603770406,3.1840477112016923,2.621145477958113,3.84
"The Dutchesse of Malfy a tragedy: as it was approvedly well acted at the Black-friers, by His Maiesties servants: the perfect and exact copy, with ... would not beare in the presentment (1640)",General Reading,2013,https://www.goodreads.com/review/show/370083668?utm_medium=api&utm_source=rss,2,2.5,2.0837685130455625,2.8606176201027456,2.6652901079298643,2.5
"Kim",General Reading,2012,https://www.goodreads.com/review/show/369940627?utm_medium=api&utm_source=rss,3,3.71,3.2291189781732403,3.1180525219192736,2.6920097982944986,3.71
"Heaven and Hell",General Reading,2012,https://www.goodreads.com/review/show/484558582?utm_medium=api&utm_source=rss,3,3.51,3.039804851705856,2.9492579358127684,2.6652901079298643,3.51
"The Doors of Perception & Heaven and Hell",General Reading,2012,https://www.goodreads.com/review/show/482721591?utm_medium=api&utm_source=rss,3,3.94,3.4468302236107324,3.167391229562459,2.645010657526909,3.94
"The Mote in God's Eye (Moties, #1)",General Reading,2012,https://www.goodreads.com/review/show/369888350?utm_medium=api&utm_source=rss,4,4.08,3.5793501121379028,3.2941670084941954,2.7622671254511912,4.08
"Musa Pedestris - Three Centuries of Canting Songs and Slang Rhymes 1536 - 1896",General Reading,2012,https://www.goodreads.com/review/show/420628201?utm_medium=api&utm_source=rss,3,3.5,3.0303391453824866,2.9449681630854956,2.6652901079298643,3.5
"10 PRINT CHR$(205.5+RND(1)); : GOTO 10",General Reading,2012,https://www.goodreads.com/review/show/467256383?utm_medium=api&utm_source=rss,3,3.81,3.323776041406933,3.151179036164781,2.621145477958113,3.81
"Create Your Own Economy: The Path to Prosperity in a Disordered World",General Reading,2012,https://www.goodreads.com/review/show/370055259?utm_medium=api&utm_source=rss,2,3.37,2.9072849631786863,2.85243458438846,2.6652901079298643,3.37
"The Sword of Good",General Reading,2012,https://www.goodreads.com/review/show/464178332?utm_medium=api&utm_source=rss,3,3.95,3.4562959299341025,3.167391229562459,2.645010657526909,3.95
"Three Worlds Collide",General Reading,2012,https://www.goodreads.com/review/show/464178153?utm_medium=api&utm_source=rss,4,4.17,3.6645414690482254,3.2943931354785496,2.6440748476244127,4.17
"Cochrane Handbook for Systematic Reviews of Interventions",General Reading,2012,https://www.goodreads.com/review/show/458711326?utm_medium=api&utm_source=rss,4,4.31,3.797061357575395,3.478839420587795,3.0740397452633794,4.31
"The Orthodox Corruption of Scripture: The Effect of Early Christological Controversies on the Text of the New Testament",General Reading,2012,https://www.goodreads.com/review/show/454444406?utm_medium=api&utm_source=rss,4,4.06,3.5604186994911635,3.1458820859969077,2.57426083774174,4.06
"Twilight of the Elites: America After Meritocracy",General Reading,2012,https://www.goodreads.com/review/show/453769123?utm_medium=api&utm_source=rss,3,3.96,3.4657616362574717,3.1368509099167032,2.5386562938085575,3.96
"Ethics: History, Theory, and Contemporary Issues",General Reading,2012,https://www.goodreads.com/review/show/370194073?utm_medium=api&utm_source=rss,4,3.78,3.2953789224368255,3.1543829034891924,2.82691905075889,3.78
"When Prophecy Fails: A Social and Psychological Study of a Modern Group that Predicted the Destruction of the World",General Reading,2012,https://www.goodreads.com/review/show/377680090?utm_medium=api&utm_source=rss,4,3.75,3.266981803466718,3.143957952431198,2.9420243767299623,3.75
"The Nuclear Taboo: The United States and the Non-Use of Nuclear Weapons Since 1945 (Cambridge Studies in International Relations, Series Number 87)",General Reading,2012,https://www.goodreads.com/review/show/442995737?utm_medium=api&utm_source=rss,4,4,3.5036244615509484,3.109294885935889,2.5386562938085575,4
"Coming Apart: The State of White America, 1960-2010",General Reading,2012,https://www.goodreads.com/review/show/370104727?utm_medium=api&utm_source=rss,4,3.77,3.2859132161134554,3.1396523968756425,2.82691905075889,3.77
"Psychiatry And the Human Condition",General Reading,2012,https://www.goodreads.com/review/show/439929102?utm_medium=api&utm_source=rss,3,4,3.5036244615509484,3.109294885935889,2.5386562938085575,4
"Liars and Outliers: Enabling the Trust that Society Needs to Thrive",General Reading,2012,https://www.goodreads.com/review/show/431706549?utm_medium=api&utm_source=rss,4,3.78,3.2953789224368255,3.1543829034891924,2.82691905075889,3.78
"De Profundis",General Reading,2012,https://www.goodreads.com/review/show/390770224?utm_medium=api&utm_source=rss,4,4.12,3.6172129374313795,3.2779417955487715,2.7622671254511912,4.12
"The Goal: A Process of Ongoing Improvement",General Reading,2012,https://www.goodreads.com/review/show/437673945?utm_medium=api&utm_source=rss,3,4.05,3.5509529931677943,3.152219098660406,2.57426083774174,4.05
"Beyond Good and Evil",General Reading,2012,https://www.goodreads.com/review/show/437403468?utm_medium=api&utm_source=rss,4,4.05,3.5509529931677943,3.152219098660406,2.57426083774174,4.05
"Walden or, Life in the Woods",General Reading,2012,https://www.goodreads.com/review/show/436113582?utm_medium=api&utm_source=rss,4,3.77,3.2859132161134554,3.1396523968756425,2.82691905075889,3.77
"The Little Book of Talent: 52 Tips for Improving Your Skills",General Reading,2012,https://www.goodreads.com/review/show/434173086?utm_medium=api&utm_source=rss,2,4.01,3.5130901678743176,3.130877929761123,2.57426083774174,4.01
"Shop Class as Soulcraft: An Inquiry Into the Value of Work",General Reading,2012,https://www.goodreads.com/review/show/434172952?utm_medium=api&utm_source=rss,3,3.73,3.2480503908199787,3.133739167413593,2.9420243767299623,3.73
"I Know Who You Are and I Saw What You Did: Social Networks and the Death of Privacy",General Reading,2012,https://www.goodreads.com/review/show/370157195?utm_medium=api&utm_source=rss,4,3.61,3.1344619149395485,3.091631454525206,2.8817425997587325,3.61
"Mr. Penumbra's 24-Hour Bookstore (Mr. Penumbra's 24-Hour Bookstore, #1)",General Reading,2012,https://www.goodreads.com/review/show/430789989?utm_medium=api&utm_source=rss,3,3.71,3.2291189781732403,3.1180525219192736,2.6920097982944986,3.71
"The Moral Basis of a Backward Society",General Reading,2012,https://www.goodreads.com/review/show/430348016?utm_medium=api&utm_source=rss,4,3.86,3.371104573023779,3.186715309829828,2.621145477958113,3.86
"When God Talks Back: Understanding the American Evangelical Relationship with God",General Reading,2012,https://www.goodreads.com/review/show/425649926?utm_medium=api&utm_source=rss,4,3.93,3.437364517287364,3.1705351892940024,2.645010657526909,3.93
"The Big Short: Inside the Doomsday Machine",General Reading,2012,https://www.goodreads.com/review/show/373005205?utm_medium=api&utm_source=rss,3,4.2,3.692938588018333,3.38316215536463,2.895634800768575,4.2
"How to Succeed in Evil",General Reading,2012,https://www.goodreads.com/review/show/416124399?utm_medium=api&utm_source=rss,3,3.84,3.3521731603770406,3.1840477112016923,2.621145477958113,3.84
"Good and Plenty: The Creative Successes of American Arts Funding",General Reading,2012,https://www.goodreads.com/review/show/412233638?utm_medium=api&utm_source=rss,4,3.58,3.10606479596944,3.0862237927425444,2.8817425997587325,3.58
"Fallout: Equestria",General Reading,2012,https://www.goodreads.com/review/show/400719204?utm_medium=api&utm_source=rss,4,4.63,4.099963959923211,3.656207828865651,3.361656719965461,4.63
"Left Behind (Left Behind, #1)",General Reading,2012,https://www.goodreads.com/review/show/410413820?utm_medium=api&utm_source=rss,1,3.86,3.371104573023779,3.186715309829828,2.621145477958113,3.86
"Handbook of Psychopathy",General Reading,2012,https://www.goodreads.com/review/show/392014124?utm_medium=api&utm_source=rss,3,4.31,3.797061357575395,3.478839420587795,3.0740397452633794,4.31
"Birds",General Reading,2012,https://www.goodreads.com/review/show/406407717?utm_medium=api&utm_source=rss,4,3.91,3.4184331046406258,3.167601003404526,2.621145477958113,3.91
"Singularity",General Reading,2012,https://www.goodreads.com/review/show/406094623?utm_medium=api&utm_source=rss,3,4.03,3.532021580521057,3.130877929761123,2.57426083774174,4.03
"A Vindication of the Rights of Women",General Reading,2012,https://www.goodreads.com/review/show/402275855?utm_medium=api&utm_source=rss,3,3.82,3.3332417477303022,3.157021060768792,2.621145477958113,3.82
"The Drive-in 2",General Reading,2012,https://www.goodreads.com/review/show/402355655?utm_medium=api&utm_source=rss,2,3.53,3.058736264352594,2.9492579358127684,2.6652901079298643,3.53
"Joe R. Lansdale's The Drive-In",General Reading,2012,https://www.goodreads.com/review/show/402355599?utm_medium=api&utm_source=rss,3,3.91,3.4184331046406258,3.167601003404526,2.621145477958113,3.91
"Empty Words: Buddhist Philosophy and Cross-Cultural Interpretation",General Reading,2012,https://www.goodreads.com/review/show/380293885?utm_medium=api&utm_source=rss,3,4.23,3.7213357069884414,3.432424911847278,2.9275548225167403,4.23
"50 in 50: Fifty stories for fifty years!",General Reading,2012,https://www.goodreads.com/review/show/397315412?utm_medium=api&utm_source=rss,3,3.89,3.3995016919938865,3.1694320895565324,2.621145477958113,3.89
"The White-Luck Warrior",General Reading,2012,https://www.goodreads.com/review/show/396641198?utm_medium=api&utm_source=rss,4,4.11,3.6077472311080103,3.290748344706648,2.7622671254511912,4.11
"The Darkness That Comes Before (The Prince of Nothing, #1)",General Reading,2012,https://www.goodreads.com/review/show/393428525?utm_medium=api&utm_source=rss,4,3.83,3.3427074540536714,3.1791866000905817,2.621145477958113,3.83
"The Warrior Prophet (The Prince of Nothing, #2)",General Reading,2012,https://www.goodreads.com/review/show/394149298?utm_medium=api&utm_source=rss,3,3.98,3.48469304890421,3.1166020754783723,2.5386562938085575,3.98
"Path of the Fury (Furies #2)",General Reading,2012,https://www.goodreads.com/review/show/370616248?utm_medium=api&utm_source=rss,4,4.23,3.7213357069884414,3.432424911847278,2.9275548225167403,4.23
"Snakes in Suits: When Psychopaths Go to Work",General Reading,2012,https://www.goodreads.com/review/show/370128876?utm_medium=api&utm_source=rss,2,3.66,3.1817904465563944,3.0735828572891095,2.865842948517334,3.66
"Five Children and It (The Psammead Trilogy, #1)",General Reading,2012,https://www.goodreads.com/review/show/390728179?utm_medium=api&utm_source=rss,4,3.85,3.36163886670041,3.187094234950601,2.621145477958113,3.85
"The Koreans: Who They Are, What They Want, Where Their Future Lies",General Reading,2012,https://www.goodreads.com/review/show/390673813?utm_medium=api&utm_source=rss,3,3.64,3.162859033909656,3.077028370109622,2.865842948517334,3.64
"War without Mercy: Race and Power in the Pacific War",General Reading,2012,https://www.goodreads.com/review/show/388380596?utm_medium=api&utm_source=rss,4,4.06,3.5604186994911635,3.1458820859969077,2.57426083774174,4.06
"The Art of UNIX Programming",General Reading,2014,https://www.goodreads.com/review/show/1106510619?utm_medium=api&utm_source=rss,4,4.17,3.6645414690482254,3.2943931354785496,2.6440748476244127,4.17
"Polyamory in the 21st Century: Love and Intimacy with Multiple Partners",General Reading,2012,https://www.goodreads.com/review/show/370160640?utm_medium=api&utm_source=rss,3,3.72,3.2385846844966104,3.1326049682793937,2.9420243767299623,3.72
"On Bullshit",General Reading,2012,https://www.goodreads.com/review/show/384128715?utm_medium=api&utm_source=rss,3,3.58,3.10606479596944,3.0862237927425444,2.8817425997587325,3.58
"The Psychopath: Emotion and the Brain",General Reading,2012,https://www.goodreads.com/review/show/383635615?utm_medium=api&utm_source=rss,3,3.87,3.380570279347148,3.1916184602363327,2.621145477958113,3.87
"Notes from Underground, White Nights, The Dream of a Ridiculous Man, and Selections from The House of the Dead",General Reading,2012,https://www.goodreads.com/review/show/372219439?utm_medium=api&utm_source=rss,3,4.19,3.6834728816949647,3.3149541704042047,2.6440748476244127,4.19
"The Sorrows of Young Werther",General Reading,2012,https://www.goodreads.com/review/show/380698741?utm_medium=api&utm_source=rss,2,3.72,3.2385846844966104,3.1326049682793937,2.9420243767299623,3.72
"The UNIX Hater's Handbook: The Best of UNIX-Haters On-line Mailing Reveals Why UNIX Must Die!",General Reading,2012,https://www.goodreads.com/review/show/380228180?utm_medium=api&utm_source=rss,4,3.78,3.2953789224368255,3.1543829034891924,2.82691905075889,3.78
"What the Dormouse Said: How the Sixties Counterculture Shaped the Personal Computer Industry",General Reading,2012,https://www.goodreads.com/review/show/380164734?utm_medium=api&utm_source=rss,3,3.8,3.314310335083564,3.15597753343254,2.82691905075889,3.8
"Capability-based computer systems",General Reading,2012,https://www.goodreads.com/review/show/379211327?utm_medium=api&utm_source=rss,2,4,3.5036244615509484,3.109294885935889,2.5386562938085575,4
"Reason & Persuasion: Three Dialogues by Plato",General Reading,2012,https://www.goodreads.com/review/show/379119872?utm_medium=api&utm_source=rss,4,3.83,3.3427074540536714,3.1791866000905817,2.621145477958113,3.83
"Rules of Engagement (The Serrano Legacy, #5)",General Reading,2012,https://www.goodreads.com/review/show/375286136?utm_medium=api&utm_source=rss,3,4.03,3.532021580521057,3.130877929761123,2.57426083774174,4.03
"Winning Colors (The Serrano Legacy, #3)",General Reading,2012,https://www.goodreads.com/review/show/375285862?utm_medium=api&utm_source=rss,2,3.93,3.437364517287364,3.1705351892940024,2.645010657526909,3.93
"Sporting Chance (The Serrano Legacy, #2)",General Reading,2012,https://www.goodreads.com/review/show/375285734?utm_medium=api&utm_source=rss,2,3.99,3.4941587552275792,3.109294885935889,2.5386562938085575,3.99
"Goodnight Moon",General Reading,2012,https://www.goodreads.com/review/show/374352796?utm_medium=api&utm_source=rss,4,4.31,3.797061357575395,3.478839420587795,3.0740397452633794,4.31
"The Lorax",General Reading,2012,https://www.goodreads.com/review/show/374352747?utm_medium=api&utm_source=rss,4,4.35,3.8349241828688716,3.439714795599229,2.954018112679327,4.35
"Copper: A Comics Collection",General Reading,2012,https://www.goodreads.com/review/show/374330989?utm_medium=api&utm_source=rss,4,4.08,3.5793501121379028,3.2941670084941954,2.7622671254511912,4.08
"The Jewish War",General Reading,2012,https://www.goodreads.com/review/show/374314191?utm_medium=api&utm_source=rss,5,4.01,3.5130901678743176,3.130877929761123,2.57426083774174,4.01
"Psychology of Intelligence Analysis",General Reading,2012,https://www.goodreads.com/review/show/371832666?utm_medium=api&utm_source=rss,4,4.29,3.7781299449286565,3.4945954908361223,3.0740397452633794,4.29
"A Study of History, Vol 1: Introduction; The Geneses of Civilizations (A Study of History, #1)",General Reading,2012,https://www.goodreads.com/review/show/373749526?utm_medium=api&utm_source=rss,4,4.11,3.6077472311080103,3.290748344706648,2.7622671254511912,4.11
"The Historian",General Reading,2012,https://www.goodreads.com/review/show/373748722?utm_medium=api&utm_source=rss,3,3.78,3.2953789224368255,3.1543829034891924,2.82691905075889,3.78
"The Decline of the West",General Reading,2012,https://www.goodreads.com/review/show/373748279?utm_medium=api&utm_source=rss,4,4.09,3.588815818461272,3.301044940592961,2.7622671254511912,4.09
"The Forever War (The Forever War, #1)",General Reading,2012,https://www.goodreads.com/review/show/369944033?utm_medium=api&utm_source=rss,4,4.14,3.636144350078118,3.2468061167187683,2.5515307663290194,4.14
"The Planet Buyer",General Reading,2012,https://www.goodreads.com/review/show/373730245?utm_medium=api&utm_source=rss,3,3.84,3.3521731603770406,3.1840477112016923,2.621145477958113,3.84
"The Waterworks",General Reading,2012,https://www.goodreads.com/review/show/373716861?utm_medium=api&utm_source=rss,3,3.45,2.9830106137656407,2.847226251055127,2.6652901079298643,3.45
"Great Mambo Chicken And The Transhuman Condition: Science Slightly Over The Edge",General Reading,2012,https://www.goodreads.com/review/show/369832686?utm_medium=api&utm_source=rss,5,4.01,3.5130901678743176,3.130877929761123,2.57426083774174,4.01
"The Pilgrim's Progress",General Reading,2012,https://www.goodreads.com/review/show/373689712?utm_medium=api&utm_source=rss,2,4.06,3.5604186994911635,3.1458820859969077,2.57426083774174,4.06
"The Brain Makers",General Reading,2012,https://www.goodreads.com/review/show/373145761?utm_medium=api&utm_source=rss,3,3.65,3.1723247402330252,3.077028370109622,2.865842948517334,3.65
"The Secret History",General Reading,2012,https://www.goodreads.com/review/show/373138945?utm_medium=api&utm_source=rss,3,3.86,3.371104573023779,3.186715309829828,2.621145477958113,3.86
"Arms And The Man",General Reading,2012,https://www.goodreads.com/review/show/373130870?utm_medium=api&utm_source=rss,3,3.86,3.371104573023779,3.186715309829828,2.621145477958113,3.86
"The Perfect Store: Inside eBay",General Reading,2012,https://www.goodreads.com/review/show/373123162?utm_medium=api&utm_source=rss,3,3.85,3.36163886670041,3.187094234950601,2.621145477958113,3.85
"Modern Egypt",General Reading,2014,https://www.goodreads.com/review/show/616631455?utm_medium=api&utm_source=rss,3,2.89,2.452931059656963,2.8606176201027456,2.6652901079298643,2.89
"Urantia: The Great Cult Mystery",General Reading,2012,https://www.goodreads.com/review/show/373027012?utm_medium=api&utm_source=rss,4,3.4,2.935682082148794,2.847226251055127,2.6652901079298643,3.4
"Weird Water and Fuzzy Logic",General Reading,2012,https://www.goodreads.com/review/show/373026972?utm_medium=api&utm_source=rss,3,3.63,3.153393327586286,3.0809569415381937,2.865842948517334,3.63
"Fads and Fallacies in the Name of Science",General Reading,2012,https://www.goodreads.com/review/show/373026732?utm_medium=api&utm_source=rss,3,4.06,3.5604186994911635,3.1458820859969077,2.57426083774174,4.06
"Star Wars: Children of the Jedi (The Callista Trilogy, #1)",General Reading,2012,https://www.goodreads.com/review/show/370976386?utm_medium=api&utm_source=rss,3,3.27,2.8126278999449936,2.8606176201027456,2.6652901079298643,3.27
"The True Confessions of Charlotte Doyle",General Reading,2012,https://www.goodreads.com/review/show/373007648?utm_medium=api&utm_source=rss,4,3.85,3.36163886670041,3.187094234950601,2.621145477958113,3.85
"Red Ranger Came Calling",General Reading,2012,https://www.goodreads.com/review/show/372994550?utm_medium=api&utm_source=rss,4,4.38,3.86332130183898,3.5961210061167157,2.954018112679327,4.38
"The Last Basselope: One Ferocious Story",General Reading,2012,https://www.goodreads.com/review/show/372994485?utm_medium=api&utm_source=rss,3,4.31,3.797061357575395,3.478839420587795,3.0740397452633794,4.31
"The Anatomy of Revolution",General Reading,2012,https://www.goodreads.com/review/show/372993281?utm_medium=api&utm_source=rss,4,3.78,3.2953789224368255,3.1543829034891924,2.82691905075889,3.78
"The Unabridged Devil's Dictionary",General Reading,2012,https://www.goodreads.com/review/show/372990082?utm_medium=api&utm_source=rss,4,4.08,3.5793501121379028,3.2941670084941954,2.7622671254511912,4.08
"Empire",General Reading,2012,https://www.goodreads.com/review/show/372985146?utm_medium=api&utm_source=rss,2,3.76,3.2764475097900863,3.143957952431198,2.9420243767299623,3.76
"Sinfest",General Reading,2012,https://www.goodreads.com/review/show/372890424?utm_medium=api&utm_source=rss,3,4.04,3.541487286844425,3.1413284543957407,2.57426083774174,4.04
"The Epic of Gilgamesh",General Reading,2012,https://www.goodreads.com/review/show/372614205?utm_medium=api&utm_source=rss,4,3.7,3.219653271849872,3.1058996741370155,2.6920097982944986,3.7
"Wild Magic (Immortals, #1)",General Reading,2012,https://www.goodreads.com/review/show/372535147?utm_medium=api&utm_source=rss,4,4.31,3.797061357575395,3.478839420587795,3.0740397452633794,4.31
"Seven Pillars of Wisdom: A Triumph",General Reading,2012,https://www.goodreads.com/review/show/372531359?utm_medium=api&utm_source=rss,4,3.89,3.3995016919938865,3.1694320895565324,2.621145477958113,3.89
"Psychological Warfare (WWII Era Reprint)",General Reading,2012,https://www.goodreads.com/review/show/372526406?utm_medium=api&utm_source=rss,4,3.93,3.437364517287364,3.1705351892940024,2.645010657526909,3.93
"Cicero's Treatise On The Nature Of The Gods",General Reading,2012,https://www.goodreads.com/review/show/372521574?utm_medium=api&utm_source=rss,5,4.33,3.8159927702221332,3.4097739629405854,2.954018112679327,4.33
"Out of Iraq: A Practical Plan for Withdrawal Now",General Reading,2012,https://www.goodreads.com/review/show/372478234?utm_medium=api&utm_source=rss,2,3.59,3.1155305022928093,3.082543237186989,2.8817425997587325,3.59
"Communities in Cyberspace",General Reading,2012,https://www.goodreads.com/review/show/372477087?utm_medium=api&utm_source=rss,3,3.52,3.049270558029225,2.9492579358127684,2.6652901079298643,3.52
"A Journey to the Tea Countries of China",General Reading,2012,https://www.goodreads.com/review/show/372475829?utm_medium=api&utm_source=rss,4,4.11,3.6077472311080103,3.290748344706648,2.7622671254511912,4.11
"White Light",General Reading,2012,https://www.goodreads.com/review/show/372475599?utm_medium=api&utm_source=rss,2,3.92,3.427898810963994,3.16665920115171,2.621145477958113,3.92
"The Iron Dream",General Reading,2012,https://www.goodreads.com/review/show/372473786?utm_medium=api&utm_source=rss,4,3.61,3.1344619149395485,3.091631454525206,2.8817425997587325,3.61
"The Art of Reasoning",General Reading,2012,https://www.goodreads.com/review/show/372473676?utm_medium=api&utm_source=rss,3,3.95,3.4562959299341025,3.167391229562459,2.645010657526909,3.95
"Banks, Palaces and Entrepreneurs in Renaissance Florence (Variorum Collected Studies)",General Reading,2012,https://www.goodreads.com/review/show/372473391?utm_medium=api&utm_source=rss,3,4,3.5036244615509484,3.109294885935889,2.5386562938085575,4
"Chimpanzee Politics: Power and Sex among Apes",General Reading,2012,https://www.goodreads.com/review/show/372473048?utm_medium=api&utm_source=rss,3,4.28,3.7686642386052873,3.4776567106026426,3.0740397452633794,4.28
"The Rise & Decline of The Medici Bank, 1397-1494",General Reading,2012,https://www.goodreads.com/review/show/372472929?utm_medium=api&utm_source=rss,4,4.1,3.5982815247846403,3.299161823709844,2.7622671254511912,4.1
"Muslim Neoplatonists: An Introduction To The Thought Of The Brethren Of Purity, Ikhwān Al Ṣafāʾ",General Reading,2012,https://www.goodreads.com/review/show/372471712?utm_medium=api&utm_source=rss,4,4.5,3.9769097777194102,3.656207828865651,3.361656719965461,4.5
"The Autobiography of a Criminal",General Reading,2012,https://www.goodreads.com/review/show/372470344?utm_medium=api&utm_source=rss,4,3.8,3.314310335083564,3.15597753343254,2.82691905075889,3.8
"Dark Empire Sourcebook (Star Wars RPG)",General Reading,2012,https://www.goodreads.com/review/show/372468609?utm_medium=api&utm_source=rss,3,3.65,3.1723247402330252,3.077028370109622,2.865842948517334,3.65
"Attending Daedalus: Gene Wolfe, Artifice and the Reader",General Reading,2012,https://www.goodreads.com/review/show/372468496?utm_medium=api&utm_source=rss,4,3.97,3.475227342580841,3.134045811789025,2.5386562938085575,3.97
"Codex Seraphinianus. Ein Orbis Pictus des Universums der Phantasie.",General Reading,2012,https://www.goodreads.com/review/show/372468278?utm_medium=api&utm_source=rss,5,4.44,3.920115539779195,3.697616420274242,3.361656719965461,4.44
"Krazy and Ignatz, 1939-1940: A Brick Stuffed With Moom-bins",General Reading,2012,https://www.goodreads.com/review/show/372457162?utm_medium=api&utm_source=rss,4,4.54,4.014772603012887,3.656207828865651,3.361656719965461,4.54
"Krazy and Ignatz, 1929-1930: A Mice, a Brick, a Lovely Night",General Reading,2012,https://www.goodreads.com/review/show/372456981?utm_medium=api&utm_source=rss,4,4.54,4.014772603012887,3.656207828865651,3.361656719965461,4.54
"Krazy & Ignatz, 1931-1932: A Kat a'Lilt with Song",General Reading,2012,https://www.goodreads.com/review/show/372456957?utm_medium=api&utm_source=rss,4,4.64,4.10942966624658,3.656207828865651,3.361656719965461,4.64
"Krazy and Ignatz, 1933-1934: Necromancy by the Blue Bean Bush",General Reading,2012,https://www.goodreads.com/review/show/372456918?utm_medium=api&utm_source=rss,4,4.6,4.071566840953103,3.656207828865651,3.361656719965461,4.6
"Krazy and Ignatz, 1937-1938: Shifting Sands Dusts Its Cheeks in Powdered Beauty",General Reading,2012,https://www.goodreads.com/review/show/372456887?utm_medium=api&utm_source=rss,4,4.61,4.081032547276473,3.656207828865651,3.361656719965461,4.61
"Krazy and Ignatz, 1919-1921: A Kind, Benevolent, and Amiable Brick",General Reading,2012,https://www.goodreads.com/review/show/372456830?utm_medium=api&utm_source=rss,4,4.56,4.033704015659626,3.656207828865651,3.361656719965461,4.56
"The Best of Little Nemo in Slumberland",General Reading,2012,https://www.goodreads.com/review/show/372455401?utm_medium=api&utm_source=rss,5,4.38,3.86332130183898,3.5961210061167157,2.954018112679327,4.38
"ANSI Common Lisp",General Reading,2012,https://www.goodreads.com/review/show/372425356?utm_medium=api&utm_source=rss,4,4.11,3.6077472311080103,3.290748344706648,2.7622671254511912,4.11
"Red Mars (Mars Trilogy, #1)",General Reading,2012,https://www.goodreads.com/review/show/372424387?utm_medium=api&utm_source=rss,4,3.84,3.3521731603770406,3.1840477112016923,2.621145477958113,3.84
"Veil: The Secret Wars of the CIA, 1981-87",General Reading,2012,https://www.goodreads.com/review/show/372424096?utm_medium=api&utm_source=rss,3,3.59,3.1155305022928093,3.082543237186989,2.8817425997587325,3.59
"The Debian System: Concepts and Techniques",General Reading,2012,https://www.goodreads.com/review/show/372423298?utm_medium=api&utm_source=rss,4,3.98,3.48469304890421,3.1166020754783723,2.5386562938085575,3.98
"Pippi Longstocking (Pippi Långstrump, #1)",General Reading,2012,https://www.goodreads.com/review/show/372422910?utm_medium=api&utm_source=rss,3,3.92,3.427898810963994,3.16665920115171,2.621145477958113,3.92
"The Fall of the House of Usher",General Reading,2012,https://www.goodreads.com/review/show/372420635?utm_medium=api&utm_source=rss,3,3.9,3.4089673983172557,3.1602654121873868,2.621145477958113,3.9
"The Mysterious Stranger",General Reading,2012,https://www.goodreads.com/review/show/372420595?utm_medium=api&utm_source=rss,4,4.05,3.5509529931677943,3.152219098660406,2.57426083774174,4.05
"The Hidden Persuaders",General Reading,2012,https://www.goodreads.com/review/show/372419773?utm_medium=api&utm_source=rss,3,3.56,3.0871333833227026,3.0684152270778267,2.910628499887679,3.56
"A Day No Pigs Would Die",General Reading,2012,https://www.goodreads.com/review/show/372419722?utm_medium=api&utm_source=rss,3,3.75,3.266981803466718,3.143957952431198,2.9420243767299623,3.75
"Free Software, Free Society: Selected Essays",General Reading,2012,https://www.goodreads.com/review/show/372418680?utm_medium=api&utm_source=rss,3,4.11,3.6077472311080103,3.290748344706648,2.7622671254511912,4.11
"Code: And Other Laws of Cyberspace, Version 2.0",General Reading,2012,https://www.goodreads.com/review/show/372418584?utm_medium=api&utm_source=rss,5,3.93,3.437364517287364,3.1705351892940024,2.645010657526909,3.93
"Free Culture: The Nature and Future of Creativity",General Reading,2012,https://www.goodreads.com/review/show/369830824?utm_medium=api&utm_source=rss,4,4.1,3.5982815247846403,3.299161823709844,2.7622671254511912,4.1
"The Jungle",General Reading,2012,https://www.goodreads.com/review/show/372418204?utm_medium=api&utm_source=rss,3,3.77,3.2859132161134554,3.1396523968756425,2.82691905075889,3.77
"The Grand Inquisitor",General Reading,2012,https://www.goodreads.com/review/show/372417557?utm_medium=api&utm_source=rss,4,4.27,3.7591985322819172,3.447846145126452,2.9275548225167403,4.27
"The Wind in the Willows",General Reading,2012,https://www.goodreads.com/review/show/372417341?utm_medium=api&utm_source=rss,4,4.02,3.522555874197687,3.130877929761123,2.57426083774174,4.02
"I Know Why the Caged Bird Sings (Maya Angelou's Autobiography, #1)",General Reading,2012,https://www.goodreads.com/review/show/372416023?utm_medium=api&utm_source=rss,1,4.3,3.787595651252025,3.4863445750852065,3.0740397452633794,4.3
"All Quiet on the Western Front",General Reading,2012,https://www.goodreads.com/review/show/369890614?utm_medium=api&utm_source=rss,4,4.06,3.5604186994911635,3.1458820859969077,2.57426083774174,4.06
"The Forlorn",General Reading,2012,https://www.goodreads.com/review/show/372415371?utm_medium=api&utm_source=rss,3,3.52,3.049270558029225,2.9492579358127684,2.6652901079298643,3.52
"Wizard's Bane (Wiz, #1)",General Reading,2012,https://www.goodreads.com/review/show/372409720?utm_medium=api&utm_source=rss,4,3.82,3.3332417477303022,3.157021060768792,2.621145477958113,3.82
"The Wizardry Compiled (Wiz, #2)",General Reading,2012,https://www.goodreads.com/review/show/372409714?utm_medium=api&utm_source=rss,3,3.9,3.4089673983172557,3.1602654121873868,2.621145477958113,3.9
"The Mysterious Island",General Reading,2012,https://www.goodreads.com/review/show/372402412?utm_medium=api&utm_source=rss,3,4.11,3.6077472311080103,3.290748344706648,2.7622671254511912,4.11
"Paradise (The Divine Comedy, #3)",General Reading,2012,https://www.goodreads.com/review/show/372402187?utm_medium=api&utm_source=rss,2,3.93,3.437364517287364,3.1705351892940024,2.645010657526909,3.93
"The Divine Comedy of Dante Alighieri, Volume 2: Purgatorio",General Reading,2012,https://www.goodreads.com/review/show/372402121?utm_medium=api&utm_source=rss,3,4.01,3.5130901678743176,3.130877929761123,2.57426083774174,4.01
"Inferno",General Reading,2012,https://www.goodreads.com/review/show/372402065?utm_medium=api&utm_source=rss,4,4.03,3.532021580521057,3.130877929761123,2.57426083774174,4.03
"The Complete Tales of Uncle Remus",General Reading,2012,https://www.goodreads.com/review/show/372401856?utm_medium=api&utm_source=rss,4,4.21,3.702404294341702,3.4095684461202582,2.895634800768575,4.21
"The World Without Us",General Reading,2012,https://www.goodreads.com/review/show/372401794?utm_medium=api&utm_source=rss,4,3.81,3.323776041406933,3.151179036164781,2.621145477958113,3.81
"Leaves of Grass",General Reading,2012,https://www.goodreads.com/review/show/372401538?utm_medium=api&utm_source=rss,2,3.94,3.4468302236107324,3.167391229562459,2.645010657526909,3.94
"Peer Gynt",General Reading,2012,https://www.goodreads.com/review/show/372401454?utm_medium=api&utm_source=rss,2,3.72,3.2385846844966104,3.1326049682793937,2.9420243767299623,3.72
"Neptune Crossing (Chaos Chronicles, #1)",General Reading,2012,https://www.goodreads.com/review/show/372399392?utm_medium=api&utm_source=rss,4,3.56,3.0871333833227026,3.0684152270778267,2.910628499887679,3.56
"Bush at War",General Reading,2012,https://www.goodreads.com/review/show/372392114?utm_medium=api&utm_source=rss,4,3.53,3.058736264352594,2.9492579358127684,2.6652901079298643,3.53
"The Age of Turbulence",General Reading,2012,https://www.goodreads.com/review/show/372391936?utm_medium=api&utm_source=rss,3,3.64,3.162859033909656,3.077028370109622,2.865842948517334,3.64
"Rules for the Direction of the Mind",General Reading,2012,https://www.goodreads.com/review/show/372390947?utm_medium=api&utm_source=rss,3,3.72,3.2385846844966104,3.1326049682793937,2.9420243767299623,3.72
"Discourse on Method and Meditations on First Philosophy",General Reading,2012,https://www.goodreads.com/review/show/372390869?utm_medium=api&utm_source=rss,4,3.78,3.2953789224368255,3.1543829034891924,2.82691905075889,3.78
"On Liberty",General Reading,2012,https://www.goodreads.com/review/show/372389576?utm_medium=api&utm_source=rss,4,3.94,3.4468302236107324,3.167391229562459,2.645010657526909,3.94
"Charlie and the Great Glass Elevator (Charlie Bucket, #2)",General Reading,2012,https://www.goodreads.com/review/show/372388049?utm_medium=api&utm_source=rss,4,3.69,3.210187565526502,3.083161219694678,2.6920097982944986,3.69
"The Voyages of Doctor Dolittle (Doctor Dolittle, #2)",General Reading,2012,https://www.goodreads.com/review/show/372386511?utm_medium=api&utm_source=rss,3,3.99,3.4941587552275792,3.109294885935889,2.5386562938085575,3.99
"The Story of Doctor Dolittle (Doctor Dolittle, #1)",General Reading,2012,https://www.goodreads.com/review/show/372386416?utm_medium=api&utm_source=rss,4,3.98,3.48469304890421,3.1166020754783723,2.5386562938085575,3.98
"Splendors of Meiji: Treasures of Imperial Japan: Masterpieces from the Khalili Collection",General Reading,2012,https://www.goodreads.com/review/show/372376136?utm_medium=api&utm_source=rss,4,3.75,3.266981803466718,3.143957952431198,2.9420243767299623,3.75
"Scythian Gold",General Reading,2012,https://www.goodreads.com/review/show/372376031?utm_medium=api&utm_source=rss,4,4.56,4.033704015659626,3.656207828865651,3.361656719965461,4.56
"The Ruling Caste: Imperial Lives in the Victorian Raj",General Reading,2012,https://www.goodreads.com/review/show/372364957?utm_medium=api&utm_source=rss,3,3.71,3.2291189781732403,3.1180525219192736,2.6920097982944986,3.71
"The Sufi Path of Knowledge: Ibn Al-Arabi's Metaphysics of Imagination",General Reading,2012,https://www.goodreads.com/review/show/372364587?utm_medium=api&utm_source=rss,4,4.37,3.85385559551561,3.4821218681820705,2.954018112679327,4.37
"The Protestant Ethic and the Spirit of Capitalism",General Reading,2012,https://www.goodreads.com/review/show/372364457?utm_medium=api&utm_source=rss,4,3.92,3.427898810963994,3.16665920115171,2.621145477958113,3.92
"Robot Ghosts and Wired Dreams: Japanese Science Fiction from Origins to Anime",General Reading,2012,https://www.goodreads.com/review/show/372364307?utm_medium=api&utm_source=rss,2,3.75,3.266981803466718,3.143957952431198,2.9420243767299623,3.75
"The Bioethics Reader: Editors' Choice",General Reading,2012,https://www.goodreads.com/review/show/372361235?utm_medium=api&utm_source=rss,3,3,2.557053829214024,2.8606176201027456,2.6652901079298643,3
"IQ and the Wealth of Nations",General Reading,2012,https://www.goodreads.com/review/show/372360424?utm_medium=api&utm_source=rss,4,3.62,3.1439276212629177,3.091631454525206,2.8817425997587325,3.62
"Symmetries and Reflections",General Reading,2012,https://www.goodreads.com/review/show/372360269?utm_medium=api&utm_source=rss,3,4.25,3.740267119635179,3.4503631739243485,2.9275548225167403,4.25
"Science and Civilisation in China, Volume 5: Chemistry and Chemical Technology, Part 6: Military Technology: Missiles and Sieges",General Reading,2012,https://www.goodreads.com/review/show/372359834?utm_medium=api&utm_source=rss,5,4.56,4.033704015659626,3.656207828865651,3.361656719965461,4.56
"The Double Axe, and Other Poems Including Eleven Suppressed Poems",General Reading,2012,https://www.goodreads.com/review/show/372358482?utm_medium=api&utm_source=rss,4,4.29,3.7781299449286565,3.4945954908361223,3.0740397452633794,4.29
"Copenhagen",General Reading,2012,https://www.goodreads.com/review/show/372358326?utm_medium=api&utm_source=rss,3,3.91,3.4184331046406258,3.167601003404526,2.621145477958113,3.91
"Children Above 180 IQ Stanford-Binet: Origin And Development",General Reading,2012,https://www.goodreads.com/review/show/372357875?utm_medium=api&utm_source=rss,2,3.62,3.1439276212629177,3.091631454525206,2.8817425997587325,3.62
"Six Chapters Of Life In A Cadre School: Memoirs From China's Cultural Revolution",General Reading,2012,https://www.goodreads.com/review/show/372357673?utm_medium=api&utm_source=rss,3,3.17,2.717970836711302,2.8606176201027456,2.6652901079298643,3.17
"The Legacy of Parmenides: Eleatic Monism and Later Presocratic Thought",General Reading,2012,https://www.goodreads.com/review/show/370992958?utm_medium=api&utm_source=rss,4,4.24,3.7308014133118106,3.4402107118031364,2.9275548225167403,4.24
"Manalive (Hilarious Stories)",General Reading,2012,https://www.goodreads.com/review/show/372355137?utm_medium=api&utm_source=rss,2,4.2,3.692938588018333,3.38316215536463,2.895634800768575,4.2
"Religions, Values, and Peak-Experiences (Compass)",General Reading,2012,https://www.goodreads.com/review/show/372354525?utm_medium=api&utm_source=rss,2,4.06,3.5604186994911635,3.1458820859969077,2.57426083774174,4.06
"In the Shadow of No Towers",General Reading,2012,https://www.goodreads.com/review/show/372352041?utm_medium=api&utm_source=rss,3,3.67,3.1912561528797627,3.0735828572891095,2.865842948517334,3.67
"Balance of Power: International Politics As the Ultimate Global Game",General Reading,2012,https://www.goodreads.com/review/show/372258479?utm_medium=api&utm_source=rss,3,4.06,3.5604186994911635,3.1458820859969077,2.57426083774174,4.06
"H.P. Lovecraft: Against the World, Against Life",General Reading,2012,https://www.goodreads.com/review/show/372253765?utm_medium=api&utm_source=rss,3,3.96,3.4657616362574717,3.1368509099167032,2.5386562938085575,3.96
"The Nine: Inside the Secret World of the Supreme Court",General Reading,2012,https://www.goodreads.com/review/show/372250430?utm_medium=api&utm_source=rss,3,4.09,3.588815818461272,3.301044940592961,2.7622671254511912,4.09
"Constantine's Sword: The Church and the Jews",General Reading,2012,https://www.goodreads.com/review/show/372249091?utm_medium=api&utm_source=rss,4,4.09,3.588815818461272,3.301044940592961,2.7622671254511912,4.09
"On Thermonuclear War",General Reading,2012,https://www.goodreads.com/review/show/372247460?utm_medium=api&utm_source=rss,4,4.07,3.5698844058145327,3.280851700523182,2.7622671254511912,4.07
"Bangkok Tattoo (Sonchai Jitpleecheep, #2)",General Reading,2012,https://www.goodreads.com/review/show/372241953?utm_medium=api&utm_source=rss,3,3.79,3.3048446287601947,3.154483880122026,2.82691905075889,3.79
"Bangkok 8 (Sonchai Jitpleecheep, #1)",General Reading,2012,https://www.goodreads.com/review/show/372241910?utm_medium=api&utm_source=rss,3,3.74,3.2575160971433488,3.133739167413593,2.9420243767299623,3.74
"The Art of Doing Science and Engineering: Learning to Learn",General Reading,2012,https://www.goodreads.com/review/show/372239463?utm_medium=api&utm_source=rss,2,4.15,3.645610056401488,3.2800756050654156,2.6440748476244127,4.15
"A Journal of the Plague Year",General Reading,2012,https://www.goodreads.com/review/show/372238878?utm_medium=api&utm_source=rss,4,3.52,3.049270558029225,2.9492579358127684,2.6652901079298643,3.52
"This Way for the Gas, Ladies and Gentlemen",General Reading,2012,https://www.goodreads.com/review/show/372228557?utm_medium=api&utm_source=rss,4,4.18,3.6740071753715946,3.2943931354785496,2.6440748476244127,4.18
"The Captive Mind",General Reading,2012,https://www.goodreads.com/review/show/372226283?utm_medium=api&utm_source=rss,3,4.27,3.7591985322819172,3.447846145126452,2.9275548225167403,4.27
"Opening the Xbox: Inside Microsoft's Plan to Unleash an Entertainment Revolution",General Reading,2012,https://www.goodreads.com/review/show/372225147?utm_medium=api&utm_source=rss,3,4.08,3.5793501121379028,3.2941670084941954,2.7622671254511912,4.08
"Terror and Liberalism",General Reading,2012,https://www.goodreads.com/review/show/372221099?utm_medium=api&utm_source=rss,4,3.9,3.4089673983172557,3.1602654121873868,2.621145477958113,3.9
"The Guinea Pig Diaries: My Life as an Experiment",General Reading,2012,https://www.goodreads.com/review/show/372220588?utm_medium=api&utm_source=rss,4,3.68,3.200721859203133,3.06925610764986,2.6920097982944986,3.68
"The Know-It-All",General Reading,2012,https://www.goodreads.com/review/show/372220549?utm_medium=api&utm_source=rss,3,3.76,3.2764475097900863,3.143957952431198,2.9420243767299623,3.76
"The Year of Living Biblically: One Man's Humble Quest to Follow the Bible as Literally as Possible",General Reading,2012,https://www.goodreads.com/review/show/372220528?utm_medium=api&utm_source=rss,2,3.76,3.2764475097900863,3.143957952431198,2.9420243767299623,3.76
"Secrets of the Samurai: A Survey of the Martial Arts of Feudal Japan",General Reading,2012,https://www.goodreads.com/review/show/372218201?utm_medium=api&utm_source=rss,3,3.97,3.475227342580841,3.134045811789025,2.5386562938085575,3.97
"The New Hacker's Dictionary",General Reading,2012,https://www.goodreads.com/review/show/372217037?utm_medium=api&utm_source=rss,4,4.13,3.6266786437547487,3.2504111143680525,2.5515307663290194,4.13
"S/Z: An Essay",General Reading,2012,https://www.goodreads.com/review/show/372214513?utm_medium=api&utm_source=rss,2,4.01,3.5130901678743176,3.130877929761123,2.57426083774174,4.01
"Get Your War On",General Reading,2012,https://www.goodreads.com/review/show/372214037?utm_medium=api&utm_source=rss,2,4.31,3.797061357575395,3.478839420587795,3.0740397452633794,4.31
"The Elements of Style",General Reading,2012,https://www.goodreads.com/review/show/372189529?utm_medium=api&utm_source=rss,2,4.15,3.645610056401488,3.2800756050654156,2.6440748476244127,4.15
"The Importance of Being Earnest",General Reading,2012,https://www.goodreads.com/review/show/372188108?utm_medium=api&utm_source=rss,3,4.17,3.6645414690482254,3.2943931354785496,2.6440748476244127,4.17
"The Rime of the Ancient Mariner",General Reading,2012,https://www.goodreads.com/review/show/372186815?utm_medium=api&utm_source=rss,4,3.95,3.4562959299341025,3.167391229562459,2.645010657526909,3.95
"Going Postal (Discworld, #33; Moist von Lipwig, #1)",General Reading,2012,https://www.goodreads.com/review/show/372186602?utm_medium=api&utm_source=rss,3,4.4,3.8822527144857184,3.6096795378627475,2.9257548071628277,4.4
"The Story Of Hassan Of Baghdad And How He Came To Make The Golden Journey To Samarkand",General Reading,2012,https://www.goodreads.com/review/show/372185775?utm_medium=api&utm_source=rss,4,3.86,3.371104573023779,3.186715309829828,2.621145477958113,3.86
"Shadows of the Mind: A Search for the Missing Science of Consciousness",General Reading,2012,https://www.goodreads.com/review/show/372184494?utm_medium=api&utm_source=rss,2,3.97,3.475227342580841,3.134045811789025,2.5386562938085575,3.97
"The Stainless Steel Rat Saves the World (Stainless Steel Rat, #6)",General Reading,2012,https://www.goodreads.com/review/show/372157324?utm_medium=api&utm_source=rss,2,3.95,3.4562959299341025,3.167391229562459,2.645010657526909,3.95
"Rogue Moon",General Reading,2012,https://www.goodreads.com/review/show/372157088?utm_medium=api&utm_source=rss,3,3.53,3.058736264352594,2.9492579358127684,2.6652901079298643,3.53
"The Hand of Oberon (The Chronicles of Amber, #4)",General Reading,2012,https://www.goodreads.com/review/show/372155511?utm_medium=api&utm_source=rss,3,4.21,3.702404294341702,3.4095684461202582,2.895634800768575,4.21
"Sign of the Unicorn (The Chronicles of Amber, #3)",General Reading,2012,https://www.goodreads.com/review/show/372155457?utm_medium=api&utm_source=rss,3,4.14,3.636144350078118,3.2468061167187683,2.5515307663290194,4.14
"The Guns of Avalon (The Chronicles of Amber, #2)",General Reading,2012,https://www.goodreads.com/review/show/372155400?utm_medium=api&utm_source=rss,3,4.15,3.645610056401488,3.2800756050654156,2.6440748476244127,4.15
"Nine Princes in Amber (The Chronicles of Amber, #1)",General Reading,2012,https://www.goodreads.com/review/show/372155353?utm_medium=api&utm_source=rss,4,4.06,3.5604186994911635,3.1458820859969077,2.57426083774174,4.06
"Joel on Software",General Reading,2012,https://www.goodreads.com/review/show/372154917?utm_medium=api&utm_source=rss,3,4.22,3.7118700006650713,3.419836382232142,2.9132384554091955,4.22
"Miyamoto Musashi: His Life and Writings",General Reading,2012,https://www.goodreads.com/review/show/372154842?utm_medium=api&utm_source=rss,4,4.41,3.8917184208090876,3.6709281244737855,3.279590609986401,4.41
"The Day of the Jackal",General Reading,2012,https://www.goodreads.com/review/show/372117958?utm_medium=api&utm_source=rss,2,4.27,3.7591985322819172,3.447846145126452,2.9275548225167403,4.27
"Manufacturing Consent: The Political Economy of the Mass Media",General Reading,2012,https://www.goodreads.com/review/show/372117577?utm_medium=api&utm_source=rss,3,4.24,3.7308014133118106,3.4402107118031364,2.9275548225167403,4.24
"The Questions Of King Milinda - Part I",General Reading,2012,https://www.goodreads.com/review/show/371663004?utm_medium=api&utm_source=rss,4,3.87,3.380570279347148,3.1916184602363327,2.621145477958113,3.87
"The Eyre Affair (Thursday Next, #1)",General Reading,2012,https://www.goodreads.com/review/show/371660558?utm_medium=api&utm_source=rss,3,3.89,3.3995016919938865,3.1694320895565324,2.621145477958113,3.89
"Encyclopedia Brown Gets His Man (Encyclopedia Brown, #4)",General Reading,2012,https://www.goodreads.com/review/show/371660406?utm_medium=api&utm_source=rss,3,4.03,3.532021580521057,3.130877929761123,2.57426083774174,4.03
"Encyclopedia Brown Finds the Clues (Encyclopedia Brown, #3)",General Reading,2012,https://www.goodreads.com/review/show/371660379?utm_medium=api&utm_source=rss,3,4.02,3.522555874197687,3.130877929761123,2.57426083774174,4.02
"Encyclopedia Brown and the Case of the Secret Pitch (Encyclopedia Brown, #2)",General Reading,2012,https://www.goodreads.com/review/show/371660307?utm_medium=api&utm_source=rss,4,4.03,3.532021580521057,3.130877929761123,2.57426083774174,4.03
"Encyclopedia Brown, Boy Detective (Encyclopedia Brown, #1)",General Reading,2012,https://www.goodreads.com/review/show/371660272?utm_medium=api&utm_source=rss,4,4.04,3.541487286844425,3.1413284543957407,2.57426083774174,4.04
"The Secret Warning (The Hardy Boys, #17)",General Reading,2012,https://www.goodreads.com/review/show/371659199?utm_medium=api&utm_source=rss,1,3.82,3.3332417477303022,3.157021060768792,2.621145477958113,3.82
"Nonzero: The Logic of Human Destiny (Vintage)",General Reading,2012,https://www.goodreads.com/review/show/371652568?utm_medium=api&utm_source=rss,4,4,3.5036244615509484,3.109294885935889,2.5386562938085575,4
"The World, the Flesh & the Devil: An Enquiry into the Future of the Three Enemies of the Rational Soul",General Reading,2012,https://www.goodreads.com/review/show/371650517?utm_medium=api&utm_source=rss,4,3.71,3.2291189781732403,3.1180525219192736,2.6920097982944986,3.71
"Deep Trouble (Goosebumps, #19)",General Reading,2012,https://www.goodreads.com/review/show/371648151?utm_medium=api&utm_source=rss,3,3.56,3.0871333833227026,3.0684152270778267,2.910628499887679,3.56
"How I Got My Shrunken Head (Goosebumps, #39)",General Reading,2012,https://www.goodreads.com/review/show/371648106?utm_medium=api&utm_source=rss,3,3.56,3.0871333833227026,3.0684152270778267,2.910628499887679,3.56
"Night of the Living Dummy II (Goosebumps, #31)",General Reading,2012,https://www.goodreads.com/review/show/371648058?utm_medium=api&utm_source=rss,2,3.74,3.2575160971433488,3.133739167413593,2.9420243767299623,3.74
"Ghost Beach  (Goosebumps, #22)",General Reading,2012,https://www.goodreads.com/review/show/371648022?utm_medium=api&utm_source=rss,3,3.76,3.2764475097900863,3.143957952431198,2.9420243767299623,3.76
"The Scarecrow Walks at Midnight (Goosebumps, #20)",General Reading,2012,https://www.goodreads.com/review/show/371647712?utm_medium=api&utm_source=rss,1,3.72,3.2385846844966104,3.1326049682793937,2.9420243767299623,3.72
"Let's Get Invisible! (Goosebumps, #6)",General Reading,2012,https://www.goodreads.com/review/show/371647698?utm_medium=api&utm_source=rss,1,3.58,3.10606479596944,3.0862237927425444,2.8817425997587325,3.58
"Be Careful What You Wish For... (Goosebumps, #12)",General Reading,2012,https://www.goodreads.com/review/show/371647648?utm_medium=api&utm_source=rss,3,3.68,3.200721859203133,3.06925610764986,2.6920097982944986,3.68
"The Curse of the Mummy's Tomb (Goosebumps, #5)",General Reading,2012,https://www.goodreads.com/review/show/371647611?utm_medium=api&utm_source=rss,1,3.68,3.200721859203133,3.06925610764986,2.6920097982944986,3.68
"The Werewolf of Fever Swamp (Goosebumps, #14)",General Reading,2012,https://www.goodreads.com/review/show/371647591?utm_medium=api&utm_source=rss,1,3.85,3.36163886670041,3.187094234950601,2.621145477958113,3.85
"Welcome to Camp Nightmare  (Goosebumps, #9)",General Reading,2012,https://www.goodreads.com/review/show/371647570?utm_medium=api&utm_source=rss,3,3.8,3.314310335083564,3.15597753343254,2.82691905075889,3.8
"One Day at Horrorland (Goosebumps, #16)",General Reading,2012,https://www.goodreads.com/review/show/371647534?utm_medium=api&utm_source=rss,2,3.93,3.437364517287364,3.1705351892940024,2.645010657526909,3.93
"Stay Out of the Basement  (Goosebumps, #2)",General Reading,2012,https://www.goodreads.com/review/show/371647512?utm_medium=api&utm_source=rss,1,3.72,3.2385846844966104,3.1326049682793937,2.9420243767299623,3.72
"The Haunted Mask (Goosebumps, #11)",General Reading,2012,https://www.goodreads.com/review/show/371647478?utm_medium=api&utm_source=rss,2,3.89,3.3995016919938865,3.1694320895565324,2.621145477958113,3.89
"Say Cheese and Die! (Goosebumps, #4)",General Reading,2012,https://www.goodreads.com/review/show/371647407?utm_medium=api&utm_source=rss,4,3.81,3.323776041406933,3.151179036164781,2.621145477958113,3.81
"Night of the Living Dummy (Goosebumps, #7)",General Reading,2012,https://www.goodreads.com/review/show/371647268?utm_medium=api&utm_source=rss,4,3.86,3.371104573023779,3.186715309829828,2.621145477958113,3.86
"Blue Wizard Is About to Die: Prose, Poems, and Emoto-Versatronic Expressionist Pieces About Video Games 1980-2003",General Reading,2012,https://www.goodreads.com/review/show/371631952?utm_medium=api&utm_source=rss,3,3.35,2.888353550531948,2.85243458438846,2.6652901079298643,3.35
"Masters of Doom: How Two Guys Created an Empire and Transformed Pop Culture",General Reading,2012,https://www.goodreads.com/review/show/371630497?utm_medium=api&utm_source=rss,4,4.28,3.7686642386052873,3.4776567106026426,3.0740397452633794,4.28
"Fashionable Nonsense: Postmodern Intellectuals' Abuse of Science",General Reading,2012,https://www.goodreads.com/review/show/371605383?utm_medium=api&utm_source=rss,4,3.87,3.380570279347148,3.1916184602363327,2.621145477958113,3.87
"The Red Castle",General Reading,2012,https://www.goodreads.com/review/show/371481023?utm_medium=api&utm_source=rss,4,4,3.5036244615509484,3.109294885935889,2.5386562938085575,4
"Me Talk Pretty One Day",General Reading,2012,https://www.goodreads.com/review/show/371480055?utm_medium=api&utm_source=rss,3,4.01,3.5130901678743176,3.130877929761123,2.57426083774174,4.01
"Extremely Loud & Incredibly Close",General Reading,2012,https://www.goodreads.com/review/show/371478882?utm_medium=api&utm_source=rss,3,3.98,3.48469304890421,3.1166020754783723,2.5386562938085575,3.98
"Stuart Little",General Reading,2012,https://www.goodreads.com/review/show/371478620?utm_medium=api&utm_source=rss,4,3.9,3.4089673983172557,3.1602654121873868,2.621145477958113,3.9
"Serpent Mage (The Death Gate Cycle, #4)",General Reading,2012,https://www.goodreads.com/review/show/371478379?utm_medium=api&utm_source=rss,2,4.09,3.588815818461272,3.301044940592961,2.7622671254511912,4.09
"Fire Sea (The Death Gate Cycle, #3)",General Reading,2012,https://www.goodreads.com/review/show/371478002?utm_medium=api&utm_source=rss,3,4.08,3.5793501121379028,3.2941670084941954,2.7622671254511912,4.08
"Elven Star (The Death Gate Cycle, #2)",General Reading,2012,https://www.goodreads.com/review/show/371477966?utm_medium=api&utm_source=rss,2,3.99,3.4941587552275792,3.109294885935889,2.5386562938085575,3.99
"Dragon Wing (The Death Gate Cycle, #1)",General Reading,2012,https://www.goodreads.com/review/show/371477954?utm_medium=api&utm_source=rss,3,3.97,3.475227342580841,3.134045811789025,2.5386562938085575,3.97
"The Alien IQ Test",General Reading,2012,https://www.goodreads.com/review/show/371391179?utm_medium=api&utm_source=rss,2,3.57,3.096599089646071,3.0808205669360933,2.910628499887679,3.57
"Surfing through Hyperspace: Understanding Higher Universes in Six Easy Lessons",General Reading,2012,https://www.goodreads.com/review/show/371391101?utm_medium=api&utm_source=rss,3,3.67,3.1912561528797627,3.0735828572891095,2.865842948517334,3.67
"Sushi Never Sleeps",General Reading,2012,https://www.goodreads.com/review/show/371391018?utm_medium=api&utm_source=rss,3,3.3,2.841025018915102,2.8606176201027456,2.6652901079298643,3.3
"The Simpsons and Philosophy: The D'oh! of Homer (Popular Culture and Philosophy, 2)",General Reading,2012,https://www.goodreads.com/review/show/371381446?utm_medium=api&utm_source=rss,4,3.51,3.039804851705856,2.9492579358127684,2.6652901079298643,3.51
"Bloodtaking and Peacemaking: Feud, Law, and Society in Saga Iceland",General Reading,2012,https://www.goodreads.com/review/show/371381072?utm_medium=api&utm_source=rss,4,4.23,3.7213357069884414,3.432424911847278,2.9275548225167403,4.23
"E-Prime",General Reading,2012,https://www.goodreads.com/review/show/371380212?utm_medium=api&utm_source=rss,3,4,3.5036244615509484,3.109294885935889,2.5386562938085575,4
"To Be or Not: An E-Prime Anthology",General Reading,2012,https://www.goodreads.com/review/show/371380187?utm_medium=api&utm_source=rss,2,3.85,3.36163886670041,3.187094234950601,2.621145477958113,3.85
"The Empire of the Steppes: A History of Central Asia",General Reading,2012,https://www.goodreads.com/review/show/371342300?utm_medium=api&utm_source=rss,4,4.07,3.5698844058145327,3.280851700523182,2.7622671254511912,4.07
"The Old Man and the Sea",General Reading,2012,https://www.goodreads.com/review/show/371320789?utm_medium=api&utm_source=rss,3,3.82,3.3332417477303022,3.157021060768792,2.621145477958113,3.82
"The Man in the Iron Mask (Le vicomte de Bragelonne #4/4)",General Reading,2012,https://www.goodreads.com/review/show/371320792?utm_medium=api&utm_source=rss,4,4,3.5036244615509484,3.109294885935889,2.5386562938085575,4
"Japanese Court Poetry (Stanford Studies in the Civilizatons of Eastern Asia)",General Reading,2012,https://www.goodreads.com/review/show/371034078?utm_medium=api&utm_source=rss,4,4.29,3.7781299449286565,3.4945954908361223,3.0740397452633794,4.29
"The Great Wave: Gilded Age Misfits, Japanese Eccentrics, and the Opening of Old Japan",General Reading,2012,https://www.goodreads.com/review/show/371025141?utm_medium=api&utm_source=rss,2,3.74,3.2575160971433488,3.133739167413593,2.9420243767299623,3.74
"The Great Wave: Price Revolutions and the Rhythm of History",General Reading,2012,https://www.goodreads.com/review/show/371025087?utm_medium=api&utm_source=rss,4,4.12,3.6172129374313795,3.2779417955487715,2.7622671254511912,4.12
"Like Froth Floating on the Sea: The World of Pirates and Seafarers in Late Imperial South China (China Research Monograph)",General Reading,2012,https://www.goodreads.com/review/show/371024036?utm_medium=api&utm_source=rss,3,3.68,3.200721859203133,3.06925610764986,2.6920097982944986,3.68
"Once and Forever: The Tales of Kenji Miyazawa",General Reading,2012,https://www.goodreads.com/review/show/371022385?utm_medium=api&utm_source=rss,4,3.98,3.48469304890421,3.1166020754783723,2.5386562938085575,3.98
"War Against the Weak: Eugenics and America's Campaign to Create a Master Race",General Reading,2012,https://www.goodreads.com/review/show/371016093?utm_medium=api&utm_source=rss,4,4.18,3.6740071753715946,3.2943931354785496,2.6440748476244127,4.18
"The Politics of Heroin: CIA Complicity in the Global Drug Trade",General Reading,2012,https://www.goodreads.com/review/show/371006279?utm_medium=api&utm_source=rss,5,4.39,3.8727870081623483,3.615679537862747,2.954018112679327,4.39
"Neon Genesis Evangelion: The Unofficial Guide (Mysteries and Secrets Revealed!)",General Reading,2012,https://www.goodreads.com/review/show/370996611?utm_medium=api&utm_source=rss,1,3.04,2.5949166545075015,2.8606176201027456,2.6652901079298643,3.04
"Mechademia 3: Limits of the Human",General Reading,2012,https://www.goodreads.com/review/show/370996304?utm_medium=api&utm_source=rss,3,3.9,3.4089673983172557,3.1602654121873868,2.621145477958113,3.9
"Mechademia 1: Emerging Worlds of Anime and Manga",General Reading,2012,https://www.goodreads.com/review/show/370996275?utm_medium=api&utm_source=rss,3,3.73,3.2480503908199787,3.133739167413593,2.9420243767299623,3.73
"Mechademia 2: Networks of Desire",General Reading,2012,https://www.goodreads.com/review/show/370996173?utm_medium=api&utm_source=rss,3,3.81,3.323776041406933,3.151179036164781,2.621145477958113,3.81
"The Anime Encyclopedia: A Guide to Japanese Animation since 1917",General Reading,2012,https://www.goodreads.com/review/show/370995452?utm_medium=api&utm_source=rss,4,3.89,3.3995016919938865,3.1694320895565324,2.621145477958113,3.89
"Monkey: The Journey to the West",General Reading,2012,https://www.goodreads.com/review/show/370994738?utm_medium=api&utm_source=rss,4,4.06,3.5604186994911635,3.1458820859969077,2.57426083774174,4.06
"Indian Philosophy: An Introduction to Hindu and Buddhist Thought",General Reading,2012,https://www.goodreads.com/review/show/370993735?utm_medium=api&utm_source=rss,4,3.8,3.314310335083564,3.15597753343254,2.82691905075889,3.8
"Philosophy of Mind",General Reading,2012,https://www.goodreads.com/review/show/370993165?utm_medium=api&utm_source=rss,4,4,3.5036244615509484,3.109294885935889,2.5386562938085575,4
"A Presocratics Reader",General Reading,2012,https://www.goodreads.com/review/show/370992810?utm_medium=api&utm_source=rss,5,3.86,3.371104573023779,3.186715309829828,2.621145477958113,3.86
"The Medici Bank: Its Organization, Management, Operations, and Decline",General Reading,2012,https://www.goodreads.com/review/show/370992018?utm_medium=api&utm_source=rss,4,4.22,3.7118700006650713,3.419836382232142,2.9132384554091955,4.22
"Conversations with Shotetsu (Shotetsu Monogatari) (Michigan Monograph Series in Japanese Studies, Number 7)",General Reading,2012,https://www.goodreads.com/review/show/370990600?utm_medium=api&utm_source=rss,3,3.75,3.266981803466718,3.143957952431198,2.9420243767299623,3.75
"Hamlet's Mill: An Essay Investigating the Origins of Human Knowledge and Its Transmission Through Myth",General Reading,2012,https://www.goodreads.com/review/show/370990374?utm_medium=api&utm_source=rss,3,4.22,3.7118700006650713,3.419836382232142,2.9132384554091955,4.22
"Haskell: The Craft of Functional Programming",General Reading,2012,https://www.goodreads.com/review/show/370990101?utm_medium=api&utm_source=rss,4,3.51,3.039804851705856,2.9492579358127684,2.6652901079298643,3.51
"The Cambridge Handbook of Expertise and Expert Performance (Cambridge Handbooks in Psychology)",General Reading,2012,https://www.goodreads.com/review/show/370988128?utm_medium=api&utm_source=rss,4,4.28,3.7686642386052873,3.4776567106026426,3.0740397452633794,4.28
"Eaten Alive (Star Wars: Galaxy of Fear, #1)",General Reading,2012,https://www.goodreads.com/review/show/370986431?utm_medium=api&utm_source=rss,3,3.72,3.2385846844966104,3.1326049682793937,2.9420243767299623,3.72
"Planet Plague (Star Wars: Galaxy of Fear, #3)",General Reading,2012,https://www.goodreads.com/review/show/370986343?utm_medium=api&utm_source=rss,1,3.43,2.9640792011189014,2.847226251055127,2.6652901079298643,3.43
"City of the Dead (Star Wars: Galaxy of Fear, #2)",General Reading,2012,https://www.goodreads.com/review/show/370986280?utm_medium=api&utm_source=rss,2,3.53,3.058736264352594,2.9492579358127684,2.6652901079298643,3.53
"Star Wars: The Annotated Screenplays",General Reading,2012,https://www.goodreads.com/review/show/370985091?utm_medium=api&utm_source=rss,4,4.3,3.787595651252025,3.4863445750852065,3.0740397452633794,4.3
"Star Wars: The New Rebellion",General Reading,2012,https://www.goodreads.com/review/show/370984448?utm_medium=api&utm_source=rss,2,3.47,3.001942026412379,2.9320672931221257,2.6652901079298643,3.47
"Star Wars: Planet of Twilight (The Callista Trilogy, #3)",General Reading,2012,https://www.goodreads.com/review/show/370983390?utm_medium=api&utm_source=rss,3,3.04,2.5949166545075015,2.8606176201027456,2.6652901079298643,3.04
"Star Wars: Boba Fett - Death, Lies, & Treachery",General Reading,2012,https://www.goodreads.com/review/show/370981783?utm_medium=api&utm_source=rss,3,3.62,3.1439276212629177,3.091631454525206,2.8817425997587325,3.62
"Star Wars: The Essential Guide to Weapons and Technology",General Reading,2012,https://www.goodreads.com/review/show/370981450?utm_medium=api&utm_source=rss,2,3.94,3.4468302236107324,3.167391229562459,2.645010657526909,3.94
"Star Wars: Crimson Empire II - Council of Blood",General Reading,2012,https://www.goodreads.com/review/show/370981328?utm_medium=api&utm_source=rss,3,3.58,3.10606479596944,3.0862237927425444,2.8817425997587325,3.58
"A Guide to the Star Wars Universe",General Reading,2012,https://www.goodreads.com/review/show/370980396?utm_medium=api&utm_source=rss,2,3.95,3.4562959299341025,3.167391229562459,2.645010657526909,3.95
"Star Wars Omnibus: Tales of the Jedi, Volume 1",General Reading,2012,https://www.goodreads.com/review/show/370980068?utm_medium=api&utm_source=rss,3,3.74,3.2575160971433488,3.133739167413593,2.9420243767299623,3.74
"The Glove of Darth Vader (Star Wars: Jedi Prince #1)",General Reading,2012,https://www.goodreads.com/review/show/370980030?utm_medium=api&utm_source=rss,1,2.78,2.348808290099901,2.8606176201027456,2.6652901079298643,2.78
"The Lost City of the Jedi (Star Wars: Jedi Prince #2)",General Reading,2012,https://www.goodreads.com/review/show/370979978?utm_medium=api&utm_source=rss,1,3.2,2.7463679556814093,2.8606176201027456,2.6652901079298643,3.2
"Star Wars: The Essential Guide to Characters",General Reading,2012,https://www.goodreads.com/review/show/370979864?utm_medium=api&utm_source=rss,4,3.99,3.4941587552275792,3.109294885935889,2.5386562938085575,3.99
"Star Wars: Crimson Empire",General Reading,2012,https://www.goodreads.com/review/show/370979780?utm_medium=api&utm_source=rss,4,3.95,3.4562959299341025,3.167391229562459,2.645010657526909,3.95
"Star Wars: Mara Jade - By the Emperor's Hand",General Reading,2012,https://www.goodreads.com/review/show/370979355?utm_medium=api&utm_source=rss,2,3.92,3.427898810963994,3.16665920115171,2.621145477958113,3.92
"Dark Empire II",General Reading,2012,https://www.goodreads.com/review/show/370979155?utm_medium=api&utm_source=rss,3,3.38,2.9167506695020555,2.847226251055127,2.6652901079298643,3.38
"Star Wars: Dark Empire I",General Reading,2012,https://www.goodreads.com/review/show/370979013?utm_medium=api&utm_source=rss,3,3.64,3.162859033909656,3.077028370109622,2.865842948517334,3.64
"Crisis at Crystal Reef (Star Wars: Young Jedi Knights, #14)",General Reading,2012,https://www.goodreads.com/review/show/370978932?utm_medium=api&utm_source=rss,1,3.55,3.0776676769993325,2.986518498852377,2.6859598715199144,3.55
"Trouble on Cloud City (Star Wars: Young Jedi Knights, #13)",General Reading,2012,https://www.goodreads.com/review/show/370978905?utm_medium=api&utm_source=rss,1,3.57,3.096599089646071,3.0808205669360933,2.910628499887679,3.57
"Delusions of Grandeur (Star Wars: Young Jedi Knights, #9)",General Reading,2012,https://www.goodreads.com/review/show/370978801?utm_medium=api&utm_source=rss,3,3.56,3.0871333833227026,3.0684152270778267,2.910628499887679,3.56
"The Lando Calrissian Adventures (Star Wars: The Lando Calrissian Adventures #1-3)",General Reading,2012,https://www.goodreads.com/review/show/370978774?utm_medium=api&utm_source=rss,2,3.39,2.9262163758254247,2.847226251055127,2.6652901079298643,3.39
"The Emperor's Plague (Star Wars: Young Jedi Knights, #11)",General Reading,2012,https://www.goodreads.com/review/show/370978714?utm_medium=api&utm_source=rss,1,3.67,3.1912561528797627,3.0735828572891095,2.865842948517334,3.67
"Shards of Alderaan (Star Wars: Young Jedi Knights, #7)",General Reading,2012,https://www.goodreads.com/review/show/370978620?utm_medium=api&utm_source=rss,1,3.57,3.096599089646071,3.0808205669360933,2.910628499887679,3.57
"Darkest Knight (Star Wars: Young Jedi Knights, #5)",General Reading,2012,https://www.goodreads.com/review/show/370978592?utm_medium=api&utm_source=rss,3,3.61,3.1344619149395485,3.091631454525206,2.8817425997587325,3.61
"The Han Solo Adventures (Classic Star Wars)",General Reading,2012,https://www.goodreads.com/review/show/370978552?utm_medium=api&utm_source=rss,4,3.77,3.2859132161134554,3.1396523968756425,2.82691905075889,3.77
"The Lost Ones (Star Wars: Young Jedi Knights, #3)",General Reading,2012,https://www.goodreads.com/review/show/370978476?utm_medium=api&utm_source=rss,3,3.55,3.0776676769993325,2.986518498852377,2.6859598715199144,3.55
"Lightsabers (Star Wars: Young Jedi Knights, #4)",General Reading,2012,https://www.goodreads.com/review/show/370978463?utm_medium=api&utm_source=rss,3,3.76,3.2764475097900863,3.143957952431198,2.9420243767299623,3.76
"Shadow Academy (Star Wars: Young Jedi Knights, #2)",General Reading,2012,https://www.goodreads.com/review/show/370978388?utm_medium=api&utm_source=rss,2,3.63,3.153393327586286,3.0809569415381937,2.865842948517334,3.63
"Star Wars: Hard Merchandise (The Bounty Hunter Wars, #3)",General Reading,2012,https://www.goodreads.com/review/show/370977706?utm_medium=api&utm_source=rss,2,3.64,3.162859033909656,3.077028370109622,2.865842948517334,3.64
"Starfighters of Adumar (Star Wars: X-Wing, #9)",General Reading,2012,https://www.goodreads.com/review/show/370977461?utm_medium=api&utm_source=rss,3,4.03,3.532021580521057,3.130877929761123,2.57426083774174,4.03
"Star Wars: Tyrant's Test (The Black Fleet Crisis, #3)",General Reading,2012,https://www.goodreads.com/review/show/370977412?utm_medium=api&utm_source=rss,3,3.42,2.9546134947955323,2.847226251055127,2.6652901079298643,3.42
"Isard's Revenge (Star Wars: X-Wing, #8)",General Reading,2012,https://www.goodreads.com/review/show/370977411?utm_medium=api&utm_source=rss,2,3.96,3.4657616362574717,3.1368509099167032,2.5386562938085575,3.96
"Star Wars: Shield of Lies (The Black Fleet Crisis, #2)",General Reading,2012,https://www.goodreads.com/review/show/370977359?utm_medium=api&utm_source=rss,3,3.41,2.945147788472164,2.847226251055127,2.6652901079298643,3.41
"Solo Command (Star Wars: X-Wing, #7)",General Reading,2012,https://www.goodreads.com/review/show/370977292?utm_medium=api&utm_source=rss,2,4.06,3.5604186994911635,3.1458820859969077,2.57426083774174,4.06
"Star Wars: Splinter of the Mind's Eye",General Reading,2012,https://www.goodreads.com/review/show/370977094?utm_medium=api&utm_source=rss,2,3.29,2.831559312591733,2.8606176201027456,2.6652901079298643,3.29
"Iron Fist (Star Wars: X-Wing, #6)",General Reading,2012,https://www.goodreads.com/review/show/370977031?utm_medium=api&utm_source=rss,4,4.06,3.5604186994911635,3.1458820859969077,2.57426083774174,4.06
"Wraith Squadron (Star Wars: X-Wing, #5)",General Reading,2012,https://www.goodreads.com/review/show/370976932?utm_medium=api&utm_source=rss,3,4.13,3.6266786437547487,3.2504111143680525,2.5515307663290194,4.13
"Star Wars: Rebel Dawn (The Han Solo Trilogy, #3)",General Reading,2012,https://www.goodreads.com/review/show/370976841?utm_medium=api&utm_source=rss,2,3.94,3.4468302236107324,3.167391229562459,2.645010657526909,3.94
"Star Wars: The Hutt Gambit (The Han Solo Trilogy, #2)",General Reading,2012,https://www.goodreads.com/review/show/370976818?utm_medium=api&utm_source=rss,3,3.9,3.4089673983172557,3.1602654121873868,2.621145477958113,3.9
"Assault at Selonia (The Corellian Trilogy, #2)",General Reading,2012,https://www.goodreads.com/review/show/370976766?utm_medium=api&utm_source=rss,2,3.56,3.0871333833227026,3.0684152270778267,2.910628499887679,3.56
"Star Wars: Showdown at Centerpoint (The Corellian Trilogy, #3)",General Reading,2012,https://www.goodreads.com/review/show/370976734?utm_medium=api&utm_source=rss,1,3.6,3.1249962086161793,3.091631454525206,2.8817425997587325,3.6
"The Crystal Star (Star Wars)",General Reading,2012,https://www.goodreads.com/review/show/370976696?utm_medium=api&utm_source=rss,2,3.1,2.6517108924477166,2.8606176201027456,2.6652901079298643,3.1
"The Bacta War (Star Wars: X-Wing, #4)",General Reading,2012,https://www.goodreads.com/review/show/370976657?utm_medium=api&utm_source=rss,4,4.05,3.5509529931677943,3.152219098660406,2.57426083774174,4.05
"The Krytos Trap (Star Wars: X-Wing, #3)",General Reading,2012,https://www.goodreads.com/review/show/370976622?utm_medium=api&utm_source=rss,2,3.99,3.4941587552275792,3.109294885935889,2.5386562938085575,3.99
"Star Wars: The Paradise Snare (The Han Solo Trilogy, #1)",General Reading,2012,https://www.goodreads.com/review/show/370976478?utm_medium=api&utm_source=rss,3,3.9,3.4089673983172557,3.1602654121873868,2.621145477958113,3.9
"Wedge's Gamble (Star Wars: X-Wing, #2)",General Reading,2012,https://www.goodreads.com/review/show/370976329?utm_medium=api&utm_source=rss,3,3.98,3.48469304890421,3.1166020754783723,2.5386562938085575,3.98
"Star Wars: I, Jedi",General Reading,2012,https://www.goodreads.com/review/show/370975585?utm_medium=api&utm_source=rss,4,3.98,3.48469304890421,3.1166020754783723,2.5386562938085575,3.98
"Rogue Squadron (Star Wars: X-Wing, #1)",General Reading,2012,https://www.goodreads.com/review/show/370975540?utm_medium=api&utm_source=rss,3,4.05,3.5509529931677943,3.152219098660406,2.57426083774174,4.05
"The Truce at Bakura (Star Wars)",General Reading,2012,https://www.goodreads.com/review/show/370975495?utm_medium=api&utm_source=rss,4,3.47,3.001942026412379,2.9320672931221257,2.6652901079298643,3.47
"Star Wars: Vision of the Future (The Hand of Thrawn Duology, #2)",General Reading,2012,https://www.goodreads.com/review/show/370975457?utm_medium=api&utm_source=rss,2,4.1,3.5982815247846403,3.299161823709844,2.7622671254511912,4.1
"Star Wars: Shadows of the Empire",General Reading,2012,https://www.goodreads.com/review/show/370975417?utm_medium=api&utm_source=rss,4,3.84,3.3521731603770406,3.1840477112016923,2.621145477958113,3.84
"The Courtship of Princess Leia (Star Wars)",General Reading,2012,https://www.goodreads.com/review/show/370975399?utm_medium=api&utm_source=rss,4,3.62,3.1439276212629177,3.091631454525206,2.8817425997587325,3.62
"Star Wars: Specter of the Past (The Hand of Thrawn Duology, #1)",General Reading,2012,https://www.goodreads.com/review/show/370975367?utm_medium=api&utm_source=rss,3,4.02,3.522555874197687,3.130877929761123,2.57426083774174,4.02
"Vector Prime (Star Wars: The New Jedi Order, #1)",General Reading,2012,https://www.goodreads.com/review/show/370975323?utm_medium=api&utm_source=rss,2,3.84,3.3521731603770406,3.1840477112016923,2.621145477958113,3.84
"Star Wars: The Last Command (The Thrawn Trilogy, #3)",General Reading,2012,https://www.goodreads.com/review/show/370975252?utm_medium=api&utm_source=rss,4,4.27,3.7591985322819172,3.447846145126452,2.9275548225167403,4.27
"Star Wars: Dark Force Rising (The Thrawn Trilogy, #2)",General Reading,2012,https://www.goodreads.com/review/show/370975143?utm_medium=api&utm_source=rss,3,4.19,3.6834728816949647,3.3149541704042047,2.6440748476244127,4.19
"Heir to the Empire (Star Wars: The Thrawn Trilogy, #1)",General Reading,2012,https://www.goodreads.com/review/show/370975130?utm_medium=api&utm_source=rss,4,4.13,3.6266786437547487,3.2504111143680525,2.5515307663290194,4.13
"The Secret History of Star Wars",General Reading,2012,https://www.goodreads.com/review/show/370974132?utm_medium=api&utm_source=rss,5,3.86,3.371104573023779,3.186715309829828,2.621145477958113,3.86
"The Phoenix Exultant (Golden Age, #2)",General Reading,2012,https://www.goodreads.com/review/show/370953292?utm_medium=api&utm_source=rss,4,4.13,3.6266786437547487,3.2504111143680525,2.5515307663290194,4.13
"The Golden Transcendence (Golden Age, #3)",General Reading,2012,https://www.goodreads.com/review/show/370953126?utm_medium=api&utm_source=rss,3,4.16,3.6550757627248562,3.2764615559201165,2.6440748476244127,4.16
"The Golden Age (Golden Age, #1)",General Reading,2012,https://www.goodreads.com/review/show/370953034?utm_medium=api&utm_source=rss,5,4.08,3.5793501121379028,3.2941670084941954,2.7622671254511912,4.08
"Orphans of Chaos (Chronicles of Chaos, #1)",General Reading,2012,https://www.goodreads.com/review/show/370952992?utm_medium=api&utm_source=rss,3,3.61,3.1344619149395485,3.091631454525206,2.8817425997587325,3.61
"Kabbalah and Criticism (Continuum Impacts, 33)",General Reading,2012,https://www.goodreads.com/review/show/370949544?utm_medium=api&utm_source=rss,3,3.77,3.2859132161134554,3.1396523968756425,2.82691905075889,3.77
"Genius: A Mosaic of One Hundred Exemplary Creative Minds",General Reading,2012,https://www.goodreads.com/review/show/370948489?utm_medium=api&utm_source=rss,4,3.94,3.4468302236107324,3.167391229562459,2.645010657526909,3.94
"How to Read and Why",General Reading,2012,https://www.goodreads.com/review/show/370948429?utm_medium=api&utm_source=rss,2,3.63,3.153393327586286,3.0809569415381937,2.865842948517334,3.63
"Disclosure",General Reading,2012,https://www.goodreads.com/review/show/370941833?utm_medium=api&utm_source=rss,4,3.8,3.314310335083564,3.15597753343254,2.82691905075889,3.8
"Legacy (The Way, #3)",General Reading,2012,https://www.goodreads.com/review/show/370941711?utm_medium=api&utm_source=rss,3,3.78,3.2953789224368255,3.1543829034891924,2.82691905075889,3.78
"Eternity (The Way, #2)",General Reading,2012,https://www.goodreads.com/review/show/370941690?utm_medium=api&utm_source=rss,3,3.9,3.4089673983172557,3.1602654121873868,2.621145477958113,3.9
"Cities in Flight (Cities in Flight, #1-4)",General Reading,2012,https://www.goodreads.com/review/show/370941579?utm_medium=api&utm_source=rss,4,3.95,3.4562959299341025,3.167391229562459,2.645010657526909,3.95
"Eon (The Way, #1)",General Reading,2012,https://www.goodreads.com/review/show/370940201?utm_medium=api&utm_source=rss,4,3.89,3.3995016919938865,3.1694320895565324,2.621145477958113,3.89
"The Club of Queer Trades",General Reading,2012,https://www.goodreads.com/review/show/370938743?utm_medium=api&utm_source=rss,3,3.9,3.4089673983172557,3.1602654121873868,2.621145477958113,3.9
"The Napoleon of Notting Hill",General Reading,2012,https://www.goodreads.com/review/show/370938635?utm_medium=api&utm_source=rss,5,3.88,3.3900359856705173,3.1916184602363327,2.621145477958113,3.88
"The Man Who Was Thursday: A Nightmare",General Reading,2012,https://www.goodreads.com/review/show/370938500?utm_medium=api&utm_source=rss,4,3.85,3.36163886670041,3.187094234950601,2.621145477958113,3.85
"Rikki-Tikki-Tavi",General Reading,2012,https://www.goodreads.com/review/show/370937847?utm_medium=api&utm_source=rss,4,3.91,3.4184331046406258,3.167601003404526,2.621145477958113,3.91
"The Jungle Book (Jungle Book, #1)",General Reading,2012,https://www.goodreads.com/review/show/370937617?utm_medium=api&utm_source=rss,4,3.93,3.437364517287364,3.1705351892940024,2.645010657526909,3.93
"Man into Superman: The Startling Potential of Human Evolution -- And How To Be Part of It",General Reading,2012,https://www.goodreads.com/review/show/370927350?utm_medium=api&utm_source=rss,4,3.9,3.4089673983172557,3.1602654121873868,2.621145477958113,3.9
"Cosmopolis",General Reading,2012,https://www.goodreads.com/review/show/370918203?utm_medium=api&utm_source=rss,4,3.28,2.822093606268363,2.8606176201027456,2.6652901079298643,3.28
"White Noise",General Reading,2012,https://www.goodreads.com/review/show/370917910?utm_medium=api&utm_source=rss,2,3.86,3.371104573023779,3.186715309829828,2.621145477958113,3.86
"Breakdown of Will",General Reading,2012,https://www.goodreads.com/review/show/370916736?utm_medium=api&utm_source=rss,4,4.23,3.7213357069884414,3.432424911847278,2.9275548225167403,4.23
"Listening to Prozac",General Reading,2012,https://www.goodreads.com/review/show/370916327?utm_medium=api&utm_source=rss,2,3.7,3.219653271849872,3.1058996741370155,2.6920097982944986,3.7
"Wikinomics: How Mass Collaboration Changes Everything",General Reading,2012,https://www.goodreads.com/review/show/370902281?utm_medium=api&utm_source=rss,2,3.74,3.2575160971433488,3.133739167413593,2.9420243767299623,3.74
"The Decline and Fall of the Roman Empire",General Reading,2012,https://www.goodreads.com/review/show/370902097?utm_medium=api&utm_source=rss,4,3.98,3.48469304890421,3.1166020754783723,2.5386562938085575,3.98
"The Underground History of American Education: An Intimate Investigation Into the Prison of Modern Schooling",General Reading,2012,https://www.goodreads.com/review/show/370900817?utm_medium=api&utm_source=rss,4,4.32,3.806527063898764,3.478839420587795,3.0740397452633794,4.32
"The Immortal Life of Henrietta Lacks",General Reading,2012,https://www.goodreads.com/review/show/370897993?utm_medium=api&utm_source=rss,3,4.12,3.6172129374313795,3.2779417955487715,2.7622671254511912,4.12
"Finite and Infinite Games: A Vision of Life as Play and Possibility",General Reading,2012,https://www.goodreads.com/review/show/370897362?utm_medium=api&utm_source=rss,4,3.7,3.219653271849872,3.1058996741370155,2.6920097982944986,3.7
"The Dhammapada",General Reading,2012,https://www.goodreads.com/review/show/370896981?utm_medium=api&utm_source=rss,5,4.26,3.749732825958548,3.4694619338328896,2.9275548225167403,4.26
"Zen Mind, Beginner's Mind: Informal Talks on Zen Meditation and Practice",General Reading,2012,https://www.goodreads.com/review/show/370896830?utm_medium=api&utm_source=rss,3,4.21,3.702404294341702,3.4095684461202582,2.895634800768575,4.21
"Labyrinths: Selected Stories & Other Writings",General Reading,2012,https://www.goodreads.com/review/show/370896419?utm_medium=api&utm_source=rss,5,4.47,3.9485126587493027,3.656207828865651,3.361656719965461,4.47
"Climbing Mount Improbable",General Reading,2012,https://www.goodreads.com/review/show/370745015?utm_medium=api&utm_source=rss,3,4.12,3.6172129374313795,3.2779417955487715,2.7622671254511912,4.12
"The Magus",General Reading,2012,https://www.goodreads.com/review/show/370743333?utm_medium=api&utm_source=rss,4,4.08,3.5793501121379028,3.2941670084941954,2.7622671254511912,4.08
"And Then There Were None",General Reading,2012,https://www.goodreads.com/review/show/370730554?utm_medium=api&utm_source=rss,4,4.27,3.7591985322819172,3.447846145126452,2.9275548225167403,4.27
"A Scanner Darkly",General Reading,2012,https://www.goodreads.com/review/show/370730227?utm_medium=api&utm_source=rss,4,4.03,3.532021580521057,3.130877929761123,2.57426083774174,4.03
"The Quark and the Jaguar: Adventures in the Simple and the Complex",General Reading,2012,https://www.goodreads.com/review/show/370727163?utm_medium=api&utm_source=rss,3,3.86,3.371104573023779,3.186715309829828,2.621145477958113,3.86
"Hagakure: The Book of the Samurai",General Reading,2012,https://www.goodreads.com/review/show/370724903?utm_medium=api&utm_source=rss,4,4.06,3.5604186994911635,3.1458820859969077,2.57426083774174,4.06
"Korean Etiquette and Ethics in Business",General Reading,2012,https://www.goodreads.com/review/show/370664775?utm_medium=api&utm_source=rss,3,3,2.557053829214024,2.8606176201027456,2.6652901079298643,3
"The Achievement Gap (Opposing Viewpoints)",General Reading,2012,https://www.goodreads.com/review/show/370664625?utm_medium=api&utm_source=rss,2,2.57,2.1500284573091473,2.8606176201027456,2.6652901079298643,2.57
"The New Politics of Old Age Policy",General Reading,2012,https://www.goodreads.com/review/show/370664364?utm_medium=api&utm_source=rss,2,3.22,2.7652993683281477,2.8606176201027456,2.6652901079298643,3.22
"Reading in the Brain: The Science and Evolution of a Human Invention",General Reading,2012,https://www.goodreads.com/review/show/370664179?utm_medium=api&utm_source=rss,4,4.04,3.541487286844425,3.1413284543957407,2.57426083774174,4.04
"The Mouse That Roared (The Mouse That Roared, #1)",General Reading,2012,https://www.goodreads.com/review/show/370664075?utm_medium=api&utm_source=rss,3,4.02,3.522555874197687,3.130877929761123,2.57426083774174,4.02
"Ten Thousand Sorrows : The Extraordinary Journey of a Korean War Orphan",General Reading,2012,https://www.goodreads.com/review/show/370663942?utm_medium=api&utm_source=rss,3,3.89,3.3995016919938865,3.1694320895565324,2.621145477958113,3.89
"The Book of Dead Birds",General Reading,2012,https://www.goodreads.com/review/show/370663820?utm_medium=api&utm_source=rss,2,3.75,3.266981803466718,3.143957952431198,2.9420243767299623,3.75
"New Urban Immigrants: The Korean Community in New York (Princeton Legacy Library)",General Reading,2012,https://www.goodreads.com/review/show/370663449?utm_medium=api&utm_source=rss,4,3,2.557053829214024,2.8606176201027456,2.6652901079298643,3
"Culture and Customs of Korea",General Reading,2012,https://www.goodreads.com/review/show/370663311?utm_medium=api&utm_source=rss,4,3.17,2.717970836711302,2.8606176201027456,2.6652901079298643,3.17
"Protracted Game: A Wei-Ch'I Interpretation of Maoist Revolutionary Strategy",General Reading,2012,https://www.goodreads.com/review/show/370663180?utm_medium=api&utm_source=rss,5,4.15,3.645610056401488,3.2800756050654156,2.6440748476244127,4.15
"Mijeong",General Reading,2012,https://www.goodreads.com/review/show/370663025?utm_medium=api&utm_source=rss,2,2.81,2.3772054090700085,2.8606176201027456,2.6652901079298643,2.81
"In Full Bloom",General Reading,2012,https://www.goodreads.com/review/show/370662882?utm_medium=api&utm_source=rss,1,3.01,2.566519535537393,2.8606176201027456,2.6652901079298643,3.01
"Snakepit",General Reading,2012,https://www.goodreads.com/review/show/370662563?utm_medium=api&utm_source=rss,3,3.27,2.8126278999449936,2.8606176201027456,2.6652901079298643,3.27
"A Pale View of Hills",General Reading,2012,https://www.goodreads.com/review/show/370662104?utm_medium=api&utm_source=rss,2,3.82,3.3332417477303022,3.157021060768792,2.621145477958113,3.82
"The Foreign Student",General Reading,2012,https://www.goodreads.com/review/show/370661759?utm_medium=api&utm_source=rss,3,3.4,2.935682082148794,2.847226251055127,2.6652901079298643,3.4
"When We Were Orphans",General Reading,2012,https://www.goodreads.com/review/show/370661589?utm_medium=api&utm_source=rss,4,3.53,3.058736264352594,2.9492579358127684,2.6652901079298643,3.53
"Kal Flight 007: The Hidden Story",General Reading,2012,https://www.goodreads.com/review/show/370660705?utm_medium=api&utm_source=rss,3,2.5,2.0837685130455625,2.8606176201027456,2.6652901079298643,2.5
"Lost in the Meritocracy: The Undereducation of an Overachiever",General Reading,2012,https://www.goodreads.com/review/show/370660553?utm_medium=api&utm_source=rss,2,3.17,2.717970836711302,2.8606176201027456,2.6652901079298643,3.17
"Words of Farewell: Stories by Korean Women Writers (Women in Translation)",General Reading,2012,https://www.goodreads.com/review/show/370660405?utm_medium=api&utm_source=rss,2,4.04,3.541487286844425,3.1413284543957407,2.57426083774174,4.04
"Modern Korean Fiction: An Anthology",General Reading,2012,https://www.goodreads.com/review/show/370658347?utm_medium=api&utm_source=rss,3,4.15,3.645610056401488,3.2800756050654156,2.6440748476244127,4.15
"The Hidden People of North Korea: Everyday Life in the Hermit Kingdom",General Reading,2012,https://www.goodreads.com/review/show/370657233?utm_medium=api&utm_source=rss,3,3.58,3.10606479596944,3.0862237927425444,2.8817425997587325,3.58
"Gang Leader for a Day: A Rogue Sociologist Takes to the Streets",General Reading,2012,https://www.goodreads.com/review/show/370656984?utm_medium=api&utm_source=rss,3,4.05,3.5509529931677943,3.152219098660406,2.57426083774174,4.05
"The End (A Series of Unfortunate Events, #13)",General Reading,2012,https://www.goodreads.com/review/show/370655915?utm_medium=api&utm_source=rss,1,4.04,3.541487286844425,3.1413284543957407,2.57426083774174,4.04
"The Penultimate Peril (A Series of Unfortunate Events, #12)",General Reading,2012,https://www.goodreads.com/review/show/370655896?utm_medium=api&utm_source=rss,3,4.09,3.588815818461272,3.301044940592961,2.7622671254511912,4.09
"The Grim Grotto (A Series of Unfortunate Events, #11)",General Reading,2012,https://www.goodreads.com/review/show/370655877?utm_medium=api&utm_source=rss,3,4.03,3.532021580521057,3.130877929761123,2.57426083774174,4.03
"The Slippery Slope (A Series of Unfortunate Events, #10)",General Reading,2012,https://www.goodreads.com/review/show/370655770?utm_medium=api&utm_source=rss,3,4.05,3.5509529931677943,3.152219098660406,2.57426083774174,4.05
"The Carnivorous Carnival (A Series of Unfortunate Events, #9)",General Reading,2012,https://www.goodreads.com/review/show/370655754?utm_medium=api&utm_source=rss,2,4.01,3.5130901678743176,3.130877929761123,2.57426083774174,4.01
"The Hostile Hospital (A Series of Unfortunate Events, #8)",General Reading,2012,https://www.goodreads.com/review/show/370655735?utm_medium=api&utm_source=rss,2,4,3.5036244615509484,3.109294885935889,2.5386562938085575,4
"The Vile Village (A Series of Unfortunate Events, #7)",General Reading,2012,https://www.goodreads.com/review/show/370655711?utm_medium=api&utm_source=rss,2,3.98,3.48469304890421,3.1166020754783723,2.5386562938085575,3.98
"The Ersatz Elevator (A Series of Unfortunate Events, #6)",General Reading,2012,https://www.goodreads.com/review/show/370655695?utm_medium=api&utm_source=rss,3,4.06,3.5604186994911635,3.1458820859969077,2.57426083774174,4.06
"The Austere Academy (A Series of Unfortunate Events, #5)",General Reading,2012,https://www.goodreads.com/review/show/370655647?utm_medium=api&utm_source=rss,3,4.02,3.522555874197687,3.130877929761123,2.57426083774174,4.02
"The Miserable Mill (A Series of Unfortunate Events, #4)",General Reading,2012,https://www.goodreads.com/review/show/370655634?utm_medium=api&utm_source=rss,2,3.87,3.380570279347148,3.1916184602363327,2.621145477958113,3.87
"The Wide Window (A Series of Unfortunate Events, #3)",General Reading,2012,https://www.goodreads.com/review/show/370655621?utm_medium=api&utm_source=rss,3,3.96,3.4657616362574717,3.1368509099167032,2.5386562938085575,3.96
"The Reptile Room (A Series of Unfortunate Events, #2)",General Reading,2012,https://www.goodreads.com/review/show/370655611?utm_medium=api&utm_source=rss,4,4.03,3.532021580521057,3.130877929761123,2.57426083774174,4.03
"The Bad Beginning (A Series of Unfortunate Events, #1)",General Reading,2012,https://www.goodreads.com/review/show/370655574?utm_medium=api&utm_source=rss,4,4.03,3.532021580521057,3.130877929761123,2.57426083774174,4.03
"Market Forces",General Reading,2012,https://www.goodreads.com/review/show/370655194?utm_medium=api&utm_source=rss,3,3.6,3.1249962086161793,3.091631454525206,2.8817425997587325,3.6
"The Constant Gardener",General Reading,2012,https://www.goodreads.com/review/show/370654846?utm_medium=api&utm_source=rss,3,3.83,3.3427074540536714,3.1791866000905817,2.621145477958113,3.83
"Split Heirs",General Reading,2012,https://www.goodreads.com/review/show/370654317?utm_medium=api&utm_source=rss,3,3.58,3.10606479596944,3.0862237927425444,2.8817425997587325,3.58
"Furious Gulf (Galactic Center, #5)",General Reading,2012,https://www.goodreads.com/review/show/370641200?utm_medium=api&utm_source=rss,3,3.75,3.266981803466718,3.143957952431198,2.9420243767299623,3.75
"Tides of Light (Galactic Center, #4)",General Reading,2012,https://www.goodreads.com/review/show/370640843?utm_medium=api&utm_source=rss,3,3.84,3.3521731603770406,3.1840477112016923,2.621145477958113,3.84
"Across the Sea of Suns (Galactic Center, #2)",General Reading,2012,https://www.goodreads.com/review/show/370640795?utm_medium=api&utm_source=rss,4,3.76,3.2764475097900863,3.143957952431198,2.9420243767299623,3.76
"Great Sky River (Galactic Center, #3)",General Reading,2012,https://www.goodreads.com/review/show/370640762?utm_medium=api&utm_source=rss,3,3.89,3.3995016919938865,3.1694320895565324,2.621145477958113,3.89
"Foundation's Fear (Second Foundation Trilogy, #1)",General Reading,2012,https://www.goodreads.com/review/show/370640592?utm_medium=api&utm_source=rss,3,3.87,3.380570279347148,3.1916184602363327,2.621145477958113,3.87
"Timescape",General Reading,2012,https://www.goodreads.com/review/show/370640536?utm_medium=api&utm_source=rss,4,3.74,3.2575160971433488,3.133739167413593,2.9420243767299623,3.74
"Karl Marx: A Reader",General Reading,2012,https://www.goodreads.com/review/show/370639581?utm_medium=api&utm_source=rss,3,3.09,2.6422451861243474,2.8606176201027456,2.6652901079298643,3.09
"The Known World",General Reading,2012,https://www.goodreads.com/review/show/370635919?utm_medium=api&utm_source=rss,4,3.83,3.3427074540536714,3.1791866000905817,2.621145477958113,3.83
"The Last Ringbearer",General Reading,2012,https://www.goodreads.com/review/show/370635327?utm_medium=api&utm_source=rss,4,3.51,3.039804851705856,2.9492579358127684,2.6652901079298643,3.51
"The Last Lecture",General Reading,2012,https://www.goodreads.com/review/show/370635143?utm_medium=api&utm_source=rss,3,4.25,3.740267119635179,3.4503631739243485,2.9275548225167403,4.25
"Socialism: An Economic and Sociological Analysis",General Reading,2012,https://www.goodreads.com/review/show/370634752?utm_medium=api&utm_source=rss,2,4.32,3.806527063898764,3.478839420587795,3.0740397452633794,4.32
"Edison's Conquest of Mars",General Reading,2012,https://www.goodreads.com/review/show/370634015?utm_medium=api&utm_source=rss,3,2.78,2.348808290099901,2.8606176201027456,2.6652901079298643,2.78
"1001 Things Everyone Should Know About Science",General Reading,2012,https://www.goodreads.com/review/show/370633745?utm_medium=api&utm_source=rss,3,3.7,3.219653271849872,3.1058996741370155,2.6920097982944986,3.7
"Deep Time: How Humanity Communicates Across Millennia",General Reading,2012,https://www.goodreads.com/review/show/370633250?utm_medium=api&utm_source=rss,4,3.7,3.219653271849872,3.1058996741370155,2.6920097982944986,3.7
"Exit, Voice, and Loyalty: Responses to Decline in Firms, Organizations, and States",General Reading,2012,https://www.goodreads.com/review/show/370632405?utm_medium=api&utm_source=rss,4,4.12,3.6172129374313795,3.2779417955487715,2.7622671254511912,4.12
"The Amber Spyglass (His Dark Materials, #3)",General Reading,2012,https://www.goodreads.com/review/show/370630965?utm_medium=api&utm_source=rss,4,4.11,3.6077472311080103,3.290748344706648,2.7622671254511912,4.11
"The Subtle Knife (His Dark Materials, #2)",General Reading,2012,https://www.goodreads.com/review/show/369823313?utm_medium=api&utm_source=rss,3,4.12,3.6172129374313795,3.2779417955487715,2.7622671254511912,4.12
"The Golden Compass (His Dark Materials, #1)",General Reading,2012,https://www.goodreads.com/review/show/370630936?utm_medium=api&utm_source=rss,4,4.02,3.522555874197687,3.130877929761123,2.57426083774174,4.02
"The Westing Game",General Reading,2012,https://www.goodreads.com/review/show/370630335?utm_medium=api&utm_source=rss,5,3.99,3.4941587552275792,3.109294885935889,2.5386562938085575,3.99
"Matilda",General Reading,2012,https://www.goodreads.com/review/show/370629997?utm_medium=api&utm_source=rss,5,4.33,3.8159927702221332,3.4097739629405854,2.954018112679327,4.33
"Where the Wild Things Are",General Reading,2012,https://www.goodreads.com/review/show/370629874?utm_medium=api&utm_source=rss,4,4.25,3.740267119635179,3.4503631739243485,2.9275548225167403,4.25
"The True Story of the 3 Little Pigs",General Reading,2012,https://www.goodreads.com/review/show/370629717?utm_medium=api&utm_source=rss,3,4.32,3.806527063898764,3.478839420587795,3.0740397452633794,4.32
"Eat Pray Love: One Woman's Search for Everything Across Italy, India and Indonesia",General Reading,2012,https://www.goodreads.com/review/show/370629591?utm_medium=api&utm_source=rss,2,3.56,3.0871333833227026,3.0684152270778267,2.910628499887679,3.56
"Strega Nona: An Original Tale",General Reading,2012,https://www.goodreads.com/review/show/370629475?utm_medium=api&utm_source=rss,5,4.42,3.901184127132456,3.7046565988456712,3.361656719965461,4.42
"The Velveteen Rabbit",General Reading,2012,https://www.goodreads.com/review/show/370629230?utm_medium=api&utm_source=rss,5,4.42,3.901184127132456,3.7046565988456712,3.361656719965461,4.42
"The BFG",General Reading,2012,https://www.goodreads.com/review/show/370629132?utm_medium=api&utm_source=rss,3,4.23,3.7213357069884414,3.432424911847278,2.9275548225167403,4.23
"Holes (Holes, #1)",General Reading,2012,https://www.goodreads.com/review/show/370629039?utm_medium=api&utm_source=rss,3,4.01,3.5130901678743176,3.130877929761123,2.57426083774174,4.01
"The Witch of Blackbird Pond",General Reading,2012,https://www.goodreads.com/review/show/370629025?utm_medium=api&utm_source=rss,3,4.01,3.5130901678743176,3.130877929761123,2.57426083774174,4.01
"Maniac Magee",General Reading,2012,https://www.goodreads.com/review/show/370628974?utm_medium=api&utm_source=rss,4,3.89,3.3995016919938865,3.1694320895565324,2.621145477958113,3.89
"Charlie and the Chocolate Factory (Charlie Bucket, #1)",General Reading,2012,https://www.goodreads.com/review/show/370628958?utm_medium=api&utm_source=rss,5,4.16,3.6550757627248562,3.2764615559201165,2.6440748476244127,4.16
"The Chosen (Reuven Malter, #1)",General Reading,2012,https://www.goodreads.com/review/show/370628893?utm_medium=api&utm_source=rss,3,4.07,3.5698844058145327,3.280851700523182,2.7622671254511912,4.07
"Little Women",General Reading,2012,https://www.goodreads.com/review/show/370628792?utm_medium=api&utm_source=rss,2,4.03,3.532021580521057,3.130877929761123,2.57426083774174,4.03
"Go, Dog. Go!",General Reading,2012,https://www.goodreads.com/review/show/370628486?utm_medium=api&utm_source=rss,2,4.15,3.645610056401488,3.2800756050654156,2.6440748476244127,4.15
"The Secret Garden",General Reading,2012,https://www.goodreads.com/review/show/370628452?utm_medium=api&utm_source=rss,3,4.16,3.6550757627248562,3.2764615559201165,2.6440748476244127,4.16
"The Black Cauldron (The Chronicles of Prydain #2)",General Reading,2012,https://www.goodreads.com/review/show/370628406?utm_medium=api&utm_source=rss,3,4.03,3.532021580521057,3.130877929761123,2.57426083774174,4.03
"The Book of Three (The Chronicles of Prydain, #1)",General Reading,2012,https://www.goodreads.com/review/show/370628373?utm_medium=api&utm_source=rss,3,3.97,3.475227342580841,3.134045811789025,2.5386562938085575,3.97
"A Little Princess",General Reading,2012,https://www.goodreads.com/review/show/370628305?utm_medium=api&utm_source=rss,4,4.26,3.749732825958548,3.4694619338328896,2.9275548225167403,4.26
"The Indian in the Cupboard (The Indian in the Cupboard, #1)",General Reading,2012,https://www.goodreads.com/review/show/370627965?utm_medium=api&utm_source=rss,4,3.93,3.437364517287364,3.1705351892940024,2.645010657526909,3.93
"Anne of Green Gables (Anne of Green Gables, #1)",General Reading,2012,https://www.goodreads.com/review/show/370627914?utm_medium=api&utm_source=rss,4,4.31,3.797061357575395,3.478839420587795,3.0740397452633794,4.31
"Anne of Avonlea (Anne of Green Gables, #2)",General Reading,2012,https://www.goodreads.com/review/show/370627735?utm_medium=api&utm_source=rss,3,4.23,3.7213357069884414,3.432424911847278,2.9275548225167403,4.23
"Bridge to Terabithia",General Reading,2012,https://www.goodreads.com/review/show/370627388?utm_medium=api&utm_source=rss,3,4.02,3.522555874197687,3.130877929761123,2.57426083774174,4.02
"Winnie-the-Pooh (Winnie-the-Pooh, #1)",General Reading,2012,https://www.goodreads.com/review/show/370627295?utm_medium=api&utm_source=rss,4,4.37,3.85385559551561,3.4821218681820705,2.954018112679327,4.37
"How the Grinch Stole Christmas!",General Reading,2012,https://www.goodreads.com/review/show/370627223?utm_medium=api&utm_source=rss,4,4.51,3.9863754840427794,3.656207828865651,3.361656719965461,4.51
"A Separate Peace",General Reading,2012,https://www.goodreads.com/review/show/370627193?utm_medium=api&utm_source=rss,3,3.6,3.1249962086161793,3.091631454525206,2.8817425997587325,3.6
"When We Were Very Young (Winnie-the-Pooh, #3)",General Reading,2012,https://www.goodreads.com/review/show/370627133?utm_medium=api&utm_source=rss,3,4.24,3.7308014133118106,3.4402107118031364,2.9275548225167403,4.24
"A Christmas Carol",General Reading,2012,https://www.goodreads.com/review/show/370627063?utm_medium=api&utm_source=rss,4,4.07,3.5698844058145327,3.280851700523182,2.7622671254511912,4.07
"The Very Hungry Caterpillar",General Reading,2012,https://www.goodreads.com/review/show/370626952?utm_medium=api&utm_source=rss,5,4.29,3.7781299449286565,3.4945954908361223,3.0740397452633794,4.29
"The Sneetches and Other Stories",General Reading,2012,https://www.goodreads.com/review/show/370626871?utm_medium=api&utm_source=rss,3,4.18,3.6740071753715946,3.2943931354785496,2.6440748476244127,4.18
"The Garden of Abdul Gasazi",General Reading,2012,https://www.goodreads.com/review/show/370626822?utm_medium=api&utm_source=rss,4,4.04,3.541487286844425,3.1413284543957407,2.57426083774174,4.04
"The Polar Express",General Reading,2012,https://www.goodreads.com/review/show/370626792?utm_medium=api&utm_source=rss,3,4.32,3.806527063898764,3.478839420587795,3.0740397452633794,4.32
"Are You There God? It’s Me, Margaret",General Reading,2012,https://www.goodreads.com/review/show/370626605?utm_medium=api&utm_source=rss,1,3.93,3.437364517287364,3.1705351892940024,2.645010657526909,3.93
"Harriet the Spy (Harriet the Spy #1)",General Reading,2012,https://www.goodreads.com/review/show/370626084?utm_medium=api&utm_source=rss,4,3.95,3.4562959299341025,3.167391229562459,2.645010657526909,3.95
"The Cat in the Hat (Cat in the Hat, #1)",General Reading,2012,https://www.goodreads.com/review/show/370625813?utm_medium=api&utm_source=rss,4,4.2,3.692938588018333,3.38316215536463,2.895634800768575,4.2
"How Proust Can Change Your Life",General Reading,2012,https://www.goodreads.com/review/show/370625288?utm_medium=api&utm_source=rss,2,3.78,3.2953789224368255,3.1543829034891924,2.82691905075889,3.78
"The Consolations of Philosophy",General Reading,2012,https://www.goodreads.com/review/show/370625265?utm_medium=api&utm_source=rss,4,4.03,3.532021580521057,3.130877929761123,2.57426083774174,4.03
"The Pleasures and Sorrows of Work",General Reading,2012,https://www.goodreads.com/review/show/370625174?utm_medium=api&utm_source=rss,2,3.64,3.162859033909656,3.077028370109622,2.865842948517334,3.64
"Bunnicula: A Rabbit-Tale of Mystery (Bunnicula, #1)",General Reading,2012,https://www.goodreads.com/review/show/370624944?utm_medium=api&utm_source=rss,3,3.88,3.3900359856705173,3.1916184602363327,2.621145477958113,3.88
"Well Played 1.0: Video Games, Value and Meaning",General Reading,2012,https://www.goodreads.com/review/show/370624331?utm_medium=api&utm_source=rss,4,3.14,2.6895737177411942,2.8606176201027456,2.6652901079298643,3.14
"The Tale of Peter Rabbit (World of Beatrix Potter, #1)",General Reading,2012,https://www.goodreads.com/review/show/370621310?utm_medium=api&utm_source=rss,5,4.23,3.7213357069884414,3.432424911847278,2.9275548225167403,4.23
"The Boxcar Children 1-4 (The Boxcar Children, #1-4)",General Reading,2012,https://www.goodreads.com/review/show/370621261?utm_medium=api&utm_source=rss,3,4.24,3.7308014133118106,3.4402107118031364,2.9275548225167403,4.24
"Machine of Death: A Collection of Stories About People Who Know How They Will Die (Machine of Death, #1)",General Reading,2012,https://www.goodreads.com/review/show/370621030?utm_medium=api&utm_source=rss,3,3.94,3.4468302236107324,3.167391229562459,2.645010657526909,3.94
"It's a Busy, Busy World",General Reading,2012,https://www.goodreads.com/review/show/370620094?utm_medium=api&utm_source=rss,3,4.26,3.749732825958548,3.4694619338328896,2.9275548225167403,4.26
"Mr. Popper's Penguins",General Reading,2012,https://www.goodreads.com/review/show/370620016?utm_medium=api&utm_source=rss,4,3.97,3.475227342580841,3.134045811789025,2.5386562938085575,3.97
"The Book of Imaginary Beings",General Reading,2012,https://www.goodreads.com/review/show/370619300?utm_medium=api&utm_source=rss,5,4.14,3.636144350078118,3.2468061167187683,2.5515307663290194,4.14
"Snow Crash",General Reading,2012,https://www.goodreads.com/review/show/369883787?utm_medium=api&utm_source=rss,5,4.02,3.522555874197687,3.130877929761123,2.57426083774174,4.02
"Northworld Trilogy  (Northworld, #1-3)",General Reading,2012,https://www.goodreads.com/review/show/370617572?utm_medium=api&utm_source=rss,3,3.68,3.200721859203133,3.06925610764986,2.6920097982944986,3.68
"The Tank Lords (BAEN)",General Reading,2012,https://www.goodreads.com/review/show/370617524?utm_medium=api&utm_source=rss,2,3.91,3.4184331046406258,3.167601003404526,2.621145477958113,3.91
"Giants' Star",General Reading,2012,https://www.goodreads.com/review/show/370617414?utm_medium=api&utm_source=rss,4,3.93,3.437364517287364,3.1705351892940024,2.645010657526909,3.93
"The Gentle Giants of Ganymede",General Reading,2012,https://www.goodreads.com/review/show/370617397?utm_medium=api&utm_source=rss,4,3.99,3.4941587552275792,3.109294885935889,2.5386562938085575,3.99
"Inherit the Stars",General Reading,2012,https://www.goodreads.com/review/show/370617260?utm_medium=api&utm_source=rss,4,4.06,3.5604186994911635,3.1458820859969077,2.57426083774174,4.06
"Heirs of Empire (Dahak, #3)",General Reading,2012,https://www.goodreads.com/review/show/370616759?utm_medium=api&utm_source=rss,4,4.13,3.6266786437547487,3.2504111143680525,2.5515307663290194,4.13
"The Armageddon Inheritance (Dahak, #2)",General Reading,2012,https://www.goodreads.com/review/show/370616710?utm_medium=api&utm_source=rss,3,4.22,3.7118700006650713,3.419836382232142,2.9132384554091955,4.22
"Changer of Worlds (Worlds of Honor, #3)",General Reading,2012,https://www.goodreads.com/review/show/370616683?utm_medium=api&utm_source=rss,2,4.03,3.532021580521057,3.130877929761123,2.57426083774174,4.03
"More Than Honor",General Reading,2012,https://www.goodreads.com/review/show/370616663?utm_medium=api&utm_source=rss,3,3.93,3.437364517287364,3.1705351892940024,2.645010657526909,3.93
"Mutineers' Moon (Dahak, #1)",General Reading,2012,https://www.goodreads.com/review/show/370616554?utm_medium=api&utm_source=rss,3,4.2,3.692938588018333,3.38316215536463,2.895634800768575,4.2
"At All Costs (Honor Harrington, #11)",General Reading,2012,https://www.goodreads.com/review/show/370615941?utm_medium=api&utm_source=rss,3,4.19,3.6834728816949647,3.3149541704042047,2.6440748476244127,4.19
"War of Honor (Honor Harrington, #10)",General Reading,2012,https://www.goodreads.com/review/show/370615895?utm_medium=api&utm_source=rss,2,4.12,3.6172129374313795,3.2779417955487715,2.7622671254511912,4.12
"Ashes of Victory (Honor Harrington, #9)",General Reading,2012,https://www.goodreads.com/review/show/370615887?utm_medium=api&utm_source=rss,3,4.17,3.6645414690482254,3.2943931354785496,2.6440748476244127,4.17
"Echoes of Honor (Honor Harrington, #8)",General Reading,2012,https://www.goodreads.com/review/show/370615850?utm_medium=api&utm_source=rss,3,4.22,3.7118700006650713,3.419836382232142,2.9132384554091955,4.22
"In Enemy Hands (Honor Harrington, #7)",General Reading,2012,https://www.goodreads.com/review/show/370615823?utm_medium=api&utm_source=rss,2,4.23,3.7213357069884414,3.432424911847278,2.9275548225167403,4.23
"Flag in Exile (Honor Harrington, #5)",General Reading,2012,https://www.goodreads.com/review/show/370615794?utm_medium=api&utm_source=rss,3,4.22,3.7118700006650713,3.419836382232142,2.9132384554091955,4.22
"Honor Among Enemies (Honor Harrington, #6)",General Reading,2012,https://www.goodreads.com/review/show/370615785?utm_medium=api&utm_source=rss,3,4.25,3.740267119635179,3.4503631739243485,2.9275548225167403,4.25
"Field of Dishonor (Honor Harrington, #4)",General Reading,2012,https://www.goodreads.com/review/show/370615729?utm_medium=api&utm_source=rss,4,4.2,3.692938588018333,3.38316215536463,2.895634800768575,4.2
"The Short Victorious War (Honor Harrington, #3)",General Reading,2012,https://www.goodreads.com/review/show/370615710?utm_medium=api&utm_source=rss,4,4.18,3.6740071753715946,3.2943931354785496,2.6440748476244127,4.18
"The Honor of the Queen (Honor Harrington, #2)",General Reading,2012,https://www.goodreads.com/review/show/370615693?utm_medium=api&utm_source=rss,3,4.21,3.702404294341702,3.4095684461202582,2.895634800768575,4.21
"On Basilisk Station (Honor Harrington, #1)",General Reading,2012,https://www.goodreads.com/review/show/370615652?utm_medium=api&utm_source=rss,4,4.13,3.6266786437547487,3.2504111143680525,2.5515307663290194,4.13
"Blood Brothers (Necroscope, #6)",General Reading,2012,https://www.goodreads.com/review/show/370613320?utm_medium=api&utm_source=rss,3,4.16,3.6550757627248562,3.2764615559201165,2.6440748476244127,4.16
"Deadspawn (Necroscope, #5)",General Reading,2012,https://www.goodreads.com/review/show/370613306?utm_medium=api&utm_source=rss,3,4.14,3.636144350078118,3.2468061167187683,2.5515307663290194,4.14
"Deadspeak (Necroscope, #4)",General Reading,2012,https://www.goodreads.com/review/show/370613252?utm_medium=api&utm_source=rss,3,4.14,3.636144350078118,3.2468061167187683,2.5515307663290194,4.14
"The Source (Necroscope, #3)",General Reading,2012,https://www.goodreads.com/review/show/370613232?utm_medium=api&utm_source=rss,3,4.16,3.6550757627248562,3.2764615559201165,2.6440748476244127,4.16
"Vamphyri! (Necroscope, #2)",General Reading,2012,https://www.goodreads.com/review/show/370613208?utm_medium=api&utm_source=rss,4,4.12,3.6172129374313795,3.2779417955487715,2.7622671254511912,4.12
"Necroscope (Necroscope, #1)",General Reading,2012,https://www.goodreads.com/review/show/370613190?utm_medium=api&utm_source=rss,4,4.01,3.5130901678743176,3.130877929761123,2.57426083774174,4.01
"Eastern Standard Tribe",General Reading,2012,https://www.goodreads.com/review/show/370608672?utm_medium=api&utm_source=rss,1,3.48,3.0114077327357482,2.9320672931221257,2.6652901079298643,3.48
"Someone Comes to Town, Someone Leaves Town",General Reading,2012,https://www.goodreads.com/review/show/370608619?utm_medium=api&utm_source=rss,3,3.5,3.0303391453824866,2.9449681630854956,2.6652901079298643,3.5
"The Hacker and the Ants: Version 2.0",General Reading,2012,https://www.goodreads.com/review/show/370608398?utm_medium=api&utm_source=rss,3,3.66,3.1817904465563944,3.0735828572891095,2.865842948517334,3.66
"Equal Rites (Discworld, #3; Witches, #1)",General Reading,2012,https://www.goodreads.com/review/show/370608007?utm_medium=api&utm_source=rss,3,4.06,3.5604186994911635,3.1458820859969077,2.57426083774174,4.06
"The Metamorphosis of Prime Intellect",General Reading,2012,https://www.goodreads.com/review/show/370607720?utm_medium=api&utm_source=rss,4,4,3.5036244615509484,3.109294885935889,2.5386562938085575,4
"The Voyage of the Space Beagle",General Reading,2012,https://www.goodreads.com/review/show/370607569?utm_medium=api&utm_source=rss,4,3.87,3.380570279347148,3.1916184602363327,2.621145477958113,3.87
"The World of Null-A",General Reading,2012,https://www.goodreads.com/review/show/370607545?utm_medium=api&utm_source=rss,2,3.74,3.2575160971433488,3.133739167413593,2.9420243767299623,3.74
"The Light Fantastic (Discworld, #2; Rincewind, #2)",General Reading,2012,https://www.goodreads.com/review/show/370606524?utm_medium=api&utm_source=rss,3,3.98,3.48469304890421,3.1166020754783723,2.5386562938085575,3.98
"Purely Functional Data Structures (Volume 0)",General Reading,2012,https://www.goodreads.com/review/show/370606420?utm_medium=api&utm_source=rss,4,4.13,3.6266786437547487,3.2504111143680525,2.5515307663290194,4.13
"The Awakening",General Reading,2012,https://www.goodreads.com/review/show/370606322?utm_medium=api&utm_source=rss,2,3.69,3.210187565526502,3.083161219694678,2.6920097982944986,3.69
"Rosencrantz and Guildenstern Are Dead",General Reading,2012,https://www.goodreads.com/review/show/370606147?utm_medium=api&utm_source=rss,5,4.04,3.541487286844425,3.1413284543957407,2.57426083774174,4.04
"Tales of a Fourth Grade Nothing (Fudge, #1)",General Reading,2012,https://www.goodreads.com/review/show/370603984?utm_medium=api&utm_source=rss,2,4.11,3.6077472311080103,3.290748344706648,2.7622671254511912,4.11
"The Red Badge of Courage",General Reading,2012,https://www.goodreads.com/review/show/370603962?utm_medium=api&utm_source=rss,3,3.28,2.822093606268363,2.8606176201027456,2.6652901079298643,3.28
"The Eudaemonic Pie",General Reading,2012,https://www.goodreads.com/review/show/370603142?utm_medium=api&utm_source=rss,3,3.87,3.380570279347148,3.1916184602363327,2.621145477958113,3.87
"Bloodwars (Necroscope, #8)",General Reading,2012,https://www.goodreads.com/review/show/370602557?utm_medium=api&utm_source=rss,3,4.27,3.7591985322819172,3.447846145126452,2.9275548225167403,4.27
"The Last Aerie (Necroscope, #7)",General Reading,2012,https://www.goodreads.com/review/show/370602433?utm_medium=api&utm_source=rss,4,4.23,3.7213357069884414,3.432424911847278,2.9275548225167403,4.23
"Producing Open Source Software: How to Run a Successful Free Software Project",General Reading,2012,https://www.goodreads.com/review/show/370601467?utm_medium=api&utm_source=rss,4,3.79,3.3048446287601947,3.154483880122026,2.82691905075889,3.79
"The Three Pillars of Zen: Teaching, Practice, and Enlightenment",General Reading,2012,https://www.goodreads.com/review/show/370598848?utm_medium=api&utm_source=rss,4,4.07,3.5698844058145327,3.280851700523182,2.7622671254511912,4.07
"Storm of Steel",General Reading,2012,https://www.goodreads.com/review/show/370597769?utm_medium=api&utm_source=rss,4,4.14,3.636144350078118,3.2468061167187683,2.5515307663290194,4.14
"The Mythical Man-Month: Essays on Software Engineering",General Reading,2012,https://www.goodreads.com/review/show/370597378?utm_medium=api&utm_source=rss,5,4,3.5036244615509484,3.109294885935889,2.5386562938085575,4
"The Tibetan Book of Living and Dying. Sogyal Rinpoche (Rider 100)",General Reading,2012,https://www.goodreads.com/review/show/370597275?utm_medium=api&utm_source=rss,4,4.16,3.6550757627248562,3.2764615559201165,2.6440748476244127,4.16
"The Nimrod Flipout",General Reading,2012,https://www.goodreads.com/review/show/370596788?utm_medium=api&utm_source=rss,3,3.98,3.48469304890421,3.1166020754783723,2.5386562938085575,3.98
"Sailing Bright Eternity",General Reading,2012,https://www.goodreads.com/review/show/370596102?utm_medium=api&utm_source=rss,4,3.7,3.219653271849872,3.1058996741370155,2.6920097982944986,3.7
"Beggars Ride (Sleepless, #3)",General Reading,2012,https://www.goodreads.com/review/show/370595946?utm_medium=api&utm_source=rss,4,3.76,3.2764475097900863,3.143957952431198,2.9420243767299623,3.76
"Castle of Wizardry (The Belgariad #4)",General Reading,2012,https://www.goodreads.com/review/show/370595006?utm_medium=api&utm_source=rss,3,4.17,3.6645414690482254,3.2943931354785496,2.6440748476244127,4.17
"Magician's Gambit (The Belgariad #3)",General Reading,2012,https://www.goodreads.com/review/show/370594989?utm_medium=api&utm_source=rss,4,4.14,3.636144350078118,3.2468061167187683,2.5515307663290194,4.14
"Queen of Sorcery (The Belgariad #2)",General Reading,2012,https://www.goodreads.com/review/show/370594975?utm_medium=api&utm_source=rss,3,4.14,3.636144350078118,3.2468061167187683,2.5515307663290194,4.14
"Pawn of Prophecy (The Belgariad, #1)",General Reading,2012,https://www.goodreads.com/review/show/370594957?utm_medium=api&utm_source=rss,4,4.16,3.6550757627248562,3.2764615559201165,2.6440748476244127,4.16
"The Sapphire Rose (The Elenium #3)",General Reading,2012,https://www.goodreads.com/review/show/370594867?utm_medium=api&utm_source=rss,4,4.03,3.532021580521057,3.130877929761123,2.57426083774174,4.03
"The Ruby Knight (The Elenium #2)",General Reading,2012,https://www.goodreads.com/review/show/370594832?utm_medium=api&utm_source=rss,3,4.01,3.5130901678743176,3.130877929761123,2.57426083774174,4.01
"The Diamond Throne (The Elenium #1)",General Reading,2012,https://www.goodreads.com/review/show/370594805?utm_medium=api&utm_source=rss,3,3.98,3.48469304890421,3.1166020754783723,2.5386562938085575,3.98
"Dancing Wu Li Masters: An Overview of the New Physics (Perennial Classics)",General Reading,2012,https://www.goodreads.com/review/show/370585093?utm_medium=api&utm_source=rss,1,4.01,3.5130901678743176,3.130877929761123,2.57426083774174,4.01
"Ventus",General Reading,2012,https://www.goodreads.com/review/show/370584951?utm_medium=api&utm_source=rss,2,3.9,3.4089673983172557,3.1602654121873868,2.621145477958113,3.9
"Gentlemen of the Road",General Reading,2012,https://www.goodreads.com/review/show/370583910?utm_medium=api&utm_source=rss,3,3.45,2.9830106137656407,2.847226251055127,2.6652901079298643,3.45
"Powers, Vol. 1: Who Killed Retro Girl?",General Reading,2012,https://www.goodreads.com/review/show/370583287?utm_medium=api&utm_source=rss,3,3.99,3.4941587552275792,3.109294885935889,2.5386562938085575,3.99
"When Genius Failed: The Rise and Fall of Long-Term Capital Management",General Reading,2012,https://www.goodreads.com/review/show/370573199?utm_medium=api&utm_source=rss,4,4.2,3.692938588018333,3.38316215536463,2.895634800768575,4.2
"Me and My Little Brain (Great Brain, #3)",General Reading,2012,https://www.goodreads.com/review/show/370571618?utm_medium=api&utm_source=rss,3,4.24,3.7308014133118106,3.4402107118031364,2.9275548225167403,4.24
"The Great Brain at the Academy (Great Brain, #4)",General Reading,2012,https://www.goodreads.com/review/show/370571599?utm_medium=api&utm_source=rss,3,4.28,3.7686642386052873,3.4776567106026426,3.0740397452633794,4.28
"More Adventures of the Great Brain (Great Brain, #2)",General Reading,2012,https://www.goodreads.com/review/show/370571554?utm_medium=api&utm_source=rss,3,4.28,3.7686642386052873,3.4776567106026426,3.0740397452633794,4.28
"The Great Brain (Great Brain, #1)",General Reading,2012,https://www.goodreads.com/review/show/370571503?utm_medium=api&utm_source=rss,4,4.16,3.6550757627248562,3.2764615559201165,2.6440748476244127,4.16
"From the Mixed-Up Files of Mrs. Basil E. Frankweiler",General Reading,2012,https://www.goodreads.com/review/show/370570793?utm_medium=api&utm_source=rss,5,4.16,3.6550757627248562,3.2764615559201165,2.6440748476244127,4.16
"Compact Oxford English Dictionary",General Reading,2012,https://www.goodreads.com/review/show/370566671?utm_medium=api&utm_source=rss,5,4.6,4.071566840953103,3.656207828865651,3.361656719965461,4.6
"The Complete Calvin and Hobbes",General Reading,2012,https://www.goodreads.com/review/show/370566477?utm_medium=api&utm_source=rss,5,4.81,4.270346673743857,3.656207828865651,3.361656719965461,4.81
"The Wasp Factory",General Reading,2012,https://www.goodreads.com/review/show/370565328?utm_medium=api&utm_source=rss,4,3.78,3.2953789224368255,3.1543829034891924,2.82691905075889,3.78
"The Mismeasure of Man",General Reading,2012,https://www.goodreads.com/review/show/370564692?utm_medium=api&utm_source=rss,2,4.06,3.5604186994911635,3.1458820859969077,2.57426083774174,4.06
"Battlefield Earth: A Saga of the Year 3000",General Reading,2012,https://www.goodreads.com/review/show/370563562?utm_medium=api&utm_source=rss,1,3.46,2.99247632008901,2.84880958438846,2.6652901079298643,3.46
"The State of the Art (Culture, #4)",General Reading,2012,https://www.goodreads.com/review/show/370561747?utm_medium=api&utm_source=rss,3,3.84,3.3521731603770406,3.1840477112016923,2.621145477958113,3.84
"Timelike Infinity (Xeelee Sequence, #2)",General Reading,2012,https://www.goodreads.com/review/show/370560884?utm_medium=api&utm_source=rss,3,3.86,3.371104573023779,3.186715309829828,2.621145477958113,3.86
"Flux (Xeelee Sequence, #3)",General Reading,2012,https://www.goodreads.com/review/show/370559382?utm_medium=api&utm_source=rss,3,3.66,3.1817904465563944,3.0735828572891095,2.865842948517334,3.66
"Raft (Xeelee Sequence, #1)",General Reading,2012,https://www.goodreads.com/review/show/370559314?utm_medium=api&utm_source=rss,3,3.69,3.210187565526502,3.083161219694678,2.6920097982944986,3.69
"Vacuum Diagrams (Xeelee Sequence, #5)",General Reading,2012,https://www.goodreads.com/review/show/370559269?utm_medium=api&utm_source=rss,4,4.06,3.5604186994911635,3.1458820859969077,2.57426083774174,4.06
"Ring (Xeelee Sequence, #4)",General Reading,2012,https://www.goodreads.com/review/show/370559180?utm_medium=api&utm_source=rss,5,4,3.5036244615509484,3.109294885935889,2.5386562938085575,4
"The Timeless Way of Building",General Reading,2012,https://www.goodreads.com/review/show/370558780?utm_medium=api&utm_source=rss,4,4.38,3.86332130183898,3.5961210061167157,2.954018112679327,4.38
"Extraordinary Popular Delusions and the Madness of Crowds",General Reading,2012,https://www.goodreads.com/review/show/370558438?utm_medium=api&utm_source=rss,3,3.86,3.371104573023779,3.186715309829828,2.621145477958113,3.86
"The Architecture of Open Source Applications",General Reading,2012,https://www.goodreads.com/review/show/370557104?utm_medium=api&utm_source=rss,4,3.63,3.153393327586286,3.0809569415381937,2.865842948517334,3.63
"The Algebraist",General Reading,2012,https://www.goodreads.com/review/show/370557060?utm_medium=api&utm_source=rss,4,3.9,3.4089673983172557,3.1602654121873868,2.621145477958113,3.9
"Look Me in the Eye",General Reading,2012,https://www.goodreads.com/review/show/370556735?utm_medium=api&utm_source=rss,3,3.91,3.4184331046406258,3.167601003404526,2.621145477958113,3.91
"Myth Conceptions (Myth Adventures, #2)",General Reading,2012,https://www.goodreads.com/review/show/370540822?utm_medium=api&utm_source=rss,4,4.09,3.588815818461272,3.301044940592961,2.7622671254511912,4.09
"Myth Directions (Myth Adventures, #3)",General Reading,2012,https://www.goodreads.com/review/show/370540780?utm_medium=api&utm_source=rss,2,4.09,3.588815818461272,3.301044940592961,2.7622671254511912,4.09
"Hit or Myth (Myth Adventures, #4)",General Reading,2012,https://www.goodreads.com/review/show/370540655?utm_medium=api&utm_source=rss,3,4.07,3.5698844058145327,3.280851700523182,2.7622671254511912,4.07
"Myth-ing Persons (Myth Adventures, #5)",General Reading,2012,https://www.goodreads.com/review/show/370540593?utm_medium=api&utm_source=rss,2,3.99,3.4941587552275792,3.109294885935889,2.5386562938085575,3.99
"Little Myth Marker (Myth Adventures, #6)",General Reading,2012,https://www.goodreads.com/review/show/370540549?utm_medium=api&utm_source=rss,3,3.98,3.48469304890421,3.1166020754783723,2.5386562938085575,3.98
"Phule's Company (Phule's Company, #1)",General Reading,2012,https://www.goodreads.com/review/show/370540265?utm_medium=api&utm_source=rss,4,3.97,3.475227342580841,3.134045811789025,2.5386562938085575,3.97
"Myth-Nomers and Im-Pervections (Myth Adventures, #8)",General Reading,2012,https://www.goodreads.com/review/show/370540076?utm_medium=api&utm_source=rss,4,3.96,3.4657616362574717,3.1368509099167032,2.5386562938085575,3.96
"M.Y.T.H. Inc. in Action (Myth Adventures, #9)",General Reading,2012,https://www.goodreads.com/review/show/370539996?utm_medium=api&utm_source=rss,3,3.98,3.48469304890421,3.1166020754783723,2.5386562938085575,3.98
"Phule's Paradise (Phule's Company, #2)",General Reading,2012,https://www.goodreads.com/review/show/370539887?utm_medium=api&utm_source=rss,4,3.91,3.4184331046406258,3.167601003404526,2.621145477958113,3.91
"Sweet Myth-Tery of Life (Myth Adventures #10)",General Reading,2012,https://www.goodreads.com/review/show/370539862?utm_medium=api&utm_source=rss,3,3.49,3.0208734390591174,2.9449681630854956,2.6652901079298643,3.49
"A Phule and His Money (Phule's Company, #3)",General Reading,2012,https://www.goodreads.com/review/show/370539614?utm_medium=api&utm_source=rss,4,3.76,3.2764475097900863,3.143957952431198,2.9420243767299623,3.76
"Phule Me Twice (Phule's Company, #4)",General Reading,2012,https://www.goodreads.com/review/show/370539445?utm_medium=api&utm_source=rss,2,3.85,3.36163886670041,3.187094234950601,2.621145477958113,3.85
"Time Scout (Time Scout, #1)",General Reading,2012,https://www.goodreads.com/review/show/370537945?utm_medium=api&utm_source=rss,2,3.79,3.3048446287601947,3.154483880122026,2.82691905075889,3.79
"The Touch (Adversary Cycle, #3)",General Reading,2012,https://www.goodreads.com/review/show/370536601?utm_medium=api&utm_source=rss,2,3.9,3.4089673983172557,3.1602654121873868,2.621145477958113,3.9
"The Tomb (Repairman Jack, #1)",General Reading,2012,https://www.goodreads.com/review/show/370536592?utm_medium=api&utm_source=rss,3,4.06,3.5604186994911635,3.1458820859969077,2.57426083774174,4.06
"The Keep (Adversary Cycle, #1)",General Reading,2012,https://www.goodreads.com/review/show/370536560?utm_medium=api&utm_source=rss,4,4,3.5036244615509484,3.109294885935889,2.5386562938085575,4
"Hunter's Death (The Sacred Hunt, #2)",General Reading,2012,https://www.goodreads.com/review/show/370276924?utm_medium=api&utm_source=rss,3,4.06,3.5604186994911635,3.1458820859969077,2.57426083774174,4.06
"Hunter's Oath (The Sacred Hunt, #1)",General Reading,2012,https://www.goodreads.com/review/show/370276873?utm_medium=api&utm_source=rss,3,3.84,3.3521731603770406,3.1840477112016923,2.621145477958113,3.84
"The Riven Shield (The Sun Sword, #5)",General Reading,2012,https://www.goodreads.com/review/show/370276829?utm_medium=api&utm_source=rss,3,4.24,3.7308014133118106,3.4402107118031364,2.9275548225167403,4.24
"The Sun Sword (The Sun Sword, #6)",General Reading,2012,https://www.goodreads.com/review/show/370276214?utm_medium=api&utm_source=rss,3,4.32,3.806527063898764,3.478839420587795,3.0740397452633794,4.32
"Sea of Sorrows (The Sun Sword, #4)",General Reading,2012,https://www.goodreads.com/review/show/370276077?utm_medium=api&utm_source=rss,3,4.25,3.740267119635179,3.4503631739243485,2.9275548225167403,4.25
"The Shining Court (The Sun Sword, #3)",General Reading,2012,https://www.goodreads.com/review/show/370235067?utm_medium=api&utm_source=rss,3,4.18,3.6740071753715946,3.2943931354785496,2.6440748476244127,4.18
"The Broken Crown (The Sun Sword, #1)",General Reading,2012,https://www.goodreads.com/review/show/370275952?utm_medium=api&utm_source=rss,3,3.93,3.437364517287364,3.1705351892940024,2.645010657526909,3.93
"The Uncrowned King (The Sun Sword, #2)",General Reading,2012,https://www.goodreads.com/review/show/370275907?utm_medium=api&utm_source=rss,3,4.12,3.6172129374313795,3.2779417955487715,2.7622671254511912,4.12
"Principles of Forecasting: A Handbook for Researchers and Practitioners (International Series in Operations Research & Management Science, 30)",General Reading,2012,https://www.goodreads.com/review/show/370224211?utm_medium=api&utm_source=rss,5,4.12,3.6172129374313795,3.2779417955487715,2.7622671254511912,4.12
"Revelation Space (Revelation Space, #1)",General Reading,2012,https://www.goodreads.com/review/show/370222690?utm_medium=api&utm_source=rss,4,3.99,3.4941587552275792,3.109294885935889,2.5386562938085575,3.99
"Paradise Lost and Paradise Regained",General Reading,2012,https://www.goodreads.com/review/show/370221800?utm_medium=api&utm_source=rss,5,4.09,3.588815818461272,3.301044940592961,2.7622671254511912,4.09
"The Poetic Edda: Stories of the Norse Gods and Heroes",General Reading,2012,https://www.goodreads.com/review/show/370221581?utm_medium=api&utm_source=rss,5,4.27,3.7591985322819172,3.447846145126452,2.9275548225167403,4.27
"The Prose Edda: Norse Mythology",General Reading,2012,https://www.goodreads.com/review/show/370221332?utm_medium=api&utm_source=rss,4,4.17,3.6645414690482254,3.2943931354785496,2.6440748476244127,4.17
"The Nibelungenlied",General Reading,2012,https://www.goodreads.com/review/show/370221118?utm_medium=api&utm_source=rss,4,3.85,3.36163886670041,3.187094234950601,2.621145477958113,3.85
"Expert Systems Handbook: An Assessment of Technology and Applications",General Reading,2012,https://www.goodreads.com/review/show/370220770?utm_medium=api&utm_source=rss,2,2,1.610483196877101,2.8606176201027456,2.6652901079298643,2
"The Book of Lost Tales 1 (The History of Middle-Earth, #1)",General Reading,2012,https://www.goodreads.com/review/show/370220557?utm_medium=api&utm_source=rss,4,3.88,3.3900359856705173,3.1916184602363327,2.621145477958113,3.88
"Never the Twain Shall Meet: Bell, Gallaudet, and the Communications Debate",General Reading,2012,https://www.goodreads.com/review/show/370220376?utm_medium=api&utm_source=rss,2,3.59,3.1155305022928093,3.082543237186989,2.8817425997587325,3.59
"Ideas and Integrities: A Spontaneous Autobiographical Disclosure",General Reading,2012,https://www.goodreads.com/review/show/370220198?utm_medium=api&utm_source=rss,4,4.01,3.5130901678743176,3.130877929761123,2.57426083774174,4.01
"The Japanese Mind: Understanding Contemporary Japanese Culture",General Reading,2012,https://www.goodreads.com/review/show/370219456?utm_medium=api&utm_source=rss,3,3.7,3.219653271849872,3.1058996741370155,2.6920097982944986,3.7
"Operating system concepts (Addison-Wesley series in computer science)",General Reading,2012,https://www.goodreads.com/review/show/370219206?utm_medium=api&utm_source=rss,2,3,2.557053829214024,2.8606176201027456,2.6652901079298643,3
"An Introduction to Jung's Psychology",General Reading,2012,https://www.goodreads.com/review/show/370218693?utm_medium=api&utm_source=rss,3,3.71,3.2291189781732403,3.1180525219192736,2.6920097982944986,3.71
"Battles of Coxinga",General Reading,2012,https://www.goodreads.com/review/show/370218328?utm_medium=api&utm_source=rss,3,3.8,3.314310335083564,3.15597753343254,2.82691905075889,3.8
"Travelers of a Hundred Ages",General Reading,2012,https://www.goodreads.com/review/show/370218151?utm_medium=api&utm_source=rss,5,3.96,3.4657616362574717,3.1368509099167032,2.5386562938085575,3.96
"Four Major Plays of Chikamatsu",General Reading,2012,https://www.goodreads.com/review/show/370217915?utm_medium=api&utm_source=rss,4,3.87,3.380570279347148,3.1916184602363327,2.621145477958113,3.87
"Chūshingura (The Treasury of Loyal Retainers): A Puppet Play",General Reading,2012,https://www.goodreads.com/review/show/370217878?utm_medium=api&utm_source=rss,4,3.83,3.3427074540536714,3.1791866000905817,2.621145477958113,3.83
"The Pleasures of Japanese Literature",General Reading,2012,https://www.goodreads.com/review/show/370217566?utm_medium=api&utm_source=rss,3,3.9,3.4089673983172557,3.1602654121873868,2.621145477958113,3.9
"Anthology of Japanese Literature: From the Earliest Era to the Mid-Nineteenth Century",General Reading,2012,https://www.goodreads.com/review/show/370217426?utm_medium=api&utm_source=rss,3,4.05,3.5509529931677943,3.152219098660406,2.57426083774174,4.05
"The Tao of Pooh",General Reading,2012,https://www.goodreads.com/review/show/370217143?utm_medium=api&utm_source=rss,4,4.01,3.5130901678743176,3.130877929761123,2.57426083774174,4.01
"Faust, First Part",General Reading,2012,https://www.goodreads.com/review/show/370216711?utm_medium=api&utm_source=rss,2,3.87,3.380570279347148,3.1916184602363327,2.621145477958113,3.87
"Feynman And Computation (Frontiers in Physics)",General Reading,2012,https://www.goodreads.com/review/show/370211869?utm_medium=api&utm_source=rss,4,4.22,3.7118700006650713,3.419836382232142,2.9132384554091955,4.22
"The Zenith Angle",General Reading,2012,https://www.goodreads.com/review/show/370211643?utm_medium=api&utm_source=rss,2,3.26,2.8031621936216244,2.8606176201027456,2.6652901079298643,3.26
"The Beginning Place",General Reading,2012,https://www.goodreads.com/review/show/370210386?utm_medium=api&utm_source=rss,1,3.51,3.039804851705856,2.9492579358127684,2.6652901079298643,3.51
"How Would You Move Mount Fuji? Microsoft's Cult of the Puzzle--How the World's Smartest Companies Select the Most Creative Thinkers",General Reading,2012,https://www.goodreads.com/review/show/370209451?utm_medium=api&utm_source=rss,3,3.56,3.0871333833227026,3.0684152270778267,2.910628499887679,3.56
"Berserker Fury (Berserker, #10)",General Reading,2012,https://www.goodreads.com/review/show/370207826?utm_medium=api&utm_source=rss,2,3.55,3.0776676769993325,2.986518498852377,2.6859598715199144,3.55
"Bare-Faced Messiah",General Reading,2012,https://www.goodreads.com/review/show/370207517?utm_medium=api&utm_source=rss,4,3.62,3.1439276212629177,3.091631454525206,2.8817425997587325,3.62
"Excession (Culture, #5)",General Reading,2012,https://www.goodreads.com/review/show/370207138?utm_medium=api&utm_source=rss,4,4.2,3.692938588018333,3.38316215536463,2.895634800768575,4.2
"Reading Graphs, Maps, Trees: Critical Responses to Franco Moretti",General Reading,2012,https://www.goodreads.com/review/show/370206866?utm_medium=api&utm_source=rss,3,3.81,3.323776041406933,3.151179036164781,2.621145477958113,3.81
"Coders at Work: Reflections on the Craft of Programming",General Reading,2012,https://www.goodreads.com/review/show/370206755?utm_medium=api&utm_source=rss,4,3.95,3.4562959299341025,3.167391229562459,2.645010657526909,3.95
"Romeo and Juliet",General Reading,2012,https://www.goodreads.com/review/show/370206045?utm_medium=api&utm_source=rss,3,3.74,3.2575160971433488,3.133739167413593,2.9420243767299623,3.74
"The Hedgehog, the Fox & the Magister's Pox: Mending the Gap Between Science & the Humanities",General Reading,2012,https://www.goodreads.com/review/show/370205539?utm_medium=api&utm_source=rss,4,3.64,3.162859033909656,3.077028370109622,2.865842948517334,3.64
"Night",General Reading,2012,https://www.goodreads.com/review/show/370203417?utm_medium=api&utm_source=rss,3,4.38,3.86332130183898,3.5961210061167157,2.954018112679327,4.38
"The Golden Bough",General Reading,2012,https://www.goodreads.com/review/show/370203201?utm_medium=api&utm_source=rss,4,4.01,3.5130901678743176,3.130877929761123,2.57426083774174,4.01
"Manga Impact!",General Reading,2012,https://www.goodreads.com/review/show/370203088?utm_medium=api&utm_source=rss,3,3.33,2.8694221378852096,2.8606176201027456,2.6652901079298643,3.33
"Great Expectations",General Reading,2012,https://www.goodreads.com/review/show/370202674?utm_medium=api&utm_source=rss,2,3.78,3.2953789224368255,3.1543829034891924,2.82691905075889,3.78
"Ficciones",General Reading,2012,https://www.goodreads.com/review/show/370202459?utm_medium=api&utm_source=rss,5,4.45,3.9295812461025643,3.697616420274242,3.361656719965461,4.45
"The Stainless Steel Rat Goes to Hell (Stainless Steel Rat, #9)",General Reading,2012,https://www.goodreads.com/review/show/370195444?utm_medium=api&utm_source=rss,3,3.81,3.323776041406933,3.151179036164781,2.621145477958113,3.81
"The Stainless Steel Rat for President (Stainless Steel Rat, #8)",General Reading,2012,https://www.goodreads.com/review/show/370195383?utm_medium=api&utm_source=rss,4,3.87,3.380570279347148,3.1916184602363327,2.621145477958113,3.87
"The Stainless Steel Rat's Revenge (Stainless Steel Rat, #5)",General Reading,2012,https://www.goodreads.com/review/show/370195349?utm_medium=api&utm_source=rss,2,3.97,3.475227342580841,3.134045811789025,2.5386562938085575,3.97
"The Stainless Steel Rat (Stainless Steel Rat, #4)",General Reading,2012,https://www.goodreads.com/review/show/370195319?utm_medium=api&utm_source=rss,4,3.94,3.4468302236107324,3.167391229562459,2.645010657526909,3.94
"Against the Gods: The Remarkable Story of Risk",General Reading,2012,https://www.goodreads.com/review/show/370133114?utm_medium=api&utm_source=rss,2,3.94,3.4468302236107324,3.167391229562459,2.645010657526909,3.94
"Catastrophe: Risk and Response",General Reading,2012,https://www.goodreads.com/review/show/370193553?utm_medium=api&utm_source=rss,4,3.27,2.8126278999449936,2.8606176201027456,2.6652901079298643,3.27
"Critical Point of View: A Wikipedia Reader",General Reading,2012,https://www.goodreads.com/review/show/370193297?utm_medium=api&utm_source=rss,3,3.11,2.661176598771086,2.8606176201027456,2.6652901079298643,3.11
"How to Live: A Life of Montaigne in One Question and Twenty Attempts at an Answer",General Reading,2012,https://www.goodreads.com/review/show/370192686?utm_medium=api&utm_source=rss,4,3.97,3.475227342580841,3.134045811789025,2.5386562938085575,3.97
"The Cleanest Race: How North Koreans See Themselves and Why It Matters",General Reading,2012,https://www.goodreads.com/review/show/370191160?utm_medium=api&utm_source=rss,4,3.9,3.4089673983172557,3.1602654121873868,2.621145477958113,3.9
"The Authoritarians",General Reading,2012,https://www.goodreads.com/review/show/370189663?utm_medium=api&utm_source=rss,4,4.3,3.787595651252025,3.4863445750852065,3.0740397452633794,4.3
"Russian Silhouettes: Portraits of the Heroes of a Vanished age",General Reading,2012,https://www.goodreads.com/review/show/370189551?utm_medium=api&utm_source=rss,4,4.24,3.7308014133118106,3.4402107118031364,2.9275548225167403,4.24
"Superior Beings. If They Exist, How Would We Know?: Game-Theoretic Implications of Omnipotence, Omniscience, Immortality, and Incomprehensibility",General Reading,2012,https://www.goodreads.com/review/show/370189366?utm_medium=api&utm_source=rss,4,3.67,3.1912561528797627,3.0735828572891095,2.865842948517334,3.67
"Comics and Sequential Art",General Reading,2012,https://www.goodreads.com/review/show/370189248?utm_medium=api&utm_source=rss,3,4.11,3.6077472311080103,3.290748344706648,2.7622671254511912,4.11
"And Another Thing... (The Hitchhiker's Guide to the Galaxy, #6)",General Reading,2012,https://www.goodreads.com/review/show/370189003?utm_medium=api&utm_source=rss,2,3.58,3.10606479596944,3.0862237927425444,2.8817425997587325,3.58
"Spent: Sex, Evolution, and Consumer Behavior",General Reading,2012,https://www.goodreads.com/review/show/370188760?utm_medium=api&utm_source=rss,5,3.84,3.3521731603770406,3.1840477112016923,2.621145477958113,3.84
"Manga Impact: The World of Japanese Animation",General Reading,2012,https://www.goodreads.com/review/show/370188515?utm_medium=api&utm_source=rss,3,3.67,3.1912561528797627,3.0735828572891095,2.865842948517334,3.67
"Culture and Value",General Reading,2012,https://www.goodreads.com/review/show/370186909?utm_medium=api&utm_source=rss,2,4.13,3.6266786437547487,3.2504111143680525,2.5515307663290194,4.13
"Seeing Like a State: How Certain Schemes to Improve the Human Condition Have Failed",General Reading,2012,https://www.goodreads.com/review/show/370185638?utm_medium=api&utm_source=rss,5,4.21,3.702404294341702,3.4095684461202582,2.895634800768575,4.21
"WikiLeaks: Inside Julian Assange's War on Secrecy",General Reading,2012,https://www.goodreads.com/review/show/370184292?utm_medium=api&utm_source=rss,2,3.48,3.0114077327357482,2.9320672931221257,2.6652901079298643,3.48
"Is Marriage for White People?: How the African American Marriage Decline Affects Everyone",General Reading,2012,https://www.goodreads.com/review/show/370184176?utm_medium=api&utm_source=rss,3,3.8,3.314310335083564,3.15597753343254,2.82691905075889,3.8
"The Best Writing on Mathematics 2010",General Reading,2012,https://www.goodreads.com/review/show/370183690?utm_medium=api&utm_source=rss,4,3.76,3.2764475097900863,3.143957952431198,2.9420243767299623,3.76
"The Truth Machine",General Reading,2012,https://www.goodreads.com/review/show/370183317?utm_medium=api&utm_source=rss,3,3.99,3.4941587552275792,3.109294885935889,2.5386562938085575,3.99
"In the Valley of the Shadow: On the Foundations of Religious Belief",General Reading,2012,https://www.goodreads.com/review/show/370182676?utm_medium=api&utm_source=rss,2,3.65,3.1723247402330252,3.077028370109622,2.865842948517334,3.65
"The Sandman: Book of Dreams",General Reading,2012,https://www.goodreads.com/review/show/370182444?utm_medium=api&utm_source=rss,2,4.3,3.787595651252025,3.4863445750852065,3.0740397452633794,4.3
"The Center Cannot Hold: My Journey Through Madness",General Reading,2012,https://www.goodreads.com/review/show/370182249?utm_medium=api&utm_source=rss,4,4.3,3.787595651252025,3.4863445750852065,3.0740397452633794,4.3
"Melmoth the Wanderer",General Reading,2012,https://www.goodreads.com/review/show/370181761?utm_medium=api&utm_source=rss,4,3.75,3.266981803466718,3.143957952431198,2.9420243767299623,3.75
"Vathek",General Reading,2012,https://www.goodreads.com/review/show/370181587?utm_medium=api&utm_source=rss,3,3.25,2.793696487298256,2.8606176201027456,2.6652901079298643,3.25
"Visual Explanations: Images and Quantities, Evidence and Narrative",General Reading,2012,https://www.goodreads.com/review/show/370180925?utm_medium=api&utm_source=rss,4,4.29,3.7781299449286565,3.4945954908361223,3.0740397452633794,4.29
"I Hope I Shall Arrive Soon",General Reading,2012,https://www.goodreads.com/review/show/370180043?utm_medium=api&utm_source=rss,2,3.95,3.4562959299341025,3.167391229562459,2.645010657526909,3.95
"The Missionary Position: Mother Teresa in Theory and Practice",General Reading,2012,https://www.goodreads.com/review/show/370179868?utm_medium=api&utm_source=rss,4,4.05,3.5509529931677943,3.152219098660406,2.57426083774174,4.05
"The Visual Display of Quantitative Information",General Reading,2012,https://www.goodreads.com/review/show/370179622?utm_medium=api&utm_source=rss,3,4.38,3.86332130183898,3.5961210061167157,2.954018112679327,4.38
"The Ultimate Harry Potter and Philosophy: Hogwarts for Muggles (The Blackwell Philosophy and Pop Culture Series)",General Reading,2012,https://www.goodreads.com/review/show/370179411?utm_medium=api&utm_source=rss,3,4.4,3.8822527144857184,3.6096795378627475,2.9257548071628277,4.4
"The Extended Mind (Bradford Books)",General Reading,2012,https://www.goodreads.com/review/show/370179157?utm_medium=api&utm_source=rss,1,3.58,3.10606479596944,3.0862237927425444,2.8817425997587325,3.58
"Beautiful Evidence",General Reading,2012,https://www.goodreads.com/review/show/370179042?utm_medium=api&utm_source=rss,4,4.15,3.645610056401488,3.2800756050654156,2.6440748476244127,4.15
"Zettel",General Reading,2012,https://www.goodreads.com/review/show/370178627?utm_medium=api&utm_source=rss,3,4.28,3.7686642386052873,3.4776567106026426,3.0740397452633794,4.28
"Is There Anything Good About Men?: How Cultures Flourish by Exploiting Men",General Reading,2012,https://www.goodreads.com/review/show/370178244?utm_medium=api&utm_source=rss,5,3.69,3.210187565526502,3.083161219694678,2.6920097982944986,3.69
"Endgame: Bobby Fischer's Remarkable Rise and Fall—From America's Brightest Prodigy to the Edge of Madness",General Reading,2012,https://www.goodreads.com/review/show/370177941?utm_medium=api&utm_source=rss,3,3.91,3.4184331046406258,3.167601003404526,2.621145477958113,3.91
"Opening Up: A Guide to Creating and Sustaining Open Relationships",General Reading,2012,https://www.goodreads.com/review/show/370177567?utm_medium=api&utm_source=rss,2,4.07,3.5698844058145327,3.280851700523182,2.7622671254511912,4.07
"Steppe",General Reading,2012,https://www.goodreads.com/review/show/370176955?utm_medium=api&utm_source=rss,4,3.55,3.0776676769993325,2.986518498852377,2.6859598715199144,3.55
"Chthon",General Reading,2012,https://www.goodreads.com/review/show/370176797?utm_medium=api&utm_source=rss,1,3.32,2.8599564315618404,2.8606176201027456,2.6652901079298643,3.32
"Under a Velvet Cloak (Incarnations of Immortality, #8)",General Reading,2012,https://www.goodreads.com/review/show/370176741?utm_medium=api&utm_source=rss,2,3.59,3.1155305022928093,3.082543237186989,2.8817425997587325,3.59
"Statesman (Bio of a Space Tyrant, #5)",General Reading,2012,https://www.goodreads.com/review/show/370173156?utm_medium=api&utm_source=rss,3,3.73,3.2480503908199787,3.133739167413593,2.9420243767299623,3.73
"Executive (Bio of a Space Tyrant, #4)",General Reading,2012,https://www.goodreads.com/review/show/370173107?utm_medium=api&utm_source=rss,3,3.73,3.2480503908199787,3.133739167413593,2.9420243767299623,3.73
"Politician (Bio of a Space Tyrant, #3)",General Reading,2012,https://www.goodreads.com/review/show/370173077?utm_medium=api&utm_source=rss,3,3.73,3.2480503908199787,3.133739167413593,2.9420243767299623,3.73
"Mercenary (Bio of a Space Tyrant, #2)",General Reading,2012,https://www.goodreads.com/review/show/370173053?utm_medium=api&utm_source=rss,3,3.81,3.323776041406933,3.151179036164781,2.621145477958113,3.81
"The Dastard (Xanth #24)",General Reading,2012,https://www.goodreads.com/review/show/370172995?utm_medium=api&utm_source=rss,2,3.81,3.323776041406933,3.151179036164781,2.621145477958113,3.81
"Refugee (Bio of a Space Tyrant, #1)",General Reading,2012,https://www.goodreads.com/review/show/370172926?utm_medium=api&utm_source=rss,3,3.74,3.2575160971433488,3.133739167413593,2.9420243767299623,3.74
"Yon Ill Wind (Xanth, #20)",General Reading,2012,https://www.goodreads.com/review/show/370172886?utm_medium=api&utm_source=rss,4,3.77,3.2859132161134554,3.1396523968756425,2.82691905075889,3.77
"Phaze Doubt (Apprentice Adept, #7)",General Reading,2012,https://www.goodreads.com/review/show/370172863?utm_medium=api&utm_source=rss,3,3.83,3.3427074540536714,3.1791866000905817,2.621145477958113,3.83
"Robot Adept (Apprentice Adept, #5)",General Reading,2012,https://www.goodreads.com/review/show/370172738?utm_medium=api&utm_source=rss,2,3.8,3.314310335083564,3.15597753343254,2.82691905075889,3.8
"Out of Phaze (Apprentice Adept, #4)",General Reading,2012,https://www.goodreads.com/review/show/370172699?utm_medium=api&utm_source=rss,3,3.8,3.314310335083564,3.15597753343254,2.82691905075889,3.8
"The Color of Her Panties (Xanth #15)",General Reading,2012,https://www.goodreads.com/review/show/370172665?utm_medium=api&utm_source=rss,3,3.68,3.200721859203133,3.06925610764986,2.6920097982944986,3.68
"Juxtaposition (Apprentice Adept, #3)",General Reading,2012,https://www.goodreads.com/review/show/370172574?utm_medium=api&utm_source=rss,4,3.93,3.437364517287364,3.1705351892940024,2.645010657526909,3.93
"Blue Adept (Apprentice Adept, #2)",General Reading,2012,https://www.goodreads.com/review/show/370172548?utm_medium=api&utm_source=rss,4,3.95,3.4562959299341025,3.167391229562459,2.645010657526909,3.95
"Crewel Lye: A Caustic Yarn (Xanth #8)",General Reading,2012,https://www.goodreads.com/review/show/370172483?utm_medium=api&utm_source=rss,2,3.74,3.2575160971433488,3.133739167413593,2.9420243767299623,3.74
"Split Infinity (Apprentice Adept, #1)",General Reading,2012,https://www.goodreads.com/review/show/370172481?utm_medium=api&utm_source=rss,4,3.97,3.475227342580841,3.134045811789025,2.5386562938085575,3.97
"And Eternity (Incarnations of Immortality, #7)",General Reading,2012,https://www.goodreads.com/review/show/370172482?utm_medium=api&utm_source=rss,4,3.87,3.380570279347148,3.1916184602363327,2.621145477958113,3.87
"For Love of Evil (Incarnations of Immortality, #6)",General Reading,2012,https://www.goodreads.com/review/show/370172367?utm_medium=api&utm_source=rss,4,4.12,3.6172129374313795,3.2779417955487715,2.7622671254511912,4.12
"Ogre, Ogre (Xanth #5)",General Reading,2012,https://www.goodreads.com/review/show/370172229?utm_medium=api&utm_source=rss,3,3.77,3.2859132161134554,3.1396523968756425,2.82691905075889,3.77
"Centaur Aisle (Xanth, #4)",General Reading,2012,https://www.goodreads.com/review/show/370172209?utm_medium=api&utm_source=rss,4,3.81,3.323776041406933,3.151179036164781,2.621145477958113,3.81
"Night Mare (Xanth, #6)",General Reading,2012,https://www.goodreads.com/review/show/370172190?utm_medium=api&utm_source=rss,2,3.86,3.371104573023779,3.186715309829828,2.621145477958113,3.86
"Being a Green Mother (Incarnations of Immortality, #5)",General Reading,2012,https://www.goodreads.com/review/show/370172159?utm_medium=api&utm_source=rss,2,3.97,3.475227342580841,3.134045811789025,2.5386562938085575,3.97
"Wielding a Red Sword (Incarnations of Immortality, #4)",General Reading,2012,https://www.goodreads.com/review/show/370172129?utm_medium=api&utm_source=rss,4,3.95,3.4562959299341025,3.167391229562459,2.645010657526909,3.95
"With a Tangled Skein (Incarnations of Immortality, #3)",General Reading,2012,https://www.goodreads.com/review/show/370172074?utm_medium=api&utm_source=rss,3,4,3.5036244615509484,3.109294885935889,2.5386562938085575,4
"Bearing an Hourglass (Incarnations of Immortality, #2)",General Reading,2012,https://www.goodreads.com/review/show/370172063?utm_medium=api&utm_source=rss,4,3.96,3.4657616362574717,3.1368509099167032,2.5386562938085575,3.96
"Castle Roogna (Xanth, #3)",General Reading,2012,https://www.goodreads.com/review/show/370172060?utm_medium=api&utm_source=rss,2,3.91,3.4184331046406258,3.167601003404526,2.621145477958113,3.91
"The Source of Magic (Xanth, #2)",General Reading,2012,https://www.goodreads.com/review/show/370171985?utm_medium=api&utm_source=rss,3,3.9,3.4089673983172557,3.1602654121873868,2.621145477958113,3.9
"A Spell for Chameleon (Xanth, #1)",General Reading,2012,https://www.goodreads.com/review/show/370171954?utm_medium=api&utm_source=rss,3,3.91,3.4184331046406258,3.167601003404526,2.621145477958113,3.91
"On a Pale Horse (Incarnations of Immortality, #1)",General Reading,2012,https://www.goodreads.com/review/show/370171930?utm_medium=api&utm_source=rss,4,4.13,3.6266786437547487,3.2504111143680525,2.5515307663290194,4.13
"Foundation and Earth (Foundation, #5)",General Reading,2012,https://www.goodreads.com/review/show/370171857?utm_medium=api&utm_source=rss,3,4.06,3.5604186994911635,3.1458820859969077,2.57426083774174,4.06
"Foundation's Edge (Foundation, #4)",General Reading,2012,https://www.goodreads.com/review/show/370171764?utm_medium=api&utm_source=rss,4,4.16,3.6550757627248562,3.2764615559201165,2.6440748476244127,4.16
"Second Foundation (Foundation, #3)",General Reading,2012,https://www.goodreads.com/review/show/370171639?utm_medium=api&utm_source=rss,3,4.27,3.7591985322819172,3.447846145126452,2.9275548225167403,4.27
"Forward the Foundation (Foundation, #7)",General Reading,2012,https://www.goodreads.com/review/show/370171581?utm_medium=api&utm_source=rss,4,4.15,3.645610056401488,3.2800756050654156,2.6440748476244127,4.15
"Prelude to Foundation (Foundation, #6)",General Reading,2012,https://www.goodreads.com/review/show/370171474?utm_medium=api&utm_source=rss,2,4.16,3.6550757627248562,3.2764615559201165,2.6440748476244127,4.16
"Nemesis",General Reading,2012,https://www.goodreads.com/review/show/370171355?utm_medium=api&utm_source=rss,2,3.8,3.314310335083564,3.15597753343254,2.82691905075889,3.8
"The Odyssey",General Reading,2012,https://www.goodreads.com/review/show/370166216?utm_medium=api&utm_source=rss,4,3.81,3.323776041406933,3.151179036164781,2.621145477958113,3.81
"Frankenstein",General Reading,2012,https://www.goodreads.com/review/show/370166171?utm_medium=api&utm_source=rss,2,3.77,3.2859132161134554,3.1396523968756425,2.82691905075889,3.77
"A People’s History of the United States: 1492 - Present",General Reading,2012,https://www.goodreads.com/review/show/370166111?utm_medium=api&utm_source=rss,2,4.08,3.5793501121379028,3.2941670084941954,2.7622671254511912,4.08
"The Giving Tree",General Reading,2012,https://www.goodreads.com/review/show/370165959?utm_medium=api&utm_source=rss,3,4.38,3.86332130183898,3.5961210061167157,2.954018112679327,4.38
"The Crucible",General Reading,2012,https://www.goodreads.com/review/show/370165673?utm_medium=api&utm_source=rss,3,3.61,3.1344619149395485,3.091631454525206,2.8817425997587325,3.61
"Treasure Island",General Reading,2012,https://www.goodreads.com/review/show/370165629?utm_medium=api&utm_source=rss,5,3.84,3.3521731603770406,3.1840477112016923,2.621145477958113,3.84
"Dr. Jekyll and Mr. Hyde",General Reading,2012,https://www.goodreads.com/review/show/370165563?utm_medium=api&utm_source=rss,4,3.84,3.3521731603770406,3.1840477112016923,2.621145477958113,3.84
"The Taming of the Shrew",General Reading,2012,https://www.goodreads.com/review/show/370165453?utm_medium=api&utm_source=rss,2,3.76,3.2764475097900863,3.143957952431198,2.9420243767299623,3.76
"Candide",General Reading,2012,https://www.goodreads.com/review/show/370165388?utm_medium=api&utm_source=rss,3,3.76,3.2764475097900863,3.143957952431198,2.9420243767299623,3.76
"Twenty Thousand Leagues Under the Sea",General Reading,2012,https://www.goodreads.com/review/show/370165332?utm_medium=api&utm_source=rss,5,3.92,3.427898810963994,3.16665920115171,2.621145477958113,3.92
"Where the Red Fern Grows",General Reading,2012,https://www.goodreads.com/review/show/370165294?utm_medium=api&utm_source=rss,4,4.12,3.6172129374313795,3.2779417955487715,2.7622671254511912,4.12
"The Tell-Tale Heart and Other Writings",General Reading,2012,https://www.goodreads.com/review/show/370165206?utm_medium=api&utm_source=rss,4,4.19,3.6834728816949647,3.3149541704042047,2.6440748476244127,4.19
"Journey to the Center of the Earth",General Reading,2012,https://www.goodreads.com/review/show/370164958?utm_medium=api&utm_source=rss,4,3.86,3.371104573023779,3.186715309829828,2.621145477958113,3.86
"Debt of Bones (Sword of Truth, #0.5)",General Reading,2012,https://www.goodreads.com/review/show/370164653?utm_medium=api&utm_source=rss,1,3.88,3.3900359856705173,3.1916184602363327,2.621145477958113,3.88
"Confessor (Sword of Truth, #11)",General Reading,2012,https://www.goodreads.com/review/show/370164606?utm_medium=api&utm_source=rss,3,4.08,3.5793501121379028,3.2941670084941954,2.7622671254511912,4.08
"Chainfire (Sword of Truth, #9)",General Reading,2012,https://www.goodreads.com/review/show/370164566?utm_medium=api&utm_source=rss,2,3.95,3.4562959299341025,3.167391229562459,2.645010657526909,3.95
"Naked Empire (Sword of Truth, #8)",General Reading,2012,https://www.goodreads.com/review/show/370164496?utm_medium=api&utm_source=rss,2,3.82,3.3332417477303022,3.157021060768792,2.621145477958113,3.82
"The Pillars of Creation (Sword of Truth, #7)",General Reading,2012,https://www.goodreads.com/review/show/370164441?utm_medium=api&utm_source=rss,2,3.7,3.219653271849872,3.1058996741370155,2.6920097982944986,3.7
"Soul of the Fire (Sword of Truth, #5)",General Reading,2012,https://www.goodreads.com/review/show/370164405?utm_medium=api&utm_source=rss,2,3.87,3.380570279347148,3.1916184602363327,2.621145477958113,3.87
"Faith of the Fallen (Sword of Truth, #6)",General Reading,2012,https://www.goodreads.com/review/show/370164371?utm_medium=api&utm_source=rss,1,4.1,3.5982815247846403,3.299161823709844,2.7622671254511912,4.1
"Temple of the Winds (Sword of Truth, #4)",General Reading,2012,https://www.goodreads.com/review/show/370164318?utm_medium=api&utm_source=rss,3,4.03,3.532021580521057,3.130877929761123,2.57426083774174,4.03
"Blood of the Fold (Sword of Truth, #3)",General Reading,2012,https://www.goodreads.com/review/show/370164290?utm_medium=api&utm_source=rss,3,3.99,3.4941587552275792,3.109294885935889,2.5386562938085575,3.99
"Wizard's First Rule (Sword of Truth, #1)",General Reading,2012,https://www.goodreads.com/review/show/370163289?utm_medium=api&utm_source=rss,5,4.12,3.6172129374313795,3.2779417955487715,2.7622671254511912,4.12
"Stone of Tears (Sword of Truth, #2)",General Reading,2012,https://www.goodreads.com/review/show/369823973?utm_medium=api&utm_source=rss,4,4.1,3.5982815247846403,3.299161823709844,2.7622671254511912,4.1
"Triss (Redwall, #15)",General Reading,2012,https://www.goodreads.com/review/show/370163875?utm_medium=api&utm_source=rss,4,4.03,3.532021580521057,3.130877929761123,2.57426083774174,4.03
"The Legend of Luke (Redwall, #12)",General Reading,2012,https://www.goodreads.com/review/show/370163839?utm_medium=api&utm_source=rss,2,4.04,3.541487286844425,3.1413284543957407,2.57426083774174,4.04
"Taggerung (Redwall, #14)",General Reading,2012,https://www.goodreads.com/review/show/370163852?utm_medium=api&utm_source=rss,4,4.17,3.6645414690482254,3.2943931354785496,2.6440748476244127,4.17
"Marlfox (Redwall, #11)",General Reading,2012,https://www.goodreads.com/review/show/370163806?utm_medium=api&utm_source=rss,4,4.05,3.5509529931677943,3.152219098660406,2.57426083774174,4.05
"Pearls of Lutra (Redwall, #9)",General Reading,2012,https://www.goodreads.com/review/show/370163771?utm_medium=api&utm_source=rss,4,4.03,3.532021580521057,3.130877929761123,2.57426083774174,4.03
"The Long Patrol (Redwall, #10)",General Reading,2012,https://www.goodreads.com/review/show/370163754?utm_medium=api&utm_source=rss,4,4.14,3.636144350078118,3.2468061167187683,2.5515307663290194,4.14
"Outcast of Redwall (Redwall, #8)",General Reading,2012,https://www.goodreads.com/review/show/370163730?utm_medium=api&utm_source=rss,3,3.95,3.4562959299341025,3.167391229562459,2.645010657526909,3.95
"The Bellmaker (Redwall, #7)",General Reading,2012,https://www.goodreads.com/review/show/370163707?utm_medium=api&utm_source=rss,3,4,3.5036244615509484,3.109294885935889,2.5386562938085575,4
"Mariel of Redwall (Redwall, #4)",General Reading,2012,https://www.goodreads.com/review/show/370163670?utm_medium=api&utm_source=rss,3,4,3.5036244615509484,3.109294885935889,2.5386562938085575,4
"Lord Brocktree (Redwall, #13)",General Reading,2012,https://www.goodreads.com/review/show/370163637?utm_medium=api&utm_source=rss,2,3.99,3.4941587552275792,3.109294885935889,2.5386562938085575,3.99
"Salamandastron (Redwall, #5)",General Reading,2012,https://www.goodreads.com/review/show/370163603?utm_medium=api&utm_source=rss,4,4.11,3.6077472311080103,3.290748344706648,2.7622671254511912,4.11
"Mattimeo (Redwall, #3)",General Reading,2012,https://www.goodreads.com/review/show/370163550?utm_medium=api&utm_source=rss,3,4.08,3.5793501121379028,3.2941670084941954,2.7622671254511912,4.08
"Mossflower (Redwall, #2)",General Reading,2012,https://www.goodreads.com/review/show/370163533?utm_medium=api&utm_source=rss,2,4.12,3.6172129374313795,3.2779417955487715,2.7622671254511912,4.12
"Redwall (Redwall, #1)",General Reading,2012,https://www.goodreads.com/review/show/370163492?utm_medium=api&utm_source=rss,4,4.14,3.636144350078118,3.2468061167187683,2.5515307663290194,4.14
"Heaven's Reach (Uplift Storm Trilogy, #3)",General Reading,2012,https://www.goodreads.com/review/show/370163358?utm_medium=api&utm_source=rss,3,3.97,3.475227342580841,3.134045811789025,2.5386562938085575,3.97
"New Spring (The Wheel of Time, #0)",General Reading,2012,https://www.goodreads.com/review/show/370163231?utm_medium=api&utm_source=rss,1,4.07,3.5698844058145327,3.280851700523182,2.7622671254511912,4.07
"Unfinished Tales",General Reading,2012,https://www.goodreads.com/review/show/370163210?utm_medium=api&utm_source=rss,3,4.01,3.5130901678743176,3.130877929761123,2.57426083774174,4.01
"Interview with the Vampire (The Vampire Chronicles, #1)",General Reading,2012,https://www.goodreads.com/review/show/370163176?utm_medium=api&utm_source=rss,4,4.04,3.541487286844425,3.1413284543957407,2.57426083774174,4.04
"The Sword of Shannara (The Original Shannara Trilogy, #1)",General Reading,2012,https://www.goodreads.com/review/show/370162977?utm_medium=api&utm_source=rss,1,3.79,3.3048446287601947,3.154483880122026,2.82691905075889,3.79
"The Elfstones of Shannara  (The Original Shannara Trilogy, #2)",General Reading,2012,https://www.goodreads.com/review/show/370162963?utm_medium=api&utm_source=rss,1,3.99,3.4941587552275792,3.109294885935889,2.5386562938085575,3.99
"The Druid of Shannara (Heritage of Shannara, #2)",General Reading,2012,https://www.goodreads.com/review/show/370162943?utm_medium=api&utm_source=rss,1,4.05,3.5509529931677943,3.152219098660406,2.57426083774174,4.05
"The Scions of Shannara (Heritage of Shannara, #1)",General Reading,2012,https://www.goodreads.com/review/show/370162933?utm_medium=api&utm_source=rss,1,4.02,3.522555874197687,3.130877929761123,2.57426083774174,4.02
"The Elf Queen of Shannara (Heritage of Shannara, #3)",General Reading,2012,https://www.goodreads.com/review/show/370162909?utm_medium=api&utm_source=rss,1,4.06,3.5604186994911635,3.1458820859969077,2.57426083774174,4.06
"Life of Pi",General Reading,2012,https://www.goodreads.com/review/show/370162343?utm_medium=api&utm_source=rss,4,3.94,3.4468302236107324,3.167391229562459,2.645010657526909,3.94
"The Alienist (Dr. Laszlo Kreizler, #1)",General Reading,2012,https://www.goodreads.com/review/show/370161714?utm_medium=api&utm_source=rss,4,4.06,3.5604186994911635,3.1458820859969077,2.57426083774174,4.06
"The Haunted Mesa",General Reading,2012,https://www.goodreads.com/review/show/370161640?utm_medium=api&utm_source=rss,3,3.79,3.3048446287601947,3.154483880122026,2.82691905075889,3.79
"Utopia",General Reading,2012,https://www.goodreads.com/review/show/370161555?utm_medium=api&utm_source=rss,2,3.86,3.371104573023779,3.186715309829828,2.621145477958113,3.86
"Randomized Clinical Trials: Design, Practice and Reporting",General Reading,2012,https://www.goodreads.com/review/show/370160441?utm_medium=api&utm_source=rss,3,4,3.5036244615509484,3.109294885935889,2.5386562938085575,4
"What Is Life? with Mind and Matter and Autobiographical Sketches",General Reading,2012,https://www.goodreads.com/review/show/370160021?utm_medium=api&utm_source=rss,5,4.16,3.6550757627248562,3.2764615559201165,2.6440748476244127,4.16
"God & Golem, Inc.",General Reading,2012,https://www.goodreads.com/review/show/370159029?utm_medium=api&utm_source=rss,2,3.64,3.162859033909656,3.077028370109622,2.865842948517334,3.64
"Distrust That Particular Flavor",General Reading,2012,https://www.goodreads.com/review/show/370157050?utm_medium=api&utm_source=rss,3,3.77,3.2859132161134554,3.1396523968756425,2.82691905075889,3.77
"Blunder: Why Smart People Make Bad Decisions",General Reading,2012,https://www.goodreads.com/review/show/370156920?utm_medium=api&utm_source=rss,2,3.54,3.0682019706759633,2.986518498852377,2.6652901079298643,3.54
"The Intelligent Universe: A New View of Creation and Evolution",General Reading,2012,https://www.goodreads.com/review/show/370156738?utm_medium=api&utm_source=rss,3,4.03,3.532021580521057,3.130877929761123,2.57426083774174,4.03
"Famous First Bubbles: The Fundamentals of Early Manias",General Reading,2012,https://www.goodreads.com/review/show/370156293?utm_medium=api&utm_source=rss,4,3.26,2.8031621936216244,2.8606176201027456,2.6652901079298643,3.26
"Deep Survival: Who Lives, Who Dies, and Why",General Reading,2012,https://www.goodreads.com/review/show/370155940?utm_medium=api&utm_source=rss,4,3.92,3.427898810963994,3.16665920115171,2.621145477958113,3.92
"Invisible Cities",General Reading,2012,https://www.goodreads.com/review/show/370155044?utm_medium=api&utm_source=rss,5,4.15,3.645610056401488,3.2800756050654156,2.6440748476244127,4.15
"Radiance (Luminosity, #2)",General Reading,2012,https://www.goodreads.com/review/show/370153550?utm_medium=api&utm_source=rss,2,3.81,3.323776041406933,3.151179036164781,2.621145477958113,3.81
"Luminosity (Luminosity, #1)",General Reading,2012,https://www.goodreads.com/review/show/370153518?utm_medium=api&utm_source=rss,3,3.69,3.210187565526502,3.083161219694678,2.6920097982944986,3.69
"U.S.A.: The 42nd Parallel / 1919 / The Big Money",General Reading,2012,https://www.goodreads.com/review/show/370152906?utm_medium=api&utm_source=rss,4,4.11,3.6077472311080103,3.290748344706648,2.7622671254511912,4.11
"Reflections of a Political Economist: Selected Articles on Government Policies and Political Processes",General Reading,2012,https://www.goodreads.com/review/show/370152309?utm_medium=api&utm_source=rss,2,2.5,2.0837685130455625,2.8606176201027456,2.6652901079298643,2.5
"Shining Steel",General Reading,2012,https://www.goodreads.com/review/show/370151927?utm_medium=api&utm_source=rss,3,3.04,2.5949166545075015,2.8606176201027456,2.6652901079298643,3.04
"Nightside City",General Reading,2012,https://www.goodreads.com/review/show/370151769?utm_medium=api&utm_source=rss,2,3.57,3.096599089646071,3.0808205669360933,2.910628499887679,3.57
"On the Beach",General Reading,2012,https://www.goodreads.com/review/show/370148415?utm_medium=api&utm_source=rss,4,3.96,3.4657616362574717,3.1368509099167032,2.5386562938085575,3.96
"TAZ: The Temporary Autonomous Zone (New Autonomy)",General Reading,2012,https://www.goodreads.com/review/show/370144577?utm_medium=api&utm_source=rss,3,3.98,3.48469304890421,3.1166020754783723,2.5386562938085575,3.98
"Silence",General Reading,2012,https://www.goodreads.com/review/show/370144077?utm_medium=api&utm_source=rss,3,4.12,3.6172129374313795,3.2779417955487715,2.7622671254511912,4.12
"Anti-Intellectualism in American Life",General Reading,2012,https://www.goodreads.com/review/show/370143435?utm_medium=api&utm_source=rss,4,4.12,3.6172129374313795,3.2779417955487715,2.7622671254511912,4.12
"The Zen Works of Stonehouse: Poems and Talks of a 14th-Century Chinese Hermit",General Reading,2012,https://www.goodreads.com/review/show/370140125?utm_medium=api&utm_source=rss,2,4.45,3.9295812461025643,3.697616420274242,3.361656719965461,4.45
"Peace on Earth",General Reading,2012,https://www.goodreads.com/review/show/370139907?utm_medium=api&utm_source=rss,3,3.98,3.48469304890421,3.1166020754783723,2.5386562938085575,3.98
"His Master's Voice",General Reading,2012,https://www.goodreads.com/review/show/370139850?utm_medium=api&utm_source=rss,4,4.11,3.6077472311080103,3.290748344706648,2.7622671254511912,4.11
"Li Po and Tu Fu: Poems",General Reading,2012,https://www.goodreads.com/review/show/370139534?utm_medium=api&utm_source=rss,4,4.09,3.588815818461272,3.301044940592961,2.7622671254511912,4.09
"Mark Lombardi: Global Networks",General Reading,2012,https://www.goodreads.com/review/show/370139158?utm_medium=api&utm_source=rss,5,4.4,3.8822527144857184,3.6096795378627475,2.9257548071628277,4.4
"Lilith: A Snake in the Grass (The Four Lords of the Diamond, #1)",General Reading,2012,https://www.goodreads.com/review/show/370134157?utm_medium=api&utm_source=rss,3,3.88,3.3900359856705173,3.1916184602363327,2.621145477958113,3.88
"The Return of Nathan Brazil (Saga of the Well World, #4)",General Reading,2012,https://www.goodreads.com/review/show/370134039?utm_medium=api&utm_source=rss,3,4.02,3.522555874197687,3.130877929761123,2.57426083774174,4.02
"Twilight at the Well of Souls (Saga of the Well World, #5)",General Reading,2012,https://www.goodreads.com/review/show/370133999?utm_medium=api&utm_source=rss,3,4.04,3.541487286844425,3.1413284543957407,2.57426083774174,4.04
"Cerberus: A Wolf in the Fold (The Four Lords of the Diamond, #2)",General Reading,2012,https://www.goodreads.com/review/show/370133887?utm_medium=api&utm_source=rss,2,3.94,3.4468302236107324,3.167391229562459,2.645010657526909,3.94
"Charon: A Dragon at the Gate (The Four Lords of the Diamond, #3)",General Reading,2012,https://www.goodreads.com/review/show/370133857?utm_medium=api&utm_source=rss,3,3.93,3.437364517287364,3.1705351892940024,2.645010657526909,3.93
"Medusa: A Tiger by the Tail (The Four Lords of the Diamond, #4)",General Reading,2012,https://www.goodreads.com/review/show/370133824?utm_medium=api&utm_source=rss,3,3.95,3.4562959299341025,3.167391229562459,2.645010657526909,3.95
"Lords of the Middle Dark (Rings of the Master, #1)",General Reading,2012,https://www.goodreads.com/review/show/370133697?utm_medium=api&utm_source=rss,4,3.82,3.3332417477303022,3.157021060768792,2.621145477958113,3.82
"Pirates of the Thunder (Rings of the Master, #2)",General Reading,2012,https://www.goodreads.com/review/show/370133682?utm_medium=api&utm_source=rss,3,3.87,3.380570279347148,3.1916184602363327,2.621145477958113,3.87
"The Run to Chaos Keep (Quintara Marathon, #2)",General Reading,2012,https://www.goodreads.com/review/show/370133565?utm_medium=api&utm_source=rss,1,3.7,3.219653271849872,3.1058996741370155,2.6920097982944986,3.7
"Echoes of the Well of Souls (Watchers at the Well, #1)",General Reading,2012,https://www.goodreads.com/review/show/370133531?utm_medium=api&utm_source=rss,3,3.86,3.371104573023779,3.186715309829828,2.621145477958113,3.86
"Shadow of the Well of Souls (Watchers at the Well, #2)",General Reading,2012,https://www.goodreads.com/review/show/370133510?utm_medium=api&utm_source=rss,3,3.84,3.3521731603770406,3.1840477112016923,2.621145477958113,3.84
"Watchers At The Well",General Reading,2012,https://www.goodreads.com/review/show/370133480?utm_medium=api&utm_source=rss,3,4.15,3.645610056401488,3.2800756050654156,2.6440748476244127,4.15
"Ghost of the Well of Souls (Saga of the Well World, #7)",General Reading,2012,https://www.goodreads.com/review/show/370133402?utm_medium=api&utm_source=rss,2,3.82,3.3332417477303022,3.157021060768792,2.621145477958113,3.82
"Exiles at the Well of Souls (Saga of the Well World, #2)",General Reading,2012,https://www.goodreads.com/review/show/370133233?utm_medium=api&utm_source=rss,3,3.96,3.4657616362574717,3.1368509099167032,2.5386562938085575,3.96
"Midnight at the Well of Souls (Saga of the Well World, #1)",General Reading,2012,https://www.goodreads.com/review/show/370133207?utm_medium=api&utm_source=rss,3,3.95,3.4562959299341025,3.167391229562459,2.645010657526909,3.95
"The Varieties of Religious Experience",General Reading,2012,https://www.goodreads.com/review/show/370132699?utm_medium=api&utm_source=rss,4,3.98,3.48469304890421,3.1166020754783723,2.5386562938085575,3.98
"Sense and Goodness Without God: A Defense of Metaphysical Naturalism",General Reading,2012,https://www.goodreads.com/review/show/370132352?utm_medium=api&utm_source=rss,3,3.99,3.4941587552275792,3.109294885935889,2.5386562938085575,3.99
"Why I Am Not a Christian: Four Conclusive Reasons to Reject the Faith",General Reading,2012,https://www.goodreads.com/review/show/370132319?utm_medium=api&utm_source=rss,3,3.93,3.437364517287364,3.1705351892940024,2.645010657526909,3.93
"Not the Impossible Faith",General Reading,2012,https://www.goodreads.com/review/show/370132256?utm_medium=api&utm_source=rss,4,4.16,3.6550757627248562,3.2764615559201165,2.6440748476244127,4.16
"Everything is Obvious: Once You Know the Answer",General Reading,2012,https://www.goodreads.com/review/show/370132071?utm_medium=api&utm_source=rss,3,3.82,3.3332417477303022,3.157021060768792,2.621145477958113,3.82
"Exploring the World of Lucid Dreaming",General Reading,2012,https://www.goodreads.com/review/show/370130677?utm_medium=api&utm_source=rss,4,4.22,3.7118700006650713,3.419836382232142,2.9132384554091955,4.22
"Race, Evolution, and Behavior: A Life History Perspective",General Reading,2012,https://www.goodreads.com/review/show/370130572?utm_medium=api&utm_source=rss,4,3.99,3.4941587552275792,3.109294885935889,2.5386562938085575,3.99
"Foreign Babes in Beijing: Behind the Scenes of a New China",General Reading,2012,https://www.goodreads.com/review/show/370128194?utm_medium=api&utm_source=rss,3,3.5,3.0303391453824866,2.9449681630854956,2.6652901079298643,3.5
"Willpower: Rediscovering the Greatest Human Strength",General Reading,2012,https://www.goodreads.com/review/show/370128105?utm_medium=api&utm_source=rss,5,3.94,3.4468302236107324,3.167391229562459,2.645010657526909,3.94
"The Singers of Time",General Reading,2012,https://www.goodreads.com/review/show/370127781?utm_medium=api&utm_source=rss,3,3.47,3.001942026412379,2.9320672931221257,2.6652901079298643,3.47
"Norstrilia",General Reading,2012,https://www.goodreads.com/review/show/370127248?utm_medium=api&utm_source=rss,3,4.02,3.522555874197687,3.130877929761123,2.57426083774174,4.02
"Beelzebub's Tales to His Grandson",General Reading,2012,https://www.goodreads.com/review/show/370126922?utm_medium=api&utm_source=rss,2,4.2,3.692938588018333,3.38316215536463,2.895634800768575,4.2
"Heechee Rendezvous (Heechee Saga, #3)",General Reading,2012,https://www.goodreads.com/review/show/370123885?utm_medium=api&utm_source=rss,3,3.85,3.36163886670041,3.187094234950601,2.621145477958113,3.85
"3001: The Final Odyssey",General Reading,2012,https://www.goodreads.com/review/show/370123681?utm_medium=api&utm_source=rss,3,3.58,3.10606479596944,3.0862237927425444,2.8817425997587325,3.58
"Rendezvous with Rama (Rama, #1)",General Reading,2012,https://www.goodreads.com/review/show/370123635?utm_medium=api&utm_source=rss,3,4.12,3.6172129374313795,3.2779417955487715,2.7622671254511912,4.12
"Artemis Fowl (Artemis Fowl, #1)",General Reading,2012,https://www.goodreads.com/review/show/370122694?utm_medium=api&utm_source=rss,3,3.87,3.380570279347148,3.1916184602363327,2.621145477958113,3.87
"The Handmaid’s Tale (The Handmaid's Tale, #1)",General Reading,2012,https://www.goodreads.com/review/show/370122517?utm_medium=api&utm_source=rss,2,4.15,3.645610056401488,3.2800756050654156,2.6440748476244127,4.15
"Dirk Gently's Holistic Detective Agency (Dirk Gently, #1)",General Reading,2012,https://www.goodreads.com/review/show/370122484?utm_medium=api&utm_source=rss,4,3.98,3.48469304890421,3.1166020754783723,2.5386562938085575,3.98
"The Long Dark Tea-Time of the Soul (Dirk Gently, #2)",General Reading,2012,https://www.goodreads.com/review/show/370122291?utm_medium=api&utm_source=rss,3,4.05,3.5509529931677943,3.152219098660406,2.57426083774174,4.05
"The Three Musketeers",General Reading,2012,https://www.goodreads.com/review/show/370121863?utm_medium=api&utm_source=rss,4,4.09,3.588815818461272,3.301044940592961,2.7622671254511912,4.09
"Sisterhood of Dune (Schools of Dune, #1)",General Reading,2012,https://www.goodreads.com/review/show/370120877?utm_medium=api&utm_source=rss,1,3.86,3.371104573023779,3.186715309829828,2.621145477958113,3.86
"The Tombs of Atuan (Earthsea Cycle, #2)",General Reading,2012,https://www.goodreads.com/review/show/370120203?utm_medium=api&utm_source=rss,4,4.13,3.6266786437547487,3.2504111143680525,2.5515307663290194,4.13
"Tehanu (Earthsea Cycle, #4)",General Reading,2012,https://www.goodreads.com/review/show/370120126?utm_medium=api&utm_source=rss,4,3.98,3.48469304890421,3.1166020754783723,2.5386562938085575,3.98
"Tales from Earthsea (Earthsea Cycle, #5)",General Reading,2012,https://www.goodreads.com/review/show/370120103?utm_medium=api&utm_source=rss,4,3.97,3.475227342580841,3.134045811789025,2.5386562938085575,3.97
"The Other Wind (Earthsea Cycle, #6)",General Reading,2012,https://www.goodreads.com/review/show/370120074?utm_medium=api&utm_source=rss,3,4.17,3.6645414690482254,3.2943931354785496,2.6440748476244127,4.17
"Fables, Vol. 17: Inherit the Wind",General Reading,2012,https://www.goodreads.com/review/show/370119899?utm_medium=api&utm_source=rss,3,4.03,3.532021580521057,3.130877929761123,2.57426083774174,4.03
"Jack of Fables, Vol. 9: The End",General Reading,2012,https://www.goodreads.com/review/show/370119864?utm_medium=api&utm_source=rss,2,3.07,2.623313773477609,2.8606176201027456,2.6652901079298643,3.07
"Jack of Fables, Vol. 8: The Fulminate Blade",General Reading,2012,https://www.goodreads.com/review/show/370119833?utm_medium=api&utm_source=rss,2,3.36,2.897819256855317,2.85243458438846,2.6652901079298643,3.36
"Jack of Fables, Vol. 7: The New Adventures of Jack and Jack",General Reading,2012,https://www.goodreads.com/review/show/370119800?utm_medium=api&utm_source=rss,2,3.42,2.9546134947955323,2.847226251055127,2.6652901079298643,3.42
"Jack of Fables, Vol. 6: The Big Book of War",General Reading,2012,https://www.goodreads.com/review/show/370119766?utm_medium=api&utm_source=rss,2,3.52,3.049270558029225,2.9492579358127684,2.6652901079298643,3.52
"Jack of Fables, Vol. 5: Turning Pages",General Reading,2012,https://www.goodreads.com/review/show/370119742?utm_medium=api&utm_source=rss,2,3.46,2.99247632008901,2.84880958438846,2.6652901079298643,3.46
"Jack of Fables, Vol. 4: Americana",General Reading,2012,https://www.goodreads.com/review/show/370119708?utm_medium=api&utm_source=rss,2,3.49,3.0208734390591174,2.9449681630854956,2.6652901079298643,3.49
"Fables, Vol. 16: Super Team",General Reading,2012,https://www.goodreads.com/review/show/370119666?utm_medium=api&utm_source=rss,3,3.82,3.3332417477303022,3.157021060768792,2.621145477958113,3.82
"Jack of Fables, Vol. 3: The Bad Prince",General Reading,2012,https://www.goodreads.com/review/show/370119634?utm_medium=api&utm_source=rss,2,3.53,3.058736264352594,2.9492579358127684,2.6652901079298643,3.53
"Jack of Fables, Vol. 2: Jack of Hearts",General Reading,2012,https://www.goodreads.com/review/show/370119594?utm_medium=api&utm_source=rss,2,3.53,3.058736264352594,2.9492579358127684,2.6652901079298643,3.53
"Jack of Fables, Vol. 1: The (Nearly) Great Escape",General Reading,2012,https://www.goodreads.com/review/show/370119555?utm_medium=api&utm_source=rss,2,3.6,3.1249962086161793,3.091631454525206,2.8817425997587325,3.6
"Fables, Vol. 13: The Great Fables Crossover",General Reading,2012,https://www.goodreads.com/review/show/370119540?utm_medium=api&utm_source=rss,3,3.44,2.9735449074422706,2.847226251055127,2.6652901079298643,3.44
"Fables, Vol. 14: Witches",General Reading,2012,https://www.goodreads.com/review/show/370119520?utm_medium=api&utm_source=rss,3,4.13,3.6266786437547487,3.2504111143680525,2.5515307663290194,4.13
"Fables, Vol. 15: Rose Red",General Reading,2012,https://www.goodreads.com/review/show/370119494?utm_medium=api&utm_source=rss,3,4.23,3.7213357069884414,3.432424911847278,2.9275548225167403,4.23
"Fables, Vol. 12: The Dark Ages",General Reading,2012,https://www.goodreads.com/review/show/370119467?utm_medium=api&utm_source=rss,3,4.22,3.7118700006650713,3.419836382232142,2.9132384554091955,4.22
"Fables, Vol. 11: War and Pieces",General Reading,2012,https://www.goodreads.com/review/show/370119450?utm_medium=api&utm_source=rss,3,4.25,3.740267119635179,3.4503631739243485,2.9275548225167403,4.25
"Fables, Vol. 9: Sons of Empire",General Reading,2012,https://www.goodreads.com/review/show/370119407?utm_medium=api&utm_source=rss,4,4.21,3.702404294341702,3.4095684461202582,2.895634800768575,4.21
"Fables, Vol. 10: The Good Prince",General Reading,2012,https://www.goodreads.com/review/show/370119406?utm_medium=api&utm_source=rss,4,4.37,3.85385559551561,3.4821218681820705,2.954018112679327,4.37
"Fables, Vol. 7: Arabian Nights (and Days)",General Reading,2012,https://www.goodreads.com/review/show/370119408?utm_medium=api&utm_source=rss,4,4.09,3.588815818461272,3.301044940592961,2.7622671254511912,4.09
"Fables, Vol. 8: Wolves",General Reading,2012,https://www.goodreads.com/review/show/370119319?utm_medium=api&utm_source=rss,3,4.26,3.749732825958548,3.4694619338328896,2.9275548225167403,4.26
"Fables, Vol. 5: The Mean Seasons",General Reading,2012,https://www.goodreads.com/review/show/370119309?utm_medium=api&utm_source=rss,4,4.19,3.6834728816949647,3.3149541704042047,2.6440748476244127,4.19
"Fables, Vol. 3: Storybook Love",General Reading,2012,https://www.goodreads.com/review/show/370119270?utm_medium=api&utm_source=rss,3,4.13,3.6266786437547487,3.2504111143680525,2.5515307663290194,4.13
"Fables, Vol. 6: Homelands",General Reading,2012,https://www.goodreads.com/review/show/370119240?utm_medium=api&utm_source=rss,4,4.29,3.7781299449286565,3.4945954908361223,3.0740397452633794,4.29
"Fables, Vol. 2: Animal Farm",General Reading,2012,https://www.goodreads.com/review/show/370119193?utm_medium=api&utm_source=rss,4,4.11,3.6077472311080103,3.290748344706648,2.7622671254511912,4.11
"Fables, Vol. 4: March of the Wooden Soldiers",General Reading,2012,https://www.goodreads.com/review/show/370119163?utm_medium=api&utm_source=rss,4,4.29,3.7781299449286565,3.4945954908361223,3.0740397452633794,4.29
"Fables, Vol. 1: Legends in Exile",General Reading,2012,https://www.goodreads.com/review/show/370119141?utm_medium=api&utm_source=rss,4,3.98,3.48469304890421,3.1166020754783723,2.5386562938085575,3.98
"History of the Peloponnesian War",General Reading,2012,https://www.goodreads.com/review/show/370115987?utm_medium=api&utm_source=rss,3,3.91,3.4184331046406258,3.167601003404526,2.621145477958113,3.91
"Vitality, Energy, Spirit: A Taoist Sourcebook (Shambhala Dragon Editions)",General Reading,2012,https://www.goodreads.com/review/show/370114838?utm_medium=api&utm_source=rss,3,4.15,3.645610056401488,3.2800756050654156,2.6440748476244127,4.15
"Titus Groan (Gormenghast, #1)",General Reading,2012,https://www.goodreads.com/review/show/370114426?utm_medium=api&utm_source=rss,4,3.91,3.4184331046406258,3.167601003404526,2.621145477958113,3.91
"Gormenghast (Gormenghast, #2)",General Reading,2012,https://www.goodreads.com/review/show/370114352?utm_medium=api&utm_source=rss,5,4.08,3.5793501121379028,3.2941670084941954,2.7622671254511912,4.08
"Titus Alone (Gormenghast, #3)",General Reading,2012,https://www.goodreads.com/review/show/370113836?utm_medium=api&utm_source=rss,1,3.45,2.9830106137656407,2.847226251055127,2.6652901079298643,3.45
"Kick-Ass",General Reading,2012,https://www.goodreads.com/review/show/370112097?utm_medium=api&utm_source=rss,4,4.06,3.5604186994911635,3.1458820859969077,2.57426083774174,4.06
"Angels & Demons (Robert Langdon, #1)",General Reading,2012,https://www.goodreads.com/review/show/370110220?utm_medium=api&utm_source=rss,1,3.95,3.4562959299341025,3.167391229562459,2.645010657526909,3.95
"Madame Bovary",General Reading,2012,https://www.goodreads.com/review/show/370107896?utm_medium=api&utm_source=rss,2,3.71,3.2291189781732403,3.1180525219192736,2.6920097982944986,3.71
"The Morning of the Magicians",General Reading,2012,https://www.goodreads.com/review/show/370107828?utm_medium=api&utm_source=rss,4,3.93,3.437364517287364,3.1705351892940024,2.645010657526909,3.93
"The Lost World (Professor Challenger, #1)",General Reading,2012,https://www.goodreads.com/review/show/370106759?utm_medium=api&utm_source=rss,4,3.92,3.427898810963994,3.16665920115171,2.621145477958113,3.92
"Count Belisarius",General Reading,2012,https://www.goodreads.com/review/show/370105020?utm_medium=api&utm_source=rss,4,4.06,3.5604186994911635,3.1458820859969077,2.57426083774174,4.06
"Breaking Open the Head: A Psychedelic Journey into the Heart of Contemporary Shamanism",General Reading,2012,https://www.goodreads.com/review/show/370104362?utm_medium=api&utm_source=rss,3,4.07,3.5698844058145327,3.280851700523182,2.7622671254511912,4.07
"Human Accomplishment: The Pursuit of Excellence in the Arts and Sciences, 800 B.C. to 1950",General Reading,2012,https://www.goodreads.com/review/show/370104290?utm_medium=api&utm_source=rss,5,3.98,3.48469304890421,3.1166020754783723,2.5386562938085575,3.98
"The Philosophical Baby: What Children's Minds Tell Us About Truth, Love, and the Meaning of Life",General Reading,2012,https://www.goodreads.com/review/show/370103849?utm_medium=api&utm_source=rss,4,3.75,3.266981803466718,3.143957952431198,2.9420243767299623,3.75
"Tomorrow's Eve",General Reading,2012,https://www.goodreads.com/review/show/370103491?utm_medium=api&utm_source=rss,3,3.22,2.7652993683281477,2.8606176201027456,2.6652901079298643,3.22
"Captain Sir Richard Francis Burton: The Secret Agent Who Made the Pilgrimage to Mecca, Discovered the Kama Sutra and Brought the Arabian Nights to the West",General Reading,2012,https://www.goodreads.com/review/show/370099962?utm_medium=api&utm_source=rss,4,4.26,3.749732825958548,3.4694619338328896,2.9275548225167403,4.26
"Twisting the Rope (Black Dragon, #2)",General Reading,2012,https://www.goodreads.com/review/show/370095662?utm_medium=api&utm_source=rss,3,3.62,3.1439276212629177,3.091631454525206,2.8817425997587325,3.62
"Beowulf",General Reading,2012,https://www.goodreads.com/review/show/370094705?utm_medium=api&utm_source=rss,5,3.47,3.001942026412379,2.9320672931221257,2.6652901079298643,3.47
"Little, Big",General Reading,2012,https://www.goodreads.com/review/show/370088977?utm_medium=api&utm_source=rss,5,3.81,3.323776041406933,3.151179036164781,2.621145477958113,3.81
"A Farewell to Alms: A Brief Economic History of the World",General Reading,2012,https://www.goodreads.com/review/show/370088400?utm_medium=api&utm_source=rss,5,3.74,3.2575160971433488,3.133739167413593,2.9420243767299623,3.74
"The Confessions of Aleister Crowley: An Autohagiography",General Reading,2012,https://www.goodreads.com/review/show/370088106?utm_medium=api&utm_source=rss,5,3.98,3.48469304890421,3.1166020754783723,2.5386562938085575,3.98
"The Case of the Animals versus Man Before the King of the Jinn: An English Translation of EPISTLE 22",General Reading,2012,https://www.goodreads.com/review/show/370087942?utm_medium=api&utm_source=rss,4,4.12,3.6172129374313795,3.2779417955487715,2.7622671254511912,4.12
"A Colder War (Great Science Fiction Stories)",General Reading,2012,https://www.goodreads.com/review/show/370085058?utm_medium=api&utm_source=rss,5,4.21,3.702404294341702,3.4095684461202582,2.895634800768575,4.21
"A Shadow in Summer (Long Price Quartet, #1)",General Reading,2012,https://www.goodreads.com/review/show/370084620?utm_medium=api&utm_source=rss,4,3.63,3.153393327586286,3.0809569415381937,2.865842948517334,3.63
"The Advent of the Algorithm: The 300-Year Journey from an Idea to the Computer",General Reading,2012,https://www.goodreads.com/review/show/370084330?utm_medium=api&utm_source=rss,3,3.43,2.9640792011189014,2.847226251055127,2.6652901079298643,3.43
"History of the Second World War",General Reading,2012,https://www.goodreads.com/review/show/370083525?utm_medium=api&utm_source=rss,4,4.21,3.702404294341702,3.4095684461202582,2.895634800768575,4.21
"Queen Victoria's Little Wars",General Reading,2012,https://www.goodreads.com/review/show/370083242?utm_medium=api&utm_source=rss,4,4.14,3.636144350078118,3.2468061167187683,2.5515307663290194,4.14
"Lucky Wander Boy",General Reading,2012,https://www.goodreads.com/review/show/370080197?utm_medium=api&utm_source=rss,4,3.53,3.058736264352594,2.9492579358127684,2.6652901079298643,3.53
"Shadow of the Giant (The Shadow #4)",General Reading,2012,https://www.goodreads.com/review/show/370061504?utm_medium=api&utm_source=rss,3,4.01,3.5130901678743176,3.130877929761123,2.57426083774174,4.01
"Shadow Puppets (The Shadow Series, #3)",General Reading,2012,https://www.goodreads.com/review/show/370061478?utm_medium=api&utm_source=rss,4,3.89,3.3995016919938865,3.1694320895565324,2.621145477958113,3.89
"Shadow of the Hegemon (The Shadow Series, #2)",General Reading,2012,https://www.goodreads.com/review/show/370061457?utm_medium=api&utm_source=rss,3,3.96,3.4657616362574717,3.1368509099167032,2.5386562938085575,3.96
"Speaker for the Dead (Ender's Saga, #2)",General Reading,2012,https://www.goodreads.com/review/show/370061410?utm_medium=api&utm_source=rss,3,4.1,3.5982815247846403,3.299161823709844,2.7622671254511912,4.1
"Modern Operating Systems",General Reading,2012,https://www.goodreads.com/review/show/370058906?utm_medium=api&utm_source=rss,4,4.15,3.645610056401488,3.2800756050654156,2.6440748476244127,4.15
"Against the Day",General Reading,2012,https://www.goodreads.com/review/show/370057730?utm_medium=api&utm_source=rss,5,4.02,3.522555874197687,3.130877929761123,2.57426083774174,4.02
"Mason & Dixon",General Reading,2012,https://www.goodreads.com/review/show/370057718?utm_medium=api&utm_source=rss,3,4.14,3.636144350078118,3.2468061167187683,2.5515307663290194,4.14
"Vineland",General Reading,2012,https://www.goodreads.com/review/show/370057692?utm_medium=api&utm_source=rss,3,3.75,3.266981803466718,3.143957952431198,2.9420243767299623,3.75
"Gravity’s Rainbow",General Reading,2012,https://www.goodreads.com/review/show/370057642?utm_medium=api&utm_source=rss,5,4.01,3.5130901678743176,3.130877929761123,2.57426083774174,4.01
"The Crying of Lot 49",General Reading,2012,https://www.goodreads.com/review/show/370057499?utm_medium=api&utm_source=rss,4,3.7,3.219653271849872,3.1058996741370155,2.6920097982944986,3.7
"The Professor and the Madman: A Tale of Murder, Insanity and the Making of the Oxford English Dictionary",General Reading,2012,https://www.goodreads.com/review/show/370057474?utm_medium=api&utm_source=rss,3,3.84,3.3521731603770406,3.1840477112016923,2.621145477958113,3.84
"Lord of the Flies",General Reading,2012,https://www.goodreads.com/review/show/370057382?utm_medium=api&utm_source=rss,4,3.7,3.219653271849872,3.1058996741370155,2.6920097982944986,3.7
"Gulliver’s Travels",General Reading,2012,https://www.goodreads.com/review/show/370057131?utm_medium=api&utm_source=rss,4,3.59,3.1155305022928093,3.082543237186989,2.8817425997587325,3.59
"James and the Giant Peach",General Reading,2012,https://www.goodreads.com/review/show/370056388?utm_medium=api&utm_source=rss,5,4.04,3.541487286844425,3.1413284543957407,2.57426083774174,4.04
"The Once and Future King (The Once and Future King, #1-4)",General Reading,2012,https://www.goodreads.com/review/show/370055970?utm_medium=api&utm_source=rss,4,4.09,3.588815818461272,3.301044940592961,2.7622671254511912,4.09
"White Fang",General Reading,2012,https://www.goodreads.com/review/show/370055932?utm_medium=api&utm_source=rss,4,4,3.5036244615509484,3.109294885935889,2.5386562938085575,4
"The Invisible Man",General Reading,2012,https://www.goodreads.com/review/show/370055869?utm_medium=api&utm_source=rss,2,3.63,3.153393327586286,3.0809569415381937,2.865842948517334,3.63
"An American Tragedy",General Reading,2012,https://www.goodreads.com/review/show/370055811?utm_medium=api&utm_source=rss,1,3.94,3.4468302236107324,3.167391229562459,2.645010657526909,3.94
"Anna Karenina",General Reading,2012,https://www.goodreads.com/review/show/370055118?utm_medium=api&utm_source=rss,3,4.05,3.5509529931677943,3.152219098660406,2.57426083774174,4.05
"Creative Destruction: How Globalization Is Changing the World's Cultures",General Reading,2012,https://www.goodreads.com/review/show/370054553?utm_medium=api&utm_source=rss,5,3.64,3.162859033909656,3.077028370109622,2.865842948517334,3.64
"Macbeth",General Reading,2012,https://www.goodreads.com/review/show/370054375?utm_medium=api&utm_source=rss,4,3.9,3.4089673983172557,3.1602654121873868,2.621145477958113,3.9
"Nickel and Dimed: On (Not) Getting By in America",General Reading,2012,https://www.goodreads.com/review/show/370053485?utm_medium=api&utm_source=rss,4,3.65,3.1723247402330252,3.077028370109622,2.865842948517334,3.65
"Logicomix: An Epic Search for Truth",General Reading,2012,https://www.goodreads.com/review/show/370053127?utm_medium=api&utm_source=rss,2,4.05,3.5509529931677943,3.152219098660406,2.57426083774174,4.05
"A Connecticut Yankee in King Arthur's Court",General Reading,2012,https://www.goodreads.com/review/show/370053014?utm_medium=api&utm_source=rss,4,3.54,3.0682019706759633,2.986518498852377,2.6652901079298643,3.54
"Where the Sidewalk Ends",General Reading,2012,https://www.goodreads.com/review/show/370052894?utm_medium=api&utm_source=rss,4,4.35,3.8349241828688716,3.439714795599229,2.954018112679327,4.35
"The Autobiography of Benjamin Franklin",General Reading,2012,https://www.goodreads.com/review/show/370052861?utm_medium=api&utm_source=rss,4,3.8,3.314310335083564,3.15597753343254,2.82691905075889,3.8
"The Great Stagnation: How America Ate All The Low-Hanging Fruit of Modern History, Got Sick, and Will (Eventually) Feel Better",General Reading,2012,https://www.goodreads.com/review/show/370051855?utm_medium=api&utm_source=rss,4,3.74,3.2575160971433488,3.133739167413593,2.9420243767299623,3.74
"Waiting for Godot",General Reading,2012,https://www.goodreads.com/review/show/370051690?utm_medium=api&utm_source=rss,4,3.85,3.36163886670041,3.187094234950601,2.621145477958113,3.85
"The Complete Maus",General Reading,2012,https://www.goodreads.com/review/show/370051390?utm_medium=api&utm_source=rss,4,4.58,4.052635428306365,3.656207828865651,3.361656719965461,4.58
"The Giver (The Giver, #1)",General Reading,2012,https://www.goodreads.com/review/show/370049999?utm_medium=api&utm_source=rss,2,4.12,3.6172129374313795,3.2779417955487715,2.7622671254511912,4.12
"Behemoth: Seppuku (Rifters, #3B)",General Reading,2012,https://www.goodreads.com/review/show/370049259?utm_medium=api&utm_source=rss,3,3.72,3.2385846844966104,3.1326049682793937,2.9420243767299623,3.72
"Behemoth: β-Max (Rifters, #3A)",General Reading,2012,https://www.goodreads.com/review/show/370049245?utm_medium=api&utm_source=rss,4,3.74,3.2575160971433488,3.133739167413593,2.9420243767299623,3.74
"Maelstrom (Rifters, #2)",General Reading,2012,https://www.goodreads.com/review/show/370049222?utm_medium=api&utm_source=rss,4,3.83,3.3427074540536714,3.1791866000905817,2.621145477958113,3.83
"Starfish (Rifters, #1)",General Reading,2012,https://www.goodreads.com/review/show/370049183?utm_medium=api&utm_source=rss,4,3.94,3.4468302236107324,3.167391229562459,2.645010657526909,3.94
"The Ego Tunnel: The Science of the Mind and the Myth of the Self",General Reading,2012,https://www.goodreads.com/review/show/370048767?utm_medium=api&utm_source=rss,4,4.1,3.5982815247846403,3.299161823709844,2.7622671254511912,4.1
"The Brothers Karamazov",General Reading,2012,https://www.goodreads.com/review/show/370032036?utm_medium=api&utm_source=rss,4,4.37,3.85385559551561,3.4821218681820705,2.954018112679327,4.37
"The Night Manager",General Reading,2012,https://www.goodreads.com/review/show/369984739?utm_medium=api&utm_source=rss,2,3.82,3.3332417477303022,3.157021060768792,2.621145477958113,3.82
"The Tailor of Panama",General Reading,2012,https://www.goodreads.com/review/show/369984634?utm_medium=api&utm_source=rss,3,3.52,3.049270558029225,2.9492579358127684,2.6652901079298643,3.52
"A Most Wanted Man",General Reading,2012,https://www.goodreads.com/review/show/369984326?utm_medium=api&utm_source=rss,2,3.52,3.049270558029225,2.9492579358127684,2.6652901079298643,3.52
"Smiley's People (George Smiley, #7; Karla Trilogy, #3)",General Reading,2012,https://www.goodreads.com/review/show/369984278?utm_medium=api&utm_source=rss,3,4.27,3.7591985322819172,3.447846145126452,2.9275548225167403,4.27
"Tinker, Tailor, Soldier, Spy",General Reading,2012,https://www.goodreads.com/review/show/369984174?utm_medium=api&utm_source=rss,4,4.04,3.541487286844425,3.1413284543957407,2.57426083774174,4.04
"The Origin of Consciousness in the Breakdown of the Bicameral Mind",General Reading,2012,https://www.goodreads.com/review/show/369981100?utm_medium=api&utm_source=rss,5,4.25,3.740267119635179,3.4503631739243485,2.9275548225167403,4.25
"Democracy in America",General Reading,2012,https://www.goodreads.com/review/show/369978583?utm_medium=api&utm_source=rss,4,4.04,3.541487286844425,3.1413284543957407,2.57426083774174,4.04
"The Terminal Man",General Reading,2012,https://www.goodreads.com/review/show/369975268?utm_medium=api&utm_source=rss,2,3.42,2.9546134947955323,2.847226251055127,2.6652901079298643,3.42
"Eaters of the Dead",General Reading,2012,https://www.goodreads.com/review/show/369975037?utm_medium=api&utm_source=rss,4,3.7,3.219653271849872,3.1058996741370155,2.6920097982944986,3.7
"Rising Sun",General Reading,2012,https://www.goodreads.com/review/show/369975019?utm_medium=api&utm_source=rss,3,3.66,3.1817904465563944,3.0735828572891095,2.865842948517334,3.66
"Airframe",General Reading,2012,https://www.goodreads.com/review/show/369975011?utm_medium=api&utm_source=rss,4,3.74,3.2575160971433488,3.133739167413593,2.9420243767299623,3.74
"The Lost World (Jurassic Park, #2)",General Reading,2012,https://www.goodreads.com/review/show/369975006?utm_medium=api&utm_source=rss,3,3.86,3.371104573023779,3.186715309829828,2.621145477958113,3.86
"Prey",General Reading,2012,https://www.goodreads.com/review/show/369974926?utm_medium=api&utm_source=rss,1,3.79,3.3048446287601947,3.154483880122026,2.82691905075889,3.79
"Congo",General Reading,2012,https://www.goodreads.com/review/show/369974890?utm_medium=api&utm_source=rss,4,3.63,3.153393327586286,3.0809569415381937,2.865842948517334,3.63
"Sphere",General Reading,2012,https://www.goodreads.com/review/show/369974867?utm_medium=api&utm_source=rss,4,3.83,3.3427074540536714,3.1791866000905817,2.621145477958113,3.83
"The Andromeda Strain (Andromeda, #1)",General Reading,2012,https://www.goodreads.com/review/show/369974840?utm_medium=api&utm_source=rss,3,3.92,3.427898810963994,3.16665920115171,2.621145477958113,3.92
"Timeline",General Reading,2012,https://www.goodreads.com/review/show/369974824?utm_medium=api&utm_source=rss,2,3.87,3.380570279347148,3.1916184602363327,2.621145477958113,3.87
"Jurassic Park (Jurassic Park, #1)",General Reading,2012,https://www.goodreads.com/review/show/369974791?utm_medium=api&utm_source=rss,4,3.9,3.4089673983172557,3.1602654121873868,2.621145477958113,3.9
"The Path of Daggers (The Wheel of Time, #8)",General Reading,2012,https://www.goodreads.com/review/show/369974200?utm_medium=api&utm_source=rss,3,3.91,3.4184331046406258,3.167601003404526,2.621145477958113,3.91
"The Gathering Storm (The Wheel of Time, #12)",General Reading,2012,https://www.goodreads.com/review/show/369973864?utm_medium=api&utm_source=rss,3,4.42,3.901184127132456,3.7046565988456712,3.361656719965461,4.42
"The Ghost Brigades (Old Man's War, #2)",General Reading,2012,https://www.goodreads.com/review/show/369973538?utm_medium=api&utm_source=rss,3,4.1,3.5982815247846403,3.299161823709844,2.7622671254511912,4.1
"Rationality and the Reflective Mind",General Reading,2012,https://www.goodreads.com/review/show/369973082?utm_medium=api&utm_source=rss,5,4.07,3.5698844058145327,3.280851700523182,2.7622671254511912,4.07
"Ghostwritten",General Reading,2012,https://www.goodreads.com/review/show/369971625?utm_medium=api&utm_source=rss,4,4.06,3.5604186994911635,3.1458820859969077,2.57426083774174,4.06
"Number9Dream",General Reading,2012,https://www.goodreads.com/review/show/369971594?utm_medium=api&utm_source=rss,5,3.88,3.3900359856705173,3.1916184602363327,2.621145477958113,3.88
"Cloud Atlas",General Reading,2012,https://www.goodreads.com/review/show/369971537?utm_medium=api&utm_source=rss,4,4.02,3.522555874197687,3.130877929761123,2.57426083774174,4.02
"The Transparent Society: Will Technology Force Us to Choose Between Privacy and Freedom?",General Reading,2012,https://www.goodreads.com/review/show/369960118?utm_medium=api&utm_source=rss,5,3.93,3.437364517287364,3.1705351892940024,2.645010657526909,3.93
"The Practice Effect",General Reading,2012,https://www.goodreads.com/review/show/369960065?utm_medium=api&utm_source=rss,1,3.74,3.2575160971433488,3.133739167413593,2.9420243767299623,3.74
"Foundation's Triumph (Second Foundation Trilogy, #3)",General Reading,2012,https://www.goodreads.com/review/show/369960013?utm_medium=api&utm_source=rss,3,4.01,3.5130901678743176,3.130877929761123,2.57426083774174,4.01
"Earth",General Reading,2012,https://www.goodreads.com/review/show/369959981?utm_medium=api&utm_source=rss,4,3.93,3.437364517287364,3.1705351892940024,2.645010657526909,3.93
"Brightness Reef (Uplift Storm Trilogy, #1)",General Reading,2012,https://www.goodreads.com/review/show/369959961?utm_medium=api&utm_source=rss,3,3.92,3.427898810963994,3.16665920115171,2.621145477958113,3.92
"The Eye of the World (The Wheel of Time, #1)",General Reading,2012,https://www.goodreads.com/review/show/369959578?utm_medium=api&utm_source=rss,4,4.19,3.6834728816949647,3.3149541704042047,2.6440748476244127,4.19
"Thus Spoke Zarathustra",General Reading,2012,https://www.goodreads.com/review/show/369959522?utm_medium=api&utm_source=rss,3,4.1,3.5982815247846403,3.299161823709844,2.7622671254511912,4.1
"The Consolation of Philosophy",General Reading,2012,https://www.goodreads.com/review/show/369959418?utm_medium=api&utm_source=rss,5,4.04,3.541487286844425,3.1413284543957407,2.57426083774174,4.04
"On the Genealogy of Morals / Ecce Homo",General Reading,2012,https://www.goodreads.com/review/show/369959190?utm_medium=api&utm_source=rss,3,4.17,3.6645414690482254,3.2943931354785496,2.6440748476244127,4.17
"Anthem",General Reading,2012,https://www.goodreads.com/review/show/369959070?utm_medium=api&utm_source=rss,1,3.59,3.1155305022928093,3.082543237186989,2.8817425997587325,3.59
"Tao Te Ching",General Reading,2012,https://www.goodreads.com/review/show/369959006?utm_medium=api&utm_source=rss,4,4.33,3.8159927702221332,3.4097739629405854,2.954018112679327,4.33
"The I Ching or Book of Changes",General Reading,2012,https://www.goodreads.com/review/show/369958964?utm_medium=api&utm_source=rss,2,4.2,3.692938588018333,3.38316215536463,2.895634800768575,4.2
"A Modest Proposal",General Reading,2012,https://www.goodreads.com/review/show/369958899?utm_medium=api&utm_source=rss,4,4.04,3.541487286844425,3.1413284543957407,2.57426083774174,4.04
"The Hero With a Thousand Faces",General Reading,2012,https://www.goodreads.com/review/show/369958713?utm_medium=api&utm_source=rss,3,4.15,3.645610056401488,3.2800756050654156,2.6440748476244127,4.15
"Common Sense",General Reading,2012,https://www.goodreads.com/review/show/369958717?utm_medium=api&utm_source=rss,4,3.96,3.4657616362574717,3.1368509099167032,2.5386562938085575,3.96
"Startide Rising (The Uplift Saga, #2)",General Reading,2012,https://www.goodreads.com/review/show/369958636?utm_medium=api&utm_source=rss,4,4.05,3.5509529931677943,3.152219098660406,2.57426083774174,4.05
"Sundiver (The Uplift Saga, #1)",General Reading,2012,https://www.goodreads.com/review/show/369958372?utm_medium=api&utm_source=rss,3,3.7,3.219653271849872,3.1058996741370155,2.6920097982944986,3.7
"First King of Shannara (The Original Shannara Trilogy, #0)",General Reading,2012,https://www.goodreads.com/review/show/369958318?utm_medium=api&utm_source=rss,1,3.97,3.475227342580841,3.134045811789025,2.5386562938085575,3.97
"The Wizard and the War Machine (War Surplus, #2)",General Reading,2012,https://www.goodreads.com/review/show/369957008?utm_medium=api&utm_source=rss,1,3.57,3.096599089646071,3.0808205669360933,2.910628499887679,3.57
"Sea of Silver Light (Otherland, #4)",General Reading,2012,https://www.goodreads.com/review/show/369956939?utm_medium=api&utm_source=rss,2,4.15,3.645610056401488,3.2800756050654156,2.6440748476244127,4.15
"Mountain of Black Glass (Otherland, #3)",General Reading,2012,https://www.goodreads.com/review/show/369956911?utm_medium=api&utm_source=rss,2,4.07,3.5698844058145327,3.280851700523182,2.7622671254511912,4.07
"River of Blue Fire (Otherland, #2)",General Reading,2012,https://www.goodreads.com/review/show/369826433?utm_medium=api&utm_source=rss,2,4.03,3.532021580521057,3.130877929761123,2.57426083774174,4.03
"The Clash of Civilizations and the Remaking of World Order",General Reading,2012,https://www.goodreads.com/review/show/369955823?utm_medium=api&utm_source=rss,2,3.76,3.2764475097900863,3.143957952431198,2.9420243767299623,3.76
"Franz Kafka's The Castle (Dramatization)",General Reading,2012,https://www.goodreads.com/review/show/369955764?utm_medium=api&utm_source=rss,3,4.1,3.5982815247846403,3.299161823709844,2.7622671254511912,4.1
"What Technology Wants",General Reading,2012,https://www.goodreads.com/review/show/369955693?utm_medium=api&utm_source=rss,4,3.72,3.2385846844966104,3.1326049682793937,2.9420243767299623,3.72
"Zen in the Art of Archery",General Reading,2012,https://www.goodreads.com/review/show/369955643?utm_medium=api&utm_source=rss,3,3.99,3.4941587552275792,3.109294885935889,2.5386562938085575,3.99
"Freedom Evolves",General Reading,2012,https://www.goodreads.com/review/show/369954717?utm_medium=api&utm_source=rss,4,3.82,3.3332417477303022,3.157021060768792,2.621145477958113,3.82
"The Wisdom of Crowds",General Reading,2012,https://www.goodreads.com/review/show/369954352?utm_medium=api&utm_source=rss,4,3.82,3.3332417477303022,3.157021060768792,2.621145477958113,3.82
"Breaking the Spell: Religion as a Natural Phenomenon",General Reading,2012,https://www.goodreads.com/review/show/369954234?utm_medium=api&utm_source=rss,3,3.89,3.3995016919938865,3.1694320895565324,2.621145477958113,3.89
"The Da Vinci Code (Robert Langdon, #2)",General Reading,2012,https://www.goodreads.com/review/show/369951177?utm_medium=api&utm_source=rss,2,3.92,3.427898810963994,3.16665920115171,2.621145477958113,3.92
"Digital Fortress",General Reading,2012,https://www.goodreads.com/review/show/369951101?utm_medium=api&utm_source=rss,1,3.71,3.2291189781732403,3.1180525219192736,2.6920097982944986,3.71
"The Shallows: What the Internet is Doing to Our Brains",General Reading,2012,https://www.goodreads.com/review/show/369950984?utm_medium=api&utm_source=rss,2,3.8,3.314310335083564,3.15597753343254,2.82691905075889,3.8
"Siddhartha",General Reading,2012,https://www.goodreads.com/review/show/369950728?utm_medium=api&utm_source=rss,4,3.85,3.36163886670041,3.187094234950601,2.621145477958113,3.85
"Crime and Punishment",General Reading,2012,https://www.goodreads.com/review/show/369949812?utm_medium=api&utm_source=rss,4,4.27,3.7591985322819172,3.447846145126452,2.9275548225167403,4.27
"The Name of the Wind (The Kingkiller Chronicle, #1)",General Reading,2012,https://www.goodreads.com/review/show/369949598?utm_medium=api&utm_source=rss,4,4.52,3.9958411903661486,3.656207828865651,3.361656719965461,4.52
"The Hunger Games (The Hunger Games, #1)",General Reading,2012,https://www.goodreads.com/review/show/369949542?utm_medium=api&utm_source=rss,3,4.35,3.8349241828688716,3.439714795599229,2.954018112679327,4.35
"The Door Into Summer",General Reading,2012,https://www.goodreads.com/review/show/369946704?utm_medium=api&utm_source=rss,4,4.01,3.5130901678743176,3.130877929761123,2.57426083774174,4.01
"The Cat Who Walks Through Walls",General Reading,2012,https://www.goodreads.com/review/show/369946657?utm_medium=api&utm_source=rss,2,3.72,3.2385846844966104,3.1326049682793937,2.9420243767299623,3.72
"Time Enough for Love",General Reading,2012,https://www.goodreads.com/review/show/369946626?utm_medium=api&utm_source=rss,2,3.96,3.4657616362574717,3.1368509099167032,2.5386562938085575,3.96
"Forty Thousand in Gehenna (Unionside, #1)",General Reading,2012,https://www.goodreads.com/review/show/369946077?utm_medium=api&utm_source=rss,2,3.81,3.323776041406933,3.151179036164781,2.621145477958113,3.81
"Perdido Street Station (New Crobuzon, #1)",General Reading,2012,https://www.goodreads.com/review/show/369945671?utm_medium=api&utm_source=rss,4,3.98,3.48469304890421,3.1166020754783723,2.5386562938085575,3.98
"Foundation and Empire (Foundation, #2)",General Reading,2012,https://www.goodreads.com/review/show/369944863?utm_medium=api&utm_source=rss,4,4.23,3.7213357069884414,3.432424911847278,2.9275548225167403,4.23
"Fahrenheit 451",General Reading,2012,https://www.goodreads.com/review/show/369944828?utm_medium=api&utm_source=rss,4,3.96,3.4657616362574717,3.1368509099167032,2.5386562938085575,3.96
"Darwin's Radio (Darwin's Radio, #1)",General Reading,2012,https://www.goodreads.com/review/show/369944705?utm_medium=api&utm_source=rss,4,3.72,3.2385846844966104,3.1326049682793937,2.9420243767299623,3.72
"Blue Mars (Mars Trilogy, #3)",General Reading,2012,https://www.goodreads.com/review/show/369944651?utm_medium=api&utm_source=rss,4,3.94,3.4468302236107324,3.167391229562459,2.645010657526909,3.94
"Stranger in a Strange Land",General Reading,2012,https://www.goodreads.com/review/show/369944408?utm_medium=api&utm_source=rss,4,3.93,3.437364517287364,3.1705351892940024,2.645010657526909,3.93
"Do Androids Dream of Electric Sheep?",General Reading,2012,https://www.goodreads.com/review/show/369944377?utm_medium=api&utm_source=rss,3,4.08,3.5793501121379028,3.2941670084941954,2.7622671254511912,4.08
"The Stars My Destination",General Reading,2012,https://www.goodreads.com/review/show/369944326?utm_medium=api&utm_source=rss,5,4.07,3.5698844058145327,3.280851700523182,2.7622671254511912,4.07
"Singularity Sky (Eschaton, #1)",General Reading,2012,https://www.goodreads.com/review/show/369944179?utm_medium=api&utm_source=rss,3,3.84,3.3521731603770406,3.1840477112016923,2.621145477958113,3.84
"The Dispossessed: An Ambiguous Utopia",General Reading,2012,https://www.goodreads.com/review/show/369944112?utm_medium=api&utm_source=rss,1,4.25,3.740267119635179,3.4503631739243485,2.9275548225167403,4.25
"Never Let Me Go",General Reading,2012,https://www.goodreads.com/review/show/369943972?utm_medium=api&utm_source=rss,4,3.85,3.36163886670041,3.187094234950601,2.621145477958113,3.85
"A Canticle for Leibowitz (St. Leibowitz, #1)",General Reading,2012,https://www.goodreads.com/review/show/369943959?utm_medium=api&utm_source=rss,5,3.99,3.4941587552275792,3.109294885935889,2.5386562938085575,3.99
"The Man in the High Castle",General Reading,2012,https://www.goodreads.com/review/show/369943949?utm_medium=api&utm_source=rss,4,3.63,3.153393327586286,3.0809569415381937,2.865842948517334,3.63
"America (The Book): A Citizen's Guide to Democracy Inaction",General Reading,2012,https://www.goodreads.com/review/show/369943825?utm_medium=api&utm_source=rss,3,4,3.5036244615509484,3.109294885935889,2.5386562938085575,4
"The Moon Is a Harsh Mistress",General Reading,2012,https://www.goodreads.com/review/show/369943738?utm_medium=api&utm_source=rss,4,4.16,3.6550757627248562,3.2764615559201165,2.6440748476244127,4.16
"Old Man's War (Old Man's War, #1)",General Reading,2012,https://www.goodreads.com/review/show/369943667?utm_medium=api&utm_source=rss,4,4.22,3.7118700006650713,3.419836382232142,2.9132384554091955,4.22
"To Your Scattered Bodies Go (Riverworld, #1)",General Reading,2012,https://www.goodreads.com/review/show/369943620?utm_medium=api&utm_source=rss,4,3.94,3.4468302236107324,3.167391229562459,2.645010657526909,3.94
"Armor",General Reading,2012,https://www.goodreads.com/review/show/369943581?utm_medium=api&utm_source=rss,5,4.1,3.5982815247846403,3.299161823709844,2.7622671254511912,4.1
"The Tempest",General Reading,2012,https://www.goodreads.com/review/show/369943155?utm_medium=api&utm_source=rss,3,3.78,3.2953789224368255,3.1543829034891924,2.82691905075889,3.78
"Childhood’s End",General Reading,2012,https://www.goodreads.com/review/show/369942945?utm_medium=api&utm_source=rss,4,4.12,3.6172129374313795,3.2779417955487715,2.7622671254511912,4.12
"The Gods Themselves",General Reading,2012,https://www.goodreads.com/review/show/369942880?utm_medium=api&utm_source=rss,2,4.1,3.5982815247846403,3.299161823709844,2.7622671254511912,4.1
"Consider Phlebas (Culture, #1)",General Reading,2012,https://www.goodreads.com/review/show/369942861?utm_medium=api&utm_source=rss,4,3.85,3.36163886670041,3.187094234950601,2.621145477958113,3.85
"Monkey Brain Sushi: New Tastes in Japanese Fiction",General Reading,2012,https://www.goodreads.com/review/show/369942555?utm_medium=api&utm_source=rss,3,3.63,3.153393327586286,3.0809569415381937,2.865842948517334,3.63
"Everything's Eventual",General Reading,2012,https://www.goodreads.com/review/show/369942264?utm_medium=api&utm_source=rss,3,3.99,3.4941587552275792,3.109294885935889,2.5386562938085575,3.99
"The Running Man",General Reading,2012,https://www.goodreads.com/review/show/369942227?utm_medium=api&utm_source=rss,4,3.89,3.3995016919938865,3.1694320895565324,2.621145477958113,3.89
"The Tommyknockers",General Reading,2012,https://www.goodreads.com/review/show/369942132?utm_medium=api&utm_source=rss,3,3.62,3.1439276212629177,3.091631454525206,2.8817425997587325,3.62
"Song of Susannah (The Dark Tower, #6)",General Reading,2012,https://www.goodreads.com/review/show/369942090?utm_medium=api&utm_source=rss,2,3.98,3.48469304890421,3.1166020754783723,2.5386562938085575,3.98
"Wolves of the Calla (The Dark Tower, #5)",General Reading,2012,https://www.goodreads.com/review/show/369942026?utm_medium=api&utm_source=rss,2,4.19,3.6834728816949647,3.3149541704042047,2.6440748476244127,4.19
"The Dark Tower (The Dark Tower, #7)",General Reading,2012,https://www.goodreads.com/review/show/369942010?utm_medium=api&utm_source=rss,2,4.27,3.7591985322819172,3.447846145126452,2.9275548225167403,4.27
"Wizard and Glass (The Dark Tower, #4)",General Reading,2012,https://www.goodreads.com/review/show/369941958?utm_medium=api&utm_source=rss,2,4.26,3.749732825958548,3.4694619338328896,2.9275548225167403,4.26
"On Writing: A Memoir of the Craft",General Reading,2012,https://www.goodreads.com/review/show/369941896?utm_medium=api&utm_source=rss,4,4.33,3.8159927702221332,3.4097739629405854,2.954018112679327,4.33
"The Waste Lands (The Dark Tower, #3)",General Reading,2012,https://www.goodreads.com/review/show/369941853?utm_medium=api&utm_source=rss,3,4.25,3.740267119635179,3.4503631739243485,2.9275548225167403,4.25
"The Dead Zone",General Reading,2012,https://www.goodreads.com/review/show/369941825?utm_medium=api&utm_source=rss,2,3.97,3.475227342580841,3.134045811789025,2.5386562938085575,3.97
"Needful Things",General Reading,2012,https://www.goodreads.com/review/show/369941752?utm_medium=api&utm_source=rss,3,3.98,3.48469304890421,3.1166020754783723,2.5386562938085575,3.98
"The Drawing of the Three (The Dark Tower, #2)",General Reading,2012,https://www.goodreads.com/review/show/369941596?utm_medium=api&utm_source=rss,2,4.23,3.7213357069884414,3.432424911847278,2.9275548225167403,4.23
"’Salem’s Lot",General Reading,2012,https://www.goodreads.com/review/show/369941573?utm_medium=api&utm_source=rss,3,4.06,3.5604186994911635,3.1458820859969077,2.57426083774174,4.06
"The Gunslinger (The Dark Tower, #1)",General Reading,2012,https://www.goodreads.com/review/show/369941489?utm_medium=api&utm_source=rss,5,3.94,3.4468302236107324,3.167391229562459,2.645010657526909,3.94
"The Stand",General Reading,2012,https://www.goodreads.com/review/show/369941484?utm_medium=api&utm_source=rss,2,4.35,3.8349241828688716,3.439714795599229,2.954018112679327,4.35
"Chaos: Making a New Science",General Reading,2012,https://www.goodreads.com/review/show/369941313?utm_medium=api&utm_source=rss,2,4.03,3.532021580521057,3.130877929761123,2.57426083774174,4.03
"Dracula",General Reading,2012,https://www.goodreads.com/review/show/369941294?utm_medium=api&utm_source=rss,3,4.03,3.532021580521057,3.130877929761123,2.57426083774174,4.03
"Charlotte’s Web",General Reading,2012,https://www.goodreads.com/review/show/369941111?utm_medium=api&utm_source=rss,4,4.21,3.702404294341702,3.4095684461202582,2.895634800768575,4.21
"The War of the Worlds",General Reading,2012,https://www.goodreads.com/review/show/369940955?utm_medium=api&utm_source=rss,4,3.84,3.3521731603770406,3.1840477112016923,2.621145477958113,3.84
"Deathbird Stories",General Reading,2012,https://www.goodreads.com/review/show/369940938?utm_medium=api&utm_source=rss,3,4.17,3.6645414690482254,3.2943931354785496,2.6440748476244127,4.17
"Voices (Annals of the Western Shore, #2)",General Reading,2012,https://www.goodreads.com/review/show/369940889?utm_medium=api&utm_source=rss,2,3.92,3.427898810963994,3.16665920115171,2.621145477958113,3.92
"Down and Out in the Magic Kingdom",General Reading,2012,https://www.goodreads.com/review/show/369940846?utm_medium=api&utm_source=rss,2,3.57,3.096599089646071,3.0808205669360933,2.910628499887679,3.57
"The Yiddish Policemen's Union",General Reading,2012,https://www.goodreads.com/review/show/369940811?utm_medium=api&utm_source=rss,3,3.72,3.2385846844966104,3.1326049682793937,2.9420243767299623,3.72
"The Years of Rice and Salt",General Reading,2012,https://www.goodreads.com/review/show/369940797?utm_medium=api&utm_source=rss,4,3.76,3.2764475097900863,3.143957952431198,2.9420243767299623,3.76
"A Wizard of Earthsea (Earthsea Cycle, #1)",General Reading,2012,https://www.goodreads.com/review/show/369940515?utm_medium=api&utm_source=rss,3,4.02,3.522555874197687,3.130877929761123,2.57426083774174,4.02
"We",General Reading,2012,https://www.goodreads.com/review/show/369940462?utm_medium=api&utm_source=rss,4,3.9,3.4089673983172557,3.1602654121873868,2.621145477958113,3.9
"Count Zero (Sprawl, #2)",General Reading,2012,https://www.goodreads.com/review/show/369940347?utm_medium=api&utm_source=rss,3,4.03,3.532021580521057,3.130877929761123,2.57426083774174,4.03
"Mona Lisa Overdrive (Sprawl, #3)",General Reading,2012,https://www.goodreads.com/review/show/369940253?utm_medium=api&utm_source=rss,3,4.01,3.5130901678743176,3.130877929761123,2.57426083774174,4.01
"Idoru (Bridge, #2)",General Reading,2012,https://www.goodreads.com/review/show/369940231?utm_medium=api&utm_source=rss,2,3.83,3.3427074540536714,3.1791866000905817,2.621145477958113,3.83
"The First Four Years  (Little House, #9)",General Reading,2012,https://www.goodreads.com/review/show/369939743?utm_medium=api&utm_source=rss,2,3.89,3.3995016919938865,3.1694320895565324,2.621145477958113,3.89
"Farmer Boy (Little House, #2)",General Reading,2012,https://www.goodreads.com/review/show/369939728?utm_medium=api&utm_source=rss,2,4.09,3.588815818461272,3.301044940592961,2.7622671254511912,4.09
"The Long Winter (Little House, #6)",General Reading,2012,https://www.goodreads.com/review/show/369939665?utm_medium=api&utm_source=rss,3,4.16,3.6550757627248562,3.2764615559201165,2.6440748476244127,4.16
"By the Shores of Silver Lake  (Little House, #5)",General Reading,2012,https://www.goodreads.com/review/show/369939609?utm_medium=api&utm_source=rss,2,4.18,3.6740071753715946,3.2943931354785496,2.6440748476244127,4.18
"Little Town on the Prairie  (Little House, #7)",General Reading,2012,https://www.goodreads.com/review/show/369939587?utm_medium=api&utm_source=rss,4,4.19,3.6834728816949647,3.3149541704042047,2.6440748476244127,4.19
"On the Banks of Plum Creek (Little House, #4)",General Reading,2012,https://www.goodreads.com/review/show/369939576?utm_medium=api&utm_source=rss,3,4.22,3.7118700006650713,3.419836382232142,2.9132384554091955,4.22
"Little House on the Prairie (Little House, #3)",General Reading,2012,https://www.goodreads.com/review/show/369939541?utm_medium=api&utm_source=rss,4,4.22,3.7118700006650713,3.419836382232142,2.9132384554091955,4.22
"Little House in the Big Woods (Little House, #1)",General Reading,2012,https://www.goodreads.com/review/show/369939504?utm_medium=api&utm_source=rss,4,4.21,3.702404294341702,3.4095684461202582,2.895634800768575,4.21
"The Tokyo Zodiac Murders",General Reading,2012,https://www.goodreads.com/review/show/369936549?utm_medium=api&utm_source=rss,4,3.91,3.4184331046406258,3.167601003404526,2.621145477958113,3.91
"The League of Extraordinary Gentlemen, Vol. 1",General Reading,2012,https://www.goodreads.com/review/show/369935839?utm_medium=api&utm_source=rss,3,3.95,3.4562959299341025,3.167391229562459,2.645010657526909,3.95
"The League of Extraordinary Gentlemen, Vol. 2",General Reading,2012,https://www.goodreads.com/review/show/369935811?utm_medium=api&utm_source=rss,3,3.94,3.4468302236107324,3.167391229562459,2.645010657526909,3.94
"V for Vendetta",General Reading,2012,https://www.goodreads.com/review/show/369935729?utm_medium=api&utm_source=rss,4,4.26,3.749732825958548,3.4694619338328896,2.9275548225167403,4.26
"Watchmen",General Reading,2012,https://www.goodreads.com/review/show/369935702?utm_medium=api&utm_source=rss,5,4.38,3.86332130183898,3.5961210061167157,2.954018112679327,4.38
"Neon Genesis Evangelion, Vol. 12",General Reading,2012,https://www.goodreads.com/review/show/369935208?utm_medium=api&utm_source=rss,2,4.42,3.901184127132456,3.7046565988456712,3.361656719965461,4.42
"Der Mond: The Art of Neon Genesis Evangelion",General Reading,2012,https://www.goodreads.com/review/show/369935148?utm_medium=api&utm_source=rss,4,4.35,3.8349241828688716,3.439714795599229,2.954018112679327,4.35
"Neon Genesis Evangelion, Vol. 10",General Reading,2012,https://www.goodreads.com/review/show/369934956?utm_medium=api&utm_source=rss,2,4.42,3.901184127132456,3.7046565988456712,3.361656719965461,4.42
"Neon Genesis Evangelion, Vol. 9",General Reading,2012,https://www.goodreads.com/review/show/369934902?utm_medium=api&utm_source=rss,2,4.36,3.8443898891922417,3.439714795599229,2.954018112679327,4.36
"Neon Genesis Evangelion, Vol. 8",General Reading,2012,https://www.goodreads.com/review/show/369934847?utm_medium=api&utm_source=rss,2,4.37,3.85385559551561,3.4821218681820705,2.954018112679327,4.37
"Neon Genesis Evangelion, Vol. 7",General Reading,2012,https://www.goodreads.com/review/show/369934821?utm_medium=api&utm_source=rss,2,4.39,3.8727870081623483,3.615679537862747,2.954018112679327,4.39
"Neon Genesis Evangelion, Vol. 6",General Reading,2012,https://www.goodreads.com/review/show/369934773?utm_medium=api&utm_source=rss,2,4.4,3.8822527144857184,3.6096795378627475,2.9257548071628277,4.4
"Neon Genesis Evangelion, Vol. 4",General Reading,2012,https://www.goodreads.com/review/show/369934739?utm_medium=api&utm_source=rss,3,4.32,3.806527063898764,3.478839420587795,3.0740397452633794,4.32
"Neon Genesis Evangelion, Vol. 3",General Reading,2012,https://www.goodreads.com/review/show/369934705?utm_medium=api&utm_source=rss,3,4.34,3.8254584765455024,3.4148184385960167,2.954018112679327,4.34
"Neon Genesis Evangelion, Vol. 5",General Reading,2012,https://www.goodreads.com/review/show/369934664?utm_medium=api&utm_source=rss,3,4.34,3.8254584765455024,3.4148184385960167,2.954018112679327,4.34
"Neon Genesis Evangelion, Vol. 2",General Reading,2012,https://www.goodreads.com/review/show/369934634?utm_medium=api&utm_source=rss,3,4.27,3.7591985322819172,3.447846145126452,2.9275548225167403,4.27
"Neon Genesis Evangelion, Vol. 1",General Reading,2012,https://www.goodreads.com/review/show/369934522?utm_medium=api&utm_source=rss,4,4.22,3.7118700006650713,3.419836382232142,2.9132384554091955,4.22
"Gunnerkrigg Court, Volume 1: Orientation (Gunnerkrigg Court #1)",General Reading,2012,https://www.goodreads.com/review/show/369933112?utm_medium=api&utm_source=rss,2,4.22,3.7118700006650713,3.419836382232142,2.9132384554091955,4.22
"Yotsuba&!, Vol. 1 (Yotsuba&!, #1)",General Reading,2012,https://www.goodreads.com/review/show/369933016?utm_medium=api&utm_source=rss,4,4.34,3.8254584765455024,3.4148184385960167,2.954018112679327,4.34
"From Hell",General Reading,2012,https://www.goodreads.com/review/show/369932378?utm_medium=api&utm_source=rss,4,4.19,3.6834728816949647,3.3149541704042047,2.6440748476244127,4.19
"The Invisibles, Vol. 7: The Invisible Kingdom",General Reading,2012,https://www.goodreads.com/review/show/369931862?utm_medium=api&utm_source=rss,4,4.19,3.6834728816949647,3.3149541704042047,2.6440748476244127,4.19
"The Invisibles, Vol. 5: Counting to None",General Reading,2012,https://www.goodreads.com/review/show/369931682?utm_medium=api&utm_source=rss,3,4.2,3.692938588018333,3.38316215536463,2.895634800768575,4.2
"The Invisibles, Vol. 6: Kissing Mister Quimper",General Reading,2012,https://www.goodreads.com/review/show/369931683?utm_medium=api&utm_source=rss,4,4.25,3.740267119635179,3.4503631739243485,2.9275548225167403,4.25
"The Invisibles, Vol. 4: Bloody Hell in America",General Reading,2012,https://www.goodreads.com/review/show/369931597?utm_medium=api&utm_source=rss,3,4.18,3.6740071753715946,3.2943931354785496,2.6440748476244127,4.18
"The Invisibles, Vol. 2: Apocalipstick",General Reading,2012,https://www.goodreads.com/review/show/369931111?utm_medium=api&utm_source=rss,3,4.23,3.7213357069884414,3.432424911847278,2.9275548225167403,4.23
"The Invisibles, Volume 1: Say You Want a Revolution",General Reading,2012,https://www.goodreads.com/review/show/369931046?utm_medium=api&utm_source=rss,4,3.96,3.4657616362574717,3.1368509099167032,2.5386562938085575,3.96
"100 Bullets, Vol. 7: Samurai",General Reading,2012,https://www.goodreads.com/review/show/369930269?utm_medium=api&utm_source=rss,2,4.07,3.5698844058145327,3.280851700523182,2.7622671254511912,4.07
"100 Bullets, Vol. 8: The Hard Way",General Reading,2012,https://www.goodreads.com/review/show/369930226?utm_medium=api&utm_source=rss,2,4.2,3.692938588018333,3.38316215536463,2.895634800768575,4.2
"100 Bullets, Vol. 6: Six Feet Under the Gun",General Reading,2012,https://www.goodreads.com/review/show/369930248?utm_medium=api&utm_source=rss,2,4.12,3.6172129374313795,3.2779417955487715,2.7622671254511912,4.12
"100 Bullets, Vol. 5: The Counterfifth Detective",General Reading,2012,https://www.goodreads.com/review/show/369930174?utm_medium=api&utm_source=rss,2,4.1,3.5982815247846403,3.299161823709844,2.7622671254511912,4.1
"100 Bullets, Vol. 4: A Foregone Tomorrow",General Reading,2012,https://www.goodreads.com/review/show/369930166?utm_medium=api&utm_source=rss,2,4.1,3.5982815247846403,3.299161823709844,2.7622671254511912,4.1
"100 Bullets, Vol. 3: Hang Up on the Hang Low",General Reading,2012,https://www.goodreads.com/review/show/369930136?utm_medium=api&utm_source=rss,3,4.1,3.5982815247846403,3.299161823709844,2.7622671254511912,4.1
"100 Bullets, Vol. 2: Split Second Chance",General Reading,2012,https://www.goodreads.com/review/show/369930115?utm_medium=api&utm_source=rss,3,4.09,3.588815818461272,3.301044940592961,2.7622671254511912,4.09
"100 Bullets, Vol. 1: First Shot, Last Call",General Reading,2012,https://www.goodreads.com/review/show/369930065?utm_medium=api&utm_source=rss,3,3.86,3.371104573023779,3.186715309829828,2.621145477958113,3.86
"300",General Reading,2012,https://www.goodreads.com/review/show/369929950?utm_medium=api&utm_source=rss,4,3.98,3.48469304890421,3.1166020754783723,2.5386562938085575,3.98
"Batman: The Dark Knight Returns",General Reading,2012,https://www.goodreads.com/review/show/369929905?utm_medium=api&utm_source=rss,4,4.26,3.749732825958548,3.4694619338328896,2.9275548225167403,4.26
"Y: The Last Man, Vol. 10: Whys and Wherefores",General Reading,2012,https://www.goodreads.com/review/show/369929819?utm_medium=api&utm_source=rss,2,4.33,3.8159927702221332,3.4097739629405854,2.954018112679327,4.33
"Y: The Last Man, Vol. 6: Girl on Girl",General Reading,2012,https://www.goodreads.com/review/show/369929352?utm_medium=api&utm_source=rss,3,4.2,3.692938588018333,3.38316215536463,2.895634800768575,4.2
"Y: The Last Man, Vol. 8: Kimono Dragons",General Reading,2012,https://www.goodreads.com/review/show/369929295?utm_medium=api&utm_source=rss,3,4.21,3.702404294341702,3.4095684461202582,2.895634800768575,4.21
"Y: The Last Man, Vol. 9: Motherland",General Reading,2012,https://www.goodreads.com/review/show/369929263?utm_medium=api&utm_source=rss,3,4.25,3.740267119635179,3.4503631739243485,2.9275548225167403,4.25
"Y: The Last Man, Vol. 4: Safeword",General Reading,2012,https://www.goodreads.com/review/show/369929237?utm_medium=api&utm_source=rss,3,4.25,3.740267119635179,3.4503631739243485,2.9275548225167403,4.25
"Y: The Last Man, Vol. 7: Paper Dolls",General Reading,2012,https://www.goodreads.com/review/show/369929196?utm_medium=api&utm_source=rss,3,4.22,3.7118700006650713,3.419836382232142,2.9132384554091955,4.22
"Y: The Last Man, Vol. 3: One Small Step",General Reading,2012,https://www.goodreads.com/review/show/369929185?utm_medium=api&utm_source=rss,3,4.21,3.702404294341702,3.4095684461202582,2.895634800768575,4.21
"Y: The Last Man, Vol. 5: Ring of Truth",General Reading,2012,https://www.goodreads.com/review/show/369929161?utm_medium=api&utm_source=rss,3,4.27,3.7591985322819172,3.447846145126452,2.9275548225167403,4.27
"Y: The Last Man, Vol. 2: Cycles",General Reading,2012,https://www.goodreads.com/review/show/369929160?utm_medium=api&utm_source=rss,3,4.22,3.7118700006650713,3.419836382232142,2.9132384554091955,4.22
"Y: The Last Man, Vol. 1: Unmanned",General Reading,2012,https://www.goodreads.com/review/show/369929095?utm_medium=api&utm_source=rss,4,4.08,3.5793501121379028,3.2941670084941954,2.7622671254511912,4.08
"Flight, Vol. 1 (Flight, #1)",General Reading,2012,https://www.goodreads.com/review/show/369928922?utm_medium=api&utm_source=rss,4,3.88,3.3900359856705173,3.1916184602363327,2.621145477958113,3.88
"Zot!: The Complete Black-and-White Collection: 1987-1991",General Reading,2012,https://www.goodreads.com/review/show/369928748?utm_medium=api&utm_source=rss,3,4.06,3.5604186994911635,3.1458820859969077,2.57426083774174,4.06
"Understanding Comics: The Invisible Art",General Reading,2012,https://www.goodreads.com/review/show/369928702?utm_medium=api&utm_source=rss,5,3.99,3.4941587552275792,3.109294885935889,2.5386562938085575,3.99
"Harry Potter and the Chamber of Secrets (Harry Potter, #2)",General Reading,2012,https://www.goodreads.com/review/show/369928594?utm_medium=api&utm_source=rss,4,4.42,3.901184127132456,3.7046565988456712,3.361656719965461,4.42
"Harry Potter and the Order of the Phoenix (Harry Potter, #5)",General Reading,2012,https://www.goodreads.com/review/show/369928570?utm_medium=api&utm_source=rss,4,4.5,3.9769097777194102,3.656207828865651,3.361656719965461,4.5
"Harry Potter and the Goblet of Fire (Harry Potter, #4)",General Reading,2012,https://www.goodreads.com/review/show/369928504?utm_medium=api&utm_source=rss,2,4.56,4.033704015659626,3.656207828865651,3.361656719965461,4.56
"Harry Potter and the Prisoner of Azkaban (Harry Potter, #3)",General Reading,2012,https://www.goodreads.com/review/show/369928478?utm_medium=api&utm_source=rss,4,4.57,4.043169721982996,3.656207828865651,3.361656719965461,4.57
"Harry Potter and the Deathly Hallows (Harry Potter, #7)",General Reading,2012,https://www.goodreads.com/review/show/369928438?utm_medium=api&utm_source=rss,3,4.61,4.081032547276473,3.656207828865651,3.361656719965461,4.61
"The 4-Hour Body: An Uncommon Guide to Rapid Fat-Loss, Incredible Sex, and Becoming Superhuman",General Reading,2012,https://www.goodreads.com/review/show/369928272?utm_medium=api&utm_source=rss,1,3.68,3.200721859203133,3.06925610764986,2.6920097982944986,3.68
"The 4-Hour Workweek",General Reading,2012,https://www.goodreads.com/review/show/369928235?utm_medium=api&utm_source=rss,3,3.92,3.427898810963994,3.16665920115171,2.621145477958113,3.92
"Our Posthuman Future: Consequences of the Biotechnology Revolution",General Reading,2012,https://www.goodreads.com/review/show/369928107?utm_medium=api&utm_source=rss,2,3.42,2.9546134947955323,2.847226251055127,2.6652901079298643,3.42
"To Kill a Mockingbird",General Reading,2012,https://www.goodreads.com/review/show/369927972?utm_medium=api&utm_source=rss,2,4.26,3.749732825958548,3.4694619338328896,2.9275548225167403,4.26
"Of Mice and Men",General Reading,2012,https://www.goodreads.com/review/show/369927913?utm_medium=api&utm_source=rss,2,3.89,3.3995016919938865,3.1694320895565324,2.621145477958113,3.89
"A Tale of Two Cities",General Reading,2012,https://www.goodreads.com/review/show/369927854?utm_medium=api&utm_source=rss,3,3.86,3.371104573023779,3.186715309829828,2.621145477958113,3.86
"Memoirs of a Geisha",General Reading,2012,https://www.goodreads.com/review/show/369927835?utm_medium=api&utm_source=rss,2,4.07,3.5698844058145327,3.280851700523182,2.7622671254511912,4.07
"The Diary of a Young Girl",General Reading,2012,https://www.goodreads.com/review/show/369927698?utm_medium=api&utm_source=rss,4,4.19,3.6834728816949647,3.3149541704042047,2.6440748476244127,4.19
"The Time Traveler's Wife",General Reading,2012,https://www.goodreads.com/review/show/369927565?utm_medium=api&utm_source=rss,3,3.9,3.4089673983172557,3.1602654121873868,2.621145477958113,3.9
"Being Wrong: Adventures in the Margin of Error",General Reading,2020,https://www.goodreads.com/review/show/645775331?utm_medium=api&utm_source=rss,3,3.87,3.380570279347148,3.1916184602363327,2.621145477958113,3.87
"Beyond the Hoax: Science, Philosophy and Culture",General Reading,2012,https://www.goodreads.com/review/show/369926342?utm_medium=api&utm_source=rss,3,3.65,3.1723247402330252,3.077028370109622,2.865842948517334,3.65
"The 10000 Year Explosion: How Civilization Accelerated Human Evolution",General Reading,2012,https://www.goodreads.com/review/show/369924328?utm_medium=api&utm_source=rss,4,3.91,3.4184331046406258,3.167601003404526,2.621145477958113,3.91
"The Information: A History, a Theory, a Flood",General Reading,2012,https://www.goodreads.com/review/show/369924282?utm_medium=api&utm_source=rss,3,4.03,3.532021580521057,3.130877929761123,2.57426083774174,4.03
"The Tale of Genji",General Reading,2012,https://www.goodreads.com/review/show/369923546?utm_medium=api&utm_source=rss,4,3.72,3.2385846844966104,3.1326049682793937,2.9420243767299623,3.72
"Hell is the Absence of God",General Reading,2012,https://www.goodreads.com/review/show/369923213?utm_medium=api&utm_source=rss,5,4.03,3.532021580521057,3.130877929761123,2.57426083774174,4.03
"The Lifecycle of Software Objects",General Reading,2012,https://www.goodreads.com/review/show/369923132?utm_medium=api&utm_source=rss,3,3.91,3.4184331046406258,3.167601003404526,2.621145477958113,3.91
"Doomsday Book (Oxford Time Travel, #1)",General Reading,2012,https://www.goodreads.com/review/show/369922731?utm_medium=api&utm_source=rss,3,4.02,3.522555874197687,3.130877929761123,2.57426083774174,4.02
"Feersum Endjinn",General Reading,2012,https://www.goodreads.com/review/show/369922680?utm_medium=api&utm_source=rss,2,3.86,3.371104573023779,3.186715309829828,2.621145477958113,3.86
"To Say Nothing of the Dog (Oxford Time Travel, #2)",General Reading,2012,https://www.goodreads.com/review/show/369922025?utm_medium=api&utm_source=rss,3,4.1,3.5982815247846403,3.299161823709844,2.7622671254511912,4.1
"The Silence of the Lambs  (Hannibal Lecter, #2)",General Reading,2012,https://www.goodreads.com/review/show/369916797?utm_medium=api&utm_source=rss,4,4.25,3.740267119635179,3.4503631739243485,2.9275548225167403,4.25
"King Lear",General Reading,2012,https://www.goodreads.com/review/show/369916087?utm_medium=api&utm_source=rss,3,3.91,3.4184331046406258,3.167601003404526,2.621145477958113,3.91
"I Am Legend",General Reading,2014,https://www.goodreads.com/review/show/369860304?utm_medium=api&utm_source=rss,3,4.06,3.5604186994911635,3.1458820859969077,2.57426083774174,4.06
"Flowers for Algernon",General Reading,2012,https://www.goodreads.com/review/show/369915881?utm_medium=api&utm_source=rss,4,4.21,3.702404294341702,3.4095684461202582,2.895634800768575,4.21
"The Master of Go (Vintage International)",General Reading,2012,https://www.goodreads.com/review/show/369915568?utm_medium=api&utm_source=rss,3,3.87,3.380570279347148,3.1916184602363327,2.621145477958113,3.87
"Collapse: How Societies Choose to Fail or Succeed",General Reading,2012,https://www.goodreads.com/review/show/369913940?utm_medium=api&utm_source=rss,4,3.93,3.437364517287364,3.1705351892940024,2.645010657526909,3.93
"Sophie’s World",General Reading,2012,https://www.goodreads.com/review/show/369913858?utm_medium=api&utm_source=rss,3,3.95,3.4562959299341025,3.167391229562459,2.645010657526909,3.95
"The Hunting of the Snark",General Reading,2012,https://www.goodreads.com/review/show/369912563?utm_medium=api&utm_source=rss,4,4.14,3.636144350078118,3.2468061167187683,2.5515307663290194,4.14
"Two Treatises of Government",General Reading,2012,https://www.goodreads.com/review/show/369911773?utm_medium=api&utm_source=rss,3,3.87,3.380570279347148,3.1916184602363327,2.621145477958113,3.87
"Philosophical Investigations",General Reading,2012,https://www.goodreads.com/review/show/369911729?utm_medium=api&utm_source=rss,4,4.26,3.749732825958548,3.4694619338328896,2.9275548225167403,4.26
"Trainspotting",General Reading,2012,https://www.goodreads.com/review/show/369911446?utm_medium=api&utm_source=rss,1,4.05,3.5509529931677943,3.152219098660406,2.57426083774174,4.05
"Daughter of Regals and Other Tales",General Reading,2012,https://www.goodreads.com/review/show/369909781?utm_medium=api&utm_source=rss,3,3.8,3.314310335083564,3.15597753343254,2.82691905075889,3.8
"Reave the Just and Other Tales",General Reading,2012,https://www.goodreads.com/review/show/369909834?utm_medium=api&utm_source=rss,4,3.92,3.427898810963994,3.16665920115171,2.621145477958113,3.92
"The Second Chronicles of Thomas Covenant (The Second Chronicles of Thomas Covenant #1-3)",General Reading,2012,https://www.goodreads.com/review/show/369909744?utm_medium=api&utm_source=rss,3,4.02,3.522555874197687,3.130877929761123,2.57426083774174,4.02
"Fatal Revenant (The Last Chronicles of Thomas Covenant, #2)",General Reading,2012,https://www.goodreads.com/review/show/369909728?utm_medium=api&utm_source=rss,3,3.84,3.3521731603770406,3.1840477112016923,2.621145477958113,3.84
"The Runes of the Earth (The Last Chronicles of Thomas Covenant #1)",General Reading,2012,https://www.goodreads.com/review/show/369909662?utm_medium=api&utm_source=rss,3,3.77,3.2859132161134554,3.1396523968756425,2.82691905075889,3.77
"The Gap Into Vision: Forbidden Knowledge (Gap, #2)",General Reading,2012,https://www.goodreads.com/review/show/369909612?utm_medium=api&utm_source=rss,4,3.99,3.4941587552275792,3.109294885935889,2.5386562938085575,3.99
"The Gap Into Conflict: The Real Story (The Gap Cycle #1)",General Reading,2012,https://www.goodreads.com/review/show/369909486?utm_medium=api&utm_source=rss,4,3.71,3.2291189781732403,3.1180525219192736,2.6920097982944986,3.71
"The Chronicles of Thomas Covenant, the Unbeliever (The Chronicles of Thomas Covenant the Unbeliever, #1-3)",General Reading,2012,https://www.goodreads.com/review/show/369909444?utm_medium=api&utm_source=rss,4,3.81,3.323776041406933,3.151179036164781,2.621145477958113,3.81
"A Man Rides Through (Mordant's Need, #2)",General Reading,2012,https://www.goodreads.com/review/show/369909400?utm_medium=api&utm_source=rss,4,4.03,3.532021580521057,3.130877929761123,2.57426083774174,4.03
"The Mirror of Her Dreams (Mordant's Need, #1)",General Reading,2012,https://www.goodreads.com/review/show/369909373?utm_medium=api&utm_source=rss,4,3.93,3.437364517287364,3.1705351892940024,2.645010657526909,3.93
"The One Tree (The Second Chronicles of Thomas Covenant, #2)",General Reading,2012,https://www.goodreads.com/review/show/369909312?utm_medium=api&utm_source=rss,3,4,3.5036244615509484,3.109294885935889,2.5386562938085575,4
"White Gold Wielder (The Second Chronicles of Thomas Covenant, #3)",General Reading,2012,https://www.goodreads.com/review/show/369909291?utm_medium=api&utm_source=rss,3,4.06,3.5604186994911635,3.1458820859969077,2.57426083774174,4.06
"The Wounded Land (The Second Chronicles of Thomas Covenant, #1)",General Reading,2012,https://www.goodreads.com/review/show/369909269?utm_medium=api&utm_source=rss,3,4,3.5036244615509484,3.109294885935889,2.5386562938085575,4
"The Illearth War (The Chronicles of Thomas Covenant the Unbeliever, #2)",General Reading,2012,https://www.goodreads.com/review/show/369909251?utm_medium=api&utm_source=rss,4,4.02,3.522555874197687,3.130877929761123,2.57426083774174,4.02
"Lord Foul's Bane (The Chronicles of Thomas Covenant the Unbeliever, #1)",General Reading,2012,https://www.goodreads.com/review/show/369909225?utm_medium=api&utm_source=rss,3,3.72,3.2385846844966104,3.1326049682793937,2.9420243767299623,3.72
"Guns, Germs, and Steel: The Fates of Human Societies",General Reading,2012,https://www.goodreads.com/review/show/369908754?utm_medium=api&utm_source=rss,4,4.03,3.532021580521057,3.130877929761123,2.57426083774174,4.03
"The Catcher in the Rye",General Reading,2012,https://www.goodreads.com/review/show/369908217?utm_medium=api&utm_source=rss,2,3.81,3.323776041406933,3.151179036164781,2.621145477958113,3.81
"The Power of Myth",General Reading,2012,https://www.goodreads.com/review/show/369907932?utm_medium=api&utm_source=rss,3,4.26,3.749732825958548,3.4694619338328896,2.9275548225167403,4.26
"The Art of War",General Reading,2012,https://www.goodreads.com/review/show/369907732?utm_medium=api&utm_source=rss,4,3.97,3.475227342580841,3.134045811789025,2.5386562938085575,3.97
"Strategy",General Reading,2012,https://www.goodreads.com/review/show/369907676?utm_medium=api&utm_source=rss,5,4.08,3.5793501121379028,3.2941670084941954,2.7622671254511912,4.08
"Coup d'État: A Practical Handbook",General Reading,2012,https://www.goodreads.com/review/show/369907008?utm_medium=api&utm_source=rss,4,3.99,3.4941587552275792,3.109294885935889,2.5386562938085575,3.99
"The Grand Strategy of the Byzantine Empire",General Reading,2012,https://www.goodreads.com/review/show/369906934?utm_medium=api&utm_source=rss,5,3.96,3.4657616362574717,3.1368509099167032,2.5386562938085575,3.96
"Getting Things Done: The Art of Stress-Free Productivity",General Reading,2012,https://www.goodreads.com/review/show/369901194?utm_medium=api&utm_source=rss,3,4,3.5036244615509484,3.109294885935889,2.5386562938085575,4
"The 7 Habits of Highly Effective People: Powerful Lessons in Personal Change",General Reading,2012,https://www.goodreads.com/review/show/369901058?utm_medium=api&utm_source=rss,2,4.16,3.6550757627248562,3.2764615559201165,2.6440748476244127,4.16
"II Cybernetic Frontiers",General Reading,2012,https://www.goodreads.com/review/show/369896743?utm_medium=api&utm_source=rss,2,3.85,3.36163886670041,3.187094234950601,2.621145477958113,3.85
"Whole Earth Discipline: An Ecopragmatist Manifesto",General Reading,2012,https://www.goodreads.com/review/show/369896675?utm_medium=api&utm_source=rss,4,4.11,3.6077472311080103,3.290748344706648,2.7622671254511912,4.11
"Clock of the Long Now: Time and Responsibility: The Ideas Behind the World's Slowest Computer",General Reading,2012,https://www.goodreads.com/review/show/369896613?utm_medium=api&utm_source=rss,5,4.1,3.5982815247846403,3.299161823709844,2.7622671254511912,4.1
"How Buildings Learn: What Happens After They're Built",General Reading,2012,https://www.goodreads.com/review/show/369896585?utm_medium=api&utm_source=rss,4,4.34,3.8254584765455024,3.4148184385960167,2.954018112679327,4.34
"If on a Winter's Night a Traveler",General Reading,2012,https://www.goodreads.com/review/show/369890913?utm_medium=api&utm_source=rss,3,4.04,3.541487286844425,3.1413284543957407,2.57426083774174,4.04
"The Two Towers (The Lord of the Rings, #2)",General Reading,2012,https://www.goodreads.com/review/show/369890791?utm_medium=api&utm_source=rss,3,4.45,3.9295812461025643,3.697616420274242,3.361656719965461,4.45
"The Return of the King (The Lord of the Rings, #3)",General Reading,2012,https://www.goodreads.com/review/show/369890769?utm_medium=api&utm_source=rss,4,4.54,4.014772603012887,3.656207828865651,3.361656719965461,4.54
"The Silmarillion",General Reading,2012,https://www.goodreads.com/review/show/369890734?utm_medium=api&utm_source=rss,4,4,3.5036244615509484,3.109294885935889,2.5386562938085575,4
"The End of Eternity",General Reading,2012,https://www.goodreads.com/review/show/369890689?utm_medium=api&utm_source=rss,3,4.22,3.7118700006650713,3.419836382232142,2.9132384554091955,4.22
"The Alchemist",General Reading,2012,https://www.goodreads.com/review/show/369890524?utm_medium=api&utm_source=rss,3,3.85,3.36163886670041,3.187094234950601,2.621145477958113,3.85
"Pride and Prejudice",General Reading,2012,https://www.goodreads.com/review/show/369890450?utm_medium=api&utm_source=rss,2,4.28,3.7686642386052873,3.4776567106026426,3.0740397452633794,4.28
"The Count of Monte Cristo",General Reading,2012,https://www.goodreads.com/review/show/369890352?utm_medium=api&utm_source=rss,4,4.3,3.787595651252025,3.4863445750852065,3.0740397452633794,4.3
"The Trial",General Reading,2012,https://www.goodreads.com/review/show/369890295?utm_medium=api&utm_source=rss,3,3.99,3.4941587552275792,3.109294885935889,2.5386562938085575,3.99
"Good Omens: The Nice and Accurate Prophecies of Agnes Nutter, Witch",General Reading,2012,https://www.goodreads.com/review/show/369890210?utm_medium=api&utm_source=rss,4,4.26,3.749732825958548,3.4694619338328896,2.9275548225167403,4.26
"The Color of Magic (Discworld, #1; Rincewind, #1)",General Reading,2012,https://www.goodreads.com/review/show/369890191?utm_medium=api&utm_source=rss,3,4.04,3.541487286844425,3.1413284543957407,2.57426083774174,4.04
"Mort (Discworld, #4; Death, #1)",General Reading,2012,https://www.goodreads.com/review/show/369890172?utm_medium=api&utm_source=rss,3,4.24,3.7308014133118106,3.4402107118031364,2.9275548225167403,4.24
"Guards! Guards! (Discworld, #8; City Watch, #1)",General Reading,2012,https://www.goodreads.com/review/show/369890154?utm_medium=api&utm_source=rss,3,4.33,3.8159927702221332,3.4097739629405854,2.954018112679327,4.33
"Night Watch (Discworld, #29; City Watch, #6)",General Reading,2012,https://www.goodreads.com/review/show/369890094?utm_medium=api&utm_source=rss,4,4.49,3.967444071396042,3.656207828865651,3.361656719965461,4.49
"Hogfather",General Reading,2012,https://www.goodreads.com/review/show/369890058?utm_medium=api&utm_source=rss,4,4.25,3.740267119635179,3.4503631739243485,2.9275548225167403,4.25
"Reaper Man (Discworld, #11; Death, #2)",General Reading,2012,https://www.goodreads.com/review/show/369890016?utm_medium=api&utm_source=rss,3,4.28,3.7686642386052873,3.4776567106026426,3.0740397452633794,4.28
"Sourcery (Discworld, #5; Rincewind, #3)",General Reading,2012,https://www.goodreads.com/review/show/369889936?utm_medium=api&utm_source=rss,3,3.9,3.4089673983172557,3.1602654121873868,2.621145477958113,3.9
"Monstrous Regiment (Discworld, #31; Industrial Revolution, #3)",General Reading,2012,https://www.goodreads.com/review/show/369889927?utm_medium=api&utm_source=rss,3,4.24,3.7308014133118106,3.4402107118031364,2.9275548225167403,4.24
"Moving Pictures (Discworld, #10; Industrial Revolution, #1)",General Reading,2012,https://www.goodreads.com/review/show/369889862?utm_medium=api&utm_source=rss,3,3.97,3.475227342580841,3.134045811789025,2.5386562938085575,3.97
"The Wonderful Wizard of Oz (Oz, #1)",General Reading,2012,https://www.goodreads.com/review/show/369889758?utm_medium=api&utm_source=rss,4,4,3.5036244615509484,3.109294885935889,2.5386562938085575,4
"Alice in Wonderland",General Reading,2012,https://www.goodreads.com/review/show/369889740?utm_medium=api&utm_source=rss,5,4.03,3.532021580521057,3.130877929761123,2.57426083774174,4.03
"The Picture of Dorian Gray",General Reading,2012,https://www.goodreads.com/review/show/369889665?utm_medium=api&utm_source=rss,4,4.13,3.6266786437547487,3.2504111143680525,2.5515307663290194,4.13
"Dubliners",General Reading,2012,https://www.goodreads.com/review/show/369889649?utm_medium=api&utm_source=rss,3,3.79,3.3048446287601947,3.154483880122026,2.82691905075889,3.79
"2001: A Space Odyssey (Space Odyssey, #1)",General Reading,2012,https://www.goodreads.com/review/show/369889584?utm_medium=api&utm_source=rss,4,4.17,3.6645414690482254,3.2943931354785496,2.6440748476244127,4.17
"Lord of Light",General Reading,2012,https://www.goodreads.com/review/show/369889542?utm_medium=api&utm_source=rss,4,4.07,3.5698844058145327,3.280851700523182,2.7622671254511912,4.07
"The Stranger",General Reading,2012,https://www.goodreads.com/review/show/369889465?utm_medium=api&utm_source=rss,3,4.04,3.541487286844425,3.1413284543957407,2.57426083774174,4.04
"The Little Prince",General Reading,2012,https://www.goodreads.com/review/show/369889441?utm_medium=api&utm_source=rss,4,4.33,3.8159927702221332,3.4097739629405854,2.954018112679327,4.33
"The God Delusion",General Reading,2012,https://www.goodreads.com/review/show/369889369?utm_medium=api&utm_source=rss,3,3.89,3.3995016919938865,3.1694320895565324,2.621145477958113,3.89
"A Portrait of the Artist as a Young Man",General Reading,2012,https://www.goodreads.com/review/show/369889352?utm_medium=api&utm_source=rss,3,3.64,3.162859033909656,3.077028370109622,2.865842948517334,3.64
"Antigone (Theban Plays, #3)",General Reading,2012,https://www.goodreads.com/review/show/369889237?utm_medium=api&utm_source=rss,2,3.7,3.219653271849872,3.1058996741370155,2.6920097982944986,3.7
"The Pickwick Papers",General Reading,2012,https://www.goodreads.com/review/show/369889101?utm_medium=api&utm_source=rss,1,3.84,3.3521731603770406,3.1840477112016923,2.621145477958113,3.84
"The Magic Goes Away",General Reading,2012,https://www.goodreads.com/review/show/369888863?utm_medium=api&utm_source=rss,3,3.67,3.1912561528797627,3.0735828572891095,2.865842948517334,3.67
"N-Space",General Reading,2012,https://www.goodreads.com/review/show/369888753?utm_medium=api&utm_source=rss,3,3.93,3.437364517287364,3.1705351892940024,2.645010657526909,3.93
"Flatlander (Known Space)",General Reading,2012,https://www.goodreads.com/review/show/369888725?utm_medium=api&utm_source=rss,3,3.97,3.475227342580841,3.134045811789025,2.5386562938085575,3.97
"The World of Ptavvs (Known Space)",General Reading,2012,https://www.goodreads.com/review/show/369888709?utm_medium=api&utm_source=rss,2,3.83,3.3427074540536714,3.1791866000905817,2.621145477958113,3.83
"The Man-Kzin Wars (Man-Kzin Wars, #1)",General Reading,2012,https://www.goodreads.com/review/show/369888644?utm_medium=api&utm_source=rss,4,3.69,3.210187565526502,3.083161219694678,2.6920097982944986,3.69
"A World Out of Time (The State, #1)",General Reading,2012,https://www.goodreads.com/review/show/369888579?utm_medium=api&utm_source=rss,3,3.79,3.3048446287601947,3.154483880122026,2.82691905075889,3.79
"Tales of Known Space: The Universe of Larry Niven (Known Space)",General Reading,2012,https://www.goodreads.com/review/show/369888533?utm_medium=api&utm_source=rss,4,4.19,3.6834728816949647,3.3149541704042047,2.6440748476244127,4.19
"The Integral Trees (The State, #2)",General Reading,2012,https://www.goodreads.com/review/show/369888543?utm_medium=api&utm_source=rss,3,3.76,3.2764475097900863,3.143957952431198,2.9420243767299623,3.76
"Ringworld's Children (Ringworld #4)",General Reading,2012,https://www.goodreads.com/review/show/369888503?utm_medium=api&utm_source=rss,3,3.76,3.2764475097900863,3.143957952431198,2.9420243767299623,3.76
"The Integral Trees / The Smoke Ring",General Reading,2012,https://www.goodreads.com/review/show/369888469?utm_medium=api&utm_source=rss,2,3.72,3.2385846844966104,3.1326049682793937,2.9420243767299623,3.72
"The Ringworld Throne (Ringworld #3)",General Reading,2012,https://www.goodreads.com/review/show/369888454?utm_medium=api&utm_source=rss,3,3.57,3.096599089646071,3.0808205669360933,2.910628499887679,3.57
"The Gripping Hand (Moties, #2)",General Reading,2012,https://www.goodreads.com/review/show/369888431?utm_medium=api&utm_source=rss,4,3.83,3.3427074540536714,3.1791866000905817,2.621145477958113,3.83
"The Ringworld Engineers (Ringworld #2)",General Reading,2012,https://www.goodreads.com/review/show/369888384?utm_medium=api&utm_source=rss,3,3.89,3.3995016919938865,3.1694320895565324,2.621145477958113,3.89
"The Big U",General Reading,2012,https://www.goodreads.com/review/show/369888089?utm_medium=api&utm_source=rss,4,3.26,2.8031621936216244,2.8606176201027456,2.6652901079298643,3.26
"Megatokyo, Volume 4",General Reading,2012,https://www.goodreads.com/review/show/369887300?utm_medium=api&utm_source=rss,3,4.06,3.5604186994911635,3.1458820859969077,2.57426083774174,4.06
"Megatokyo, Volume 3",General Reading,2012,https://www.goodreads.com/review/show/369887261?utm_medium=api&utm_source=rss,2,4,3.5036244615509484,3.109294885935889,2.5386562938085575,4
"Megatokyo, Volume 2",General Reading,2012,https://www.goodreads.com/review/show/369887221?utm_medium=api&utm_source=rss,2,3.95,3.4562959299341025,3.167391229562459,2.645010657526909,3.95
"Megatokyo, Volume 1",General Reading,2012,https://www.goodreads.com/review/show/369887186?utm_medium=api&utm_source=rss,3,3.7,3.219653271849872,3.1058996741370155,2.6920097982944986,3.7
"The Hunt for Red October (Jack Ryan, #3)",General Reading,2012,https://www.goodreads.com/review/show/369887051?utm_medium=api&utm_source=rss,4,4.11,3.6077472311080103,3.290748344706648,2.7622671254511912,4.11
"Future Shock",General Reading,2012,https://www.goodreads.com/review/show/369886333?utm_medium=api&utm_source=rss,2,3.81,3.323776041406933,3.151179036164781,2.621145477958113,3.81
"Tao of Jeet Kune Do",General Reading,2012,https://www.goodreads.com/review/show/369884598?utm_medium=api&utm_source=rss,4,4.35,3.8349241828688716,3.439714795599229,2.954018112679327,4.35
"Computer Lib/Dream Machines",General Reading,2012,https://www.goodreads.com/review/show/369884399?utm_medium=api&utm_source=rss,2,4.43,3.910649833455826,3.7046565988456712,3.361656719965461,4.43
"Marooned in Realtime (Across Realtime, #2)",General Reading,2012,https://www.goodreads.com/review/show/369884309?utm_medium=api&utm_source=rss,3,4.1,3.5982815247846403,3.299161823709844,2.7622671254511912,4.1
"A Brief History of Time",General Reading,2012,https://www.goodreads.com/review/show/369884259?utm_medium=api&utm_source=rss,4,4.22,3.7118700006650713,3.419836382232142,2.9132384554091955,4.22
"The Great Hunt (The Wheel of Time, #2)",General Reading,2012,https://www.goodreads.com/review/show/369884233?utm_medium=api&utm_source=rss,3,4.25,3.740267119635179,3.4503631739243485,2.9275548225167403,4.25
"The System of the World (The Baroque Cycle, #3)",General Reading,2012,https://www.goodreads.com/review/show/369883900?utm_medium=api&utm_source=rss,3,4.33,3.8159927702221332,3.4097739629405854,2.954018112679327,4.33
"The Confusion (The Baroque Cycle, #2)",General Reading,2012,https://www.goodreads.com/review/show/369883887?utm_medium=api&utm_source=rss,3,4.26,3.749732825958548,3.4694619338328896,2.9275548225167403,4.26
"Cryptonomicon",General Reading,2012,https://www.goodreads.com/review/show/369883868?utm_medium=api&utm_source=rss,4,4.24,3.7308014133118106,3.4402107118031364,2.9275548225167403,4.24
"Quicksilver (The Baroque Cycle, #1)",General Reading,2012,https://www.goodreads.com/review/show/369883876?utm_medium=api&utm_source=rss,3,3.91,3.4184331046406258,3.167601003404526,2.621145477958113,3.91
"The Diamond Age: Or, a Young Lady's Illustrated Primer",General Reading,2012,https://www.goodreads.com/review/show/369883841?utm_medium=api&utm_source=rss,4,4.17,3.6645414690482254,3.2943931354785496,2.6440748476244127,4.17
"Anathem",General Reading,2012,https://www.goodreads.com/review/show/369883439?utm_medium=api&utm_source=rss,4,4.17,3.6645414690482254,3.2943931354785496,2.6440748476244127,4.17
"Ringworld",General Reading,2012,https://www.goodreads.com/review/show/369883312?utm_medium=api&utm_source=rss,4,3.58,3.10606479596944,3.0862237927425444,2.8817425997587325,3.58
"The Instrumentality of Mankind",General Reading,2012,https://www.goodreads.com/review/show/369882796?utm_medium=api&utm_source=rss,4,4.11,3.6077472311080103,3.290748344706648,2.7622671254511912,4.11
"The Red Queen: Sex and the Evolution of Human Nature",General Reading,2012,https://www.goodreads.com/review/show/369882727?utm_medium=api&utm_source=rss,4,4.05,3.5509529931677943,3.152219098660406,2.57426083774174,4.05
"Principia Discordia ● Or ● How I Found Goddess and What I Did to Her When I Found Her: The Magnum Opiate of Malaclypse the Younger",General Reading,2012,https://www.goodreads.com/review/show/369881659?utm_medium=api&utm_source=rss,3,4.26,3.749732825958548,3.4694619338328896,2.9275548225167403,4.26
"Xenocide (Ender's Saga, #3)",General Reading,2012,https://www.goodreads.com/review/show/369881629?utm_medium=api&utm_source=rss,2,3.81,3.323776041406933,3.151179036164781,2.621145477958113,3.81
"Ender's Shadow (The Shadow Series, #1)",General Reading,2012,https://www.goodreads.com/review/show/369881610?utm_medium=api&utm_source=rss,4,4.32,3.806527063898764,3.478839420587795,3.0740397452633794,4.32
"Children of the Mind (Ender's Saga, #4)",General Reading,2012,https://www.goodreads.com/review/show/369881558?utm_medium=api&utm_source=rss,3,3.77,3.2859132161134554,3.1396523968756425,2.82691905075889,3.77
"Quantum Psychology: How Brain Software Programs You & Your World",General Reading,2012,https://www.goodreads.com/review/show/369881059?utm_medium=api&utm_source=rss,4,4.23,3.7213357069884414,3.432424911847278,2.9275548225167403,4.23
"Schrödinger's Cat Trilogy",General Reading,2012,https://www.goodreads.com/review/show/369881015?utm_medium=api&utm_source=rss,4,4.09,3.588815818461272,3.301044940592961,2.7622671254511912,4.09
"1984",General Reading,2012,https://www.goodreads.com/review/show/369880943?utm_medium=api&utm_source=rss,5,4.15,3.645610056401488,3.2800756050654156,2.6440748476244127,4.15
"Animal Farm",General Reading,2012,https://www.goodreads.com/review/show/369880841?utm_medium=api&utm_source=rss,4,3.9,3.4089673983172557,3.1602654121873868,2.621145477958113,3.9
"Atlas Shrugged",General Reading,2012,https://www.goodreads.com/review/show/369880802?utm_medium=api&utm_source=rss,1,3.67,3.1912561528797627,3.0735828572891095,2.865842948517334,3.67
"The Poisonwood Bible",General Reading,2012,https://www.goodreads.com/review/show/369880757?utm_medium=api&utm_source=rss,4,4.11,3.6077472311080103,3.290748344706648,2.7622671254511912,4.11
"The Fountainhead",General Reading,2012,https://www.goodreads.com/review/show/369880704?utm_medium=api&utm_source=rss,1,3.87,3.380570279347148,3.1916184602363327,2.621145477958113,3.87
"Heart of Darkness",General Reading,2012,https://www.goodreads.com/review/show/369880661?utm_medium=api&utm_source=rss,5,3.43,2.9640792011189014,2.847226251055127,2.6652901079298643,3.43
"The Metamorphosis",General Reading,2012,https://www.goodreads.com/review/show/369880483?utm_medium=api&utm_source=rss,2,3.91,3.4184331046406258,3.167601003404526,2.621145477958113,3.91
"Zen and the Art of Motorcycle Maintenance: An Inquiry Into Values (Phaedrus, #1)",General Reading,2012,https://www.goodreads.com/review/show/369880356?utm_medium=api&utm_source=rss,4,3.78,3.2953789224368255,3.1543829034891924,2.82691905075889,3.78
"The Curious Incident of the Dog in the Night-Time",General Reading,2012,https://www.goodreads.com/review/show/369880276?utm_medium=api&utm_source=rss,3,3.89,3.3995016919938865,3.1694320895565324,2.621145477958113,3.89
"The World Is Flat: A Brief History of the Twenty-first Century",General Reading,2012,https://www.goodreads.com/review/show/369880210?utm_medium=api&utm_source=rss,1,3.69,3.210187565526502,3.083161219694678,2.6920097982944986,3.69
"Confessions of an Economic Hit Man",General Reading,2012,https://www.goodreads.com/review/show/369879955?utm_medium=api&utm_source=rss,2,3.85,3.36163886670041,3.187094234950601,2.621145477958113,3.85
"The Black Swan: The Impact of the Highly Improbable",General Reading,2012,https://www.goodreads.com/review/show/369879890?utm_medium=api&utm_source=rss,4,3.97,3.475227342580841,3.134045811789025,2.5386562938085575,3.97
"Outliers: The Story of Success",General Reading,2012,https://www.goodreads.com/review/show/369879746?utm_medium=api&utm_source=rss,3,4.19,3.6834728816949647,3.3149541704042047,2.6440748476244127,4.19
"Blood Meridian, or, the Evening Redness in the West",General Reading,2012,https://www.goodreads.com/review/show/369879556?utm_medium=api&utm_source=rss,4,4.17,3.6645414690482254,3.2943931354785496,2.6440748476244127,4.17
"Oh, the Places You’ll Go!",General Reading,2012,https://www.goodreads.com/review/show/369879102?utm_medium=api&utm_source=rss,4,4.37,3.85385559551561,3.4821218681820705,2.954018112679327,4.37
"Mindfulness in Plain English",General Reading,2012,https://www.goodreads.com/review/show/369877824?utm_medium=api&utm_source=rss,4,4.13,3.6266786437547487,3.2504111143680525,2.5515307663290194,4.13
"Drive: The Surprising Truth About What Motivates Us",General Reading,2012,https://www.goodreads.com/review/show/369877766?utm_medium=api&utm_source=rss,3,3.94,3.4468302236107324,3.167391229562459,2.645010657526909,3.94
"Gates of Fire",General Reading,2012,https://www.goodreads.com/review/show/369877351?utm_medium=api&utm_source=rss,4,4.4,3.8822527144857184,3.6096795378627475,2.9257548071628277,4.4
"Whirlwind (Asian Saga, #6)",General Reading,2012,https://www.goodreads.com/review/show/369876640?utm_medium=api&utm_source=rss,2,3.84,3.3521731603770406,3.1840477112016923,2.621145477958113,3.84
"Gai-Jin (Asian Saga, #3)",General Reading,2012,https://www.goodreads.com/review/show/369876606?utm_medium=api&utm_source=rss,2,3.87,3.380570279347148,3.1916184602363327,2.621145477958113,3.87
"King Rat (Asian Saga, #4)",General Reading,2012,https://www.goodreads.com/review/show/369876590?utm_medium=api&utm_source=rss,4,4.15,3.645610056401488,3.2800756050654156,2.6440748476244127,4.15
"Noble House (Asian Saga, #5)",General Reading,2012,https://www.goodreads.com/review/show/369876576?utm_medium=api&utm_source=rss,4,4.26,3.749732825958548,3.4694619338328896,2.9275548225167403,4.26
"Tai-Pan (Asian Saga, #2)",General Reading,2012,https://www.goodreads.com/review/show/369876565?utm_medium=api&utm_source=rss,4,4.29,3.7781299449286565,3.4945954908361223,3.0740397452633794,4.29
"Shōgun (Asian Saga, #1)",General Reading,2012,https://www.goodreads.com/review/show/369876521?utm_medium=api&utm_source=rss,2,4.38,3.86332130183898,3.5961210061167157,2.954018112679327,4.38
"Learning GNU Emacs",General Reading,2012,https://www.goodreads.com/review/show/369875546?utm_medium=api&utm_source=rss,4,3.66,3.1817904465563944,3.0735828572891095,2.865842948517334,3.66
"Prometheus Rising",General Reading,2012,https://www.goodreads.com/review/show/369875503?utm_medium=api&utm_source=rss,3,4.25,3.740267119635179,3.4503631739243485,2.9275548225167403,4.25
"The Soul of a New Machine",General Reading,2012,https://www.goodreads.com/review/show/369875480?utm_medium=api&utm_source=rss,4,4.1,3.5982815247846403,3.299161823709844,2.7622671254511912,4.1
"The Blind Watchmaker: Why the Evidence of Evolution Reveals a Universe Without Design",General Reading,2012,https://www.goodreads.com/review/show/369875250?utm_medium=api&utm_source=rss,3,4.09,3.588815818461272,3.301044940592961,2.7622671254511912,4.09
"The Fires of Heaven (The Wheel of Time, #5)",General Reading,2012,https://www.goodreads.com/review/show/369875187?utm_medium=api&utm_source=rss,4,4.2,3.692938588018333,3.38316215536463,2.895634800768575,4.2
"Lord of Chaos (The Wheel of Time, #6)",General Reading,2012,https://www.goodreads.com/review/show/369875169?utm_medium=api&utm_source=rss,4,4.18,3.6740071753715946,3.2943931354785496,2.6440748476244127,4.18
"A Crown of Swords (The Wheel of Time, #7)",General Reading,2012,https://www.goodreads.com/review/show/369875154?utm_medium=api&utm_source=rss,3,4.05,3.5509529931677943,3.152219098660406,2.57426083774174,4.05
"Crossroads of Twilight (The Wheel of Time, #10)",General Reading,2012,https://www.goodreads.com/review/show/369875124?utm_medium=api&utm_source=rss,3,3.76,3.2764475097900863,3.143957952431198,2.9420243767299623,3.76
"Winter's Heart (The Wheel of Time, #9)",General Reading,2012,https://www.goodreads.com/review/show/369875127?utm_medium=api&utm_source=rss,2,3.94,3.4468302236107324,3.167391229562459,2.645010657526909,3.94
"Knife of Dreams (The Wheel of Time, #11)",General Reading,2012,https://www.goodreads.com/review/show/369875104?utm_medium=api&utm_source=rss,3,4.18,3.6740071753715946,3.2943931354785496,2.6440748476244127,4.18
"The Left Hand of Darkness",General Reading,2012,https://www.goodreads.com/review/show/369874929?utm_medium=api&utm_source=rss,1,4.11,3.6077472311080103,3.290748344706648,2.7622671254511912,4.11
"Solaris",General Reading,2012,https://www.goodreads.com/review/show/369874861?utm_medium=api&utm_source=rss,4,3.99,3.4941587552275792,3.109294885935889,2.5386562938085575,3.99
"A Wrinkle in Time (Time Quintet, #1)",General Reading,2012,https://www.goodreads.com/review/show/369874846?utm_medium=api&utm_source=rss,3,4.04,3.541487286844425,3.1413284543957407,2.57426083774174,4.04
"The Tipping Point: How Little Things Can Make a Big Difference",General Reading,2012,https://www.goodreads.com/review/show/369874775?utm_medium=api&utm_source=rss,3,4.01,3.5130901678743176,3.130877929761123,2.57426083774174,4.01
"Blink: The Power of Thinking Without Thinking",General Reading,2012,https://www.goodreads.com/review/show/369874765?utm_medium=api&utm_source=rss,2,3.97,3.475227342580841,3.134045811789025,2.5386562938085575,3.97
"Eats, Shoots & Leaves: The Zero Tolerance Approach to Punctuation",General Reading,2012,https://www.goodreads.com/review/show/369874726?utm_medium=api&utm_source=rss,3,3.86,3.371104573023779,3.186715309829828,2.621145477958113,3.86
"The Prince",General Reading,2012,https://www.goodreads.com/review/show/369874692?utm_medium=api&utm_source=rss,4,3.85,3.36163886670041,3.187094234950601,2.621145477958113,3.85
"The Republic",General Reading,2012,https://www.goodreads.com/review/show/369874679?utm_medium=api&utm_source=rss,3,3.97,3.475227342580841,3.134045811789025,2.5386562938085575,3.97
"Meditations",General Reading,2012,https://www.goodreads.com/review/show/369874646?utm_medium=api&utm_source=rss,5,4.29,3.7781299449286565,3.4945954908361223,3.0740397452633794,4.29
"The Origin of Species",General Reading,2012,https://www.goodreads.com/review/show/369874573?utm_medium=api&utm_source=rss,4,4.01,3.5130901678743176,3.130877929761123,2.57426083774174,4.01
"The Singularity is Near: When Humans Transcend Biology",General Reading,2012,https://www.goodreads.com/review/show/369874416?utm_medium=api&utm_source=rss,3,3.92,3.427898810963994,3.16665920115171,2.621145477958113,3.92
"Foundation (Foundation, #1)",General Reading,2012,https://www.goodreads.com/review/show/369874387?utm_medium=api&utm_source=rss,4,4.18,3.6740071753715946,3.2943931354785496,2.6440748476244127,4.18
"Pattern Recognition (Blue Ant, #1)",General Reading,2012,https://www.goodreads.com/review/show/369874312?utm_medium=api&utm_source=rss,3,3.87,3.380570279347148,3.1916184602363327,2.621145477958113,3.87
"Rainbows End",General Reading,2012,https://www.goodreads.com/review/show/369874289?utm_medium=api&utm_source=rss,3,3.78,3.2953789224368255,3.1543829034891924,2.82691905075889,3.78
"Genghis Khan and the Making of the Modern World",General Reading,2012,https://www.goodreads.com/review/show/369874254?utm_medium=api&utm_source=rss,3,4.02,3.522555874197687,3.130877929761123,2.57426083774174,4.02
"Stealing The Network: How to Own the Box",General Reading,2012,https://www.goodreads.com/review/show/369874070?utm_medium=api&utm_source=rss,4,4.05,3.5509529931677943,3.152219098660406,2.57426083774174,4.05
"Feynman Lectures On Computation (Frontiers in Physics)",General Reading,2012,https://www.goodreads.com/review/show/369873426?utm_medium=api&utm_source=rss,4,4.27,3.7591985322819172,3.447846145126452,2.9275548225167403,4.27
"This Craft of Verse",General Reading,2012,https://www.goodreads.com/review/show/369873064?utm_medium=api&utm_source=rss,3,4.34,3.8254584765455024,3.4148184385960167,2.954018112679327,4.34
"Dreamtigers",General Reading,2012,https://www.goodreads.com/review/show/369873012?utm_medium=api&utm_source=rss,5,4.29,3.7781299449286565,3.4945954908361223,3.0740397452633794,4.29
"Selected Non-Fictions",General Reading,2012,https://www.goodreads.com/review/show/369873001?utm_medium=api&utm_source=rss,5,4.44,3.920115539779195,3.697616420274242,3.361656719965461,4.44
"The Library of Babel",General Reading,2012,https://www.goodreads.com/review/show/369872991?utm_medium=api&utm_source=rss,5,4.32,3.806527063898764,3.478839420587795,3.0740397452633794,4.32
"Selected Poems",General Reading,2012,https://www.goodreads.com/review/show/369872952?utm_medium=api&utm_source=rss,4,4.36,3.8443898891922417,3.439714795599229,2.954018112679327,4.36
"The Book of Sand and Shakespeare's Memory",General Reading,2012,https://www.goodreads.com/review/show/369872924?utm_medium=api&utm_source=rss,3,4.3,3.787595651252025,3.4863445750852065,3.0740397452633794,4.3
"Collected Fictions",General Reading,2012,https://www.goodreads.com/review/show/369872871?utm_medium=api&utm_source=rss,5,4.57,4.043169721982996,3.656207828865651,3.361656719965461,4.57
"Gateway (Heechee Saga, #1)",General Reading,2012,https://www.goodreads.com/review/show/369872525?utm_medium=api&utm_source=rss,4,4.07,3.5698844058145327,3.280851700523182,2.7622671254511912,4.07
"Ambush at Corellia (The Corellian Trilogy, #1)",General Reading,2012,https://www.goodreads.com/review/show/369868652?utm_medium=api&utm_source=rss,2,3.59,3.1155305022928093,3.082543237186989,2.8817425997587325,3.59
"Star Wars: The Mandalorian Armor (The Bounty Hunter Wars, #1)",General Reading,2012,https://www.goodreads.com/review/show/369868606?utm_medium=api&utm_source=rss,3,3.63,3.153393327586286,3.0809569415381937,2.865842948517334,3.63
"Star Wars: Tales from the Empire",General Reading,2012,https://www.goodreads.com/review/show/369868579?utm_medium=api&utm_source=rss,4,3.62,3.1439276212629177,3.091631454525206,2.8817425997587325,3.62
"Star Wars: Tales from the New Republic",General Reading,2012,https://www.goodreads.com/review/show/369868564?utm_medium=api&utm_source=rss,3,3.53,3.058736264352594,2.9492579358127684,2.6652901079298643,3.53
"Flatterland: Like Flatland, Only More So",General Reading,2012,https://www.goodreads.com/review/show/369868126?utm_medium=api&utm_source=rss,4,3.75,3.266981803466718,3.143957952431198,2.9420243767299623,3.75
"Accelerando",General Reading,2012,https://www.goodreads.com/review/show/369868039?utm_medium=api&utm_source=rss,5,3.88,3.3900359856705173,3.1916184602363327,2.621145477958113,3.88
"The Dying Earth (The Dying Earth, #1)",General Reading,2012,https://www.goodreads.com/review/show/369867624?utm_medium=api&utm_source=rss,4,3.9,3.4089673983172557,3.1602654121873868,2.621145477958113,3.9
"Heirs of the Force (Star Wars: Young Jedi Knights, #1)",General Reading,2012,https://www.goodreads.com/review/show/369865499?utm_medium=api&utm_source=rss,2,3.66,3.1817904465563944,3.0735828572891095,2.865842948517334,3.66
"Star Wars: Tales from Jabba's Palace",General Reading,2012,https://www.goodreads.com/review/show/369865475?utm_medium=api&utm_source=rss,4,3.67,3.1912561528797627,3.0735828572891095,2.865842948517334,3.67
"Star Wars: Tales from the Mos Eisley Cantina",General Reading,2012,https://www.goodreads.com/review/show/369865462?utm_medium=api&utm_source=rss,4,3.64,3.162859033909656,3.077028370109622,2.865842948517334,3.64
"Star Wars: Tales of the Bounty Hunters",General Reading,2012,https://www.goodreads.com/review/show/369865403?utm_medium=api&utm_source=rss,4,3.79,3.3048446287601947,3.154483880122026,2.82691905075889,3.79
"Star Wars: Darksaber (The Callista Trilogy, #2)",General Reading,2012,https://www.goodreads.com/review/show/369865384?utm_medium=api&utm_source=rss,3,3.43,2.9640792011189014,2.847226251055127,2.6652901079298643,3.43
"Star Wars: Champions of the Force (The Jedi Academy Trilogy, #3)",General Reading,2012,https://www.goodreads.com/review/show/369865355?utm_medium=api&utm_source=rss,4,3.67,3.1912561528797627,3.0735828572891095,2.865842948517334,3.67
"Star Wars: Dark Apprentice (The Jedi Academy Trilogy, #2)",General Reading,2012,https://www.goodreads.com/review/show/369865311?utm_medium=api&utm_source=rss,3,3.64,3.162859033909656,3.077028370109622,2.865842948517334,3.64
"Star Wars: Jedi Search (The Jedi Academy Trilogy, #1)",General Reading,2012,https://www.goodreads.com/review/show/369865278?utm_medium=api&utm_source=rss,4,3.68,3.200721859203133,3.06925610764986,2.6920097982944986,3.68
"The Maker of Dune: Insights of a Master of Science Fiction",General Reading,2012,https://www.goodreads.com/review/show/369865078?utm_medium=api&utm_source=rss,4,4.03,3.532021580521057,3.130877929761123,2.57426083774174,4.03
"UNDER PRESSURE",General Reading,2012,https://www.goodreads.com/review/show/369864872?utm_medium=api&utm_source=rss,4,3.63,3.153393327586286,3.0809569415381937,2.865842948517334,3.63
"Soul Catcher",General Reading,2012,https://www.goodreads.com/review/show/369864847?utm_medium=api&utm_source=rss,3,3.71,3.2291189781732403,3.1180525219192736,2.6920097982944986,3.71
"The Ascension Factor (The Pandora Sequence, #3)",General Reading,2012,https://www.goodreads.com/review/show/369864826?utm_medium=api&utm_source=rss,3,3.74,3.2575160971433488,3.133739167413593,2.9420243767299623,3.74
"Hellstrom's Hive",General Reading,2012,https://www.goodreads.com/review/show/369864665?utm_medium=api&utm_source=rss,2,3.69,3.210187565526502,3.083161219694678,2.6920097982944986,3.69
"Destination: Void",General Reading,2012,https://www.goodreads.com/review/show/369864646?utm_medium=api&utm_source=rss,2,3.6,3.1249962086161793,3.091631454525206,2.8817425997587325,3.6
"Whipping Star (ConSentiency Universe, #1)",General Reading,2012,https://www.goodreads.com/review/show/369864614?utm_medium=api&utm_source=rss,3,3.67,3.1912561528797627,3.0735828572891095,2.865842948517334,3.67
"The Road to Dune",General Reading,2012,https://www.goodreads.com/review/show/369864599?utm_medium=api&utm_source=rss,4,3.91,3.4184331046406258,3.167601003404526,2.621145477958113,3.91
"The Lazarus Effect (The Pandora Sequence, #2)",General Reading,2012,https://www.goodreads.com/review/show/369864581?utm_medium=api&utm_source=rss,2,3.77,3.2859132161134554,3.1396523968756425,2.82691905075889,3.77
"The Jesus Incident (The Pandora Sequence, #1)",General Reading,2012,https://www.goodreads.com/review/show/369864564?utm_medium=api&utm_source=rss,2,3.73,3.2480503908199787,3.133739167413593,2.9420243767299623,3.73
"The White Plague",General Reading,2012,https://www.goodreads.com/review/show/369864181?utm_medium=api&utm_source=rss,1,3.7,3.219653271849872,3.1058996741370155,2.6920097982944986,3.7
"The Dosadi Experiment (ConSentiency Universe, #2)",General Reading,2012,https://www.goodreads.com/review/show/369864117?utm_medium=api&utm_source=rss,4,3.84,3.3521731603770406,3.1840477112016923,2.621145477958113,3.84
"Chapterhouse: Dune (Dune #6)",General Reading,2012,https://www.goodreads.com/review/show/369864055?utm_medium=api&utm_source=rss,3,3.9,3.4089673983172557,3.1602654121873868,2.621145477958113,3.9
"Heretics of Dune (Dune #5)",General Reading,2012,https://www.goodreads.com/review/show/369864033?utm_medium=api&utm_source=rss,3,3.85,3.36163886670041,3.187094234950601,2.621145477958113,3.85
"God Emperor of Dune (Dune #4)",General Reading,2012,https://www.goodreads.com/review/show/369864016?utm_medium=api&utm_source=rss,4,3.84,3.3521731603770406,3.1840477112016923,2.621145477958113,3.84
"Children of Dune (Dune #3)",General Reading,2012,https://www.goodreads.com/review/show/369863986?utm_medium=api&utm_source=rss,2,3.92,3.427898810963994,3.16665920115171,2.621145477958113,3.92
"Dune Messiah (Dune #2)",General Reading,2012,https://www.goodreads.com/review/show/369863940?utm_medium=api&utm_source=rss,5,3.88,3.3900359856705173,3.1916184602363327,2.621145477958113,3.88
"Frank Herbert (Twayne's United States Authors, #532)",General Reading,2012,https://www.goodreads.com/review/show/369863765?utm_medium=api&utm_source=rss,4,3.44,2.9735449074422706,2.847226251055127,2.6652901079298643,3.44
"The Winds of Dune (Heroes of Dune, #2)",General Reading,2012,https://www.goodreads.com/review/show/369863577?utm_medium=api&utm_source=rss,2,3.79,3.3048446287601947,3.154483880122026,2.82691905075889,3.79
"Paul of Dune (Heroes of Dune, #1)",General Reading,2012,https://www.goodreads.com/review/show/369863556?utm_medium=api&utm_source=rss,1,3.74,3.2575160971433488,3.133739167413593,2.9420243767299623,3.74
"Hunters of Dune (Dune, #7)",General Reading,2012,https://www.goodreads.com/review/show/369863520?utm_medium=api&utm_source=rss,1,3.67,3.1912561528797627,3.0735828572891095,2.865842948517334,3.67
"Sandworms of Dune (Dune, #8)",General Reading,2012,https://www.goodreads.com/review/show/369863532?utm_medium=api&utm_source=rss,1,3.64,3.162859033909656,3.077028370109622,2.865842948517334,3.64
"The Battle of Corrin (Legends of Dune, #3)",General Reading,2012,https://www.goodreads.com/review/show/369863507?utm_medium=api&utm_source=rss,2,3.8,3.314310335083564,3.15597753343254,2.82691905075889,3.8
"The Machine Crusade (Legends of Dune, #2)",General Reading,2012,https://www.goodreads.com/review/show/369863480?utm_medium=api&utm_source=rss,1,3.8,3.314310335083564,3.15597753343254,2.82691905075889,3.8
"House Corrino (Prelude to Dune, #3)",General Reading,2012,https://www.goodreads.com/review/show/369863444?utm_medium=api&utm_source=rss,2,3.74,3.2575160971433488,3.133739167413593,2.9420243767299623,3.74
"House Harkonnen (Prelude to Dune, #2)",General Reading,2012,https://www.goodreads.com/review/show/369863431?utm_medium=api&utm_source=rss,2,3.74,3.2575160971433488,3.133739167413593,2.9420243767299623,3.74
"House Atreides (Prelude to Dune, #1)",General Reading,2012,https://www.goodreads.com/review/show/369863356?utm_medium=api&utm_source=rss,3,3.81,3.323776041406933,3.151179036164781,2.621145477958113,3.81
"The Butlerian Jihad (Legends of Dune, #1)",General Reading,2012,https://www.goodreads.com/review/show/369862440?utm_medium=api&utm_source=rss,1,4.02,3.522555874197687,3.130877929761123,2.57426083774174,4.02
"The Leopard",General Reading,2012,https://www.goodreads.com/review/show/369860608?utm_medium=api&utm_source=rss,5,4.01,3.5130901678743176,3.130877929761123,2.57426083774174,4.01
"Orphans of the Helix (Hyperion Cantos, #4.5)",General Reading,2012,https://www.goodreads.com/review/show/369859899?utm_medium=api&utm_source=rss,2,3.86,3.371104573023779,3.186715309829828,2.621145477958113,3.86
"Prayers to Broken Stones (Hyperion Cantos, #0.5)",General Reading,2012,https://www.goodreads.com/review/show/369859766?utm_medium=api&utm_source=rss,4,3.84,3.3521731603770406,3.1840477112016923,2.621145477958113,3.84
"The Hollow Man",General Reading,2012,https://www.goodreads.com/review/show/369859674?utm_medium=api&utm_source=rss,3,3.46,2.99247632008901,2.84880958438846,2.6652901079298643,3.46
"Song of Kali",General Reading,2012,https://www.goodreads.com/review/show/369859651?utm_medium=api&utm_source=rss,2,3.59,3.1155305022928093,3.082543237186989,2.8817425997587325,3.59
"Carrion Comfort",General Reading,2012,https://www.goodreads.com/review/show/369859602?utm_medium=api&utm_source=rss,3,3.91,3.4184331046406258,3.167601003404526,2.621145477958113,3.91
"Olympos (Ilium, #2)",General Reading,2012,https://www.goodreads.com/review/show/369859558?utm_medium=api&utm_source=rss,3,3.94,3.4468302236107324,3.167391229562459,2.645010657526909,3.94
"Ilium (Ilium, #1)",General Reading,2012,https://www.goodreads.com/review/show/369859528?utm_medium=api&utm_source=rss,3,4.02,3.522555874197687,3.130877929761123,2.57426083774174,4.02
"Endymion (Hyperion Cantos, #3)",General Reading,2012,https://www.goodreads.com/review/show/369859473?utm_medium=api&utm_source=rss,2,4.17,3.6645414690482254,3.2943931354785496,2.6440748476244127,4.17
"The Fall of Hyperion (Hyperion Cantos, #2)",General Reading,2012,https://www.goodreads.com/review/show/369859361?utm_medium=api&utm_source=rss,5,4.23,3.7213357069884414,3.432424911847278,2.9275548225167403,4.23
"Hyperion (Hyperion Cantos, #1)",General Reading,2012,https://www.goodreads.com/review/show/369859187?utm_medium=api&utm_source=rss,5,4.27,3.7591985322819172,3.447846145126452,2.9275548225167403,4.27
"Virtual Light (Bridge, #1)",General Reading,2012,https://www.goodreads.com/review/show/369859111?utm_medium=api&utm_source=rss,2,3.88,3.3900359856705173,3.1916184602363327,2.621145477958113,3.88
"How to Measure Anything: Finding the Value of Intangibles in Business",General Reading,2012,https://www.goodreads.com/review/show/369859010?utm_medium=api&utm_source=rss,4,3.95,3.4562959299341025,3.167391229562459,2.645010657526909,3.95
"King Rat",General Reading,2012,https://www.goodreads.com/review/show/369857477?utm_medium=api&utm_source=rss,3,3.56,3.0871333833227026,3.0684152270778267,2.910628499887679,3.56
"The Pale King",General Reading,2012,https://www.goodreads.com/review/show/369857306?utm_medium=api&utm_source=rss,2,3.97,3.475227342580841,3.134045811789025,2.5386562938085575,3.97
"Consider the Lobster and Other Essays",General Reading,2012,https://www.goodreads.com/review/show/369857232?utm_medium=api&utm_source=rss,4,4.19,3.6834728816949647,3.3149541704042047,2.6440748476244127,4.19
"Infinite Jest",General Reading,2012,https://www.goodreads.com/review/show/369857189?utm_medium=api&utm_source=rss,3,4.27,3.7591985322819172,3.447846145126452,2.9275548225167403,4.27
"Iron Council (New Crobuzon, #3)",General Reading,2012,https://www.goodreads.com/review/show/369856978?utm_medium=api&utm_source=rss,3,3.73,3.2480503908199787,3.133739167413593,2.9420243767299623,3.73
"Kraken",General Reading,2012,https://www.goodreads.com/review/show/369856938?utm_medium=api&utm_source=rss,3,3.62,3.1439276212629177,3.091631454525206,2.8817425997587325,3.62
"The City & the City",General Reading,2012,https://www.goodreads.com/review/show/369856878?utm_medium=api&utm_source=rss,4,3.9,3.4089673983172557,3.1602654121873868,2.621145477958113,3.9
"The Scar (New Crobuzon, #2)",General Reading,2012,https://www.goodreads.com/review/show/369856843?utm_medium=api&utm_source=rss,4,4.18,3.6740071753715946,3.2943931354785496,2.6440748476244127,4.18
"The Hero of Ages (Mistborn, #3)",General Reading,2012,https://www.goodreads.com/review/show/369856694?utm_medium=api&utm_source=rss,4,4.55,4.0242383093362575,3.656207828865651,3.361656719965461,4.55
"Mistborn: The Final Empire (Mistborn, #1)",General Reading,2012,https://www.goodreads.com/review/show/369856668?utm_medium=api&utm_source=rss,4,4.48,3.9579783650726728,3.656207828865651,3.361656719965461,4.48
"After Dark",General Reading,2012,https://www.goodreads.com/review/show/369856072?utm_medium=api&utm_source=rss,3,3.75,3.266981803466718,3.143957952431198,2.9420243767299623,3.75
"Norwegian Wood",General Reading,2012,https://www.goodreads.com/review/show/369855998?utm_medium=api&utm_source=rss,3,4,3.5036244615509484,3.109294885935889,2.5386562938085575,4
"Kafka on the Shore",General Reading,2012,https://www.goodreads.com/review/show/369855938?utm_medium=api&utm_source=rss,4,4.13,3.6266786437547487,3.2504111143680525,2.5515307663290194,4.13
"Travels in Hyperreality (Harvest Book)",General Reading,2012,https://www.goodreads.com/review/show/369855871?utm_medium=api&utm_source=rss,3,3.92,3.427898810963994,3.16665920115171,2.621145477958113,3.92
"The Name of the Rose",General Reading,2012,https://www.goodreads.com/review/show/369855789?utm_medium=api&utm_source=rss,4,4.14,3.636144350078118,3.2468061167187683,2.5515307663290194,4.14
"Starship Troopers",General Reading,2012,https://www.goodreads.com/review/show/369855187?utm_medium=api&utm_source=rss,3,4.01,3.5130901678743176,3.130877929761123,2.57426083774174,4.01
"Ender’s Game (Ender's Saga, #1)",General Reading,2012,https://www.goodreads.com/review/show/369855176?utm_medium=api&utm_source=rss,5,4.31,3.797061357575395,3.478839420587795,3.0740397452633794,4.31
"Slaughterhouse-Five",General Reading,2012,https://www.goodreads.com/review/show/369855157?utm_medium=api&utm_source=rss,3,4.11,3.6077472311080103,3.290748344706648,2.7622671254511912,4.11
"Jonathan Strange & Mr Norrell",General Reading,2012,https://www.goodreads.com/review/show/369855110?utm_medium=api&utm_source=rss,4,3.85,3.36163886670041,3.187094234950601,2.621145477958113,3.85
"Foucault’s Pendulum",General Reading,2012,https://www.goodreads.com/review/show/369854977?utm_medium=api&utm_source=rss,5,3.92,3.427898810963994,3.16665920115171,2.621145477958113,3.92
"Expert Political Judgment: How Good Is It? How Can We Know?",General Reading,2012,https://www.goodreads.com/review/show/369854922?utm_medium=api&utm_source=rss,5,3.97,3.475227342580841,3.134045811789025,2.5386562938085575,3.97
"The Omnivore's Dilemma: A Natural History of Four Meals",General Reading,2012,https://www.goodreads.com/review/show/369854443?utm_medium=api&utm_source=rss,4,4.18,3.6740071753715946,3.2943931354785496,2.6440748476244127,4.18
"The Chronicles of Narnia (The Chronicles of Narnia, #1-7)",General Reading,2012,https://www.goodreads.com/review/show/369853668?utm_medium=api&utm_source=rss,3,4.28,3.7686642386052873,3.4776567106026426,3.0740397452633794,4.28
"The Last Battle (Chronicles of Narnia, #7)",General Reading,2012,https://www.goodreads.com/review/show/369853543?utm_medium=api&utm_source=rss,2,4.03,3.532021580521057,3.130877929761123,2.57426083774174,4.03
"The Silver Chair (Chronicles of Narnia, #4)",General Reading,2012,https://www.goodreads.com/review/show/369853524?utm_medium=api&utm_source=rss,3,3.96,3.4657616362574717,3.1368509099167032,2.5386562938085575,3.96
"Mere Christianity",General Reading,2012,https://www.goodreads.com/review/show/369853501?utm_medium=api&utm_source=rss,1,4.33,3.8159927702221332,3.4097739629405854,2.954018112679327,4.33
"The Horse and His Boy (Chronicles of Narnia, #5)",General Reading,2012,https://www.goodreads.com/review/show/369853480?utm_medium=api&utm_source=rss,3,3.92,3.427898810963994,3.16665920115171,2.621145477958113,3.92
"The Screwtape Letters",General Reading,2012,https://www.goodreads.com/review/show/369853466?utm_medium=api&utm_source=rss,2,4.17,3.6645414690482254,3.2943931354785496,2.6440748476244127,4.17
"The Magician’s Nephew (Chronicles of Narnia, #6)",General Reading,2012,https://www.goodreads.com/review/show/369853410?utm_medium=api&utm_source=rss,3,4.07,3.5698844058145327,3.280851700523182,2.7622671254511912,4.07
"Prince Caspian (Chronicles of Narnia, #2)",General Reading,2012,https://www.goodreads.com/review/show/369853433?utm_medium=api&utm_source=rss,3,3.99,3.4941587552275792,3.109294885935889,2.5386562938085575,3.99
"The Voyage of the Dawn Treader (Chronicles of Narnia, #3)",General Reading,2012,https://www.goodreads.com/review/show/369853382?utm_medium=api&utm_source=rss,5,4.1,3.5982815247846403,3.299161823709844,2.7622671254511912,4.1
"The Lion, the Witch and the Wardrobe (Chronicles of Narnia, #1)",General Reading,2012,https://www.goodreads.com/review/show/369853352?utm_medium=api&utm_source=rss,4,4.24,3.7308014133118106,3.4402107118031364,2.9275548225167403,4.24
"The Caves of Steel (Robot, #1)",General Reading,2012,https://www.goodreads.com/review/show/369852983?utm_medium=api&utm_source=rss,2,4.19,3.6834728816949647,3.3149541704042047,2.6440748476244127,4.19
"The Time Machine",General Reading,2012,https://www.goodreads.com/review/show/369852961?utm_medium=api&utm_source=rss,2,3.9,3.4089673983172557,3.1602654121873868,2.621145477958113,3.9
"The Positronic Man (Robot, #0.6)",General Reading,2012,https://www.goodreads.com/review/show/369852860?utm_medium=api&utm_source=rss,3,4.13,3.6266786437547487,3.2504111143680525,2.5515307663290194,4.13
"I, Robot (Robot, #0.1)",General Reading,2012,https://www.goodreads.com/review/show/369852830?utm_medium=api&utm_source=rss,4,4.22,3.7118700006650713,3.419836382232142,2.9132384554091955,4.22
"The Cyberiad",General Reading,2012,https://www.goodreads.com/review/show/369852667?utm_medium=api&utm_source=rss,5,4.18,3.6740071753715946,3.2943931354785496,2.6440748476244127,4.18
"Three Men in a Boat (Three Men, #1)",General Reading,2012,https://www.goodreads.com/review/show/369852646?utm_medium=api&utm_source=rss,3,3.86,3.371104573023779,3.186715309829828,2.621145477958113,3.86
"Life, the Universe and Everything (Hitchhiker's Guide, #3)",General Reading,2012,https://www.goodreads.com/review/show/369852524?utm_medium=api&utm_source=rss,3,3.99,3.4941587552275792,3.109294885935889,2.5386562938085575,3.99
"So Long, and Thanks for All the Fish",General Reading,2012,https://www.goodreads.com/review/show/369852496?utm_medium=api&utm_source=rss,3,3.94,3.4468302236107324,3.167391229562459,2.645010657526909,3.94
"Mostly Harmless (Hitchhiker's Guide, #5)",General Reading,2012,https://www.goodreads.com/review/show/369852477?utm_medium=api&utm_source=rss,3,3.56,3.0871333833227026,3.0684152270778267,2.910628499887679,3.56
"Robot: Mere Machine to Transcendent Mind",General Reading,2012,https://www.goodreads.com/review/show/369852408?utm_medium=api&utm_source=rss,4,4.07,3.5698844058145327,3.280851700523182,2.7622671254511912,4.07
"Brave New World",General Reading,2012,https://www.goodreads.com/review/show/369852370?utm_medium=api&utm_source=rss,4,3.64,3.162859033909656,3.077028370109622,2.865842948517334,3.64
"Is the Internet Changing the Way You Think?: The Net's Impact on Our Minds and Future – A Brilliant Essential Guide from 150 Influential Voices (Edge Question Series)",General Reading,2012,https://www.goodreads.com/review/show/369852313?utm_medium=api&utm_source=rss,2,3.6,3.1249962086161793,3.091631454525206,2.8817425997587325,3.6
"The Ethical Slut: A Guide to Infinite Sexual Possibilities",General Reading,2012,https://www.goodreads.com/review/show/369852074?utm_medium=api&utm_source=rss,3,3.88,3.3900359856705173,3.1916184602363327,2.621145477958113,3.88
"The Martian Chronicles",General Reading,2012,https://www.goodreads.com/review/show/369852043?utm_medium=api&utm_source=rss,5,4.16,3.6550757627248562,3.2764615559201165,2.6440748476244127,4.16
"Freakonomics",General Reading,2012,https://www.goodreads.com/review/show/369851995?utm_medium=api&utm_source=rss,3,3.81,3.323776041406933,3.151179036164781,2.621145477958113,3.81
"The Hitchhiker’s Guide to the Galaxy (Hitchhiker's Guide to the Galaxy, #1)",General Reading,2012,https://www.goodreads.com/review/show/369851835?utm_medium=api&utm_source=rss,3,4.21,3.702404294341702,3.4095684461202582,2.895634800768575,4.21
"Ubik",General Reading,2012,https://www.goodreads.com/review/show/369851762?utm_medium=api&utm_source=rss,4,4.11,3.6077472311080103,3.290748344706648,2.7622671254511912,4.11
"The Restaurant at the End of the Universe (The Hitchhiker's Guide to the Galaxy, #2)",General Reading,2012,https://www.goodreads.com/review/show/369851738?utm_medium=api&utm_source=rss,3,4.22,3.7118700006650713,3.419836382232142,2.9132384554091955,4.22
"Dune (Dune #1)",General Reading,2012,https://www.goodreads.com/review/show/369851711?utm_medium=api&utm_source=rss,5,4.21,3.702404294341702,3.4095684461202582,2.895634800768575,4.21
"The Phantom Tollbooth",General Reading,2012,https://www.goodreads.com/review/show/369851057?utm_medium=api&utm_source=rss,3,4.19,3.6834728816949647,3.3149541704042047,2.6440748476244127,4.19
"The Book of Silence (The Lords of Dûs, #4)",General Reading,2012,https://www.goodreads.com/review/show/369850214?utm_medium=api&utm_source=rss,3,3.83,3.3427074540536714,3.1791866000905817,2.621145477958113,3.83
"The Seven Altars of Dûsarra (The Lords of Dûs, #2)",General Reading,2012,https://www.goodreads.com/review/show/369850194?utm_medium=api&utm_source=rss,3,3.82,3.3332417477303022,3.157021060768792,2.621145477958113,3.82
"The Sword of Bheleu (The Lords of Dûs, #3)",General Reading,2012,https://www.goodreads.com/review/show/369850181?utm_medium=api&utm_source=rss,3,3.81,3.323776041406933,3.151179036164781,2.621145477958113,3.81
"The Cyborg and the Sorcerers (War Surplus, #1)",General Reading,2012,https://www.goodreads.com/review/show/369850150?utm_medium=api&utm_source=rss,3,3.74,3.2575160971433488,3.133739167413593,2.9420243767299623,3.74
"The Lure of the Basilisk (The Lords of Dûs, #1)",General Reading,2012,https://www.goodreads.com/review/show/369850115?utm_medium=api&utm_source=rss,3,3.76,3.2764475097900863,3.143957952431198,2.9420243767299623,3.76
"Dragon Venom (Obsidian Chronicles, #3)",General Reading,2012,https://www.goodreads.com/review/show/369850064?utm_medium=api&utm_source=rss,4,4.07,3.5698844058145327,3.280851700523182,2.7622671254511912,4.07
"The Unwilling Warlord (Ethshar, #3)",General Reading,2012,https://www.goodreads.com/review/show/369850041?utm_medium=api&utm_source=rss,2,3.99,3.4941587552275792,3.109294885935889,2.5386562938085575,3.99
"The Dragon Society (Obsidian Chronicles, #2)",General Reading,2012,https://www.goodreads.com/review/show/369849992?utm_medium=api&utm_source=rss,4,3.99,3.4941587552275792,3.109294885935889,2.5386562938085575,3.99
"With a Single Spell (Ethshar, #2)",General Reading,2012,https://www.goodreads.com/review/show/369849937?utm_medium=api&utm_source=rss,3,4.06,3.5604186994911635,3.1458820859969077,2.57426083774174,4.06
"The Misenchanted Sword (Ethshar, #1)",General Reading,2012,https://www.goodreads.com/review/show/369849903?utm_medium=api&utm_source=rss,4,4.04,3.541487286844425,3.1413284543957407,2.57426083774174,4.04
"How to Read a Book: The Classic Guide to Intelligent Reading",General Reading,2012,https://www.goodreads.com/review/show/369849184?utm_medium=api&utm_source=rss,2,3.97,3.475227342580841,3.134045811789025,2.5386562938085575,3.97
"Against Method",General Reading,2012,https://www.goodreads.com/review/show/369848708?utm_medium=api&utm_source=rss,4,4.02,3.522555874197687,3.130877929761123,2.57426083774174,4.02
"The Structure of Scientific Revolutions",General Reading,2012,https://www.goodreads.com/review/show/369848584?utm_medium=api&utm_source=rss,3,4.02,3.522555874197687,3.130877929761123,2.57426083774174,4.02
"The World of Parmenides: Essays on the Presocratic Enlightenment",General Reading,2012,https://www.goodreads.com/review/show/369848347?utm_medium=api&utm_source=rss,4,4.14,3.636144350078118,3.2468061167187683,2.5515307663290194,4.14
"The Logic of Scientific Discovery",General Reading,2012,https://www.goodreads.com/review/show/369847942?utm_medium=api&utm_source=rss,2,4.03,3.532021580521057,3.130877929761123,2.57426083774174,4.03
"Playing to Win: Becoming the Champion",General Reading,2012,https://www.goodreads.com/review/show/369847268?utm_medium=api&utm_source=rss,4,3.88,3.3900359856705173,3.1916184602363327,2.621145477958113,3.88
"The Language Instinct: How the Mind Creates Language",General Reading,2012,https://www.goodreads.com/review/show/369846839?utm_medium=api&utm_source=rss,4,4.01,3.5130901678743176,3.130877929761123,2.57426083774174,4.01
"The Blank Slate: The Modern Denial of Human Nature",General Reading,2012,https://www.goodreads.com/review/show/369846687?utm_medium=api&utm_source=rss,4,4.08,3.5793501121379028,3.2941670084941954,2.7622671254511912,4.08
"The Selfish Gene",General Reading,2012,https://www.goodreads.com/review/show/369846512?utm_medium=api&utm_source=rss,5,4.15,3.645610056401488,3.2800756050654156,2.6440748476244127,4.15
"The Strategy of Conflict",General Reading,2012,https://www.goodreads.com/review/show/369846175?utm_medium=api&utm_source=rss,4,4.02,3.522555874197687,3.130877929761123,2.57426083774174,4.02
"Why People Believe Weird Things: Pseudoscience, Superstition, and Other Confusions of Our Time",General Reading,2012,https://www.goodreads.com/review/show/369846047?utm_medium=api&utm_source=rss,5,3.86,3.371104573023779,3.186715309829828,2.621145477958113,3.86
"The Demon-Haunted World: Science as a Candle in the Dark",General Reading,2012,https://www.goodreads.com/review/show/369845917?utm_medium=api&utm_source=rss,4,4.28,3.7686642386052873,3.4776567106026426,3.0740397452633794,4.28
"Judgment Under Uncertainty: Heuristics and Biases",General Reading,2012,https://www.goodreads.com/review/show/369845254?utm_medium=api&utm_source=rss,3,4.18,3.6740071753715946,3.2943931354785496,2.6440748476244127,4.18
"Good And Real: Demystifying Paradoxes from Physics to Ethics (A Bradford Book)",General Reading,2012,https://www.goodreads.com/review/show/369844668?utm_medium=api&utm_source=rss,5,4.12,3.6172129374313795,3.2779417955487715,2.7622671254511912,4.12
"The Player of Games (Culture, #2)",General Reading,2012,https://www.goodreads.com/review/show/369844310?utm_medium=api&utm_source=rss,5,4.28,3.7686642386052873,3.4776567106026426,3.0740397452633794,4.28
"A Fire Upon the Deep (Zones of Thought, #1)",General Reading,2012,https://www.goodreads.com/review/show/369844162?utm_medium=api&utm_source=rss,5,4.14,3.636144350078118,3.2468061167187683,2.5515307663290194,4.14
"ADAPTED MIND: EVOLUTIONARY PSYCHOLOGY: Evolutionary Psychology and the Generation of Culture",General Reading,2012,https://www.goodreads.com/review/show/369843996?utm_medium=api&utm_source=rss,4,4.18,3.6740071753715946,3.2943931354785496,2.6440748476244127,4.18
"The Flame is Green",General Reading,2012,https://www.goodreads.com/review/show/369843339?utm_medium=api&utm_source=rss,3,3.92,3.427898810963994,3.16665920115171,2.621145477958113,3.92
"Sodom and Gomorrah, Texas",General Reading,2012,https://www.goodreads.com/review/show/369843267?utm_medium=api&utm_source=rss,3,3.53,3.058736264352594,2.9492579358127684,2.6652901079298643,3.53
"Annals of Klepsis",General Reading,2012,https://www.goodreads.com/review/show/369843086?utm_medium=api&utm_source=rss,4,3.71,3.2291189781732403,3.1180525219192736,2.6920097982944986,3.71
"Arrive at Easterwine: The Autobiography of a Ktistec Machine",General Reading,2012,https://www.goodreads.com/review/show/369842967?utm_medium=api&utm_source=rss,3,3.97,3.475227342580841,3.134045811789025,2.5386562938085575,3.97
"The Fall of Rome",General Reading,2012,https://www.goodreads.com/review/show/369842952?utm_medium=api&utm_source=rss,4,4.56,4.033704015659626,3.656207828865651,3.361656719965461,4.56
"The Reefs of Earth",General Reading,2012,https://www.goodreads.com/review/show/369842900?utm_medium=api&utm_source=rss,4,3.83,3.3427074540536714,3.1791866000905817,2.621145477958113,3.83
"The Devil Is Dead",General Reading,2012,https://www.goodreads.com/review/show/369842878?utm_medium=api&utm_source=rss,5,4.02,3.522555874197687,3.130877929761123,2.57426083774174,4.02
"Okla Hannali",General Reading,2012,https://www.goodreads.com/review/show/369842851?utm_medium=api&utm_source=rss,4,4.25,3.740267119635179,3.4503631739243485,2.9275548225167403,4.25
"Dangerous Visions",General Reading,2012,https://www.goodreads.com/review/show/369842821?utm_medium=api&utm_source=rss,5,4.17,3.6645414690482254,3.2943931354785496,2.6440748476244127,4.17
"Fourth Mansions",General Reading,2012,https://www.goodreads.com/review/show/369842805?utm_medium=api&utm_source=rss,5,4.01,3.5130901678743176,3.130877929761123,2.57426083774174,4.01
"Nine Hundred Grandmothers",General Reading,2012,https://www.goodreads.com/review/show/369842757?utm_medium=api&utm_source=rss,4,4.21,3.702404294341702,3.4095684461202582,2.895634800768575,4.21
"The Hobbit or There and Back Again",General Reading,2012,https://www.goodreads.com/review/show/369840735?utm_medium=api&utm_source=rss,4,4.32,3.806527063898764,3.478839420587795,3.0740397452633794,4.32
"The Moral Animal: Why We Are the Way We Are - The New Science of Evolutionary Psychology",General Reading,2012,https://www.goodreads.com/review/show/369840117?utm_medium=api&utm_source=rss,3,4.08,3.5793501121379028,3.2941670084941954,2.7622671254511912,4.08
"Flatland: A Romance of Many Dimensions",General Reading,2012,https://www.goodreads.com/review/show/369840085?utm_medium=api&utm_source=rss,5,3.82,3.3332417477303022,3.157021060768792,2.621145477958113,3.82
"The Tao Is Silent: A Whimsical and Sophisticated Guide to Eastern Philosophy and Inner Serenity",General Reading,2012,https://www.goodreads.com/review/show/369840017?utm_medium=api&utm_source=rss,4,4.08,3.5793501121379028,3.2941670084941954,2.7622671254511912,4.08
"Alice’s Adventures in Wonderland / Through the Looking-Glass",General Reading,2012,https://www.goodreads.com/review/show/369839873?utm_medium=api&utm_source=rss,5,4.07,3.5698844058145327,3.280851700523182,2.7622671254511912,4.07
"A Study in Emerald",General Reading,2012,https://www.goodreads.com/review/show/369837076?utm_medium=api&utm_source=rss,5,4.16,3.6550757627248562,3.2764615559201165,2.6440748476244127,4.16
"Harlequin Valentine",General Reading,2012,https://www.goodreads.com/review/show/369837045?utm_medium=api&utm_source=rss,3,3.77,3.2859132161134554,3.1396523968756425,2.82691905075889,3.77
"The Absolute Sandman, Volume 4",General Reading,2012,https://www.goodreads.com/review/show/369836997?utm_medium=api&utm_source=rss,4,4.69,4.156758197863427,3.656207828865651,3.361656719965461,4.69
"The Absolute Sandman, Volume 2",General Reading,2012,https://www.goodreads.com/review/show/369836888?utm_medium=api&utm_source=rss,5,4.66,4.1283610788933185,3.656207828865651,3.361656719965461,4.66
"The Absolute Sandman, Volume 1",General Reading,2012,https://www.goodreads.com/review/show/369836787?utm_medium=api&utm_source=rss,5,4.64,4.10942966624658,3.656207828865651,3.361656719965461,4.64
"The Sandman: The Dream Hunters",General Reading,2012,https://www.goodreads.com/review/show/369836660?utm_medium=api&utm_source=rss,5,4.41,3.8917184208090876,3.6709281244737855,3.279590609986401,4.41
"The Sandman, Vol. 10: The Wake",General Reading,2012,https://www.goodreads.com/review/show/369836593?utm_medium=api&utm_source=rss,4,4.52,3.9958411903661486,3.656207828865651,3.361656719965461,4.52
"The Sandman, Vol. 8: Worlds' End",General Reading,2012,https://www.goodreads.com/review/show/369836585?utm_medium=api&utm_source=rss,4,4.46,3.9390469524259335,3.6796280544733766,3.361656719965461,4.46
"The Sandman, Vol. 9: The Kindly Ones",General Reading,2012,https://www.goodreads.com/review/show/369836545?utm_medium=api&utm_source=rss,4,4.59,4.062101134629734,3.656207828865651,3.361656719965461,4.59
"The Sandman, Vol. 5: A Game of You",General Reading,2012,https://www.goodreads.com/review/show/369836420?utm_medium=api&utm_source=rss,4,4.43,3.910649833455826,3.7046565988456712,3.361656719965461,4.43
"The Sandman, Vol. 4: Season of Mists",General Reading,2012,https://www.goodreads.com/review/show/369836265?utm_medium=api&utm_source=rss,4,4.54,4.014772603012887,3.656207828865651,3.361656719965461,4.54
"The Sandman, Vol. 3: Dream Country",General Reading,2012,https://www.goodreads.com/review/show/369836255?utm_medium=api&utm_source=rss,4,4.25,3.740267119635179,3.4503631739243485,2.9275548225167403,4.25
"The Sandman, Vol. 2: The Doll's House",General Reading,2012,https://www.goodreads.com/review/show/369836234?utm_medium=api&utm_source=rss,4,4.44,3.920115539779195,3.697616420274242,3.361656719965461,4.44
"The Sandman, Vol. 1: Preludes & Nocturnes",General Reading,2012,https://www.goodreads.com/review/show/369836207?utm_medium=api&utm_source=rss,5,4.25,3.740267119635179,3.4503631739243485,2.9275548225167403,4.25
"Anansi Boys",General Reading,2012,https://www.goodreads.com/review/show/369836181?utm_medium=api&utm_source=rss,4,4.03,3.532021580521057,3.130877929761123,2.57426083774174,4.03
"Stardust",General Reading,2012,https://www.goodreads.com/review/show/369836152?utm_medium=api&utm_source=rss,2,4.1,3.5982815247846403,3.299161823709844,2.7622671254511912,4.1
"Neverwhere (London Below, #1)",General Reading,2012,https://www.goodreads.com/review/show/369836123?utm_medium=api&utm_source=rss,4,4.16,3.6550757627248562,3.2764615559201165,2.6440748476244127,4.16
"Coraline",General Reading,2012,https://www.goodreads.com/review/show/369836089?utm_medium=api&utm_source=rss,3,4.14,3.636144350078118,3.2468061167187683,2.5515307663290194,4.14
"American Gods (American Gods, #1)",General Reading,2012,https://www.goodreads.com/review/show/369836057?utm_medium=api&utm_source=rss,3,4.1,3.5982815247846403,3.299161823709844,2.7622671254511912,4.1
"Lexicon Urthus: A Dictionary for the Urth Cycle",General Reading,2012,https://www.goodreads.com/review/show/369835855?utm_medium=api&utm_source=rss,4,4.34,3.8254584765455024,3.4148184385960167,2.954018112679327,4.34
"Wastelands: Stories of the Apocalypse (Wastelands #1)",General Reading,2012,https://www.goodreads.com/review/show/369835703?utm_medium=api&utm_source=rss,3,3.76,3.2764475097900863,3.143957952431198,2.9420243767299623,3.76
"The Sandman, Vol. 6: Fables & Reflections",General Reading,2012,https://www.goodreads.com/review/show/369835643?utm_medium=api&utm_source=rss,4,4.31,3.797061357575395,3.478839420587795,3.0740397452633794,4.31
"Castle of Days: Short Fiction and Essays",General Reading,2012,https://www.goodreads.com/review/show/369834549?utm_medium=api&utm_source=rss,3,3.96,3.4657616362574717,3.1368509099167032,2.5386562938085575,3.96
"Free Live Free",General Reading,2012,https://www.goodreads.com/review/show/369834245?utm_medium=api&utm_source=rss,3,3.52,3.049270558029225,2.9492579358127684,2.6652901079298643,3.52
"An Evil Guest",General Reading,2012,https://www.goodreads.com/review/show/369834157?utm_medium=api&utm_source=rss,3,3.1,2.6517108924477166,2.8606176201027456,2.6652901079298643,3.1
"Nightside the Long Sun",General Reading,2012,https://www.goodreads.com/review/show/369834124?utm_medium=api&utm_source=rss,5,4.07,3.5698844058145327,3.280851700523182,2.7622671254511912,4.07
"Peace",General Reading,2012,https://www.goodreads.com/review/show/369834081?utm_medium=api&utm_source=rss,4,4.12,3.6172129374313795,3.2779417955487715,2.7622671254511912,4.12
"There Are Doors",General Reading,2012,https://www.goodreads.com/review/show/369833995?utm_medium=api&utm_source=rss,2,3.62,3.1439276212629177,3.091631454525206,2.8817425997587325,3.62
"The Sorcerer's House",General Reading,2012,https://www.goodreads.com/review/show/369833990?utm_medium=api&utm_source=rss,3,3.71,3.2291189781732403,3.1180525219192736,2.6920097982944986,3.71
"Return to the Whorl",General Reading,2012,https://www.goodreads.com/review/show/369833951?utm_medium=api&utm_source=rss,3,4.38,3.86332130183898,3.5961210061167157,2.954018112679327,4.38
"The Island of Doctor Death and Other Stories and Other Stories",General Reading,2012,https://www.goodreads.com/review/show/369833939?utm_medium=api&utm_source=rss,4,4.17,3.6645414690482254,3.2943931354785496,2.6440748476244127,4.17
"In Green's Jungles",General Reading,2012,https://www.goodreads.com/review/show/369833929?utm_medium=api&utm_source=rss,3,4.3,3.787595651252025,3.4863445750852065,3.0740397452633794,4.3
"The Book of the New Sun",General Reading,2012,https://www.goodreads.com/review/show/369833893?utm_medium=api&utm_source=rss,5,4.24,3.7308014133118106,3.4402107118031364,2.9275548225167403,4.24
"Soldier of the Mist",General Reading,2012,https://www.goodreads.com/review/show/369833838?utm_medium=api&utm_source=rss,4,3.97,3.475227342580841,3.134045811789025,2.5386562938085575,3.97
"Epiphany of the Long Sun (The Book of the Long Sun #3-4)",General Reading,2012,https://www.goodreads.com/review/show/369833792?utm_medium=api&utm_source=rss,4,4.26,3.749732825958548,3.4694619338328896,2.9275548225167403,4.26
"Litany of the Long Sun (The Book of the Long Sun #1-2)",General Reading,2012,https://www.goodreads.com/review/show/369833747?utm_medium=api&utm_source=rss,4,4.26,3.749732825958548,3.4694619338328896,2.9275548225167403,4.26
"The Fifth Head of Cerberus",General Reading,2012,https://www.goodreads.com/review/show/369833643?utm_medium=api&utm_source=rss,4,4.03,3.532021580521057,3.130877929761123,2.57426083774174,4.03
"The Wizard",General Reading,2012,https://www.goodreads.com/review/show/369833626?utm_medium=api&utm_source=rss,2,3.9,3.4089673983172557,3.1602654121873868,2.621145477958113,3.9
"The Citadel of the Autarch",General Reading,2012,https://www.goodreads.com/review/show/369833614?utm_medium=api&utm_source=rss,4,4.27,3.7591985322819172,3.447846145126452,2.9275548225167403,4.27
"The Urth of the New Sun",General Reading,2012,https://www.goodreads.com/review/show/369833576?utm_medium=api&utm_source=rss,4,4.06,3.5604186994911635,3.1458820859969077,2.57426083774174,4.06
"The Knight",General Reading,2012,https://www.goodreads.com/review/show/369833570?utm_medium=api&utm_source=rss,3,3.78,3.2953789224368255,3.1543829034891924,2.82691905075889,3.78
"The Claw of the Conciliator",General Reading,2012,https://www.goodreads.com/review/show/369833537?utm_medium=api&utm_source=rss,4,4.02,3.522555874197687,3.130877929761123,2.57426083774174,4.02
"Sword & Citadel",General Reading,2012,https://www.goodreads.com/review/show/369833520?utm_medium=api&utm_source=rss,5,4.36,3.8443898891922417,3.439714795599229,2.954018112679327,4.36
"The Shadow of the Torturer",General Reading,2012,https://www.goodreads.com/review/show/369833485?utm_medium=api&utm_source=rss,5,3.86,3.371104573023779,3.186715309829828,2.621145477958113,3.86
"Shadow & Claw",General Reading,2012,https://www.goodreads.com/review/show/369833474?utm_medium=api&utm_source=rss,5,4.07,3.5698844058145327,3.280851700523182,2.7622671254511912,4.07
"Engines of Creation: The Coming Era of Nanotechnology (Anchor Library of Science)",General Reading,2012,https://www.goodreads.com/review/show/369832851?utm_medium=api&utm_source=rss,4,4.19,3.6834728816949647,3.3149541704042047,2.6440748476244127,4.19
"The Mind’s I: Fantasies and Reflections on Self and Soul",General Reading,2012,https://www.goodreads.com/review/show/369832319?utm_medium=api&utm_source=rss,3,4.14,3.636144350078118,3.2468061167187683,2.5515307663290194,4.14
"Gödel, Escher, Bach: An Eternal Golden Braid",General Reading,2012,https://www.goodreads.com/review/show/369832198?utm_medium=api&utm_source=rss,5,4.29,3.7781299449286565,3.4945954908361223,3.0740397452633794,4.29
"Introduction to Algorithms",General Reading,2012,https://www.goodreads.com/review/show/369831206?utm_medium=api&utm_source=rss,4,4.35,3.8349241828688716,3.439714795599229,2.954018112679327,4.35
"The Lucifer Principle: A Scientific Expedition into the Forces of History",General Reading,2012,https://www.goodreads.com/review/show/369831009?utm_medium=api&utm_source=rss,3,4.04,3.541487286844425,3.1413284543957407,2.57426083774174,4.04
"Out of Control: The New Biology of Machines, Social Systems, and the Economic World",General Reading,2012,https://www.goodreads.com/review/show/369830893?utm_medium=api&utm_source=rss,4,4.23,3.7213357069884414,3.432424911847278,2.9275548225167403,4.23
"Mind and Nature: A Necessary Unity (Advances in Systems Theory, Complexity, and the Human Sciences)",General Reading,2012,https://www.goodreads.com/review/show/369830871?utm_medium=api&utm_source=rss,3,4.31,3.797061357575395,3.478839420587795,3.0740397452633794,4.31
"Free as in Freedom: Richard Stallman's Crusade for Free Software",General Reading,2012,https://www.goodreads.com/review/show/369830843?utm_medium=api&utm_source=rss,3,3.83,3.3427074540536714,3.1791866000905817,2.621145477958113,3.83
"The Shockwave Rider",General Reading,2012,https://www.goodreads.com/review/show/369830540?utm_medium=api&utm_source=rss,3,3.93,3.437364517287364,3.1705351892940024,2.645010657526909,3.93
"True Names: and the Opening of the Cyberspace Frontier",General Reading,2012,https://www.goodreads.com/review/show/369830413?utm_medium=api&utm_source=rss,5,4.06,3.5604186994911635,3.1458820859969077,2.57426083774174,4.06
"Holy Fire",General Reading,2012,https://www.goodreads.com/review/show/369830234?utm_medium=api&utm_source=rss,2,3.72,3.2385846844966104,3.1326049682793937,2.9420243767299623,3.72
"The Emperor's New Mind",General Reading,2012,https://www.goodreads.com/review/show/369829957?utm_medium=api&utm_source=rss,2,3.91,3.4184331046406258,3.167601003404526,2.621145477958113,3.91
"I Am a Strange Loop",General Reading,2012,https://www.goodreads.com/review/show/369829881?utm_medium=api&utm_source=rss,2,3.94,3.4468302236107324,3.167391229562459,2.645010657526909,3.94
"Consciousness Explained",General Reading,2012,https://www.goodreads.com/review/show/369829811?utm_medium=api&utm_source=rss,4,3.9,3.4089673983172557,3.1602654121873868,2.621145477958113,3.9
"The Extended Phenotype: The Long Reach of the Gene (Popular Science)",General Reading,2012,https://www.goodreads.com/review/show/369829710?utm_medium=api&utm_source=rss,3,4.12,3.6172129374313795,3.2779417955487715,2.7622671254511912,4.12
"Metamagical Themas: Questing for the Essence of Mind and Pattern",General Reading,2012,https://www.goodreads.com/review/show/369829676?utm_medium=api&utm_source=rss,4,4.2,3.692938588018333,3.38316215536463,2.895634800768575,4.2
"The Meme Machine",General Reading,2012,https://www.goodreads.com/review/show/369829561?utm_medium=api&utm_source=rss,4,3.85,3.36163886670041,3.187094234950601,2.621145477958113,3.85
"The Age of Spiritual Machines",General Reading,2012,https://www.goodreads.com/review/show/369829482?utm_medium=api&utm_source=rss,3,3.9,3.4089673983172557,3.1602654121873868,2.621145477958113,3.9
"On Intelligence",General Reading,2012,https://www.goodreads.com/review/show/369829415?utm_medium=api&utm_source=rss,3,4.1,3.5982815247846403,3.299161823709844,2.7622671254511912,4.1
"Founders at Work: Stories of Startups' Early Days",General Reading,2012,https://www.goodreads.com/review/show/369829268?utm_medium=api&utm_source=rss,4,4.03,3.532021580521057,3.130877929761123,2.57426083774174,4.03
"Structure and Interpretation of Computer Programs",General Reading,2012,https://www.goodreads.com/review/show/369829199?utm_medium=api&utm_source=rss,5,4.46,3.9390469524259335,3.6796280544733766,3.361656719965461,4.46
"Hackers & Painters: Big Ideas from the Computer Age",General Reading,2012,https://www.goodreads.com/review/show/369829146?utm_medium=api&utm_source=rss,3,4.03,3.532021580521057,3.130877929761123,2.57426083774174,4.03
"Design Patterns: Elements of Reusable Object-Oriented Software",General Reading,2012,https://www.goodreads.com/review/show/369829061?utm_medium=api&utm_source=rss,2,4.19,3.6834728816949647,3.3149541704042047,2.6440748476244127,4.19
"The Cathedral & the Bazaar: Musings on Linux and Open Source by an Accidental Revolutionary",General Reading,2012,https://www.goodreads.com/review/show/369828957?utm_medium=api&utm_source=rss,5,3.82,3.3332417477303022,3.157021060768792,2.621145477958113,3.82
"Hackers: Heroes of the Computer Revolution",General Reading,2012,https://www.goodreads.com/review/show/369828939?utm_medium=api&utm_source=rss,4,4.14,3.636144350078118,3.2468061167187683,2.5515307663290194,4.14
"The Cuckoo's Egg: Tracking a Spy Through the Maze of Computer Espionage",General Reading,2012,https://www.goodreads.com/review/show/369828918?utm_medium=api&utm_source=rss,4,4.27,3.7591985322819172,3.447846145126452,2.9275548225167403,4.27
"In the Beginning...Was the Command Line",General Reading,2012,https://www.goodreads.com/review/show/369828884?utm_medium=api&utm_source=rss,5,3.8,3.314310335083564,3.15597753343254,2.82691905075889,3.8
"The Hacker Crackdown: Law and Disorder on the Electronic Frontier",General Reading,2012,https://www.goodreads.com/review/show/369828772?utm_medium=api&utm_source=rss,5,3.8,3.314310335083564,3.15597753343254,2.82691905075889,3.8
"The Time Ships",General Reading,2012,https://www.goodreads.com/review/show/369828216?utm_medium=api&utm_source=rss,3,3.95,3.4562959299341025,3.167391229562459,2.645010657526909,3.95
"Toast, and Other Stories",General Reading,2012,https://www.goodreads.com/review/show/369827882?utm_medium=api&utm_source=rss,5,3.79,3.3048446287601947,3.154483880122026,2.82691905075889,3.79
"All the Myriad Ways",General Reading,2012,https://www.goodreads.com/review/show/369827805?utm_medium=api&utm_source=rss,4,4.06,3.5604186994911635,3.1458820859969077,2.57426083774174,4.06
"Axiomatic",General Reading,2012,https://www.goodreads.com/review/show/369827669?utm_medium=api&utm_source=rss,3,4.25,3.740267119635179,3.4503631739243485,2.9275548225167403,4.25
"Permutation City",General Reading,2012,https://www.goodreads.com/review/show/369827624?utm_medium=api&utm_source=rss,5,4.06,3.5604186994911635,3.1458820859969077,2.57426083774174,4.06
"Blood Music",General Reading,2012,https://www.goodreads.com/review/show/369827471?utm_medium=api&utm_source=rss,4,3.85,3.36163886670041,3.187094234950601,2.621145477958113,3.85
"The Boat of a Million Years",General Reading,2012,https://www.goodreads.com/review/show/369827451?utm_medium=api&utm_source=rss,2,3.81,3.323776041406933,3.151179036164781,2.621145477958113,3.81
"Beggars in Spain (Sleepless, #1)",General Reading,2012,https://www.goodreads.com/review/show/369827402?utm_medium=api&utm_source=rss,4,3.93,3.437364517287364,3.1705351892940024,2.645010657526909,3.93
"Kiln People",General Reading,2012,https://www.goodreads.com/review/show/369827360?utm_medium=api&utm_source=rss,5,3.84,3.3521731603770406,3.1840477112016923,2.621145477958113,3.84
"Look to Windward (Culture, #7)",General Reading,2012,https://www.goodreads.com/review/show/369827320?utm_medium=api&utm_source=rss,4,4.21,3.702404294341702,3.4095684461202582,2.895634800768575,4.21
"The Peace War (Across Realtime, #1)",General Reading,2012,https://www.goodreads.com/review/show/369827300?utm_medium=api&utm_source=rss,3,3.96,3.4657616362574717,3.1368509099167032,2.5386562938085575,3.96
"Infinity's Shore (Uplift Storm Trilogy, #2)",General Reading,2012,https://www.goodreads.com/review/show/369827213?utm_medium=api&utm_source=rss,4,3.98,3.48469304890421,3.1166020754783723,2.5386562938085575,3.98
"Iron Sunrise (Eschaton, #2)",General Reading,2012,https://www.goodreads.com/review/show/369827208?utm_medium=api&utm_source=rss,3,3.98,3.48469304890421,3.1166020754783723,2.5386562938085575,3.98
"In the Ocean of Night (Galactic Center, #1)",General Reading,2012,https://www.goodreads.com/review/show/369826902?utm_medium=api&utm_source=rss,4,3.66,3.1817904465563944,3.0735828572891095,2.865842948517334,3.66
"Protector (Known Space)",General Reading,2012,https://www.goodreads.com/review/show/369826873?utm_medium=api&utm_source=rss,3,4.08,3.5793501121379028,3.2941670084941954,2.7622671254511912,4.08
"Beyond the Blue Event Horizon (Heechee Saga, #2)",General Reading,2012,https://www.goodreads.com/review/show/369826831?utm_medium=api&utm_source=rss,4,3.96,3.4657616362574717,3.1368509099167032,2.5386562938085575,3.96
"Neutron Star (Known Space)",General Reading,2012,https://www.goodreads.com/review/show/369826743?utm_medium=api&utm_source=rss,3,4.13,3.6266786437547487,3.2504111143680525,2.5515307663290194,4.13
"Mission of Gravity (Mesklin #1)",General Reading,2012,https://www.goodreads.com/review/show/369826659?utm_medium=api&utm_source=rss,4,3.93,3.437364517287364,3.1705351892940024,2.645010657526909,3.93
"Against a Dark Background",General Reading,2012,https://www.goodreads.com/review/show/369826506?utm_medium=api&utm_source=rss,3,4.12,3.6172129374313795,3.2779417955487715,2.7622671254511912,4.12
"The Rise of Endymion (Hyperion Cantos, #4)",General Reading,2012,https://www.goodreads.com/review/show/369826377?utm_medium=api&utm_source=rss,4,4.14,3.636144350078118,3.2468061167187683,2.5515307663290194,4.14
"The Demolished Man",General Reading,2012,https://www.goodreads.com/review/show/369826315?utm_medium=api&utm_source=rss,5,3.98,3.48469304890421,3.1166020754783723,2.5386562938085575,3.98
"Stand on Zanzibar",General Reading,2012,https://www.goodreads.com/review/show/369826117?utm_medium=api&utm_source=rss,5,3.95,3.4562959299341025,3.167391229562459,2.645010657526909,3.95
"Green Mars (Mars Trilogy, #2)",General Reading,2012,https://www.goodreads.com/review/show/369825948?utm_medium=api&utm_source=rss,4,3.94,3.4468302236107324,3.167391229562459,2.645010657526909,3.94
"The Uplift War (The Uplift Saga, #3)",General Reading,2012,https://www.goodreads.com/review/show/369825735?utm_medium=api&utm_source=rss,4,4.07,3.5698844058145327,3.280851700523182,2.7622671254511912,4.07
"The Gap Into Power: A Dark and Hungry God Arises (Gap, #3)",General Reading,2012,https://www.goodreads.com/review/show/369825652?utm_medium=api&utm_source=rss,4,4.08,3.5793501121379028,3.2941670084941954,2.7622671254511912,4.08
"The Many-Coloured Land (Saga of Pliocene Exile, #1)",General Reading,2012,https://www.goodreads.com/review/show/369825509?utm_medium=api&utm_source=rss,3,4.1,3.5982815247846403,3.299161823709844,2.7622671254511912,4.1
"Beggars and Choosers (Sleepless, #2)",General Reading,2012,https://www.goodreads.com/review/show/369825429?utm_medium=api&utm_source=rss,4,3.86,3.371104573023779,3.186715309829828,2.621145477958113,3.86
"Tea with the Black Dragon (Black Dragon, #1)",General Reading,2012,https://www.goodreads.com/review/show/369825335?utm_medium=api&utm_source=rss,4,3.96,3.4657616362574717,3.1368509099167032,2.5386562938085575,3.96
"The Sword of the Lictor (The Book of the New Sun, #3)",General Reading,2012,https://www.goodreads.com/review/show/369825270?utm_medium=api&utm_source=rss,4,4.25,3.740267119635179,3.4503631739243485,2.9275548225167403,4.25
"The Neutronium Alchemist 1: Consolidation (Night's Dawn 2)",General Reading,2012,https://www.goodreads.com/review/show/369825122?utm_medium=api&utm_source=rss,2,4.35,3.8349241828688716,3.439714795599229,2.954018112679327,4.35
"The Adversary (Saga of Pliocene Exile, #4)",General Reading,2012,https://www.goodreads.com/review/show/369825112?utm_medium=api&utm_source=rss,3,4.23,3.7213357069884414,3.432424911847278,2.9275548225167403,4.23
"The Gap Into Ruin: This Day All Gods Die (Gap, #5)",General Reading,2012,https://www.goodreads.com/review/show/369824995?utm_medium=api&utm_source=rss,5,4.22,3.7118700006650713,3.419836382232142,2.9132384554091955,4.22
"The Golden Torc (Saga of the Pliocene Exile, #2)",General Reading,2012,https://www.goodreads.com/review/show/369824876?utm_medium=api&utm_source=rss,3,4.13,3.6266786437547487,3.2504111143680525,2.5515307663290194,4.13
"Trumps of Doom (The Chronicles of Amber, #6)",General Reading,2012,https://www.goodreads.com/review/show/369824814?utm_medium=api&utm_source=rss,3,4.07,3.5698844058145327,3.280851700523182,2.7622671254511912,4.07
"The Wishsong of Shannara (The Original Shannara Trilogy, #3)",General Reading,2012,https://www.goodreads.com/review/show/369824784?utm_medium=api&utm_source=rss,1,4,3.5036244615509484,3.109294885935889,2.5386562938085575,4
"The First Book of Swords (Books of Swords, #1)",General Reading,2012,https://www.goodreads.com/review/show/369824718?utm_medium=api&utm_source=rss,2,3.8,3.314310335083564,3.15597753343254,2.82691905075889,3.8
"The Power That Preserves (The Chronicles of Thomas Covenant the Unbeliever, #3)",General Reading,2012,https://www.goodreads.com/review/show/369824677?utm_medium=api&utm_source=rss,3,4.03,3.532021580521057,3.130877929761123,2.57426083774174,4.03
"The Courts of Chaos (The Chronicles of Amber, #5)",General Reading,2012,https://www.goodreads.com/review/show/369824589?utm_medium=api&utm_source=rss,3,4.19,3.6834728816949647,3.3149541704042047,2.6440748476244127,4.19
"Towers of Midnight (The Wheel of Time, #13)",General Reading,2012,https://www.goodreads.com/review/show/369824335?utm_medium=api&utm_source=rss,3,4.47,3.9485126587493027,3.656207828865651,3.361656719965461,4.47
"The Shadow Rising (The Wheel of Time, #4)",General Reading,2012,https://www.goodreads.com/review/show/369824115?utm_medium=api&utm_source=rss,3,4.27,3.7591985322819172,3.447846145126452,2.9275548225167403,4.27
"The Talismans of Shannara (Heritage of Shannara, #4)",General Reading,2012,https://www.goodreads.com/review/show/369824095?utm_medium=api&utm_source=rss,1,4.04,3.541487286844425,3.1413284543957407,2.57426083774174,4.04
"The Well of Ascension (Mistborn, #2)",General Reading,2012,https://www.goodreads.com/review/show/369823939?utm_medium=api&utm_source=rss,4,4.37,3.85385559551561,3.4821218681820705,2.954018112679327,4.37
"Sir Gawain and the Green Knight, Pearl, and Sir Orfeo",General Reading,2012,https://www.goodreads.com/review/show/369823802?utm_medium=api&utm_source=rss,4,4.02,3.522555874197687,3.130877929761123,2.57426083774174,4.02
"Ender's Game, Volume 1: Battle School (Ender's Saga)",General Reading,2012,https://www.goodreads.com/review/show/369823591?utm_medium=api&utm_source=rss,5,4.43,3.910649833455826,3.7046565988456712,3.361656719965461,4.43
"The Treason of Isengard: The History of The Lord of the Rings, Part Two (The History of Middle-Earth, #7)",General Reading,2012,https://www.goodreads.com/review/show/369823541?utm_medium=api&utm_source=rss,3,4.19,3.6834728816949647,3.3149541704042047,2.6440748476244127,4.19
"The Hobbit",General Reading,2012,https://www.goodreads.com/review/show/369823277?utm_medium=api&utm_source=rss,4,4.52,3.9958411903661486,3.656207828865651,3.361656719965461,4.52
"The Dragon Reborn (The Wheel of Time, #3)",General Reading,2012,https://www.goodreads.com/review/show/369823243?utm_medium=api&utm_source=rss,4,4.27,3.7591985322819172,3.447846145126452,2.9275548225167403,4.27
"Enchanters' End Game (The Belgariad #5)",General Reading,2012,https://www.goodreads.com/review/show/369823213?utm_medium=api&utm_source=rss,2,4.19,3.6834728816949647,3.3149541704042047,2.6440748476244127,4.19
"The Farthest Shore (Earthsea Cycle, #3)",General Reading,2012,https://www.goodreads.com/review/show/369823192?utm_medium=api&utm_source=rss,3,4.13,3.6266786437547487,3.2504111143680525,2.5515307663290194,4.13
"The Fellowship of the Ring (The Lord of the Rings, #1)",General Reading,2012,https://www.goodreads.com/review/show/369822949?utm_medium=api&utm_source=rss,5,4.36,3.8443898891922417,3.439714795599229,2.954018112679327,4.36
"Harry Potter and the Sorcerer's Stone (Harry Potter, #1)",General Reading,2012,https://www.goodreads.com/review/show/369822918?utm_medium=api&utm_source=rss,4,4.47,3.9485126587493027,3.656207828865651,3.361656719965461,4.47
