title,avg_enjoyment,goodreads_rating,category,read_year,link
The Influence of Seapower Upon History,3,3.89,General Reading,2012,https://www.goodreads.com/review/show/370100886?utm_medium=api&utm_source=rss
Unsong,4,4.4,General Reading,2017,https://www.goodreads.com/review/show/1997706071?utm_medium=api&utm_source=rss
Neuromancer (Sprawl #1),4,3.87,General Reading,2025,https://www.goodreads.com/review/show/369944430?utm_medium=api&utm_source=rss
"Freedom™ (Daemon, #2)",2,4.27,General Reading,2025,https://www.goodreads.com/review/show/572799761?utm_medium=api&utm_source=rss
Selected poems (Penguin modern European poets),3,4.16,General Reading,2014,https://www.goodreads.com/review/show/954822895?utm_medium=api&utm_source=rss
The Psychology of Invention in the Mathematical Field,4,3.98,General Reading,2014,https://www.goodreads.com/review/show/829841188?utm_medium=api&utm_source=rss
Quantum Computing Since Democritus,4,4.17,General Reading,2013,https://www.goodreads.com/review/show/584350400?utm_medium=api&utm_source=rss
The Master Algorithm: How the Quest for the Ultimate Learning Machine Will Remake Our World,2,3.71,General Reading,2015,https://www.goodreads.com/review/show/1424450849?utm_medium=api&utm_source=rss
"The House at Pooh Corner (Winnie-the-Pooh, #2)",4,4.38,General Reading,2024,https://www.goodreads.com/review/show/370627282?utm_medium=api&utm_source=rss
"Blindsight (Firefall, #1)",5,4.0,General Reading,2024,https://www.goodreads.com/review/show/369828622?utm_medium=api&utm_source=rss
Around the World in Eighty Days,4,3.95,General Reading,2024,https://www.goodreads.com/review/show/370165761?utm_medium=api&utm_source=rss
One Hundred Famous Views of Edo,5,4.53,General Reading,2024,https://www.goodreads.com/review/show/370205061?utm_medium=api&utm_source=rss
Everyman and Other Miracle and Morality Plays,3,3.29,General Reading,2024,https://www.goodreads.com/review/show/374272735?utm_medium=api&utm_source=rss
"Martin the Warrior (Redwall, #6)",3,4.16,General Reading,2024,https://www.goodreads.com/review/show/370163606?utm_medium=api&utm_source=rss
The Firm,3,2.67,General Reading,2024,https://www.goodreads.com/review/show/370054264?utm_medium=api&utm_source=rss
"Zen Flesh, Zen Bones",5,4.18,General Reading,2024,https://www.goodreads.com/review/show/370598440?utm_medium=api&utm_source=rss
McNamara's Folly: The Use of Low-IQ Troops in the Vietnam War,4,4.29,General Reading,2018,https://www.goodreads.com/review/show/2333328079?utm_medium=api&utm_source=rss
"A Deepness in the Sky (Zones of Thought, #2)",5,4.31,General Reading,2023,https://www.goodreads.com/review/show/369825906?utm_medium=api&utm_source=rss
Drop Dead Healthy: One Man's Humble Quest for Bodily Perfection,3,3.75,General Reading,2015,https://www.goodreads.com/review/show/1438354031?utm_medium=api&utm_source=rss
Le Ton beau de Marot: In Praise of the Music of Language,5,4.24,General Reading,2023,https://www.goodreads.com/review/show/369832354?utm_medium=api&utm_source=rss
Radiance,5,3.77,General Reading,2014,https://www.goodreads.com/review/show/370154318?utm_medium=api&utm_source=rss
Spam Nation: The Inside Story of Organized Cybercrime — from Global Epidemic to Your Front Door,3,3.7,General Reading,2015,https://www.goodreads.com/review/show/1164690081?utm_medium=api&utm_source=rss
On the Historicity of Jesus: Why We Might Have Reason for Doubt,3,4.27,General Reading,2018,https://www.goodreads.com/review/show/2427193336?utm_medium=api&utm_source=rss
Existence,2,3.77,General Reading,2012,https://www.goodreads.com/review/show/467110336?utm_medium=api&utm_source=rss
"City of Golden Shadow (Otherland, #1)",4,3.93,General Reading,2022,https://www.goodreads.com/review/show/369956876?utm_medium=api&utm_source=rss
The Discovery of France: A Historical Geography from the Revolution to the First World War,5,4.0,General Reading,2013,https://www.goodreads.com/review/show/369875300?utm_medium=api&utm_source=rss
The Battle between the Frogs and the Mice: A Tiny Homeric Epic,4,4.53,General Reading,2020,https://www.goodreads.com/review/show/3231032913?utm_medium=api&utm_source=rss
The Hye Ch'O Diary: Memoir of the Pilgrimage to the Five Regions of India (Religions of Asia Series) (English and Korean Edition),3,4.2,General Reading,2020,https://www.goodreads.com/review/show/2584837486?utm_medium=api&utm_source=rss
An Introduction to Japanese Court Poetry,3,3.89,General Reading,2020,https://www.goodreads.com/review/show/371034191?utm_medium=api&utm_source=rss
Private Wealth in Renaissance Florence: A Study of Four Families,3,4.0,General Reading,2019,https://www.goodreads.com/review/show/3057694930?utm_medium=api&utm_source=rss
String of Beads: Complete Poems of Princess Shikishi (Shaps Library of Translations),3,4.29,General Reading,2019,https://www.goodreads.com/review/show/2821183153?utm_medium=api&utm_source=rss
Spec Ops: Case Studies in Special Operations Warfare: Theory and Practice,4,4.2,General Reading,2016,https://www.goodreads.com/review/show/1702133540?utm_medium=api&utm_source=rss
The Complete Winnie-the-Pooh,5,4.42,General Reading,2022,https://www.goodreads.com/review/show/372380958?utm_medium=api&utm_source=rss
"Worm (Parahumans, #1)",5,4.6,General Reading,2014,https://www.goodreads.com/review/show/825541415?utm_medium=api&utm_source=rss
The Book of Fantasy,4,4.08,General Reading,2021,https://www.goodreads.com/review/show/369873253?utm_medium=api&utm_source=rss
Bad Blood: Secrets and Lies in a Silicon Valley Startup,4,4.38,General Reading,2018,https://www.goodreads.com/review/show/2427192790?utm_medium=api&utm_source=rss
Left in the dark : the biological origins of the fall from grace : an investigation into the evolution of the human brain : a journey to the edge of the human mind,1,4.09,General Reading,2012,https://www.goodreads.com/review/show/369885742?utm_medium=api&utm_source=rss
Earthsearch,5,4.58,General Reading,1995,https://www.goodreads.com/review/show/4010467126?utm_medium=api&utm_source=rss
Indiscrete Thoughts,3,4.21,General Reading,2017,https://www.goodreads.com/review/show/1997328808?utm_medium=api&utm_source=rss
The End of History and the Last Man,4,3.61,General Reading,2004,https://www.goodreads.com/review/show/369928090?utm_medium=api&utm_source=rss
"iWoz - Computer Geek to Cult Icon: How I Invented the Personal Computer, Co-Founded Apple, and Had Fun Doing It",3,3.75,General Reading,2020,https://www.goodreads.com/review/show/369829112?utm_medium=api&utm_source=rss
Eragon (The Inheritance Cycle #1),1,3.96,General Reading,2004,https://www.goodreads.com/review/show/369973900?utm_medium=api&utm_source=rss
House of Leaves,3,4.11,General Reading,2020,https://www.goodreads.com/review/show/507574892?utm_medium=api&utm_source=rss
Good Thinking: The Foundations of Probability and Its Applications (Dover Books on Mathematics),2,4.0,General Reading,2013,https://www.goodreads.com/review/show/497088586?utm_medium=api&utm_source=rss
The Wallet of Kai Lung (Kai Lung #1),3,3.43,General Reading,2013,https://www.goodreads.com/review/show/664549499?utm_medium=api&utm_source=rss
The Master Switch: The Rise and Fall of Information Empires,4,3.85,General Reading,2010,https://www.goodreads.com/review/show/370187143?utm_medium=api&utm_source=rss
The Circus of Dr. Lao,4,3.82,General Reading,2011,https://www.goodreads.com/review/show/370188072?utm_medium=api&utm_source=rss
The Kindly Ones,4,3.92,General Reading,2020,https://www.goodreads.com/review/show/370207955?utm_medium=api&utm_source=rss
Cognitive Surplus: Creativity and Generosity in a Connected Age,3,3.83,General Reading,2012,https://www.goodreads.com/review/show/425118086?utm_medium=api&utm_source=rss
The Lady Tasting Tea: How Statistics Revolutionized Science in the Twentieth Century,2,3.94,General Reading,2020,https://www.goodreads.com/review/show/370178949?utm_medium=api&utm_source=rss
The Ideological Origins of the American Revolution,4,4.04,General Reading,2011,https://www.goodreads.com/review/show/370192024?utm_medium=api&utm_source=rss
"Shadow Games (The Chronicles of the Black Company, #4)",3,4.1,General Reading,2013,https://www.goodreads.com/review/show/639823401?utm_medium=api&utm_source=rss
The Man Who Knew Infinity: A Life of the Genius Ramanujan,4,4.03,General Reading,2013,https://www.goodreads.com/review/show/692991828?utm_medium=api&utm_source=rss
"The Judging Eye (Aspect-Emperor, #1)",3,4.01,General Reading,2020,https://www.goodreads.com/review/show/395314693?utm_medium=api&utm_source=rss
"In the Plex: How Google Thinks, Works, and Shapes Our Lives",4,3.83,General Reading,2013,https://www.goodreads.com/review/show/569922309?utm_medium=api&utm_source=rss
Curves and Angles: Poems,3,3.59,General Reading,2019,https://www.goodreads.com/review/show/1090123896?utm_medium=api&utm_source=rss
"Dreams of Steel (The Chronicles of the Black Company, #5)",4,4.11,General Reading,2013,https://www.goodreads.com/review/show/639958766?utm_medium=api&utm_source=rss
Un Lun Dun,3,3.83,General Reading,2014,https://www.goodreads.com/review/show/370584885?utm_medium=api&utm_source=rss
Shame,3,3.25,General Reading,2013,https://www.goodreads.com/review/show/668566831?utm_medium=api&utm_source=rss
"Perseverance island: or, The Robinson Crusoe of the nineteenth century",3,3.5,General Reading,2014,https://www.goodreads.com/review/show/1127697713?utm_medium=api&utm_source=rss
Theological Incorrectness: Why Religious People Believe What They Shouldn't,3,3.96,General Reading,2015,https://www.goodreads.com/review/show/424972918?utm_medium=api&utm_source=rss
Pirate Freedom,3,3.7,General Reading,2012,https://www.goodreads.com/review/show/369834195?utm_medium=api&utm_source=rss
"Star Wars: Before the Storm (The Black Fleet Crisis, #1)",3,3.42,General Reading,2020,https://www.goodreads.com/review/show/370976906?utm_medium=api&utm_source=rss
More Poems,3,4.15,General Reading,2015,https://www.goodreads.com/review/show/372533317?utm_medium=api&utm_source=rss
The Fountain,2,3.0,General Reading,2014,https://www.goodreads.com/review/show/1057777731?utm_medium=api&utm_source=rss
The Complete Poems,1,4.21,General Reading,2017,https://www.goodreads.com/review/show/1825100933?utm_medium=api&utm_source=rss
"Bitter Seeds (The Milkweed Triptych, #1)",3,3.74,General Reading,2013,https://www.goodreads.com/review/show/536251176?utm_medium=api&utm_source=rss
Newton and the Counterfeiter: The Unknown Detective Career of the World's Greatest Scientist,3,3.76,General Reading,2014,https://www.goodreads.com/review/show/372217592?utm_medium=api&utm_source=rss
"Spice & Wolf, Vol. 01",3,4.17,General Reading,2013,https://www.goodreads.com/review/show/680374249?utm_medium=api&utm_source=rss
Silicon Snake Oil: Second Thoughts on the Information Highway,3,3.34,General Reading,2020,https://www.goodreads.com/review/show/371323710?utm_medium=api&utm_source=rss
Chinese History in Economic Perspective (Volume 13) (Studies on China),3,3.0,General Reading,2012,https://www.goodreads.com/review/show/386937322?utm_medium=api&utm_source=rss
Portfolios of the Poor: How the World's Poor Live on $2 a Day,3,3.94,General Reading,2012,https://www.goodreads.com/review/show/370561955?utm_medium=api&utm_source=rss
Structural Equation Modeling: A Bayesian Approach (Wiley Series in Probability and Statistics),3,3.0,General Reading,2015,https://www.goodreads.com/review/show/1379457190?utm_medium=api&utm_source=rss
Memoirs Found in a Bathtub,3,3.8,General Reading,2016,https://www.goodreads.com/review/show/371601851?utm_medium=api&utm_source=rss
"Puzzles of the Black Widowers (The Black Widowers, #5)",2,3.97,General Reading,2015,https://www.goodreads.com/review/show/1323925255?utm_medium=api&utm_source=rss
Star Maker,5,3.93,General Reading,2020,https://www.goodreads.com/review/show/378953642?utm_medium=api&utm_source=rss
Being Wrong: Adventures in the Margin of Error,3,3.93,General Reading,2020,https://www.goodreads.com/review/show/645775331?utm_medium=api&utm_source=rss
The True Believer: Thoughts on the Nature of Mass Movements,4,4.18,General Reading,2020,https://www.goodreads.com/review/show/370558611?utm_medium=api&utm_source=rss
Friendship is Optimal,4,4.14,General Reading,2020,https://www.goodreads.com/review/show/464261897?utm_medium=api&utm_source=rss
The Great Gatsby,4,3.93,General Reading,2015,https://www.goodreads.com/review/show/369880911?utm_medium=api&utm_source=rss
The Thousand Autumns of Jacob de Zoet,5,4.01,General Reading,2018,https://www.goodreads.com/review/show/369971504?utm_medium=api&utm_source=rss
Declare,4,4.03,General Reading,2013,https://www.goodreads.com/review/show/370143889?utm_medium=api&utm_source=rss
The Japanese Family Storehouse: Or the Millionaire's Gospel Modernised,3,4.18,General Reading,2018,https://www.goodreads.com/review/show/2445772856?utm_medium=api&utm_source=rss
Clever Hans (The horse of Mr. Von Osten): A contribution to experimental animal and human psychology,3,4.0,General Reading,2017,https://www.goodreads.com/review/show/1798234899?utm_medium=api&utm_source=rss
Fear and Loathing in Las Vegas: A Savage Journey to the Heart of the American Dream,3,4.07,General Reading,2014,https://www.goodreads.com/review/show/369880530?utm_medium=api&utm_source=rss
"Daemon (Daemon, #1)",3,4.17,General Reading,2013,https://www.goodreads.com/review/show/572696883?utm_medium=api&utm_source=rss
Fascinating Mathematical People: Interviews and Memoirs,2,3.71,General Reading,2014,https://www.goodreads.com/review/show/1082038804?utm_medium=api&utm_source=rss
Although of Course You End Up Becoming Yourself: A Road Trip with David Foster Wallace,3,3.93,General Reading,2015,https://www.goodreads.com/review/show/1391170585?utm_medium=api&utm_source=rss
No Country for Old Men,3,4.16,General Reading,2012,https://www.goodreads.com/review/show/369879483?utm_medium=api&utm_source=rss
Dhalgren,1,3.78,General Reading,2009,https://www.goodreads.com/review/show/369830630?utm_medium=api&utm_source=rss
Lords of Finance: The Bankers Who Broke the World,5,4.01,General Reading,2012,https://www.goodreads.com/review/show/371644624?utm_medium=api&utm_source=rss
Packing for Mars: The Curious Science of Life in the Void,4,3.93,General Reading,2013,https://www.goodreads.com/review/show/372115382?utm_medium=api&utm_source=rss
Tau Zero,3,3.83,General Reading,2013,https://www.goodreads.com/review/show/691360180?utm_medium=api&utm_source=rss
Mathematical People: Profiles and Interviews,3,3.88,General Reading,2014,https://www.goodreads.com/review/show/1063407802?utm_medium=api&utm_source=rss
A Confederacy of Dunces,3,3.89,General Reading,2013,https://www.goodreads.com/review/show/370122433?utm_medium=api&utm_source=rss
The Mature Optimization Handbook,2,4.1,General Reading,2017,https://www.goodreads.com/review/show/2075257961?utm_medium=api&utm_source=rss
The Poems of Gerard Manley Hopkins,3,4.29,General Reading,2016,https://www.goodreads.com/review/show/1643077424?utm_medium=api&utm_source=rss
Tales of Ise: Lyrical Episodes from Tenth-Century Japan,2,3.97,General Reading,2016,https://www.goodreads.com/review/show/1752790103?utm_medium=api&utm_source=rss
1000 Poems from the Manyōshū,3,4.15,General Reading,2016,https://www.goodreads.com/review/show/1673338544?utm_medium=api&utm_source=rss
The Rapture of the Nerds,3,3.34,General Reading,2020,https://www.goodreads.com/review/show/416512247?utm_medium=api&utm_source=rss
Japanese Love Hotels: A Cultural History (Routledge Contemporary Japan Series),3,3.33,General Reading,2015,https://www.goodreads.com/review/show/1200695726?utm_medium=api&utm_source=rss
Confessions of an English Opium Eater,3,3.3,General Reading,2016,https://www.goodreads.com/review/show/1778421809?utm_medium=api&utm_source=rss
"Singularity Rising: Surviving and Thriving in a Smarter, Richer, and More Dangerous World",4,3.68,General Reading,2013,https://www.goodreads.com/review/show/453095194?utm_medium=api&utm_source=rss
Voyage of the Beagle,3,4.03,General Reading,2012,https://www.goodreads.com/review/show/467192562?utm_medium=api&utm_source=rss
Robert Bakewell and the Longhorn Breed of Cattle,3,3.67,General Reading,2019,https://www.goodreads.com/review/show/2921636058?utm_medium=api&utm_source=rss
The Ocean at the End of the Lane,3,4.0,General Reading,2014,https://www.goodreads.com/review/show/980474498?utm_medium=api&utm_source=rss
Renaming of the Birds,3,4.42,General Reading,2014,https://www.goodreads.com/review/show/804909803?utm_medium=api&utm_source=rss
"Light (Kefahuchi Tract, #1)",2,3.62,General Reading,2014,https://www.goodreads.com/review/show/371384448?utm_medium=api&utm_source=rss
Wired Love: A Romance of Dots and Dashes,4,3.88,General Reading,2013,https://www.goodreads.com/review/show/684047219?utm_medium=api&utm_source=rss
The Windup Girl,4,3.75,General Reading,2015,https://www.goodreads.com/review/show/1411687919?utm_medium=api&utm_source=rss
A Life of Sir Francis Galton: From African Exploration to the Birth of Eugenics,4,3.69,General Reading,2016,https://www.goodreads.com/review/show/1605393134?utm_medium=api&utm_source=rss
The Devil in the White City,4,3.99,General Reading,2013,https://www.goodreads.com/review/show/677191961?utm_medium=api&utm_source=rss
A Random Walk Down Wall Street,3,4.05,General Reading,2020,https://www.goodreads.com/review/show/369879819?utm_medium=api&utm_source=rss
Genius: The Life and Science of Richard Feynman,5,4.11,General Reading,2014,https://www.goodreads.com/review/show/369950186?utm_medium=api&utm_source=rss
The Histories,5,3.99,General Reading,2020,https://www.goodreads.com/review/show/370115844?utm_medium=api&utm_source=rss
The Signal and the Noise: Why So Many Predictions Fail—But Some Don't,4,3.95,General Reading,2012,https://www.goodreads.com/review/show/429626610?utm_medium=api&utm_source=rss
"Drug Interdiction: Partnerships, Legal Principles, and Investigative Methodologies for Law Enforcement",3,3.5,General Reading,2015,https://www.goodreads.com/review/show/1411688271?utm_medium=api&utm_source=rss
The Hall of Uselessness: Collected Essays,4,4.32,General Reading,2015,https://www.goodreads.com/review/show/1263489523?utm_medium=api&utm_source=rss
The Legend of Sigurd & Gudrún,2,3.88,General Reading,2010,https://www.goodreads.com/review/show/370998347?utm_medium=api&utm_source=rss
The Iron Dragon's Daughter (The Iron Dragon's Daughter #1),4,3.72,General Reading,2014,https://www.goodreads.com/review/show/373051526?utm_medium=api&utm_source=rss
"A Memory of Light (The Wheel of Time, #14)",3,4.56,General Reading,2013,https://www.goodreads.com/review/show/369881195?utm_medium=api&utm_source=rss
The Notenki Memoirs: Studio Gainax & The Men Who Created Evangelion,5,3.61,General Reading,2009,https://www.goodreads.com/review/show/513412440?utm_medium=api&utm_source=rss
The Wages of Destruction: The Making and Breaking of the Nazi Economy,5,4.53,General Reading,2014,https://www.goodreads.com/review/show/373143104?utm_medium=api&utm_source=rss
Game Programming Patterns,3,4.5,General Reading,2014,https://www.goodreads.com/review/show/927149987?utm_medium=api&utm_source=rss
"The Midas Paradox: Financial Markets, Government Policy Shocks, and the Great Depression",3,3.84,General Reading,2018,https://www.goodreads.com/review/show/2714831124?utm_medium=api&utm_source=rss
The Buried Giant,3,3.57,General Reading,2018,https://www.goodreads.com/review/show/2714826004?utm_medium=api&utm_source=rss
Urne Burial,5,4.07,General Reading,2012,https://www.goodreads.com/review/show/370067965?utm_medium=api&utm_source=rss
Solid Fool's Gold: Detours on the Way to Conventional Wisdom,2,3.66,General Reading,2019,https://www.goodreads.com/review/show/2674135747?utm_medium=api&utm_source=rss
The Secret History of the Mongols (2 vols): A Mongolian Epic Chronicle of the Thirteenth Century,3,4.46,General Reading,2017,https://www.goodreads.com/review/show/2044522137?utm_medium=api&utm_source=rss
"Handbook of Intelligence: Evolutionary Theory, Historical Perspective, and Current Concepts",3,3.5,General Reading,2016,https://www.goodreads.com/review/show/1590697850?utm_medium=api&utm_source=rss
Moondust,4,4.06,General Reading,2017,https://www.goodreads.com/review/show/1989891390?utm_medium=api&utm_source=rss
Tombstone: The Untold Story of Mao's Great Famine,4,4.19,General Reading,2013,https://www.goodreads.com/review/show/461549503?utm_medium=api&utm_source=rss
空ろの箱と零のマリア 1,3,4.19,General Reading,2014,https://www.goodreads.com/review/show/1087814156?utm_medium=api&utm_source=rss
The Grand Strategy of the Roman Empire: From the First Century CE to the Third,4,4.15,General Reading,2017,https://www.goodreads.com/review/show/2113959410?utm_medium=api&utm_source=rss
Web Typography: A handbook for designing beautiful and effective responsive typography,4,4.67,General Reading,2019,https://www.goodreads.com/review/show/3014615361?utm_medium=api&utm_source=rss
"Fujiwara Teika's Hundred-Poem Sequence of the Shōji Era, 1200: A Complete Translation, with Introduction and Commentary",4,4.43,General Reading,2018,https://www.goodreads.com/review/show/2433173597?utm_medium=api&utm_source=rss
"The Dark Side of the Enlightenment: Wizards, Alchemists, and Spiritual Seekers in the Age of Reason",3,3.22,General Reading,2013,https://www.goodreads.com/review/show/690480926?utm_medium=api&utm_source=rss
New Legends,3,3.38,General Reading,2013,https://www.goodreads.com/review/show/759044326?utm_medium=api&utm_source=rss
Playboy Interview Ii,4,4.5,General Reading,2017,https://www.goodreads.com/review/show/2200238709?utm_medium=api&utm_source=rss
On the Road,3,3.63,General Reading,2004,https://www.goodreads.com/review/show/369880608?utm_medium=api&utm_source=rss
"Ready Player One (Ready Player One, #1)",4,4.21,General Reading,2015,https://www.goodreads.com/review/show/1269872117?utm_medium=api&utm_source=rss
Drift into Failure,3,4.01,General Reading,2015,https://www.goodreads.com/review/show/1268234991?utm_medium=api&utm_source=rss
The Mask of Sanity,4,3.99,General Reading,2012,https://www.goodreads.com/review/show/373031205?utm_medium=api&utm_source=rss
Turing's Cathedral: The Origins of the Digital Universe,4,3.57,General Reading,2012,https://www.goodreads.com/review/show/369882157?utm_medium=api&utm_source=rss
Ketamine: Dreams and Realities,4,4.19,General Reading,2014,https://www.goodreads.com/review/show/1117746460?utm_medium=api&utm_source=rss
Possible Worlds,3,4.06,General Reading,2017,https://www.goodreads.com/review/show/372241209?utm_medium=api&utm_source=rss
"Uncontrolled: The Surprising Payoff of Trial-and-Error for Business, Politics, and Society",3,3.72,General Reading,2013,https://www.goodreads.com/review/show/398771559?utm_medium=api&utm_source=rss
Red Plenty: Inside the Fifties’ Soviet Dream,4,4.08,General Reading,2012,https://www.goodreads.com/review/show/369885927?utm_medium=api&utm_source=rss
Research Fraud in the Behavioral and Biomedical Sciences,3,3.0,General Reading,2018,https://www.goodreads.com/review/show/2433208266?utm_medium=api&utm_source=rss
"Past, Present, and Future of Statistical Science",4,3.5,General Reading,2014,https://www.goodreads.com/review/show/959222084?utm_medium=api&utm_source=rss
Proving History: Bayes's Theorem and the Quest for the Historical Jesus,4,3.89,General Reading,2012,https://www.goodreads.com/review/show/370132278?utm_medium=api&utm_source=rss
Life in Our Phage World,4,4.31,General Reading,2015,https://www.goodreads.com/review/show/1193858929?utm_medium=api&utm_source=rss
"Excuse Me Sir, Would You Like to Buy a Kilo of Isopropyl Bromide?",4,3.78,General Reading,2014,https://www.goodreads.com/review/show/1095756192?utm_medium=api&utm_source=rss
The Machiavellians: Defenders of Freedom,4,4.26,General Reading,2012,https://www.goodreads.com/review/show/373044014?utm_medium=api&utm_source=rss
A Perfect Vacuum,4,4.17,General Reading,2015,https://www.goodreads.com/review/show/1341603279?utm_medium=api&utm_source=rss
The Origins of Political Order: From Prehuman Times to the French Revolution,5,4.17,General Reading,2012,https://www.goodreads.com/review/show/369928050?utm_medium=api&utm_source=rss
The Bridge to Lucy Dunne,3,4.28,General Reading,2016,https://www.goodreads.com/review/show/1767656150?utm_medium=api&utm_source=rss
"Donald Michie: Machine intelligence, biology and more",3,3.0,General Reading,2018,https://www.goodreads.com/review/show/2571405014?utm_medium=api&utm_source=rss
Clear and Simple As the Truth: Writing Classic Prose,4,4.06,General Reading,2014,https://www.goodreads.com/review/show/370138187?utm_medium=api&utm_source=rss
The Operations Evaluation Group: A History of Naval Operations Analysis,3,3.5,General Reading,2018,https://www.goodreads.com/review/show/2262226559?utm_medium=api&utm_source=rss
Bias in Mental Testing,5,4.44,General Reading,2015,https://www.goodreads.com/review/show/1412079619?utm_medium=api&utm_source=rss
The Metropolitan Man,4,4.22,General Reading,2014,https://www.goodreads.com/review/show/1041627881?utm_medium=api&utm_source=rss
The Pillow Book,3,4.02,General Reading,2016,https://www.goodreads.com/review/show/1696965714?utm_medium=api&utm_source=rss
Savage Continent: Europe in the Aftermath of World War II,4,4.18,General Reading,2014,https://www.goodreads.com/review/show/372158731?utm_medium=api&utm_source=rss
Tokyo: A Certain Style,3,4.3,General Reading,2017,https://www.goodreads.com/review/show/2166235799?utm_medium=api&utm_source=rss
100 Years of Nobel Prizes,1,2.0,General Reading,2018,https://www.goodreads.com/review/show/2416614546?utm_medium=api&utm_source=rss
"Moby-Dick or, The Whale",3,3.54,General Reading,2017,https://www.goodreads.com/review/show/370161829?utm_medium=api&utm_source=rss
The Autobiography of Benvenuto Cellini,3,3.99,General Reading,2012,https://www.goodreads.com/review/show/412209040?utm_medium=api&utm_source=rss
Japan As Number One: Lessons for America,3,3.54,General Reading,2018,https://www.goodreads.com/review/show/2354801164?utm_medium=api&utm_source=rss
Double Entry: How the Merchants of Venice Created Modern Finance,3,3.44,General Reading,2014,https://www.goodreads.com/review/show/1093201048?utm_medium=api&utm_source=rss
The Genius Factory: The Curious History of the Nobel Prize Sperm Bank,4,3.54,General Reading,2016,https://www.goodreads.com/review/show/373155219?utm_medium=api&utm_source=rss
"Soldiers Live (The Chronicles of the Black Company, #9)",2,4.25,General Reading,2013,https://www.goodreads.com/review/show/643091902?utm_medium=api&utm_source=rss
"The Thousandfold Thought (The Prince of Nothing, #3)",2,3.94,General Reading,2020,https://www.goodreads.com/review/show/394818376?utm_medium=api&utm_source=rss
"The Black Company (The Chronicles of the Black Company, #1)",4,3.94,General Reading,2013,https://www.goodreads.com/review/show/635498885?utm_medium=api&utm_source=rss
"Hyperbole and a Half: Unfortunate Situations, Flawed Coping Mechanisms, Mayhem, and Other Things That Happened",4,4.16,General Reading,2014,https://www.goodreads.com/review/show/859555507?utm_medium=api&utm_source=rss
Haikai Poet Yosa Buson And The Bashō Revival,4,4.43,General Reading,2015,https://www.goodreads.com/review/show/1371866955?utm_medium=api&utm_source=rss
A Shropshire Lad,4,4.01,General Reading,2015,https://www.goodreads.com/review/show/372533270?utm_medium=api&utm_source=rss
Inside WikiLeaks: My Time with Julian Assange at the World's Most Dangerous Website,3,3.31,General Reading,2011,https://www.goodreads.com/review/show/645280290?utm_medium=api&utm_source=rss
"Matter (Culture, #8)",3,4.09,General Reading,2020,https://www.goodreads.com/review/show/370563699?utm_medium=api&utm_source=rss
Modern Japanese Diaries: The Japanese at Home and Abroad As Revealed through Their Diaries,3,3.85,General Reading,2006,https://www.goodreads.com/review/show/370218176?utm_medium=api&utm_source=rss
Chronicle of a Death Foretold,4,3.98,General Reading,2014,https://www.goodreads.com/review/show/369891060?utm_medium=api&utm_source=rss
Hanging Out with the Dream King,3,3.91,General Reading,2018,https://www.goodreads.com/review/show/371005023?utm_medium=api&utm_source=rss
Cool Tools: A Catalog of Possibilities,4,4.39,General Reading,2014,https://www.goodreads.com/review/show/1203915986?utm_medium=api&utm_source=rss
"The Theory That Would Not Die: How Bayes' Rule Cracked the Enigma Code, Hunted Down Russian Submarines, and Emerged Triumphant from Two Centuries of Controversy",4,3.69,General Reading,2020,https://www.goodreads.com/review/show/645281878?utm_medium=api&utm_source=rss
The Riddle of the Labyrinth: The Quest to Crack an Ancient Code,3,3.98,General Reading,2016,https://www.goodreads.com/review/show/1792478509?utm_medium=api&utm_source=rss
The Simple Men,2,3.33,General Reading,2014,https://www.goodreads.com/review/show/1057773628?utm_medium=api&utm_source=rss
Chased by the Light: A 90-Day Journey,4,4.57,General Reading,2007,https://www.goodreads.com/review/show/818485298?utm_medium=api&utm_source=rss
The City of Falling Angels,3,3.54,General Reading,2014,https://www.goodreads.com/review/show/814341590?utm_medium=api&utm_source=rss
Pact,4,3.91,General Reading,2015,https://www.goodreads.com/review/show/1027840363?utm_medium=api&utm_source=rss
"Echopraxia (Firefall, #2)",4,3.8,General Reading,2014,https://www.goodreads.com/review/show/1027604581?utm_medium=api&utm_source=rss
"A Troublesome Inheritance: Genes, Race and Human History",3,3.66,General Reading,2014,https://www.goodreads.com/review/show/1061022300?utm_medium=api&utm_source=rss
A History of Life-Extensionism in the Twentieth Century,4,3.86,General Reading,2015,https://www.goodreads.com/review/show/1368572411?utm_medium=api&utm_source=rss
The Collapse of Complex Societies,5,4.12,General Reading,2020,https://www.goodreads.com/review/show/369908584?utm_medium=api&utm_source=rss
The Remains of the Day,5,4.15,General Reading,2012,https://www.goodreads.com/review/show/369947032?utm_medium=api&utm_source=rss
Average Is Over: Powering America Beyond the Age of the Great Stagnation,3,3.57,General Reading,2016,https://www.goodreads.com/review/show/1711242689?utm_medium=api&utm_source=rss
Intellectuals and Society,2,4.27,General Reading,2020,https://www.goodreads.com/review/show/417975794?utm_medium=api&utm_source=rss
"Debt: The First 5,000 Years",4,4.21,General Reading,2011,https://www.goodreads.com/review/show/369884510?utm_medium=api&utm_source=rss
Selected Non-fictions,5,4.57,General Reading,2017,https://www.goodreads.com/review/show/2046386028?utm_medium=api&utm_source=rss
Hive Mind: How Your Nation's IQ Matters So Much More Than Your Own,3,3.57,General Reading,2016,https://www.goodreads.com/review/show/1433728829?utm_medium=api&utm_source=rss
Berkshire Hathaway Letters to Shareholders,3,4.64,General Reading,2017,https://www.goodreads.com/review/show/1961238863?utm_medium=api&utm_source=rss
"The Cultural Revolution: A People's History, 1962-1976",4,4.01,General Reading,2019,https://www.goodreads.com/review/show/2671118186?utm_medium=api&utm_source=rss
The Book of Lord Shang - A Classic of the Chinese School of Law,5,3.73,General Reading,2008,https://www.goodreads.com/review/show/412602623?utm_medium=api&utm_source=rss
Experimenter effects in behavioral research (The Century psychology series),1,3.8,General Reading,2016,https://www.goodreads.com/review/show/1798638457?utm_medium=api&utm_source=rss
Pioneers of Soviet Computing,3,3.0,General Reading,2014,https://www.goodreads.com/review/show/985511206?utm_medium=api&utm_source=rss
Drugs 2.0: The Web Revolution That's Changing How the World Gets High.,4,4.16,General Reading,2016,https://www.goodreads.com/review/show/1582878439?utm_medium=api&utm_source=rss
Stories of Your Life and Others,5,4.28,General Reading,2012,https://www.goodreads.com/review/show/369923171?utm_medium=api&utm_source=rss
"The Many Worlds of Hugh Everett III: Multiple Universes, Mutual Assured Destruction, and the Meltdown of a Nuclear Family",4,3.99,General Reading,2014,https://www.goodreads.com/review/show/373031403?utm_medium=api&utm_source=rss
The Life of Samuel Johnson,3,3.76,General Reading,2015,https://www.goodreads.com/review/show/370105966?utm_medium=api&utm_source=rss
"Don't Sleep, There Are Snakes: Life and Language in the Amazonian Jungle",4,3.95,General Reading,2016,https://www.goodreads.com/review/show/1593642509?utm_medium=api&utm_source=rss
The Corpse Exhibition and Other Stories of Iraq,4,3.91,General Reading,2015,https://www.goodreads.com/review/show/1142763519?utm_medium=api&utm_source=rss
The Recollections Of Eugene P. Wigner: As Told To Andrew Szanton,3,4.27,General Reading,2016,https://www.goodreads.com/review/show/438090100?utm_medium=api&utm_source=rss
"The Unholy Consult (Aspect-Emperor, #4)",3,3.93,General Reading,2017,https://www.goodreads.com/review/show/396645245?utm_medium=api&utm_source=rss
"1Q84 (1Q84, #1-3)",3,3.94,General Reading,2020,https://www.goodreads.com/review/show/369856325?utm_medium=api&utm_source=rss
The Ph.D. Grind: A Ph.D. Student Memoir,4,4.23,General Reading,2020,https://www.goodreads.com/review/show/3260179977?utm_medium=api&utm_source=rss
History of the Conquest of Mexico/History of the Conquest of Peru,3,3.95,General Reading,2020,https://www.goodreads.com/review/show/629346666?utm_medium=api&utm_source=rss
The Cambist and Lord Iron: A Fairy Tale of Economics,5,4.32,General Reading,2020,https://www.goodreads.com/review/show/3165458870?utm_medium=api&utm_source=rss
The Elements of Typographic Style,4,4.23,General Reading,2019,https://www.goodreads.com/review/show/3096054519?utm_medium=api&utm_source=rss
Envisioning Information,4,4.22,General Reading,2019,https://www.goodreads.com/review/show/370180341?utm_medium=api&utm_source=rss
Collected Poems of Robert Frost,4,4.27,General Reading,2012,https://www.goodreads.com/review/show/374731260?utm_medium=api&utm_source=rss
Steps Toward an Ecology of Mind,2,4.29,General Reading,2015,https://www.goodreads.com/review/show/2967413660?utm_medium=api&utm_source=rss
The Media Lab: Inventing the Future at M.I.T.,3,4.1,General Reading,2010,https://www.goodreads.com/review/show/373688680?utm_medium=api&utm_source=rss
"Strategic Computing: DARPA and the Quest for Machine Intelligence, 1983-1993",3,3.27,General Reading,2018,https://www.goodreads.com/review/show/2434860176?utm_medium=api&utm_source=rss
"The Snarkout Boys and the Avocado of Death (Snarkout Boys, #1)",5,4.4,General Reading,2019,https://www.goodreads.com/review/show/370570691?utm_medium=api&utm_source=rss
Life on the Infinite Farm,4,3.85,General Reading,2019,https://www.goodreads.com/review/show/2810422812?utm_medium=api&utm_source=rss
Kyogoku Tamekane: Poetry and Politics in Late Kamakura Japan,3,3.0,General Reading,2019,https://www.goodreads.com/review/show/2805061572?utm_medium=api&utm_source=rss
Waiting for the Wind,4,4.54,General Reading,2019,https://www.goodreads.com/review/show/2714850222?utm_medium=api&utm_source=rss
Be a Perfect Person in Just Three Days!,4,3.7,General Reading,1997,https://www.goodreads.com/review/show/2799249895?utm_medium=api&utm_source=rss
Hamlet,3,4.05,General Reading,2019,https://www.goodreads.com/review/show/370054358?utm_medium=api&utm_source=rss
The Alehouse at the End of the World,2,3.21,General Reading,2018,https://www.goodreads.com/review/show/2642855851?utm_medium=api&utm_source=rss
A Strange and Sometimes Sadness,3,3.84,General Reading,2018,https://www.goodreads.com/review/show/2640891885?utm_medium=api&utm_source=rss
An Artist of the Floating World,4,3.79,General Reading,2018,https://www.goodreads.com/review/show/369947068?utm_medium=api&utm_source=rss
Vectors: Aphorisms & Ten-Second Essays,3,4.05,General Reading,2018,https://www.goodreads.com/review/show/2619615468?utm_medium=api&utm_source=rss
The Essays of Arthur Schopenhauer; the Wisdom of Life,4,3.64,General Reading,2018,https://www.goodreads.com/review/show/370053392?utm_medium=api&utm_source=rss
"Through the Looking-Glass and What Alice Found There (Alice's Adventures in Wonderland, #2)",5,4.04,General Reading,2018,https://www.goodreads.com/review/show/369889726?utm_medium=api&utm_source=rss
Like Engend'ring Like: Heredity and Animal Breeding in Early Modern England,4,4.5,General Reading,2018,https://www.goodreads.com/review/show/2576417422?utm_medium=api&utm_source=rss
The Universal History of Numbers: From Prehistory to the Invention of the Computer,4,4.17,General Reading,2001,https://www.goodreads.com/review/show/2565006721?utm_medium=api&utm_source=rss
Some Remarks: Essays and Other Writing – A Brilliant Collection on Science and Technology from Newton to Star Wars,4,3.71,General Reading,2018,https://www.goodreads.com/review/show/369888233?utm_medium=api&utm_source=rss
Memories of the Space Age,3,3.94,General Reading,2018,https://www.goodreads.com/review/show/1989915376?utm_medium=api&utm_source=rss
"The Vaccinators: Smallpox, Medical Knowledge, and the 'Opening' of Japan",4,4.0,General Reading,2018,https://www.goodreads.com/review/show/2137221136?utm_medium=api&utm_source=rss
"Plant Breeding Reviews: volume 24, Part 1 : Long-term, Selection : Maize",3,3.0,General Reading,2018,https://www.goodreads.com/review/show/2532495356?utm_medium=api&utm_source=rss
"Low-Aptitude Men in the Military: Who Profits, Who Pays?",4,2.75,General Reading,2018,https://www.goodreads.com/review/show/2481763794?utm_medium=api&utm_source=rss
"The Adventures of Huckleberry Finn (Adventures of Tom and Huck, #2)",2,3.82,General Reading,2018,https://www.goodreads.com/review/show/370053295?utm_medium=api&utm_source=rss
"Three Parts Dead (Craft Sequence, #1)",3,3.94,General Reading,2018,https://www.goodreads.com/review/show/1862373906?utm_medium=api&utm_source=rss
Eclipse Two,4,4.21,General Reading,2018,https://www.goodreads.com/review/show/369923240?utm_medium=api&utm_source=rss
Narrow Roads of Gene Land: The Collected Papers of W. D. HamiltonVolume 1: Evolution of Social Behaviour,4,4.26,General Reading,2018,https://www.goodreads.com/review/show/2120854807?utm_medium=api&utm_source=rss
Genius Revisited: High IQ Children Grown Up (Creativity Research),3,3.88,General Reading,2016,https://www.goodreads.com/review/show/1673254695?utm_medium=api&utm_source=rss
Cat Sense: How the New Feline Science Can Make You a Better Friend to Your Pet,4,3.49,General Reading,2018,https://www.goodreads.com/review/show/2044521271?utm_medium=api&utm_source=rss
"The Miracle Morning for Writers: How to Build a Writing Ritual That Increases Your Impact and Your Income, Before 8AM",2,4.01,General Reading,2018,https://www.goodreads.com/review/show/2427202969?utm_medium=api&utm_source=rss
Zen Koans,4,4.0,General Reading,2018,https://www.goodreads.com/review/show/2427194377?utm_medium=api&utm_source=rss
The Cat in Ancient Egypt,3,3.92,General Reading,2018,https://www.goodreads.com/review/show/2427193762?utm_medium=api&utm_source=rss
The Freeze-Frame Revolution,3,3.88,General Reading,2018,https://www.goodreads.com/review/show/2362077853?utm_medium=api&utm_source=rss
Anti-Tech Revolution: Why and How,2,3.92,General Reading,2017,https://www.goodreads.com/review/show/1997329160?utm_medium=api&utm_source=rss
Recollections of Wittgenstein,4,4.0,General Reading,2018,https://www.goodreads.com/review/show/2240795922?utm_medium=api&utm_source=rss
Genetic Diversity & Human Equality,4,3.44,General Reading,2017,https://www.goodreads.com/review/show/2155843629?utm_medium=api&utm_source=rss
Creativity,3,3.22,General Reading,2017,https://www.goodreads.com/review/show/2235028845?utm_medium=api&utm_source=rss
Sunset in a Spider Web; Sijo Poetry of Ancient Korea,4,4.09,General Reading,2017,https://www.goodreads.com/review/show/370662280?utm_medium=api&utm_source=rss
Selected Poems: Summer Knowledge,3,3.93,General Reading,2017,https://www.goodreads.com/review/show/692352114?utm_medium=api&utm_source=rss
Twig,3,4.37,General Reading,2017,https://www.goodreads.com/review/show/1997707162?utm_medium=api&utm_source=rss
Unforgotten Dreams,5,4.39,General Reading,2017,https://www.goodreads.com/review/show/370990566?utm_medium=api&utm_source=rss
Artificial Life: A Report from the Frontier Where Computers Meet Biology,4,4.0,General Reading,2017,https://www.goodreads.com/review/show/2151654462?utm_medium=api&utm_source=rss
The Origins of Theoretical Population Genetics,3,3.98,General Reading,2017,https://www.goodreads.com/review/show/2108707003?utm_medium=api&utm_source=rss
Studies in the History of Accounting,3,3.0,General Reading,2017,https://www.goodreads.com/review/show/2132031634?utm_medium=api&utm_source=rss
"The Too-Clever Fox (Grishaverse, #2.5)",4,3.92,General Reading,2013,https://www.goodreads.com/review/show/2118305408?utm_medium=api&utm_source=rss
The King In Yellow,4,3.49,General Reading,2017,https://www.goodreads.com/review/show/372186394?utm_medium=api&utm_source=rss
"The Great Ordeal (Aspect-Emperor, #3)",4,4.08,General Reading,2017,https://www.goodreads.com/review/show/2080058928?utm_medium=api&utm_source=rss
Deep Work: Rules for Focused Success in a Distracted World,3,4.15,General Reading,2017,https://www.goodreads.com/review/show/2065909998?utm_medium=api&utm_source=rss
Beekeeping for Dummies,3,4.19,General Reading,2017,https://www.goodreads.com/review/show/2045009823?utm_medium=api&utm_source=rss
Ethics,4,4.01,General Reading,2017,https://www.goodreads.com/review/show/372401223?utm_medium=api&utm_source=rss
Site Reliability Engineering: How Google Runs Production Systems,4,4.2,General Reading,2017,https://www.goodreads.com/review/show/1896373662?utm_medium=api&utm_source=rss
The Anubis Gates,4,3.93,General Reading,2017,https://www.goodreads.com/review/show/369915661?utm_medium=api&utm_source=rss
Bare-Faced Messiah: The True Story Of L. Ron Hubbard,4,4.07,General Reading,2008,https://www.goodreads.com/review/show/1867412389?utm_medium=api&utm_source=rss
Rubáiyát of Omar Khayyám,4,4.1,General Reading,2016,https://www.goodreads.com/review/show/372224489?utm_medium=api&utm_source=rss
Montaillou: The Promised Land of Error,4,4.01,General Reading,2016,https://www.goodreads.com/review/show/1762830919?utm_medium=api&utm_source=rss
Seeds in the Heart: Japanese Literature from Earliest Times to the Late Sixteenth Century,5,4.42,General Reading,2006,https://www.goodreads.com/review/show/370218034?utm_medium=api&utm_source=rss
The Essential Marx (Dover Books on Western Philosophy),3,4.02,General Reading,2002,https://www.goodreads.com/review/show/1757795193?utm_medium=api&utm_source=rss
"The Complete Far Side, 1980–1994",4,4.68,General Reading,2005,https://www.goodreads.com/review/show/1750726335?utm_medium=api&utm_source=rss
"The Wise Man's Fear (The Kingkiller Chronicle, #2)",4,4.55,General Reading,2016,https://www.goodreads.com/review/show/369824370?utm_medium=api&utm_source=rss
Infinite in All Directions,3,3.98,General Reading,2016,https://www.goodreads.com/review/show/370150431?utm_medium=api&utm_source=rss
The Sports Gene: Inside the Science of Extraordinary Athletic Performance,4,4.19,General Reading,2016,https://www.goodreads.com/review/show/1666081413?utm_medium=api&utm_source=rss
Latro in the Mist,5,4.2,General Reading,2016,https://www.goodreads.com/review/show/369833776?utm_medium=api&utm_source=rss
On Speed: From Benzedrine to Adderall,4,4.1,General Reading,2016,https://www.goodreads.com/review/show/1618777295?utm_medium=api&utm_source=rss
Small Memory Software: Patterns for Systems With Limited Memory (Software Patterns Series),4,3.69,General Reading,2008,https://www.goodreads.com/review/show/1578715846?utm_medium=api&utm_source=rss
Drugs Unlimited: The Web Revolution That's Changing How the World Gets High,4,3.95,General Reading,2016,https://www.goodreads.com/review/show/1573766728?utm_medium=api&utm_source=rss
On the Nature of Things (Hackett Classics),4,3.83,General Reading,2016,https://www.goodreads.com/review/show/1449446725?utm_medium=api&utm_source=rss
Dawn to the West: Japanese Literature of the Modern Era; Fiction,3,4.3,General Reading,2016,https://www.goodreads.com/review/show/370217509?utm_medium=api&utm_source=rss
"The Dark Forest (Remembrance of Earth’s Past, #2)",4,4.39,General Reading,2016,https://www.goodreads.com/review/show/1501148513?utm_medium=api&utm_source=rss
The Myth of Sisyphus,4,4.23,General Reading,2015,https://www.goodreads.com/review/show/369958707?utm_medium=api&utm_source=rss
"Do No Harm: Stories of Life, Death and Brain Surgery",5,4.23,General Reading,2015,https://www.goodreads.com/review/show/1142762395?utm_medium=api&utm_source=rss
Ethan Frome,4,3.43,General Reading,2002,https://www.goodreads.com/review/show/1430859742?utm_medium=api&utm_source=rss
Epic Measures: One Doctor. Seven Billion Patients.,3,4.12,General Reading,2015,https://www.goodreads.com/review/show/1397860469?utm_medium=api&utm_source=rss
Practical Criticism: A Study of Literary Judgment,3,3.69,General Reading,2015,https://www.goodreads.com/review/show/1378379226?utm_medium=api&utm_source=rss
"World Within Walls: Japanese Literature of the Pre-Modern Era, 1600-1867",4,4.18,General Reading,2015,https://www.goodreads.com/review/show/370217658?utm_medium=api&utm_source=rss
"The Immortalists: Charles Lindbergh, Dr. Alexis Carrel, and Their Daring Quest to Live Forever",4,3.95,General Reading,2008,https://www.goodreads.com/review/show/1379515443?utm_medium=api&utm_source=rss
Reinforcement Learning: An Introduction (Adaptive Computation and Machine Learning),4,4.55,General Reading,2015,https://www.goodreads.com/review/show/1332047670?utm_medium=api&utm_source=rss
The Martian,4,4.41,General Reading,2015,https://www.goodreads.com/review/show/1345898816?utm_medium=api&utm_source=rss
Still Alice,4,4.32,General Reading,2015,https://www.goodreads.com/review/show/1340876359?utm_medium=api&utm_source=rss
"Command and Control: Nuclear Weapons, the Damascus Accident, and the Illusion of Safety",4,4.24,General Reading,2015,https://www.goodreads.com/review/show/1334811943?utm_medium=api&utm_source=rss
Last Poems by A. E. Housman,3,3.75,General Reading,2015,https://www.goodreads.com/review/show/1308895591?utm_medium=api&utm_source=rss
Additional Poems,2,3.25,General Reading,2015,https://www.goodreads.com/review/show/1305546802?utm_medium=api&utm_source=rss
The Art of UNIX Programming,3,4.0,General Reading,2014,https://www.goodreads.com/review/show/1106510619?utm_medium=api&utm_source=rss
The Iliad,2,3.96,General Reading,2015,https://www.goodreads.com/review/show/370056976?utm_medium=api&utm_source=rss
The Sagas of Icelanders,4,4.31,General Reading,2015,https://www.goodreads.com/review/show/370131884?utm_medium=api&utm_source=rss
Rational Choice in an Uncertain World,3,4.28,General Reading,2015,https://www.goodreads.com/review/show/370038195?utm_medium=api&utm_source=rss
Harry Potter and the Methods of Rationality,4,4.38,General Reading,2015,https://www.goodreads.com/review/show/369951479?utm_medium=api&utm_source=rss
From the Country of Eight Islands: An Anthology of Japanese Poetry,4,4.52,General Reading,2003,https://www.goodreads.com/review/show/1222322405?utm_medium=api&utm_source=rss
"The Three-Body Problem (Remembrance of Earth’s Past, #1)",4,4.07,General Reading,2015,https://www.goodreads.com/review/show/1220490975?utm_medium=api&utm_source=rss
Welcome to the N.H.K.,4,4.08,General Reading,2015,https://www.goodreads.com/review/show/1218221449?utm_medium=api&utm_source=rss
Japan Edge: The Insider's Guide to Japanese Pop Subculture,3,3.39,General Reading,2015,https://www.goodreads.com/review/show/370995883?utm_medium=api&utm_source=rss
Peopleware: Productive Projects and Teams,3,4.11,General Reading,2015,https://www.goodreads.com/review/show/369829079?utm_medium=api&utm_source=rss
Palimpsests,3,3.47,General Reading,2015,https://www.goodreads.com/review/show/1199134018?utm_medium=api&utm_source=rss
The Cartoon Guide to Statistics,4,3.92,General Reading,2004,https://www.goodreads.com/review/show/369972038?utm_medium=api&utm_source=rss
The Manga Guide to Statistics,2,3.93,General Reading,2009,https://www.goodreads.com/review/show/369972166?utm_medium=api&utm_source=rss
"Strange Attractors (Chaos Chronicles, #2)",2,3.78,General Reading,2015,https://www.goodreads.com/review/show/372399441?utm_medium=api&utm_source=rss
Introducing Nietzsche: A Graphic Guide,3,3.86,General Reading,2015,https://www.goodreads.com/review/show/639814920?utm_medium=api&utm_source=rss
"Empire of the Summer Moon: Quanah Parker and the Rise and Fall of the Comanches, the Most Powerful Indian Tribe in American History",4,4.22,General Reading,2015,https://www.goodreads.com/review/show/455206641?utm_medium=api&utm_source=rss
Congressional Anecdotes,3,3.84,General Reading,1998,https://www.goodreads.com/review/show/1167350345?utm_medium=api&utm_source=rss
"The Causal Angel (Jean le Flambeur, #3)",4,4.19,General Reading,2015,https://www.goodreads.com/review/show/985279455?utm_medium=api&utm_source=rss
"The Fractal Prince (Jean le Flambeur, #2)",4,4.06,General Reading,2015,https://www.goodreads.com/review/show/929060536?utm_medium=api&utm_source=rss
The Principles of Psychology,4,3.9,General Reading,2014,https://www.goodreads.com/review/show/370132738?utm_medium=api&utm_source=rss
"Ender In Exile (Ender's Saga, #6)",2,3.97,General Reading,2014,https://www.goodreads.com/review/show/369823726?utm_medium=api&utm_source=rss
I Am a Cat,3,3.68,General Reading,2014,https://www.goodreads.com/review/show/369923492?utm_medium=api&utm_source=rss
"The Quantum Thief (Jean le Flambeur, #1)",4,3.83,General Reading,2014,https://www.goodreads.com/review/show/925882050?utm_medium=api&utm_source=rss
Diaspora,5,4.11,General Reading,2014,https://www.goodreads.com/review/show/369827529?utm_medium=api&utm_source=rss
Fine Structure,3,4.1,General Reading,2011,https://www.goodreads.com/review/show/1131575671?utm_medium=api&utm_source=rss
Ra,4,4.02,General Reading,2014,https://www.goodreads.com/review/show/1131569634?utm_medium=api&utm_source=rss
The Far Side Gallery 3,3,4.43,General Reading,2014,https://www.goodreads.com/review/show/1116408657?utm_medium=api&utm_source=rss
Lud-in-the-Mist,4,3.86,General Reading,2014,https://www.goodreads.com/review/show/371660628?utm_medium=api&utm_source=rss
A Clockwork Orange,4,3.98,General Reading,2014,https://www.goodreads.com/review/show/369880431?utm_medium=api&utm_source=rss
Modern Egypt,3,3.0,General Reading,2014,https://www.goodreads.com/review/show/616631455?utm_medium=api&utm_source=rss
Japan's Imperial Conspiracy: How Emperor Hirohito Led Japan Into War Against the West,4,3.67,General Reading,2014,https://www.goodreads.com/review/show/370201412?utm_medium=api&utm_source=rss
A Book Of Luminous Things: An International Anthology of Poetry,3,4.18,General Reading,2012,https://www.goodreads.com/review/show/430341589?utm_medium=api&utm_source=rss
I Am Legend,3,4.48,General Reading,2014,https://www.goodreads.com/review/show/369860304?utm_medium=api&utm_source=rss
Blood and Beauty (The Borgias #1),3,3.56,General Reading,2014,https://www.goodreads.com/review/show/1060172211?utm_medium=api&utm_source=rss
The Art of Writing: Lu Chi's Wen Fu,4,4.16,General Reading,2013,https://www.goodreads.com/review/show/1002126713?utm_medium=api&utm_source=rss
A Night in the Lonesome October,3,4.12,General Reading,2014,https://www.goodreads.com/review/show/999082042?utm_medium=api&utm_source=rss
Roadside Picnic,3,4.15,General Reading,2014,https://www.goodreads.com/review/show/988946184?utm_medium=api&utm_source=rss
Brain Wave,3,3.71,General Reading,2014,https://www.goodreads.com/review/show/371652746?utm_medium=api&utm_source=rss
Manna,4,3.71,General Reading,2008,https://www.goodreads.com/review/show/974706877?utm_medium=api&utm_source=rss
Fragments of an Anarchist Anthropology (Paradigm),4,4.24,General Reading,2014,https://www.goodreads.com/review/show/971208595?utm_medium=api&utm_source=rss
The Trumpeter of Krakow,4,3.75,General Reading,1999,https://www.goodreads.com/review/show/370939843?utm_medium=api&utm_source=rss
The Sign of the Seahorse,5,4.14,General Reading,1999,https://www.goodreads.com/review/show/956712468?utm_medium=api&utm_source=rss
Catch-22,5,3.99,General Reading,2014,https://www.goodreads.com/review/show/369851788?utm_medium=api&utm_source=rss
The Pelican Brief,3,3.82,General Reading,2014,https://www.goodreads.com/review/show/370606721?utm_medium=api&utm_source=rss
The Story of Life Insurance,3,3.0,General Reading,2009,https://www.goodreads.com/review/show/941251993?utm_medium=api&utm_source=rss
Letters from a Stoic,3,4.32,General Reading,2014,https://www.goodreads.com/review/show/823642906?utm_medium=api&utm_source=rss
"Harry Potter and the Half-Blood Prince (Harry Potter, #6)",2,4.57,General Reading,2014,https://www.goodreads.com/review/show/369928533?utm_medium=api&utm_source=rss
The Autumn of the Patriarch,4,3.89,General Reading,2014,https://www.goodreads.com/review/show/914225984?utm_medium=api&utm_source=rss
The Te of Piglet,4,3.78,General Reading,2014,https://www.goodreads.com/review/show/370217047?utm_medium=api&utm_source=rss
The Adventures of Tom Sawyer,3,3.92,General Reading,2014,https://www.goodreads.com/review/show/370165087?utm_medium=api&utm_source=rss
Robinson Crusoe,3,3.69,General Reading,2014,https://www.goodreads.com/review/show/369889074?utm_medium=api&utm_source=rss
"Rogue Male (Rogue Male, #1)",4,3.92,General Reading,2014,https://www.goodreads.com/review/show/741905537?utm_medium=api&utm_source=rss
The Invention of Morel,3,4.0,General Reading,2014,https://www.goodreads.com/review/show/801696641?utm_medium=api&utm_source=rss
Guerrilla Warfare,3,3.79,General Reading,2003,https://www.goodreads.com/review/show/884163293?utm_medium=api&utm_source=rss
"The Sandman, Vol. 7: Brief Lives",4,4.55,General Reading,2014,https://www.goodreads.com/review/show/369836433?utm_medium=api&utm_source=rss
The Rediscovery of Man: The Complete Short Science Fiction of Cordwainer Smith,5,4.42,General Reading,2014,https://www.goodreads.com/review/show/370127265?utm_medium=api&utm_source=rss
"The Last Unicorn (The Last Unicorn, #1)",4,4.16,General Reading,1998,https://www.goodreads.com/review/show/369946017?utm_medium=api&utm_source=rss
Six Memos for the Next Millennium,3,4.24,General Reading,2014,https://www.goodreads.com/review/show/835469473?utm_medium=api&utm_source=rss
Due Considerations: Essays and Criticism,3,4.05,General Reading,2008,https://www.goodreads.com/review/show/370149503?utm_medium=api&utm_source=rss
Black Swan Green,3,3.97,General Reading,2008,https://www.goodreads.com/review/show/369971655?utm_medium=api&utm_source=rss
"All Tomorrow's Parties (Bridge, #3)",2,3.92,General Reading,2008,https://www.goodreads.com/review/show/370636092?utm_medium=api&utm_source=rss
"Burning Chrome (Sprawl, #0)",4,4.07,General Reading,2008,https://www.goodreads.com/review/show/369830392?utm_medium=api&utm_source=rss
The Master and Margarita,4,4.31,General Reading,2008,https://www.goodreads.com/review/show/370031844?utm_medium=api&utm_source=rss
"A Wild Sheep Chase (The Rat, #3)",4,3.96,General Reading,2008,https://www.goodreads.com/review/show/369856022?utm_medium=api&utm_source=rss
The Wind-Up Bird Chronicle,3,4.16,General Reading,2008,https://www.goodreads.com/review/show/369855991?utm_medium=api&utm_source=rss
"Dragon Weather (Obsidian Chronicles, #1)",4,4.01,General Reading,2008,https://www.goodreads.com/review/show/369849980?utm_medium=api&utm_source=rss
Patterns of Software: Tales from the Software Community,3,3.81,General Reading,2008,https://www.goodreads.com/review/show/370637128?utm_medium=api&utm_source=rss
Mr Palomar,3,3.93,General Reading,2008,https://www.goodreads.com/review/show/370155129?utm_medium=api&utm_source=rss
The Grand Chessboard: American Primacy and its Geostrategic Imperatives,2,3.95,General Reading,2008,https://www.goodreads.com/review/show/370637720?utm_medium=api&utm_source=rss
"M.Y.T.H. Inc. Link (Myth Adventures, #7)",2,3.95,General Reading,2008,https://www.goodreads.com/review/show/370540232?utm_medium=api&utm_source=rss
"Myth-Gotten Gains (Myth Adventures, #17)",2,3.86,General Reading,2008,https://www.goodreads.com/review/show/784072638?utm_medium=api&utm_source=rss
"Another Fine Myth (Myth Adventures, #1)",3,4.05,General Reading,2008,https://www.goodreads.com/review/show/370537164?utm_medium=api&utm_source=rss
"Myth-Taken Identity (Myth Adventures, #15)",3,3.85,General Reading,2008,https://www.goodreads.com/review/show/784071758?utm_medium=api&utm_source=rss
"Phantom (Sword of Truth, #10)",2,3.99,General Reading,2008,https://www.goodreads.com/review/show/370164585?utm_medium=api&utm_source=rss
"Power, Faith, and Fantasy: America in the Middle East 1776 to the Present",3,4.0,General Reading,2008,https://www.goodreads.com/review/show/370637256?utm_medium=api&utm_source=rss
"The Spy Who Came In from the Cold (George Smiley, #3)",4,4.07,General Reading,2008,https://www.goodreads.com/review/show/369984208?utm_medium=api&utm_source=rss
A Book of Five Rings: The Classic Guide to Strategy,4,4.01,General Reading,2004,https://www.goodreads.com/review/show/369955551?utm_medium=api&utm_source=rss
Terror and Consent : The Wars for the Twenty-First Century,3,3.83,General Reading,2008,https://www.goodreads.com/review/show/370637607?utm_medium=api&utm_source=rss
"Bad Money: Reckless Finance, Failed Politics, and the Global Crisis of American Capitalism",2,3.74,General Reading,2008,https://www.goodreads.com/review/show/370636272?utm_medium=api&utm_source=rss
"The Absolute Sandman, Volume 3",4,4.68,General Reading,2008,https://www.goodreads.com/review/show/369836983?utm_medium=api&utm_source=rss
The Road,2,4.0,General Reading,2008,https://www.goodreads.com/review/show/369879141?utm_medium=api&utm_source=rss
Othello,3,3.89,General Reading,2008,https://www.goodreads.com/review/show/370054493?utm_medium=api&utm_source=rss
Red Emma Speaks: An Emma Goldman Reader (Contemporary Studies in Philosophy and the Human Sciences),4,4.22,General Reading,2008,https://www.goodreads.com/review/show/370637445?utm_medium=api&utm_source=rss
Command Failure in War: Psychology and Leadership,3,3.0,General Reading,2008,https://www.goodreads.com/review/show/370636475?utm_medium=api&utm_source=rss
The collected songs of Cold Mountain,5,4.58,General Reading,2013,https://www.goodreads.com/review/show/580479987?utm_medium=api&utm_source=rss
Black American Students in an Affluent Suburb: A Study of Academic Disengagement,4,4.0,General Reading,2013,https://www.goodreads.com/review/show/372363676?utm_medium=api&utm_source=rss
The Making of Prince of Persia,4,4.05,General Reading,2012,https://www.goodreads.com/review/show/731519844?utm_medium=api&utm_source=rss
It's behind you - The making of a computer Game,3,4.22,General Reading,2013,https://www.goodreads.com/review/show/731518232?utm_medium=api&utm_source=rss
"How to Measure Anything: Finding the Value of ""Intangibles"" in Business",4,3.86,General Reading,2013,https://www.goodreads.com/review/show/370512610?utm_medium=api&utm_source=rss
"Sources of Japanese Tradition, Volume One: From Earliest Times to 1600",3,4.0,General Reading,2013,https://www.goodreads.com/review/show/370217630?utm_medium=api&utm_source=rss
On China,4,4.16,General Reading,2012,https://www.goodreads.com/review/show/370160227?utm_medium=api&utm_source=rss
The Ring of the Nibelung,5,4.25,General Reading,2006,https://www.goodreads.com/review/show/370220097?utm_medium=api&utm_source=rss
The Stinky Cheese Man and Other Fairly Stupid Tales,4,4.2,General Reading,1997,https://www.goodreads.com/review/show/370628652?utm_medium=api&utm_source=rss
The Policeman's Beard is Half-Constructed: Computer Prose and Poetry,3,3.8,General Reading,2010,https://www.goodreads.com/review/show/623976772?utm_medium=api&utm_source=rss
Silently and Very Fast,3,4.08,General Reading,2012,https://www.goodreads.com/review/show/429485073?utm_medium=api&utm_source=rss
Intelligence: A Unifying Construct for the Social Sciences,4,3.69,General Reading,2012,https://www.goodreads.com/review/show/391060103?utm_medium=api&utm_source=rss
Laws of Form,2,4.0,General Reading,2013,https://www.goodreads.com/review/show/372220837?utm_medium=api&utm_source=rss
An Island Out of Time: A Memoir of Smith Island in the Chesapeake,3,3.98,General Reading,2013,https://www.goodreads.com/review/show/693377315?utm_medium=api&utm_source=rss
Vader's Little Princess,3,4.07,General Reading,2013,https://www.goodreads.com/review/show/684101719?utm_medium=api&utm_source=rss
The Chicago World's Fair of 1893 A Photogrphic Record,3,3.98,General Reading,2013,https://www.goodreads.com/review/show/689012559?utm_medium=api&utm_source=rss
Stellaluna,2,4.27,General Reading,2013,https://www.goodreads.com/review/show/374353541?utm_medium=api&utm_source=rss
"Scott Pilgrim vs. The World (Scott Pilgrim, #2)",2,4.24,General Reading,2013,https://www.goodreads.com/review/show/374353459?utm_medium=api&utm_source=rss
"The Locked Room (The New York Trilogy, #3)",3,3.92,General Reading,2013,https://www.goodreads.com/review/show/392020855?utm_medium=api&utm_source=rss
"City of Glass (The New York Trilogy, #1)",4,3.78,General Reading,2013,https://www.goodreads.com/review/show/392020786?utm_medium=api&utm_source=rss
"Ghosts (The New York Trilogy, #2)",3,3.62,General Reading,2013,https://www.goodreads.com/review/show/392020819?utm_medium=api&utm_source=rss
The Testament,3,3.88,General Reading,2013,https://www.goodreads.com/review/show/410453423?utm_medium=api&utm_source=rss
The Complete Guide to Asperger's Syndrome,3,4.23,General Reading,2013,https://www.goodreads.com/review/show/412600186?utm_medium=api&utm_source=rss
How to Read Donald Duck: Imperialist Ideology in the Disney Comic,3,3.89,General Reading,2013,https://www.goodreads.com/review/show/640523609?utm_medium=api&utm_source=rss
"The Geeks Shall Inherit the Earth: Popularity, Quirk Theory and Why Outsiders Thrive After High School",2,3.59,General Reading,2011,https://www.goodreads.com/review/show/369884687?utm_medium=api&utm_source=rss
The Difference Engine,3,3.49,General Reading,2011,https://www.goodreads.com/review/show/370209149?utm_medium=api&utm_source=rss
Procyon's Promise,2,3.85,General Reading,2011,https://www.goodreads.com/review/show/370206987?utm_medium=api&utm_source=rss
"A Transatlantic Tunnel, Hurrah!",3,3.51,General Reading,2011,https://www.goodreads.com/review/show/370194768?utm_medium=api&utm_source=rss
"Surface Detail (Culture, #9)",3,4.25,General Reading,2011,https://www.goodreads.com/review/show/370192506?utm_medium=api&utm_source=rss
"The Children of the Sky (Zones of Thought, #3)",3,3.64,General Reading,2011,https://www.goodreads.com/review/show/370184813?utm_medium=api&utm_source=rss
Everything Bad is Good for You: How Today's Popular Culture is Actually Making Us Smarter,3,3.47,General Reading,2011,https://www.goodreads.com/review/show/370184656?utm_medium=api&utm_source=rss
Promises I Can Keep: Why Poor Women Put Motherhood Before Marriage,4,3.99,General Reading,2011,https://www.goodreads.com/review/show/369858122?utm_medium=api&utm_source=rss
"Snuff (Discworld, #39; City Watch, #8)",4,4.16,General Reading,2011,https://www.goodreads.com/review/show/370183007?utm_medium=api&utm_source=rss
Little Boy: The Arts of Japan's Exploding Subculture,4,4.3,General Reading,2011,https://www.goodreads.com/review/show/370181273?utm_medium=api&utm_source=rss
The Closing of the American Mind,3,3.74,General Reading,2011,https://www.goodreads.com/review/show/370182085?utm_medium=api&utm_source=rss
When London Was Capital of America,2,3.66,General Reading,2011,https://www.goodreads.com/review/show/370181997?utm_medium=api&utm_source=rss
After the Software Wars,2,3.28,General Reading,2011,https://www.goodreads.com/review/show/370207690?utm_medium=api&utm_source=rss
"The Luck Factor: Changing Your Luck, Changing Your Life - The Four  Essential Principles",3,3.85,General Reading,2011,https://www.goodreads.com/review/show/370201211?utm_medium=api&utm_source=rss
Ragnarok,3,3.49,General Reading,2011,https://www.goodreads.com/review/show/648399569?utm_medium=api&utm_source=rss
Proofs and Refutations: The Logic of Mathematical Discovery,4,4.29,General Reading,2011,https://www.goodreads.com/review/show/370179277?utm_medium=api&utm_source=rss
Where China Meets India: Burma and the New Crossroads of Asia,2,3.85,General Reading,2012,https://www.goodreads.com/review/show/370178720?utm_medium=api&utm_source=rss
"Making Money (Discworld, #36; Moist Von Lipwig, #2)",3,4.26,General Reading,2012,https://www.goodreads.com/review/show/370177767?utm_medium=api&utm_source=rss
The Night Land,3,3.48,General Reading,2012,https://www.goodreads.com/review/show/370158770?utm_medium=api&utm_source=rss
The Scarlet Pimpernel,2,4.07,General Reading,2012,https://www.goodreads.com/review/show/369883405?utm_medium=api&utm_source=rss
The Green Brain,1,3.34,General Reading,2012,https://www.goodreads.com/review/show/369864762?utm_medium=api&utm_source=rss
"The Intelligent Universe: AI, ET, and the Emerging Mind of the Cosmos",2,3.96,General Reading,2012,https://www.goodreads.com/review/show/648193021?utm_medium=api&utm_source=rss
Mrs. Astor Regrets: The Hidden Betrayals of a Family Beyond Reproach,3,3.59,General Reading,2013,https://www.goodreads.com/review/show/647324622?utm_medium=api&utm_source=rss
The Cinema of George Lucas,3,4.24,General Reading,2012,https://www.goodreads.com/review/show/647418192?utm_medium=api&utm_source=rss
Economic Analysis of the Law: Selected Readings,3,3.0,General Reading,2011,https://www.goodreads.com/review/show/370187287?utm_medium=api&utm_source=rss
"Merchants and Revolution: Commercial Change, Political Conflict, and London's Overseas Traders, 1550-1653",2,3.88,General Reading,2011,https://www.goodreads.com/review/show/370187487?utm_medium=api&utm_source=rss
Steve Jobs,4,4.15,General Reading,2011,https://www.goodreads.com/review/show/370128002?utm_medium=api&utm_source=rss
The Black Cloud,4,3.9,General Reading,2010,https://www.goodreads.com/review/show/370210618?utm_medium=api&utm_source=rss
Simplicity As Evidence of Truth (Aquinas Lecture),2,2.0,General Reading,2010,https://www.goodreads.com/review/show/370210766?utm_medium=api&utm_source=rss
Schismatrix Plus,5,3.94,General Reading,2010,https://www.goodreads.com/review/show/369828803?utm_medium=api&utm_source=rss
Planning for Empire: Reform Bureaucrats and the Japanese Wartime State,1,3.44,General Reading,2011,https://www.goodreads.com/review/show/370184034?utm_medium=api&utm_source=rss
World on Fire: How Exporting Free Market Democracy Breeds Ethnic Hatred and Global Instability,4,3.81,General Reading,2013,https://www.goodreads.com/review/show/370192251?utm_medium=api&utm_source=rss
"The Clockwork Rocket (Orthogonal, #1)",2,3.65,General Reading,2013,https://www.goodreads.com/review/show/369875602?utm_medium=api&utm_source=rss
Nothing to Envy: Ordinary Lives in North Korea,5,4.43,General Reading,2013,https://www.goodreads.com/review/show/369855381?utm_medium=api&utm_source=rss
Sum: Forty Tales from the Afterlives,4,4.13,General Reading,2013,https://www.goodreads.com/review/show/369886019?utm_medium=api&utm_source=rss
The Decameron,2,3.89,General Reading,2013,https://www.goodreads.com/review/show/369853157?utm_medium=api&utm_source=rss
"Water Sleeps (The Chronicles of the Black Company, #8)",3,4.09,General Reading,2013,https://www.goodreads.com/review/show/641854303?utm_medium=api&utm_source=rss
"She is the Darkness (The Chronicles of the Black Company, #7)",2,4.1,General Reading,2013,https://www.goodreads.com/review/show/641598784?utm_medium=api&utm_source=rss
"Bleak Seasons (The Chronicles of the Black Company, #6)",3,3.93,General Reading,2013,https://www.goodreads.com/review/show/640968723?utm_medium=api&utm_source=rss
"The Silver Spike (The Chronicles of the Black Company, #3.5)",2,3.96,General Reading,2013,https://www.goodreads.com/review/show/640186764?utm_medium=api&utm_source=rss
"Shadows Linger (The Chronicles of the Black Company, #2)",4,4.18,General Reading,2013,https://www.goodreads.com/review/show/636627748?utm_medium=api&utm_source=rss
"The White Rose (The Chronicles of the Black Company, #3)",2,4.21,General Reading,2013,https://www.goodreads.com/review/show/637441514?utm_medium=api&utm_source=rss
The Eighteenth Brumaire of Louis Bonaparte,3,4.21,General Reading,2013,https://www.goodreads.com/review/show/618605548?utm_medium=api&utm_source=rss
The Old Regime and the French Revolution,4,4.04,General Reading,2013,https://www.goodreads.com/review/show/618605142?utm_medium=api&utm_source=rss
"The Adventures of the Stainless Steel Rat (Stainless Steel Rat, #4-6)",3,4.13,General Reading,2013,https://www.goodreads.com/review/show/370195320?utm_medium=api&utm_source=rss
The Clouds Should Know Me By Now: Buddhist Poet Monks of China,4,4.31,General Reading,2013,https://www.goodreads.com/review/show/580480530?utm_medium=api&utm_source=rss
"Underground: Tales of hacking, madness, and obsession on the electronic frontier",4,4.19,General Reading,2013,https://www.goodreads.com/review/show/579808555?utm_medium=api&utm_source=rss
Young Philby,3,3.38,General Reading,2013,https://www.goodreads.com/review/show/576737901?utm_medium=api&utm_source=rss
George's Marvellous Medicine,4,4.05,General Reading,2013,https://www.goodreads.com/review/show/576965229?utm_medium=api&utm_source=rss
Fantastic Mr. Fox,4,4.09,General Reading,2013,https://www.goodreads.com/review/show/576964941?utm_medium=api&utm_source=rss
"Shades of Grey (Shades of Grey, #1)",4,4.14,General Reading,2013,https://www.goodreads.com/review/show/573742513?utm_medium=api&utm_source=rss
Dreamland: Travels Inside the Secret World of Roswell and Area 51,3,3.49,General Reading,2013,https://www.goodreads.com/review/show/572234518?utm_medium=api&utm_source=rss
Buddhist Ethics: A Very Short Introduction,3,3.59,General Reading,2013,https://www.goodreads.com/review/show/571403731?utm_medium=api&utm_source=rss
Ex-Prodigy: My Childhood and Youth,3,3.67,General Reading,2013,https://www.goodreads.com/review/show/370992509?utm_medium=api&utm_source=rss
Cybernetics: Or Control and Communication in the Animal and the Machine,3,3.97,General Reading,2013,https://www.goodreads.com/review/show/370992454?utm_medium=api&utm_source=rss
Paper Dinosaur (Make Your Own S.),4,4.14,General Reading,2013,https://www.goodreads.com/review/show/545557323?utm_medium=api&utm_source=rss
Four Past Midnight,4,3.97,General Reading,2013,https://www.goodreads.com/review/show/561223921?utm_medium=api&utm_source=rss
Raptor Red,5,3.96,General Reading,2013,https://www.goodreads.com/review/show/560216641?utm_medium=api&utm_source=rss
"Rats, Bats & Vats (The Rats and the Bats, #1)",3,3.79,General Reading,2013,https://www.goodreads.com/review/show/372250919?utm_medium=api&utm_source=rss
The Tragical History of Doctor Faustus,4,4.13,General Reading,2013,https://www.goodreads.com/review/show/370216152?utm_medium=api&utm_source=rss
Anthropic Bias (Studies in Philosophy),4,3.9,General Reading,2013,https://www.goodreads.com/review/show/370991826?utm_medium=api&utm_source=rss
"Heisenberg and the Nazi Atomic Bomb Project, 1939-1945: A Study in German Culture",3,3.89,General Reading,2013,https://www.goodreads.com/review/show/537194479?utm_medium=api&utm_source=rss
"Global Price Fixing: Our Customers are the Enemy (Studies in Industrial Organization, 24)",4,4.0,General Reading,2013,https://www.goodreads.com/review/show/536267576?utm_medium=api&utm_source=rss
Demian: Die Geschichte von Emil Sinclairs Jugend,4,4.18,General Reading,2013,https://www.goodreads.com/review/show/529514598?utm_medium=api&utm_source=rss
Man's Search for Meaning,3,4.38,General Reading,2013,https://www.goodreads.com/review/show/526122755?utm_medium=api&utm_source=rss
Shadows of the New Sun,4,4.0,General Reading,2013,https://www.goodreads.com/review/show/372354663?utm_medium=api&utm_source=rss
Back to Methuselah,3,3.84,General Reading,2013,https://www.goodreads.com/review/show/467608314?utm_medium=api&utm_source=rss
"The Dutchesse of Malfy a tragedy: as it was approvedly well acted at the Black-friers, by His Maiesties servants: the perfect and exact copy, with ... would not beare in the presentment (1640)",2,2.5,General Reading,2013,https://www.goodreads.com/review/show/370083668?utm_medium=api&utm_source=rss
Kim,3,3.71,General Reading,2012,https://www.goodreads.com/review/show/369940627?utm_medium=api&utm_source=rss
Heaven and Hell,3,3.51,General Reading,2012,https://www.goodreads.com/review/show/484558582?utm_medium=api&utm_source=rss
The Doors of Perception & Heaven and Hell,3,3.94,General Reading,2012,https://www.goodreads.com/review/show/482721591?utm_medium=api&utm_source=rss
"The Mote in God's Eye (Moties, #1)",4,4.08,General Reading,2012,https://www.goodreads.com/review/show/369888350?utm_medium=api&utm_source=rss
Musa Pedestris - Three Centuries of Canting Songs and Slang Rhymes 1536 - 1896,3,3.5,General Reading,2012,https://www.goodreads.com/review/show/420628201?utm_medium=api&utm_source=rss
10 PRINT CHR$(205.5+RND(1)); : GOTO 10,3,3.81,General Reading,2012,https://www.goodreads.com/review/show/467256383?utm_medium=api&utm_source=rss
Create Your Own Economy: The Path to Prosperity in a Disordered World,2,3.37,General Reading,2012,https://www.goodreads.com/review/show/370055259?utm_medium=api&utm_source=rss
The Sword of Good,3,3.95,General Reading,2012,https://www.goodreads.com/review/show/464178332?utm_medium=api&utm_source=rss
Three Worlds Collide,4,4.17,General Reading,2012,https://www.goodreads.com/review/show/464178153?utm_medium=api&utm_source=rss
Cochrane Handbook for Systematic Reviews of Interventions,4,4.31,General Reading,2012,https://www.goodreads.com/review/show/458711326?utm_medium=api&utm_source=rss
The Orthodox Corruption of Scripture: The Effect of Early Christological Controversies on the Text of the New Testament,4,4.06,General Reading,2012,https://www.goodreads.com/review/show/454444406?utm_medium=api&utm_source=rss
Twilight of the Elites: America After Meritocracy,3,3.96,General Reading,2012,https://www.goodreads.com/review/show/453769123?utm_medium=api&utm_source=rss
"Ethics: History, Theory, and Contemporary Issues",4,3.78,General Reading,2012,https://www.goodreads.com/review/show/370194073?utm_medium=api&utm_source=rss
When Prophecy Fails: A Social and Psychological Study of a Modern Group that Predicted the Destruction of the World,4,3.75,General Reading,2012,https://www.goodreads.com/review/show/377680090?utm_medium=api&utm_source=rss
"The Nuclear Taboo: The United States and the Non-Use of Nuclear Weapons Since 1945 (Cambridge Studies in International Relations, Series Number 87)",4,4.0,General Reading,2012,https://www.goodreads.com/review/show/442995737?utm_medium=api&utm_source=rss
"Coming Apart: The State of White America, 1960-2010",4,3.77,General Reading,2012,https://www.goodreads.com/review/show/370104727?utm_medium=api&utm_source=rss
Psychiatry And the Human Condition,3,4.0,General Reading,2012,https://www.goodreads.com/review/show/439929102?utm_medium=api&utm_source=rss
Liars and Outliers: Enabling the Trust that Society Needs to Thrive,4,3.78,General Reading,2012,https://www.goodreads.com/review/show/431706549?utm_medium=api&utm_source=rss
De Profundis,4,4.12,General Reading,2012,https://www.goodreads.com/review/show/390770224?utm_medium=api&utm_source=rss
The Goal: A Process of Ongoing Improvement,3,4.05,General Reading,2012,https://www.goodreads.com/review/show/437673945?utm_medium=api&utm_source=rss
Beyond Good and Evil,4,4.05,General Reading,2012,https://www.goodreads.com/review/show/437403468?utm_medium=api&utm_source=rss
"Walden or, Life in the Woods",4,3.77,General Reading,2012,https://www.goodreads.com/review/show/436113582?utm_medium=api&utm_source=rss
The Little Book of Talent: 52 Tips for Improving Your Skills,2,4.01,General Reading,2012,https://www.goodreads.com/review/show/434173086?utm_medium=api&utm_source=rss
Shop Class as Soulcraft: An Inquiry Into the Value of Work,3,3.73,General Reading,2012,https://www.goodreads.com/review/show/434172952?utm_medium=api&utm_source=rss
I Know Who You Are and I Saw What You Did: Social Networks and the Death of Privacy,4,3.61,General Reading,2012,https://www.goodreads.com/review/show/370157195?utm_medium=api&utm_source=rss
"Mr. Penumbra's 24-Hour Bookstore (Mr. Penumbra's 24-Hour Bookstore, #1)",3,3.71,General Reading,2012,https://www.goodreads.com/review/show/430789989?utm_medium=api&utm_source=rss
The Moral Basis of a Backward Society,4,3.86,General Reading,2012,https://www.goodreads.com/review/show/430348016?utm_medium=api&utm_source=rss
When God Talks Back: Understanding the American Evangelical Relationship with God,4,3.93,General Reading,2012,https://www.goodreads.com/review/show/425649926?utm_medium=api&utm_source=rss
The Big Short: Inside the Doomsday Machine,3,4.2,General Reading,2012,https://www.goodreads.com/review/show/373005205?utm_medium=api&utm_source=rss
How to Succeed in Evil,3,3.84,General Reading,2012,https://www.goodreads.com/review/show/416124399?utm_medium=api&utm_source=rss
Good and Plenty: The Creative Successes of American Arts Funding,4,3.58,General Reading,2012,https://www.goodreads.com/review/show/412233638?utm_medium=api&utm_source=rss
Fallout: Equestria,4,4.63,General Reading,2012,https://www.goodreads.com/review/show/400719204?utm_medium=api&utm_source=rss
"Left Behind (Left Behind, #1)",1,3.86,General Reading,2012,https://www.goodreads.com/review/show/410413820?utm_medium=api&utm_source=rss
Handbook of Psychopathy,3,4.31,General Reading,2012,https://www.goodreads.com/review/show/392014124?utm_medium=api&utm_source=rss
Birds,4,3.91,General Reading,2012,https://www.goodreads.com/review/show/406407717?utm_medium=api&utm_source=rss
Singularity,3,4.03,General Reading,2012,https://www.goodreads.com/review/show/406094623?utm_medium=api&utm_source=rss
A Vindication of the Rights of Women,3,3.82,General Reading,2012,https://www.goodreads.com/review/show/402275855?utm_medium=api&utm_source=rss
The Drive-in 2,2,3.53,General Reading,2012,https://www.goodreads.com/review/show/402355655?utm_medium=api&utm_source=rss
Joe R. Lansdale's The Drive-In,3,3.91,General Reading,2012,https://www.goodreads.com/review/show/402355599?utm_medium=api&utm_source=rss
Empty Words: Buddhist Philosophy and Cross-Cultural Interpretation,3,4.23,General Reading,2012,https://www.goodreads.com/review/show/380293885?utm_medium=api&utm_source=rss
50 in 50: Fifty stories for fifty years!,3,3.89,General Reading,2012,https://www.goodreads.com/review/show/397315412?utm_medium=api&utm_source=rss
The White-Luck Warrior,4,4.11,General Reading,2012,https://www.goodreads.com/review/show/396641198?utm_medium=api&utm_source=rss
"The Darkness That Comes Before (The Prince of Nothing, #1)",4,3.83,General Reading,2012,https://www.goodreads.com/review/show/393428525?utm_medium=api&utm_source=rss
"The Warrior Prophet (The Prince of Nothing, #2)",3,3.98,General Reading,2012,https://www.goodreads.com/review/show/394149298?utm_medium=api&utm_source=rss
Path of the Fury (Furies #2),4,4.23,General Reading,2012,https://www.goodreads.com/review/show/370616248?utm_medium=api&utm_source=rss
Snakes in Suits: When Psychopaths Go to Work,2,3.66,General Reading,2012,https://www.goodreads.com/review/show/370128876?utm_medium=api&utm_source=rss
"Five Children and It (The Psammead Trilogy, #1)",4,3.85,General Reading,2012,https://www.goodreads.com/review/show/390728179?utm_medium=api&utm_source=rss
"The Koreans: Who They Are, What They Want, Where Their Future Lies",3,3.64,General Reading,2012,https://www.goodreads.com/review/show/390673813?utm_medium=api&utm_source=rss
War without Mercy: Race and Power in the Pacific War,4,4.06,General Reading,2012,https://www.goodreads.com/review/show/388380596?utm_medium=api&utm_source=rss
The Art of UNIX Programming,4,4.17,General Reading,2012,https://www.goodreads.com/review/show/372217001?utm_medium=api&utm_source=rss
Polyamory in the 21st Century: Love and Intimacy with Multiple Partners,3,3.72,General Reading,2012,https://www.goodreads.com/review/show/370160640?utm_medium=api&utm_source=rss
On Bullshit,3,3.58,General Reading,2012,https://www.goodreads.com/review/show/384128715?utm_medium=api&utm_source=rss
The Psychopath: Emotion and the Brain,3,3.87,General Reading,2012,https://www.goodreads.com/review/show/383635615?utm_medium=api&utm_source=rss
"Notes from Underground, White Nights, The Dream of a Ridiculous Man, and Selections from The House of the Dead",3,4.19,General Reading,2012,https://www.goodreads.com/review/show/372219439?utm_medium=api&utm_source=rss
The Sorrows of Young Werther,2,3.72,General Reading,2012,https://www.goodreads.com/review/show/380698741?utm_medium=api&utm_source=rss
The UNIX Hater's Handbook: The Best of UNIX-Haters On-line Mailing Reveals Why UNIX Must Die!,4,3.78,General Reading,2012,https://www.goodreads.com/review/show/380228180?utm_medium=api&utm_source=rss
What the Dormouse Said: How the Sixties Counterculture Shaped the Personal Computer Industry,3,3.8,General Reading,2012,https://www.goodreads.com/review/show/380164734?utm_medium=api&utm_source=rss
Capability-based computer systems,2,4.0,General Reading,2012,https://www.goodreads.com/review/show/379211327?utm_medium=api&utm_source=rss
Reason & Persuasion: Three Dialogues by Plato,4,3.83,General Reading,2012,https://www.goodreads.com/review/show/379119872?utm_medium=api&utm_source=rss
"Rules of Engagement (The Serrano Legacy, #5)",3,4.03,General Reading,2012,https://www.goodreads.com/review/show/375286136?utm_medium=api&utm_source=rss
"Winning Colors (The Serrano Legacy, #3)",2,3.93,General Reading,2012,https://www.goodreads.com/review/show/375285862?utm_medium=api&utm_source=rss
"Sporting Chance (The Serrano Legacy, #2)",2,3.99,General Reading,2012,https://www.goodreads.com/review/show/375285734?utm_medium=api&utm_source=rss
Goodnight Moon,4,4.31,General Reading,2012,https://www.goodreads.com/review/show/374352796?utm_medium=api&utm_source=rss
The Lorax,4,4.35,General Reading,2012,https://www.goodreads.com/review/show/374352747?utm_medium=api&utm_source=rss
Copper: A Comics Collection,4,4.08,General Reading,2012,https://www.goodreads.com/review/show/374330989?utm_medium=api&utm_source=rss
The Jewish War,5,4.01,General Reading,2012,https://www.goodreads.com/review/show/374314191?utm_medium=api&utm_source=rss
Psychology of Intelligence Analysis,4,4.29,General Reading,2012,https://www.goodreads.com/review/show/371832666?utm_medium=api&utm_source=rss
"A Study of History, Vol 1: Introduction; The Geneses of Civilizations (A Study of History, #1)",4,4.11,General Reading,2012,https://www.goodreads.com/review/show/373749526?utm_medium=api&utm_source=rss
The Historian,3,3.78,General Reading,2012,https://www.goodreads.com/review/show/373748722?utm_medium=api&utm_source=rss
The Decline of the West,4,4.09,General Reading,2012,https://www.goodreads.com/review/show/373748279?utm_medium=api&utm_source=rss
"The Forever War (The Forever War, #1)",4,4.14,General Reading,2012,https://www.goodreads.com/review/show/369944033?utm_medium=api&utm_source=rss
The Planet Buyer,3,3.84,General Reading,2012,https://www.goodreads.com/review/show/373730245?utm_medium=api&utm_source=rss
The Waterworks,3,3.45,General Reading,2012,https://www.goodreads.com/review/show/373716861?utm_medium=api&utm_source=rss
Great Mambo Chicken And The Transhuman Condition: Science Slightly Over The Edge,5,4.01,General Reading,2012,https://www.goodreads.com/review/show/369832686?utm_medium=api&utm_source=rss
The Pilgrim's Progress,2,4.06,General Reading,2012,https://www.goodreads.com/review/show/373689712?utm_medium=api&utm_source=rss
The Brain Makers,3,3.65,General Reading,2012,https://www.goodreads.com/review/show/373145761?utm_medium=api&utm_source=rss
The Secret History,3,3.86,General Reading,2012,https://www.goodreads.com/review/show/373138945?utm_medium=api&utm_source=rss
Arms And The Man,3,3.86,General Reading,2012,https://www.goodreads.com/review/show/373130870?utm_medium=api&utm_source=rss
The Perfect Store: Inside eBay,3,3.85,General Reading,2012,https://www.goodreads.com/review/show/373123162?utm_medium=api&utm_source=rss
Modern Egypt,3,2.89,General Reading,2012,https://www.goodreads.com/review/show/373087954?utm_medium=api&utm_source=rss
Urantia: The Great Cult Mystery,4,3.4,General Reading,2012,https://www.goodreads.com/review/show/373027012?utm_medium=api&utm_source=rss
Weird Water and Fuzzy Logic,3,3.63,General Reading,2012,https://www.goodreads.com/review/show/373026972?utm_medium=api&utm_source=rss
Fads and Fallacies in the Name of Science,3,4.06,General Reading,2012,https://www.goodreads.com/review/show/373026732?utm_medium=api&utm_source=rss
"Star Wars: Children of the Jedi (The Callista Trilogy, #1)",3,3.27,General Reading,2012,https://www.goodreads.com/review/show/370976386?utm_medium=api&utm_source=rss
The True Confessions of Charlotte Doyle,4,3.85,General Reading,2012,https://www.goodreads.com/review/show/373007648?utm_medium=api&utm_source=rss
Red Ranger Came Calling,4,4.38,General Reading,2012,https://www.goodreads.com/review/show/372994550?utm_medium=api&utm_source=rss
The Last Basselope: One Ferocious Story,3,4.31,General Reading,2012,https://www.goodreads.com/review/show/372994485?utm_medium=api&utm_source=rss
The Anatomy of Revolution,4,3.78,General Reading,2012,https://www.goodreads.com/review/show/372993281?utm_medium=api&utm_source=rss
The Unabridged Devil's Dictionary,4,4.08,General Reading,2012,https://www.goodreads.com/review/show/372990082?utm_medium=api&utm_source=rss
Empire,2,3.76,General Reading,2012,https://www.goodreads.com/review/show/372985146?utm_medium=api&utm_source=rss
Sinfest,3,4.04,General Reading,2012,https://www.goodreads.com/review/show/372890424?utm_medium=api&utm_source=rss
The Epic of Gilgamesh,4,3.7,General Reading,2012,https://www.goodreads.com/review/show/372614205?utm_medium=api&utm_source=rss
"Wild Magic (Immortals, #1)",4,4.31,General Reading,2012,https://www.goodreads.com/review/show/372535147?utm_medium=api&utm_source=rss
Seven Pillars of Wisdom: A Triumph,4,3.89,General Reading,2012,https://www.goodreads.com/review/show/372531359?utm_medium=api&utm_source=rss
Psychological Warfare (WWII Era Reprint),4,3.93,General Reading,2012,https://www.goodreads.com/review/show/372526406?utm_medium=api&utm_source=rss
Cicero's Treatise On The Nature Of The Gods,5,4.33,General Reading,2012,https://www.goodreads.com/review/show/372521574?utm_medium=api&utm_source=rss
Out of Iraq: A Practical Plan for Withdrawal Now,2,3.59,General Reading,2012,https://www.goodreads.com/review/show/372478234?utm_medium=api&utm_source=rss
Communities in Cyberspace,3,3.52,General Reading,2012,https://www.goodreads.com/review/show/372477087?utm_medium=api&utm_source=rss
A Journey to the Tea Countries of China,4,4.11,General Reading,2012,https://www.goodreads.com/review/show/372475829?utm_medium=api&utm_source=rss
White Light,2,3.92,General Reading,2012,https://www.goodreads.com/review/show/372475599?utm_medium=api&utm_source=rss
The Iron Dream,4,3.61,General Reading,2012,https://www.goodreads.com/review/show/372473786?utm_medium=api&utm_source=rss
The Art of Reasoning,3,3.95,General Reading,2012,https://www.goodreads.com/review/show/372473676?utm_medium=api&utm_source=rss
"Banks, Palaces and Entrepreneurs in Renaissance Florence (Variorum Collected Studies)",3,4.0,General Reading,2012,https://www.goodreads.com/review/show/372473391?utm_medium=api&utm_source=rss
Chimpanzee Politics: Power and Sex among Apes,3,4.28,General Reading,2012,https://www.goodreads.com/review/show/372473048?utm_medium=api&utm_source=rss
"The Rise & Decline of The Medici Bank, 1397-1494",4,4.1,General Reading,2012,https://www.goodreads.com/review/show/372472929?utm_medium=api&utm_source=rss
"Muslim Neoplatonists: An Introduction To The Thought Of The Brethren Of Purity, Ikhwān Al Ṣafāʾ",4,4.5,General Reading,2012,https://www.goodreads.com/review/show/372471712?utm_medium=api&utm_source=rss
The Autobiography of a Criminal,4,3.8,General Reading,2012,https://www.goodreads.com/review/show/372470344?utm_medium=api&utm_source=rss
Dark Empire Sourcebook (Star Wars RPG),3,3.65,General Reading,2012,https://www.goodreads.com/review/show/372468609?utm_medium=api&utm_source=rss
"Attending Daedalus: Gene Wolfe, Artifice and the Reader",4,3.97,General Reading,2012,https://www.goodreads.com/review/show/372468496?utm_medium=api&utm_source=rss
Codex Seraphinianus. Ein Orbis Pictus des Universums der Phantasie.,5,4.44,General Reading,2012,https://www.goodreads.com/review/show/372468278?utm_medium=api&utm_source=rss
"Krazy and Ignatz, 1939-1940: A Brick Stuffed With Moom-bins",4,4.54,General Reading,2012,https://www.goodreads.com/review/show/372457162?utm_medium=api&utm_source=rss
"Krazy and Ignatz, 1929-1930: A Mice, a Brick, a Lovely Night",4,4.54,General Reading,2012,https://www.goodreads.com/review/show/372456981?utm_medium=api&utm_source=rss
"Krazy & Ignatz, 1931-1932: A Kat a'Lilt with Song",4,4.64,General Reading,2012,https://www.goodreads.com/review/show/372456957?utm_medium=api&utm_source=rss
"Krazy and Ignatz, 1933-1934: Necromancy by the Blue Bean Bush",4,4.6,General Reading,2012,https://www.goodreads.com/review/show/372456918?utm_medium=api&utm_source=rss
"Krazy and Ignatz, 1937-1938: Shifting Sands Dusts Its Cheeks in Powdered Beauty",4,4.61,General Reading,2012,https://www.goodreads.com/review/show/372456887?utm_medium=api&utm_source=rss
"Krazy and Ignatz, 1919-1921: A Kind, Benevolent, and Amiable Brick",4,4.56,General Reading,2012,https://www.goodreads.com/review/show/372456830?utm_medium=api&utm_source=rss
The Best of Little Nemo in Slumberland,5,4.38,General Reading,2012,https://www.goodreads.com/review/show/372455401?utm_medium=api&utm_source=rss
ANSI Common Lisp,4,4.11,General Reading,2012,https://www.goodreads.com/review/show/372425356?utm_medium=api&utm_source=rss
"Red Mars (Mars Trilogy, #1)",4,3.84,General Reading,2012,https://www.goodreads.com/review/show/372424387?utm_medium=api&utm_source=rss
"Veil: The Secret Wars of the CIA, 1981-87",3,3.59,General Reading,2012,https://www.goodreads.com/review/show/372424096?utm_medium=api&utm_source=rss
The Debian System: Concepts and Techniques,4,3.98,General Reading,2012,https://www.goodreads.com/review/show/372423298?utm_medium=api&utm_source=rss
"Pippi Longstocking (Pippi Långstrump, #1)",3,3.92,General Reading,2012,https://www.goodreads.com/review/show/372422910?utm_medium=api&utm_source=rss
The Fall of the House of Usher,3,3.9,General Reading,2012,https://www.goodreads.com/review/show/372420635?utm_medium=api&utm_source=rss
The Mysterious Stranger,4,4.05,General Reading,2012,https://www.goodreads.com/review/show/372420595?utm_medium=api&utm_source=rss
The Hidden Persuaders,3,3.56,General Reading,2012,https://www.goodreads.com/review/show/372419773?utm_medium=api&utm_source=rss
A Day No Pigs Would Die,3,3.75,General Reading,2012,https://www.goodreads.com/review/show/372419722?utm_medium=api&utm_source=rss
"Free Software, Free Society: Selected Essays",3,4.11,General Reading,2012,https://www.goodreads.com/review/show/372418680?utm_medium=api&utm_source=rss
"Code: And Other Laws of Cyberspace, Version 2.0",5,3.93,General Reading,2012,https://www.goodreads.com/review/show/372418584?utm_medium=api&utm_source=rss
Free Culture: The Nature and Future of Creativity,4,4.1,General Reading,2012,https://www.goodreads.com/review/show/369830824?utm_medium=api&utm_source=rss
The Jungle,3,3.77,General Reading,2012,https://www.goodreads.com/review/show/372418204?utm_medium=api&utm_source=rss
The Grand Inquisitor,4,4.27,General Reading,2012,https://www.goodreads.com/review/show/372417557?utm_medium=api&utm_source=rss
The Wind in the Willows,4,4.02,General Reading,2012,https://www.goodreads.com/review/show/372417341?utm_medium=api&utm_source=rss
"I Know Why the Caged Bird Sings (Maya Angelou's Autobiography, #1)",1,4.3,General Reading,2012,https://www.goodreads.com/review/show/372416023?utm_medium=api&utm_source=rss
All Quiet on the Western Front,4,4.06,General Reading,2012,https://www.goodreads.com/review/show/369890614?utm_medium=api&utm_source=rss
The Forlorn,3,3.52,General Reading,2012,https://www.goodreads.com/review/show/372415371?utm_medium=api&utm_source=rss
"Wizard's Bane (Wiz, #1)",4,3.82,General Reading,2012,https://www.goodreads.com/review/show/372409720?utm_medium=api&utm_source=rss
"The Wizardry Compiled (Wiz, #2)",3,3.9,General Reading,2012,https://www.goodreads.com/review/show/372409714?utm_medium=api&utm_source=rss
The Mysterious Island,3,4.11,General Reading,2012,https://www.goodreads.com/review/show/372402412?utm_medium=api&utm_source=rss
"Paradise (The Divine Comedy, #3)",2,3.93,General Reading,2012,https://www.goodreads.com/review/show/372402187?utm_medium=api&utm_source=rss
"The Divine Comedy of Dante Alighieri, Volume 2: Purgatorio",3,4.01,General Reading,2012,https://www.goodreads.com/review/show/372402121?utm_medium=api&utm_source=rss
Inferno,4,4.03,General Reading,2012,https://www.goodreads.com/review/show/372402065?utm_medium=api&utm_source=rss
The Complete Tales of Uncle Remus,4,4.21,General Reading,2012,https://www.goodreads.com/review/show/372401856?utm_medium=api&utm_source=rss
The World Without Us,4,3.81,General Reading,2012,https://www.goodreads.com/review/show/372401794?utm_medium=api&utm_source=rss
Leaves of Grass,2,3.94,General Reading,2012,https://www.goodreads.com/review/show/372401538?utm_medium=api&utm_source=rss
Peer Gynt,2,3.72,General Reading,2012,https://www.goodreads.com/review/show/372401454?utm_medium=api&utm_source=rss
"Neptune Crossing (Chaos Chronicles, #1)",4,3.56,General Reading,2012,https://www.goodreads.com/review/show/372399392?utm_medium=api&utm_source=rss
Bush at War,4,3.53,General Reading,2012,https://www.goodreads.com/review/show/372392114?utm_medium=api&utm_source=rss
The Age of Turbulence,3,3.64,General Reading,2012,https://www.goodreads.com/review/show/372391936?utm_medium=api&utm_source=rss
Rules for the Direction of the Mind,3,3.72,General Reading,2012,https://www.goodreads.com/review/show/372390947?utm_medium=api&utm_source=rss
Discourse on Method and Meditations on First Philosophy,4,3.78,General Reading,2012,https://www.goodreads.com/review/show/372390869?utm_medium=api&utm_source=rss
On Liberty,4,3.94,General Reading,2012,https://www.goodreads.com/review/show/372389576?utm_medium=api&utm_source=rss
"Charlie and the Great Glass Elevator (Charlie Bucket, #2)",4,3.69,General Reading,2012,https://www.goodreads.com/review/show/372388049?utm_medium=api&utm_source=rss
"The Voyages of Doctor Dolittle (Doctor Dolittle, #2)",3,3.99,General Reading,2012,https://www.goodreads.com/review/show/372386511?utm_medium=api&utm_source=rss
"The Story of Doctor Dolittle (Doctor Dolittle, #1)",4,3.98,General Reading,2012,https://www.goodreads.com/review/show/372386416?utm_medium=api&utm_source=rss
Splendors of Meiji: Treasures of Imperial Japan: Masterpieces from the Khalili Collection,4,3.75,General Reading,2012,https://www.goodreads.com/review/show/372376136?utm_medium=api&utm_source=rss
Scythian Gold,4,4.56,General Reading,2012,https://www.goodreads.com/review/show/372376031?utm_medium=api&utm_source=rss
The Ruling Caste: Imperial Lives in the Victorian Raj,3,3.71,General Reading,2012,https://www.goodreads.com/review/show/372364957?utm_medium=api&utm_source=rss
The Sufi Path of Knowledge: Ibn Al-Arabi's Metaphysics of Imagination,4,4.37,General Reading,2012,https://www.goodreads.com/review/show/372364587?utm_medium=api&utm_source=rss
The Protestant Ethic and the Spirit of Capitalism,4,3.92,General Reading,2012,https://www.goodreads.com/review/show/372364457?utm_medium=api&utm_source=rss
Robot Ghosts and Wired Dreams: Japanese Science Fiction from Origins to Anime,2,3.75,General Reading,2012,https://www.goodreads.com/review/show/372364307?utm_medium=api&utm_source=rss
The Bioethics Reader: Editors' Choice,3,3.0,General Reading,2012,https://www.goodreads.com/review/show/372361235?utm_medium=api&utm_source=rss
IQ and the Wealth of Nations,4,3.62,General Reading,2012,https://www.goodreads.com/review/show/372360424?utm_medium=api&utm_source=rss
Symmetries and Reflections,3,4.25,General Reading,2012,https://www.goodreads.com/review/show/372360269?utm_medium=api&utm_source=rss
"Science and Civilisation in China, Volume 5: Chemistry and Chemical Technology, Part 6: Military Technology: Missiles and Sieges",5,4.56,General Reading,2012,https://www.goodreads.com/review/show/372359834?utm_medium=api&utm_source=rss
"The Double Axe, and Other Poems Including Eleven Suppressed Poems",4,4.29,General Reading,2012,https://www.goodreads.com/review/show/372358482?utm_medium=api&utm_source=rss
Copenhagen,3,3.91,General Reading,2012,https://www.goodreads.com/review/show/372358326?utm_medium=api&utm_source=rss
Children Above 180 IQ Stanford-Binet: Origin And Development,2,3.62,General Reading,2012,https://www.goodreads.com/review/show/372357875?utm_medium=api&utm_source=rss
Six Chapters Of Life In A Cadre School: Memoirs From China's Cultural Revolution,3,3.17,General Reading,2012,https://www.goodreads.com/review/show/372357673?utm_medium=api&utm_source=rss
The Legacy of Parmenides: Eleatic Monism and Later Presocratic Thought,4,4.24,General Reading,2012,https://www.goodreads.com/review/show/370992958?utm_medium=api&utm_source=rss
Manalive (Hilarious Stories),2,4.2,General Reading,2012,https://www.goodreads.com/review/show/372355137?utm_medium=api&utm_source=rss
"Religions, Values, and Peak-Experiences (Compass)",2,4.06,General Reading,2012,https://www.goodreads.com/review/show/372354525?utm_medium=api&utm_source=rss
In the Shadow of No Towers,3,3.67,General Reading,2012,https://www.goodreads.com/review/show/372352041?utm_medium=api&utm_source=rss
Balance of Power: International Politics As the Ultimate Global Game,3,4.06,General Reading,2012,https://www.goodreads.com/review/show/372258479?utm_medium=api&utm_source=rss
"H.P. Lovecraft: Against the World, Against Life",3,3.96,General Reading,2012,https://www.goodreads.com/review/show/372253765?utm_medium=api&utm_source=rss
The Nine: Inside the Secret World of the Supreme Court,3,4.09,General Reading,2012,https://www.goodreads.com/review/show/372250430?utm_medium=api&utm_source=rss
Constantine's Sword: The Church and the Jews,4,4.09,General Reading,2012,https://www.goodreads.com/review/show/372249091?utm_medium=api&utm_source=rss
On Thermonuclear War,4,4.07,General Reading,2012,https://www.goodreads.com/review/show/372247460?utm_medium=api&utm_source=rss
"Bangkok Tattoo (Sonchai Jitpleecheep, #2)",3,3.79,General Reading,2012,https://www.goodreads.com/review/show/372241953?utm_medium=api&utm_source=rss
"Bangkok 8 (Sonchai Jitpleecheep, #1)",3,3.74,General Reading,2012,https://www.goodreads.com/review/show/372241910?utm_medium=api&utm_source=rss
The Art of Doing Science and Engineering: Learning to Learn,2,4.15,General Reading,2012,https://www.goodreads.com/review/show/372239463?utm_medium=api&utm_source=rss
A Journal of the Plague Year,4,3.52,General Reading,2012,https://www.goodreads.com/review/show/372238878?utm_medium=api&utm_source=rss
"This Way for the Gas, Ladies and Gentlemen",4,4.18,General Reading,2012,https://www.goodreads.com/review/show/372228557?utm_medium=api&utm_source=rss
The Captive Mind,3,4.27,General Reading,2012,https://www.goodreads.com/review/show/372226283?utm_medium=api&utm_source=rss
Opening the Xbox: Inside Microsoft's Plan to Unleash an Entertainment Revolution,3,4.08,General Reading,2012,https://www.goodreads.com/review/show/372225147?utm_medium=api&utm_source=rss
Terror and Liberalism,4,3.9,General Reading,2012,https://www.goodreads.com/review/show/372221099?utm_medium=api&utm_source=rss
The Guinea Pig Diaries: My Life as an Experiment,4,3.68,General Reading,2012,https://www.goodreads.com/review/show/372220588?utm_medium=api&utm_source=rss
The Know-It-All,3,3.76,General Reading,2012,https://www.goodreads.com/review/show/372220549?utm_medium=api&utm_source=rss
The Year of Living Biblically: One Man's Humble Quest to Follow the Bible as Literally as Possible,2,3.76,General Reading,2012,https://www.goodreads.com/review/show/372220528?utm_medium=api&utm_source=rss
Secrets of the Samurai: A Survey of the Martial Arts of Feudal Japan,3,3.97,General Reading,2012,https://www.goodreads.com/review/show/372218201?utm_medium=api&utm_source=rss
The New Hacker's Dictionary,4,4.13,General Reading,2012,https://www.goodreads.com/review/show/372217037?utm_medium=api&utm_source=rss
S/Z: An Essay,2,4.01,General Reading,2012,https://www.goodreads.com/review/show/372214513?utm_medium=api&utm_source=rss
Get Your War On,2,4.31,General Reading,2012,https://www.goodreads.com/review/show/372214037?utm_medium=api&utm_source=rss
The Elements of Style,2,4.15,General Reading,2012,https://www.goodreads.com/review/show/372189529?utm_medium=api&utm_source=rss
The Importance of Being Earnest,3,4.17,General Reading,2012,https://www.goodreads.com/review/show/372188108?utm_medium=api&utm_source=rss
The Rime of the Ancient Mariner,4,3.95,General Reading,2012,https://www.goodreads.com/review/show/372186815?utm_medium=api&utm_source=rss
"Going Postal (Discworld, #33; Moist von Lipwig, #1)",3,4.4,General Reading,2012,https://www.goodreads.com/review/show/372186602?utm_medium=api&utm_source=rss
The Story Of Hassan Of Baghdad And How He Came To Make The Golden Journey To Samarkand,4,3.86,General Reading,2012,https://www.goodreads.com/review/show/372185775?utm_medium=api&utm_source=rss
Shadows of the Mind: A Search for the Missing Science of Consciousness,2,3.97,General Reading,2012,https://www.goodreads.com/review/show/372184494?utm_medium=api&utm_source=rss
"The Stainless Steel Rat Saves the World (Stainless Steel Rat, #6)",2,3.95,General Reading,2012,https://www.goodreads.com/review/show/372157324?utm_medium=api&utm_source=rss
Rogue Moon,3,3.53,General Reading,2012,https://www.goodreads.com/review/show/372157088?utm_medium=api&utm_source=rss
"The Hand of Oberon (The Chronicles of Amber, #4)",3,4.21,General Reading,2012,https://www.goodreads.com/review/show/372155511?utm_medium=api&utm_source=rss
"Sign of the Unicorn (The Chronicles of Amber, #3)",3,4.14,General Reading,2012,https://www.goodreads.com/review/show/372155457?utm_medium=api&utm_source=rss
"The Guns of Avalon (The Chronicles of Amber, #2)",3,4.15,General Reading,2012,https://www.goodreads.com/review/show/372155400?utm_medium=api&utm_source=rss
"Nine Princes in Amber (The Chronicles of Amber, #1)",4,4.06,General Reading,2012,https://www.goodreads.com/review/show/372155353?utm_medium=api&utm_source=rss
Joel on Software,3,4.22,General Reading,2012,https://www.goodreads.com/review/show/372154917?utm_medium=api&utm_source=rss
Miyamoto Musashi: His Life and Writings,4,4.41,General Reading,2012,https://www.goodreads.com/review/show/372154842?utm_medium=api&utm_source=rss
The Day of the Jackal,2,4.27,General Reading,2012,https://www.goodreads.com/review/show/372117958?utm_medium=api&utm_source=rss
Manufacturing Consent: The Political Economy of the Mass Media,3,4.24,General Reading,2012,https://www.goodreads.com/review/show/372117577?utm_medium=api&utm_source=rss
The Questions Of King Milinda - Part I,4,3.87,General Reading,2012,https://www.goodreads.com/review/show/371663004?utm_medium=api&utm_source=rss
"The Eyre Affair (Thursday Next, #1)",3,3.89,General Reading,2012,https://www.goodreads.com/review/show/371660558?utm_medium=api&utm_source=rss
"Encyclopedia Brown Gets His Man (Encyclopedia Brown, #4)",3,4.03,General Reading,2012,https://www.goodreads.com/review/show/371660406?utm_medium=api&utm_source=rss
"Encyclopedia Brown Finds the Clues (Encyclopedia Brown, #3)",3,4.02,General Reading,2012,https://www.goodreads.com/review/show/371660379?utm_medium=api&utm_source=rss
"Encyclopedia Brown and the Case of the Secret Pitch (Encyclopedia Brown, #2)",4,4.03,General Reading,2012,https://www.goodreads.com/review/show/371660307?utm_medium=api&utm_source=rss
"Encyclopedia Brown, Boy Detective (Encyclopedia Brown, #1)",4,4.04,General Reading,2012,https://www.goodreads.com/review/show/371660272?utm_medium=api&utm_source=rss
"The Secret Warning (The Hardy Boys, #17)",1,3.82,General Reading,2012,https://www.goodreads.com/review/show/371659199?utm_medium=api&utm_source=rss
Nonzero: The Logic of Human Destiny (Vintage),4,4.0,General Reading,2012,https://www.goodreads.com/review/show/371652568?utm_medium=api&utm_source=rss
"The World, the Flesh & the Devil: An Enquiry into the Future of the Three Enemies of the Rational Soul",4,3.71,General Reading,2012,https://www.goodreads.com/review/show/371650517?utm_medium=api&utm_source=rss
"Deep Trouble (Goosebumps, #19)",3,3.56,General Reading,2012,https://www.goodreads.com/review/show/371648151?utm_medium=api&utm_source=rss
"How I Got My Shrunken Head (Goosebumps, #39)",3,3.56,General Reading,2012,https://www.goodreads.com/review/show/371648106?utm_medium=api&utm_source=rss
"Night of the Living Dummy II (Goosebumps, #31)",2,3.74,General Reading,2012,https://www.goodreads.com/review/show/371648058?utm_medium=api&utm_source=rss
"Ghost Beach  (Goosebumps, #22)",3,3.76,General Reading,2012,https://www.goodreads.com/review/show/371648022?utm_medium=api&utm_source=rss
"The Scarecrow Walks at Midnight (Goosebumps, #20)",1,3.72,General Reading,2012,https://www.goodreads.com/review/show/371647712?utm_medium=api&utm_source=rss
"Let's Get Invisible! (Goosebumps, #6)",1,3.58,General Reading,2012,https://www.goodreads.com/review/show/371647698?utm_medium=api&utm_source=rss
"Be Careful What You Wish For... (Goosebumps, #12)",3,3.68,General Reading,2012,https://www.goodreads.com/review/show/371647648?utm_medium=api&utm_source=rss
"The Curse of the Mummy's Tomb (Goosebumps, #5)",1,3.68,General Reading,2012,https://www.goodreads.com/review/show/371647611?utm_medium=api&utm_source=rss
"The Werewolf of Fever Swamp (Goosebumps, #14)",1,3.85,General Reading,2012,https://www.goodreads.com/review/show/371647591?utm_medium=api&utm_source=rss
"Welcome to Camp Nightmare  (Goosebumps, #9)",3,3.8,General Reading,2012,https://www.goodreads.com/review/show/371647570?utm_medium=api&utm_source=rss
"One Day at Horrorland (Goosebumps, #16)",2,3.93,General Reading,2012,https://www.goodreads.com/review/show/371647534?utm_medium=api&utm_source=rss
"Stay Out of the Basement  (Goosebumps, #2)",1,3.72,General Reading,2012,https://www.goodreads.com/review/show/371647512?utm_medium=api&utm_source=rss
"The Haunted Mask (Goosebumps, #11)",2,3.89,General Reading,2012,https://www.goodreads.com/review/show/371647478?utm_medium=api&utm_source=rss
"Say Cheese and Die! (Goosebumps, #4)",4,3.81,General Reading,2012,https://www.goodreads.com/review/show/371647407?utm_medium=api&utm_source=rss
"Night of the Living Dummy (Goosebumps, #7)",4,3.86,General Reading,2012,https://www.goodreads.com/review/show/371647268?utm_medium=api&utm_source=rss
"Blue Wizard Is About to Die: Prose, Poems, and Emoto-Versatronic Expressionist Pieces About Video Games 1980-2003",3,3.35,General Reading,2012,https://www.goodreads.com/review/show/371631952?utm_medium=api&utm_source=rss
Masters of Doom: How Two Guys Created an Empire and Transformed Pop Culture,4,4.28,General Reading,2012,https://www.goodreads.com/review/show/371630497?utm_medium=api&utm_source=rss
Fashionable Nonsense: Postmodern Intellectuals' Abuse of Science,4,3.87,General Reading,2012,https://www.goodreads.com/review/show/371605383?utm_medium=api&utm_source=rss
The Red Castle,4,4.0,General Reading,2012,https://www.goodreads.com/review/show/371481023?utm_medium=api&utm_source=rss
Me Talk Pretty One Day,3,4.01,General Reading,2012,https://www.goodreads.com/review/show/371480055?utm_medium=api&utm_source=rss
Extremely Loud & Incredibly Close,3,3.98,General Reading,2012,https://www.goodreads.com/review/show/371478882?utm_medium=api&utm_source=rss
Stuart Little,4,3.9,General Reading,2012,https://www.goodreads.com/review/show/371478620?utm_medium=api&utm_source=rss
"Serpent Mage (The Death Gate Cycle, #4)",2,4.09,General Reading,2012,https://www.goodreads.com/review/show/371478379?utm_medium=api&utm_source=rss
"Fire Sea (The Death Gate Cycle, #3)",3,4.08,General Reading,2012,https://www.goodreads.com/review/show/371478002?utm_medium=api&utm_source=rss
"Elven Star (The Death Gate Cycle, #2)",2,3.99,General Reading,2012,https://www.goodreads.com/review/show/371477966?utm_medium=api&utm_source=rss
"Dragon Wing (The Death Gate Cycle, #1)",3,3.97,General Reading,2012,https://www.goodreads.com/review/show/371477954?utm_medium=api&utm_source=rss
The Alien IQ Test,2,3.57,General Reading,2012,https://www.goodreads.com/review/show/371391179?utm_medium=api&utm_source=rss
Surfing through Hyperspace: Understanding Higher Universes in Six Easy Lessons,3,3.67,General Reading,2012,https://www.goodreads.com/review/show/371391101?utm_medium=api&utm_source=rss
Sushi Never Sleeps,3,3.3,General Reading,2012,https://www.goodreads.com/review/show/371391018?utm_medium=api&utm_source=rss
"The Simpsons and Philosophy: The D'oh! of Homer (Popular Culture and Philosophy, 2)",4,3.51,General Reading,2012,https://www.goodreads.com/review/show/371381446?utm_medium=api&utm_source=rss
"Bloodtaking and Peacemaking: Feud, Law, and Society in Saga Iceland",4,4.23,General Reading,2012,https://www.goodreads.com/review/show/371381072?utm_medium=api&utm_source=rss
E-Prime,3,4.0,General Reading,2012,https://www.goodreads.com/review/show/371380212?utm_medium=api&utm_source=rss
To Be or Not: An E-Prime Anthology,2,3.85,General Reading,2012,https://www.goodreads.com/review/show/371380187?utm_medium=api&utm_source=rss
The Empire of the Steppes: A History of Central Asia,4,4.07,General Reading,2012,https://www.goodreads.com/review/show/371342300?utm_medium=api&utm_source=rss
The Old Man and the Sea,3,3.82,General Reading,2012,https://www.goodreads.com/review/show/371320789?utm_medium=api&utm_source=rss
The Man in the Iron Mask (Le vicomte de Bragelonne #4/4),4,4.0,General Reading,2012,https://www.goodreads.com/review/show/371320792?utm_medium=api&utm_source=rss
Japanese Court Poetry (Stanford Studies in the Civilizatons of Eastern Asia),4,4.29,General Reading,2012,https://www.goodreads.com/review/show/371034078?utm_medium=api&utm_source=rss
"The Great Wave: Gilded Age Misfits, Japanese Eccentrics, and the Opening of Old Japan",2,3.74,General Reading,2012,https://www.goodreads.com/review/show/371025141?utm_medium=api&utm_source=rss
The Great Wave: Price Revolutions and the Rhythm of History,4,4.12,General Reading,2012,https://www.goodreads.com/review/show/371025087?utm_medium=api&utm_source=rss
Like Froth Floating on the Sea: The World of Pirates and Seafarers in Late Imperial South China (China Research Monograph),3,3.68,General Reading,2012,https://www.goodreads.com/review/show/371024036?utm_medium=api&utm_source=rss
Once and Forever: The Tales of Kenji Miyazawa,4,3.98,General Reading,2012,https://www.goodreads.com/review/show/371022385?utm_medium=api&utm_source=rss
War Against the Weak: Eugenics and America's Campaign to Create a Master Race,4,4.18,General Reading,2012,https://www.goodreads.com/review/show/371016093?utm_medium=api&utm_source=rss
The Politics of Heroin: CIA Complicity in the Global Drug Trade,5,4.39,General Reading,2012,https://www.goodreads.com/review/show/371006279?utm_medium=api&utm_source=rss
Neon Genesis Evangelion: The Unofficial Guide (Mysteries and Secrets Revealed!),1,3.04,General Reading,2012,https://www.goodreads.com/review/show/370996611?utm_medium=api&utm_source=rss
Mechademia 3: Limits of the Human,3,3.9,General Reading,2012,https://www.goodreads.com/review/show/370996304?utm_medium=api&utm_source=rss
Mechademia 1: Emerging Worlds of Anime and Manga,3,3.73,General Reading,2012,https://www.goodreads.com/review/show/370996275?utm_medium=api&utm_source=rss
Mechademia 2: Networks of Desire,3,3.81,General Reading,2012,https://www.goodreads.com/review/show/370996173?utm_medium=api&utm_source=rss
The Anime Encyclopedia: A Guide to Japanese Animation since 1917,4,3.89,General Reading,2012,https://www.goodreads.com/review/show/370995452?utm_medium=api&utm_source=rss
Monkey: The Journey to the West,4,4.06,General Reading,2012,https://www.goodreads.com/review/show/370994738?utm_medium=api&utm_source=rss
Indian Philosophy: An Introduction to Hindu and Buddhist Thought,4,3.8,General Reading,2012,https://www.goodreads.com/review/show/370993735?utm_medium=api&utm_source=rss
Philosophy of Mind,4,4.0,General Reading,2012,https://www.goodreads.com/review/show/370993165?utm_medium=api&utm_source=rss
A Presocratics Reader,5,3.86,General Reading,2012,https://www.goodreads.com/review/show/370992810?utm_medium=api&utm_source=rss
"The Medici Bank: Its Organization, Management, Operations, and Decline",4,4.22,General Reading,2012,https://www.goodreads.com/review/show/370992018?utm_medium=api&utm_source=rss
"Conversations with Shotetsu (Shotetsu Monogatari) (Michigan Monograph Series in Japanese Studies, Number 7)",3,3.75,General Reading,2012,https://www.goodreads.com/review/show/370990600?utm_medium=api&utm_source=rss
Hamlet's Mill: An Essay Investigating the Origins of Human Knowledge and Its Transmission Through Myth,3,4.22,General Reading,2012,https://www.goodreads.com/review/show/370990374?utm_medium=api&utm_source=rss
Haskell: The Craft of Functional Programming,4,3.51,General Reading,2012,https://www.goodreads.com/review/show/370990101?utm_medium=api&utm_source=rss
The Cambridge Handbook of Expertise and Expert Performance (Cambridge Handbooks in Psychology),4,4.28,General Reading,2012,https://www.goodreads.com/review/show/370988128?utm_medium=api&utm_source=rss
"Eaten Alive (Star Wars: Galaxy of Fear, #1)",3,3.72,General Reading,2012,https://www.goodreads.com/review/show/370986431?utm_medium=api&utm_source=rss
"Planet Plague (Star Wars: Galaxy of Fear, #3)",1,3.43,General Reading,2012,https://www.goodreads.com/review/show/370986343?utm_medium=api&utm_source=rss
"City of the Dead (Star Wars: Galaxy of Fear, #2)",2,3.53,General Reading,2012,https://www.goodreads.com/review/show/370986280?utm_medium=api&utm_source=rss
Star Wars: The Annotated Screenplays,4,4.3,General Reading,2012,https://www.goodreads.com/review/show/370985091?utm_medium=api&utm_source=rss
Star Wars: The New Rebellion,2,3.47,General Reading,2012,https://www.goodreads.com/review/show/370984448?utm_medium=api&utm_source=rss
"Star Wars: Planet of Twilight (The Callista Trilogy, #3)",3,3.04,General Reading,2012,https://www.goodreads.com/review/show/370983390?utm_medium=api&utm_source=rss
"Star Wars: Boba Fett - Death, Lies, & Treachery",3,3.62,General Reading,2012,https://www.goodreads.com/review/show/370981783?utm_medium=api&utm_source=rss
Star Wars: The Essential Guide to Weapons and Technology,2,3.94,General Reading,2012,https://www.goodreads.com/review/show/370981450?utm_medium=api&utm_source=rss
Star Wars: Crimson Empire II - Council of Blood,3,3.58,General Reading,2012,https://www.goodreads.com/review/show/370981328?utm_medium=api&utm_source=rss
A Guide to the Star Wars Universe,2,3.95,General Reading,2012,https://www.goodreads.com/review/show/370980396?utm_medium=api&utm_source=rss
"Star Wars Omnibus: Tales of the Jedi, Volume 1",3,3.74,General Reading,2012,https://www.goodreads.com/review/show/370980068?utm_medium=api&utm_source=rss
The Glove of Darth Vader (Star Wars: Jedi Prince #1),1,2.78,General Reading,2012,https://www.goodreads.com/review/show/370980030?utm_medium=api&utm_source=rss
The Lost City of the Jedi (Star Wars: Jedi Prince #2),1,3.2,General Reading,2012,https://www.goodreads.com/review/show/370979978?utm_medium=api&utm_source=rss
Star Wars: The Essential Guide to Characters,4,3.99,General Reading,2012,https://www.goodreads.com/review/show/370979864?utm_medium=api&utm_source=rss
Star Wars: Crimson Empire,4,3.95,General Reading,2012,https://www.goodreads.com/review/show/370979780?utm_medium=api&utm_source=rss
Star Wars: Mara Jade - By the Emperor's Hand,2,3.92,General Reading,2012,https://www.goodreads.com/review/show/370979355?utm_medium=api&utm_source=rss
Dark Empire II,3,3.38,General Reading,2012,https://www.goodreads.com/review/show/370979155?utm_medium=api&utm_source=rss
Star Wars: Dark Empire I,3,3.64,General Reading,2012,https://www.goodreads.com/review/show/370979013?utm_medium=api&utm_source=rss
"Crisis at Crystal Reef (Star Wars: Young Jedi Knights, #14)",1,3.55,General Reading,2012,https://www.goodreads.com/review/show/370978932?utm_medium=api&utm_source=rss
"Trouble on Cloud City (Star Wars: Young Jedi Knights, #13)",1,3.57,General Reading,2012,https://www.goodreads.com/review/show/370978905?utm_medium=api&utm_source=rss
"Delusions of Grandeur (Star Wars: Young Jedi Knights, #9)",3,3.56,General Reading,2012,https://www.goodreads.com/review/show/370978801?utm_medium=api&utm_source=rss
The Lando Calrissian Adventures (Star Wars: The Lando Calrissian Adventures #1-3),2,3.39,General Reading,2012,https://www.goodreads.com/review/show/370978774?utm_medium=api&utm_source=rss
"The Emperor's Plague (Star Wars: Young Jedi Knights, #11)",1,3.67,General Reading,2012,https://www.goodreads.com/review/show/370978714?utm_medium=api&utm_source=rss
"Shards of Alderaan (Star Wars: Young Jedi Knights, #7)",1,3.57,General Reading,2012,https://www.goodreads.com/review/show/370978620?utm_medium=api&utm_source=rss
"Darkest Knight (Star Wars: Young Jedi Knights, #5)",3,3.61,General Reading,2012,https://www.goodreads.com/review/show/370978592?utm_medium=api&utm_source=rss
The Han Solo Adventures (Classic Star Wars),4,3.77,General Reading,2012,https://www.goodreads.com/review/show/370978552?utm_medium=api&utm_source=rss
"The Lost Ones (Star Wars: Young Jedi Knights, #3)",3,3.55,General Reading,2012,https://www.goodreads.com/review/show/370978476?utm_medium=api&utm_source=rss
"Lightsabers (Star Wars: Young Jedi Knights, #4)",3,3.76,General Reading,2012,https://www.goodreads.com/review/show/370978463?utm_medium=api&utm_source=rss
"Shadow Academy (Star Wars: Young Jedi Knights, #2)",2,3.63,General Reading,2012,https://www.goodreads.com/review/show/370978388?utm_medium=api&utm_source=rss
"Star Wars: Hard Merchandise (The Bounty Hunter Wars, #3)",2,3.64,General Reading,2012,https://www.goodreads.com/review/show/370977706?utm_medium=api&utm_source=rss
"Starfighters of Adumar (Star Wars: X-Wing, #9)",3,4.03,General Reading,2012,https://www.goodreads.com/review/show/370977461?utm_medium=api&utm_source=rss
"Star Wars: Tyrant's Test (The Black Fleet Crisis, #3)",3,3.42,General Reading,2012,https://www.goodreads.com/review/show/370977412?utm_medium=api&utm_source=rss
"Isard's Revenge (Star Wars: X-Wing, #8)",2,3.96,General Reading,2012,https://www.goodreads.com/review/show/370977411?utm_medium=api&utm_source=rss
"Star Wars: Shield of Lies (The Black Fleet Crisis, #2)",3,3.41,General Reading,2012,https://www.goodreads.com/review/show/370977359?utm_medium=api&utm_source=rss
"Solo Command (Star Wars: X-Wing, #7)",2,4.06,General Reading,2012,https://www.goodreads.com/review/show/370977292?utm_medium=api&utm_source=rss
Star Wars: Splinter of the Mind's Eye,2,3.29,General Reading,2012,https://www.goodreads.com/review/show/370977094?utm_medium=api&utm_source=rss
"Iron Fist (Star Wars: X-Wing, #6)",4,4.06,General Reading,2012,https://www.goodreads.com/review/show/370977031?utm_medium=api&utm_source=rss
"Wraith Squadron (Star Wars: X-Wing, #5)",3,4.13,General Reading,2012,https://www.goodreads.com/review/show/370976932?utm_medium=api&utm_source=rss
"Star Wars: Rebel Dawn (The Han Solo Trilogy, #3)",2,3.94,General Reading,2012,https://www.goodreads.com/review/show/370976841?utm_medium=api&utm_source=rss
"Star Wars: The Hutt Gambit (The Han Solo Trilogy, #2)",3,3.9,General Reading,2012,https://www.goodreads.com/review/show/370976818?utm_medium=api&utm_source=rss
"Assault at Selonia (The Corellian Trilogy, #2)",2,3.56,General Reading,2012,https://www.goodreads.com/review/show/370976766?utm_medium=api&utm_source=rss
"Star Wars: Showdown at Centerpoint (The Corellian Trilogy, #3)",1,3.6,General Reading,2012,https://www.goodreads.com/review/show/370976734?utm_medium=api&utm_source=rss
The Crystal Star (Star Wars),2,3.1,General Reading,2012,https://www.goodreads.com/review/show/370976696?utm_medium=api&utm_source=rss
"The Bacta War (Star Wars: X-Wing, #4)",4,4.05,General Reading,2012,https://www.goodreads.com/review/show/370976657?utm_medium=api&utm_source=rss
"The Krytos Trap (Star Wars: X-Wing, #3)",2,3.99,General Reading,2012,https://www.goodreads.com/review/show/370976622?utm_medium=api&utm_source=rss
"Star Wars: The Paradise Snare (The Han Solo Trilogy, #1)",3,3.9,General Reading,2012,https://www.goodreads.com/review/show/370976478?utm_medium=api&utm_source=rss
"Wedge's Gamble (Star Wars: X-Wing, #2)",3,3.98,General Reading,2012,https://www.goodreads.com/review/show/370976329?utm_medium=api&utm_source=rss
"Star Wars: I, Jedi",4,3.98,General Reading,2012,https://www.goodreads.com/review/show/370975585?utm_medium=api&utm_source=rss
"Rogue Squadron (Star Wars: X-Wing, #1)",3,4.05,General Reading,2012,https://www.goodreads.com/review/show/370975540?utm_medium=api&utm_source=rss
The Truce at Bakura (Star Wars),4,3.47,General Reading,2012,https://www.goodreads.com/review/show/370975495?utm_medium=api&utm_source=rss
"Star Wars: Vision of the Future (The Hand of Thrawn Duology, #2)",2,4.1,General Reading,2012,https://www.goodreads.com/review/show/370975457?utm_medium=api&utm_source=rss
Star Wars: Shadows of the Empire,4,3.84,General Reading,2012,https://www.goodreads.com/review/show/370975417?utm_medium=api&utm_source=rss
The Courtship of Princess Leia (Star Wars),4,3.62,General Reading,2012,https://www.goodreads.com/review/show/370975399?utm_medium=api&utm_source=rss
"Star Wars: Specter of the Past (The Hand of Thrawn Duology, #1)",3,4.02,General Reading,2012,https://www.goodreads.com/review/show/370975367?utm_medium=api&utm_source=rss
"Vector Prime (Star Wars: The New Jedi Order, #1)",2,3.84,General Reading,2012,https://www.goodreads.com/review/show/370975323?utm_medium=api&utm_source=rss
"Star Wars: The Last Command (The Thrawn Trilogy, #3)",4,4.27,General Reading,2012,https://www.goodreads.com/review/show/370975252?utm_medium=api&utm_source=rss
"Star Wars: Dark Force Rising (The Thrawn Trilogy, #2)",3,4.19,General Reading,2012,https://www.goodreads.com/review/show/370975143?utm_medium=api&utm_source=rss
"Heir to the Empire (Star Wars: The Thrawn Trilogy, #1)",4,4.13,General Reading,2012,https://www.goodreads.com/review/show/370975130?utm_medium=api&utm_source=rss
The Secret History of Star Wars,5,3.86,General Reading,2012,https://www.goodreads.com/review/show/370974132?utm_medium=api&utm_source=rss
"The Phoenix Exultant (Golden Age, #2)",4,4.13,General Reading,2012,https://www.goodreads.com/review/show/370953292?utm_medium=api&utm_source=rss
"The Golden Transcendence (Golden Age, #3)",3,4.16,General Reading,2012,https://www.goodreads.com/review/show/370953126?utm_medium=api&utm_source=rss
"The Golden Age (Golden Age, #1)",5,4.08,General Reading,2012,https://www.goodreads.com/review/show/370953034?utm_medium=api&utm_source=rss
"Orphans of Chaos (Chronicles of Chaos, #1)",3,3.61,General Reading,2012,https://www.goodreads.com/review/show/370952992?utm_medium=api&utm_source=rss
"Kabbalah and Criticism (Continuum Impacts, 33)",3,3.77,General Reading,2012,https://www.goodreads.com/review/show/370949544?utm_medium=api&utm_source=rss
Genius: A Mosaic of One Hundred Exemplary Creative Minds,4,3.94,General Reading,2012,https://www.goodreads.com/review/show/370948489?utm_medium=api&utm_source=rss
How to Read and Why,2,3.63,General Reading,2012,https://www.goodreads.com/review/show/370948429?utm_medium=api&utm_source=rss
Disclosure,4,3.8,General Reading,2012,https://www.goodreads.com/review/show/370941833?utm_medium=api&utm_source=rss
"Legacy (The Way, #3)",3,3.78,General Reading,2012,https://www.goodreads.com/review/show/370941711?utm_medium=api&utm_source=rss
"Eternity (The Way, #2)",3,3.9,General Reading,2012,https://www.goodreads.com/review/show/370941690?utm_medium=api&utm_source=rss
"Cities in Flight (Cities in Flight, #1-4)",4,3.95,General Reading,2012,https://www.goodreads.com/review/show/370941579?utm_medium=api&utm_source=rss
"Eon (The Way, #1)",4,3.89,General Reading,2012,https://www.goodreads.com/review/show/370940201?utm_medium=api&utm_source=rss
The Club of Queer Trades,3,3.9,General Reading,2012,https://www.goodreads.com/review/show/370938743?utm_medium=api&utm_source=rss
The Napoleon of Notting Hill,5,3.88,General Reading,2012,https://www.goodreads.com/review/show/370938635?utm_medium=api&utm_source=rss
The Man Who Was Thursday: A Nightmare,4,3.85,General Reading,2012,https://www.goodreads.com/review/show/370938500?utm_medium=api&utm_source=rss
Rikki-Tikki-Tavi,4,3.91,General Reading,2012,https://www.goodreads.com/review/show/370937847?utm_medium=api&utm_source=rss
"The Jungle Book (Jungle Book, #1)",4,3.93,General Reading,2012,https://www.goodreads.com/review/show/370937617?utm_medium=api&utm_source=rss
Man into Superman: The Startling Potential of Human Evolution -- And How To Be Part of It,4,3.9,General Reading,2012,https://www.goodreads.com/review/show/370927350?utm_medium=api&utm_source=rss
Cosmopolis,4,3.28,General Reading,2012,https://www.goodreads.com/review/show/370918203?utm_medium=api&utm_source=rss
White Noise,2,3.86,General Reading,2012,https://www.goodreads.com/review/show/370917910?utm_medium=api&utm_source=rss
Breakdown of Will,4,4.23,General Reading,2012,https://www.goodreads.com/review/show/370916736?utm_medium=api&utm_source=rss
Listening to Prozac,2,3.7,General Reading,2012,https://www.goodreads.com/review/show/370916327?utm_medium=api&utm_source=rss
Wikinomics: How Mass Collaboration Changes Everything,2,3.74,General Reading,2012,https://www.goodreads.com/review/show/370902281?utm_medium=api&utm_source=rss
The Decline and Fall of the Roman Empire,4,3.98,General Reading,2012,https://www.goodreads.com/review/show/370902097?utm_medium=api&utm_source=rss
The Underground History of American Education: An Intimate Investigation Into the Prison of Modern Schooling,4,4.32,General Reading,2012,https://www.goodreads.com/review/show/370900817?utm_medium=api&utm_source=rss
The Immortal Life of Henrietta Lacks,3,4.12,General Reading,2012,https://www.goodreads.com/review/show/370897993?utm_medium=api&utm_source=rss
Finite and Infinite Games: A Vision of Life as Play and Possibility,4,3.7,General Reading,2012,https://www.goodreads.com/review/show/370897362?utm_medium=api&utm_source=rss
The Dhammapada,5,4.26,General Reading,2012,https://www.goodreads.com/review/show/370896981?utm_medium=api&utm_source=rss
"Zen Mind, Beginner's Mind: Informal Talks on Zen Meditation and Practice",3,4.21,General Reading,2012,https://www.goodreads.com/review/show/370896830?utm_medium=api&utm_source=rss
Labyrinths: Selected Stories & Other Writings,5,4.47,General Reading,2012,https://www.goodreads.com/review/show/370896419?utm_medium=api&utm_source=rss
Climbing Mount Improbable,3,4.12,General Reading,2012,https://www.goodreads.com/review/show/370745015?utm_medium=api&utm_source=rss
The Magus,4,4.08,General Reading,2012,https://www.goodreads.com/review/show/370743333?utm_medium=api&utm_source=rss
And Then There Were None,4,4.27,General Reading,2012,https://www.goodreads.com/review/show/370730554?utm_medium=api&utm_source=rss
A Scanner Darkly,4,4.03,General Reading,2012,https://www.goodreads.com/review/show/370730227?utm_medium=api&utm_source=rss
The Quark and the Jaguar: Adventures in the Simple and the Complex,3,3.86,General Reading,2012,https://www.goodreads.com/review/show/370727163?utm_medium=api&utm_source=rss
Hagakure: The Book of the Samurai,4,4.06,General Reading,2012,https://www.goodreads.com/review/show/370724903?utm_medium=api&utm_source=rss
Korean Etiquette and Ethics in Business,3,3.0,General Reading,2012,https://www.goodreads.com/review/show/370664775?utm_medium=api&utm_source=rss
The Achievement Gap (Opposing Viewpoints),2,2.57,General Reading,2012,https://www.goodreads.com/review/show/370664625?utm_medium=api&utm_source=rss
The New Politics of Old Age Policy,2,3.22,General Reading,2012,https://www.goodreads.com/review/show/370664364?utm_medium=api&utm_source=rss
Reading in the Brain: The Science and Evolution of a Human Invention,4,4.04,General Reading,2012,https://www.goodreads.com/review/show/370664179?utm_medium=api&utm_source=rss
"The Mouse That Roared (The Mouse That Roared, #1)",3,4.02,General Reading,2012,https://www.goodreads.com/review/show/370664075?utm_medium=api&utm_source=rss
Ten Thousand Sorrows : The Extraordinary Journey of a Korean War Orphan,3,3.89,General Reading,2012,https://www.goodreads.com/review/show/370663942?utm_medium=api&utm_source=rss
The Book of Dead Birds,2,3.75,General Reading,2012,https://www.goodreads.com/review/show/370663820?utm_medium=api&utm_source=rss
New Urban Immigrants: The Korean Community in New York (Princeton Legacy Library),4,3.0,General Reading,2012,https://www.goodreads.com/review/show/370663449?utm_medium=api&utm_source=rss
Culture and Customs of Korea,4,3.17,General Reading,2012,https://www.goodreads.com/review/show/370663311?utm_medium=api&utm_source=rss
Protracted Game: A Wei-Ch'I Interpretation of Maoist Revolutionary Strategy,5,4.15,General Reading,2012,https://www.goodreads.com/review/show/370663180?utm_medium=api&utm_source=rss
Mijeong,2,2.81,General Reading,2012,https://www.goodreads.com/review/show/370663025?utm_medium=api&utm_source=rss
In Full Bloom,1,3.01,General Reading,2012,https://www.goodreads.com/review/show/370662882?utm_medium=api&utm_source=rss
Snakepit,3,3.27,General Reading,2012,https://www.goodreads.com/review/show/370662563?utm_medium=api&utm_source=rss
A Pale View of Hills,2,3.82,General Reading,2012,https://www.goodreads.com/review/show/370662104?utm_medium=api&utm_source=rss
The Foreign Student,3,3.4,General Reading,2012,https://www.goodreads.com/review/show/370661759?utm_medium=api&utm_source=rss
When We Were Orphans,4,3.53,General Reading,2012,https://www.goodreads.com/review/show/370661589?utm_medium=api&utm_source=rss
Kal Flight 007: The Hidden Story,3,2.5,General Reading,2012,https://www.goodreads.com/review/show/370660705?utm_medium=api&utm_source=rss
Lost in the Meritocracy: The Undereducation of an Overachiever,2,3.17,General Reading,2012,https://www.goodreads.com/review/show/370660553?utm_medium=api&utm_source=rss
Words of Farewell: Stories by Korean Women Writers (Women in Translation),2,4.04,General Reading,2012,https://www.goodreads.com/review/show/370660405?utm_medium=api&utm_source=rss
Modern Korean Fiction: An Anthology,3,4.15,General Reading,2012,https://www.goodreads.com/review/show/370658347?utm_medium=api&utm_source=rss
The Hidden People of North Korea: Everyday Life in the Hermit Kingdom,3,3.58,General Reading,2012,https://www.goodreads.com/review/show/370657233?utm_medium=api&utm_source=rss
Gang Leader for a Day: A Rogue Sociologist Takes to the Streets,3,4.05,General Reading,2012,https://www.goodreads.com/review/show/370656984?utm_medium=api&utm_source=rss
"The End (A Series of Unfortunate Events, #13)",1,4.04,General Reading,2012,https://www.goodreads.com/review/show/370655915?utm_medium=api&utm_source=rss
"The Penultimate Peril (A Series of Unfortunate Events, #12)",3,4.09,General Reading,2012,https://www.goodreads.com/review/show/370655896?utm_medium=api&utm_source=rss
"The Grim Grotto (A Series of Unfortunate Events, #11)",3,4.03,General Reading,2012,https://www.goodreads.com/review/show/370655877?utm_medium=api&utm_source=rss
"The Slippery Slope (A Series of Unfortunate Events, #10)",3,4.05,General Reading,2012,https://www.goodreads.com/review/show/370655770?utm_medium=api&utm_source=rss
"The Carnivorous Carnival (A Series of Unfortunate Events, #9)",2,4.01,General Reading,2012,https://www.goodreads.com/review/show/370655754?utm_medium=api&utm_source=rss
"The Hostile Hospital (A Series of Unfortunate Events, #8)",2,4.0,General Reading,2012,https://www.goodreads.com/review/show/370655735?utm_medium=api&utm_source=rss
"The Vile Village (A Series of Unfortunate Events, #7)",2,3.98,General Reading,2012,https://www.goodreads.com/review/show/370655711?utm_medium=api&utm_source=rss
"The Ersatz Elevator (A Series of Unfortunate Events, #6)",3,4.06,General Reading,2012,https://www.goodreads.com/review/show/370655695?utm_medium=api&utm_source=rss
"The Austere Academy (A Series of Unfortunate Events, #5)",3,4.02,General Reading,2012,https://www.goodreads.com/review/show/370655647?utm_medium=api&utm_source=rss
"The Miserable Mill (A Series of Unfortunate Events, #4)",2,3.87,General Reading,2012,https://www.goodreads.com/review/show/370655634?utm_medium=api&utm_source=rss
"The Wide Window (A Series of Unfortunate Events, #3)",3,3.96,General Reading,2012,https://www.goodreads.com/review/show/370655621?utm_medium=api&utm_source=rss
"The Reptile Room (A Series of Unfortunate Events, #2)",4,4.03,General Reading,2012,https://www.goodreads.com/review/show/370655611?utm_medium=api&utm_source=rss
"The Bad Beginning (A Series of Unfortunate Events, #1)",4,4.03,General Reading,2012,https://www.goodreads.com/review/show/370655574?utm_medium=api&utm_source=rss
Market Forces,3,3.6,General Reading,2012,https://www.goodreads.com/review/show/370655194?utm_medium=api&utm_source=rss
The Constant Gardener,3,3.83,General Reading,2012,https://www.goodreads.com/review/show/370654846?utm_medium=api&utm_source=rss
Split Heirs,3,3.58,General Reading,2012,https://www.goodreads.com/review/show/370654317?utm_medium=api&utm_source=rss
"Furious Gulf (Galactic Center, #5)",3,3.75,General Reading,2012,https://www.goodreads.com/review/show/370641200?utm_medium=api&utm_source=rss
"Tides of Light (Galactic Center, #4)",3,3.84,General Reading,2012,https://www.goodreads.com/review/show/370640843?utm_medium=api&utm_source=rss
"Across the Sea of Suns (Galactic Center, #2)",4,3.76,General Reading,2012,https://www.goodreads.com/review/show/370640795?utm_medium=api&utm_source=rss
"Great Sky River (Galactic Center, #3)",3,3.89,General Reading,2012,https://www.goodreads.com/review/show/370640762?utm_medium=api&utm_source=rss
"Foundation's Fear (Second Foundation Trilogy, #1)",3,3.87,General Reading,2012,https://www.goodreads.com/review/show/370640592?utm_medium=api&utm_source=rss
Timescape,4,3.74,General Reading,2012,https://www.goodreads.com/review/show/370640536?utm_medium=api&utm_source=rss
Karl Marx: A Reader,3,3.09,General Reading,2012,https://www.goodreads.com/review/show/370639581?utm_medium=api&utm_source=rss
The Known World,4,3.83,General Reading,2012,https://www.goodreads.com/review/show/370635919?utm_medium=api&utm_source=rss
The Last Ringbearer,4,3.51,General Reading,2012,https://www.goodreads.com/review/show/370635327?utm_medium=api&utm_source=rss
The Last Lecture,3,4.25,General Reading,2012,https://www.goodreads.com/review/show/370635143?utm_medium=api&utm_source=rss
Socialism: An Economic and Sociological Analysis,2,4.32,General Reading,2012,https://www.goodreads.com/review/show/370634752?utm_medium=api&utm_source=rss
Edison's Conquest of Mars,3,2.78,General Reading,2012,https://www.goodreads.com/review/show/370634015?utm_medium=api&utm_source=rss
1001 Things Everyone Should Know About Science,3,3.7,General Reading,2012,https://www.goodreads.com/review/show/370633745?utm_medium=api&utm_source=rss
Deep Time: How Humanity Communicates Across Millennia,4,3.7,General Reading,2012,https://www.goodreads.com/review/show/370633250?utm_medium=api&utm_source=rss
"Exit, Voice, and Loyalty: Responses to Decline in Firms, Organizations, and States",4,4.12,General Reading,2012,https://www.goodreads.com/review/show/370632405?utm_medium=api&utm_source=rss
"The Amber Spyglass (His Dark Materials, #3)",4,4.11,General Reading,2012,https://www.goodreads.com/review/show/370630965?utm_medium=api&utm_source=rss
"The Subtle Knife (His Dark Materials, #2)",3,4.12,General Reading,2012,https://www.goodreads.com/review/show/369823313?utm_medium=api&utm_source=rss
"The Golden Compass (His Dark Materials, #1)",4,4.02,General Reading,2012,https://www.goodreads.com/review/show/370630936?utm_medium=api&utm_source=rss
The Westing Game,5,3.99,General Reading,2012,https://www.goodreads.com/review/show/370630335?utm_medium=api&utm_source=rss
Matilda,5,4.33,General Reading,2012,https://www.goodreads.com/review/show/370629997?utm_medium=api&utm_source=rss
Where the Wild Things Are,4,4.25,General Reading,2012,https://www.goodreads.com/review/show/370629874?utm_medium=api&utm_source=rss
The True Story of the 3 Little Pigs,3,4.32,General Reading,2012,https://www.goodreads.com/review/show/370629717?utm_medium=api&utm_source=rss
"Eat Pray Love: One Woman's Search for Everything Across Italy, India and Indonesia",2,3.56,General Reading,2012,https://www.goodreads.com/review/show/370629591?utm_medium=api&utm_source=rss
Strega Nona: An Original Tale,5,4.42,General Reading,2012,https://www.goodreads.com/review/show/370629475?utm_medium=api&utm_source=rss
The Velveteen Rabbit,5,4.42,General Reading,2012,https://www.goodreads.com/review/show/370629230?utm_medium=api&utm_source=rss
The BFG,3,4.23,General Reading,2012,https://www.goodreads.com/review/show/370629132?utm_medium=api&utm_source=rss
"Holes (Holes, #1)",3,4.01,General Reading,2012,https://www.goodreads.com/review/show/370629039?utm_medium=api&utm_source=rss
The Witch of Blackbird Pond,3,4.01,General Reading,2012,https://www.goodreads.com/review/show/370629025?utm_medium=api&utm_source=rss
Maniac Magee,4,3.89,General Reading,2012,https://www.goodreads.com/review/show/370628974?utm_medium=api&utm_source=rss
"Charlie and the Chocolate Factory (Charlie Bucket, #1)",5,4.16,General Reading,2012,https://www.goodreads.com/review/show/370628958?utm_medium=api&utm_source=rss
"The Chosen (Reuven Malter, #1)",3,4.07,General Reading,2012,https://www.goodreads.com/review/show/370628893?utm_medium=api&utm_source=rss
Little Women,2,4.03,General Reading,2012,https://www.goodreads.com/review/show/370628792?utm_medium=api&utm_source=rss
"Go, Dog. Go!",2,4.15,General Reading,2012,https://www.goodreads.com/review/show/370628486?utm_medium=api&utm_source=rss
The Secret Garden,3,4.16,General Reading,2012,https://www.goodreads.com/review/show/370628452?utm_medium=api&utm_source=rss
The Black Cauldron (The Chronicles of Prydain #2),3,4.03,General Reading,2012,https://www.goodreads.com/review/show/370628406?utm_medium=api&utm_source=rss
"The Book of Three (The Chronicles of Prydain, #1)",3,3.97,General Reading,2012,https://www.goodreads.com/review/show/370628373?utm_medium=api&utm_source=rss
A Little Princess,4,4.26,General Reading,2012,https://www.goodreads.com/review/show/370628305?utm_medium=api&utm_source=rss
"The Indian in the Cupboard (The Indian in the Cupboard, #1)",4,3.93,General Reading,2012,https://www.goodreads.com/review/show/370627965?utm_medium=api&utm_source=rss
"Anne of Green Gables (Anne of Green Gables, #1)",4,4.31,General Reading,2012,https://www.goodreads.com/review/show/370627914?utm_medium=api&utm_source=rss
"Anne of Avonlea (Anne of Green Gables, #2)",3,4.23,General Reading,2012,https://www.goodreads.com/review/show/370627735?utm_medium=api&utm_source=rss
Bridge to Terabithia,3,4.02,General Reading,2012,https://www.goodreads.com/review/show/370627388?utm_medium=api&utm_source=rss
"Winnie-the-Pooh (Winnie-the-Pooh, #1)",4,4.37,General Reading,2012,https://www.goodreads.com/review/show/370627295?utm_medium=api&utm_source=rss
How the Grinch Stole Christmas!,4,4.51,General Reading,2012,https://www.goodreads.com/review/show/370627223?utm_medium=api&utm_source=rss
A Separate Peace,3,3.6,General Reading,2012,https://www.goodreads.com/review/show/370627193?utm_medium=api&utm_source=rss
"When We Were Very Young (Winnie-the-Pooh, #3)",3,4.24,General Reading,2012,https://www.goodreads.com/review/show/370627133?utm_medium=api&utm_source=rss
A Christmas Carol,4,4.07,General Reading,2012,https://www.goodreads.com/review/show/370627063?utm_medium=api&utm_source=rss
The Very Hungry Caterpillar,5,4.29,General Reading,2012,https://www.goodreads.com/review/show/370626952?utm_medium=api&utm_source=rss
The Sneetches and Other Stories,3,4.18,General Reading,2012,https://www.goodreads.com/review/show/370626871?utm_medium=api&utm_source=rss
The Garden of Abdul Gasazi,4,4.04,General Reading,2012,https://www.goodreads.com/review/show/370626822?utm_medium=api&utm_source=rss
The Polar Express,3,4.32,General Reading,2012,https://www.goodreads.com/review/show/370626792?utm_medium=api&utm_source=rss
"Are You There God? It’s Me, Margaret",1,3.93,General Reading,2012,https://www.goodreads.com/review/show/370626605?utm_medium=api&utm_source=rss
Harriet the Spy (Harriet the Spy #1),4,3.95,General Reading,2012,https://www.goodreads.com/review/show/370626084?utm_medium=api&utm_source=rss
"The Cat in the Hat (Cat in the Hat, #1)",4,4.2,General Reading,2012,https://www.goodreads.com/review/show/370625813?utm_medium=api&utm_source=rss
How Proust Can Change Your Life,2,3.78,General Reading,2012,https://www.goodreads.com/review/show/370625288?utm_medium=api&utm_source=rss
The Consolations of Philosophy,4,4.03,General Reading,2012,https://www.goodreads.com/review/show/370625265?utm_medium=api&utm_source=rss
The Pleasures and Sorrows of Work,2,3.64,General Reading,2012,https://www.goodreads.com/review/show/370625174?utm_medium=api&utm_source=rss
"Bunnicula: A Rabbit-Tale of Mystery (Bunnicula, #1)",3,3.88,General Reading,2012,https://www.goodreads.com/review/show/370624944?utm_medium=api&utm_source=rss
"Well Played 1.0: Video Games, Value and Meaning",4,3.14,General Reading,2012,https://www.goodreads.com/review/show/370624331?utm_medium=api&utm_source=rss
"The Tale of Peter Rabbit (World of Beatrix Potter, #1)",5,4.23,General Reading,2012,https://www.goodreads.com/review/show/370621310?utm_medium=api&utm_source=rss
"The Boxcar Children 1-4 (The Boxcar Children, #1-4)",3,4.24,General Reading,2012,https://www.goodreads.com/review/show/370621261?utm_medium=api&utm_source=rss
"Machine of Death: A Collection of Stories About People Who Know How They Will Die (Machine of Death, #1)",3,3.94,General Reading,2012,https://www.goodreads.com/review/show/370621030?utm_medium=api&utm_source=rss
"It's a Busy, Busy World",3,4.26,General Reading,2012,https://www.goodreads.com/review/show/370620094?utm_medium=api&utm_source=rss
Mr. Popper's Penguins,4,3.97,General Reading,2012,https://www.goodreads.com/review/show/370620016?utm_medium=api&utm_source=rss
The Book of Imaginary Beings,5,4.14,General Reading,2012,https://www.goodreads.com/review/show/370619300?utm_medium=api&utm_source=rss
Snow Crash,5,4.02,General Reading,2012,https://www.goodreads.com/review/show/369883787?utm_medium=api&utm_source=rss
"Northworld Trilogy  (Northworld, #1-3)",3,3.68,General Reading,2012,https://www.goodreads.com/review/show/370617572?utm_medium=api&utm_source=rss
The Tank Lords (BAEN),2,3.91,General Reading,2012,https://www.goodreads.com/review/show/370617524?utm_medium=api&utm_source=rss
Giants' Star,4,3.93,General Reading,2012,https://www.goodreads.com/review/show/370617414?utm_medium=api&utm_source=rss
The Gentle Giants of Ganymede,4,3.99,General Reading,2012,https://www.goodreads.com/review/show/370617397?utm_medium=api&utm_source=rss
Inherit the Stars,4,4.06,General Reading,2012,https://www.goodreads.com/review/show/370617260?utm_medium=api&utm_source=rss
"Heirs of Empire (Dahak, #3)",4,4.13,General Reading,2012,https://www.goodreads.com/review/show/370616759?utm_medium=api&utm_source=rss
"The Armageddon Inheritance (Dahak, #2)",3,4.22,General Reading,2012,https://www.goodreads.com/review/show/370616710?utm_medium=api&utm_source=rss
"Changer of Worlds (Worlds of Honor, #3)",2,4.03,General Reading,2012,https://www.goodreads.com/review/show/370616683?utm_medium=api&utm_source=rss
More Than Honor,3,3.93,General Reading,2012,https://www.goodreads.com/review/show/370616663?utm_medium=api&utm_source=rss
"Mutineers' Moon (Dahak, #1)",3,4.2,General Reading,2012,https://www.goodreads.com/review/show/370616554?utm_medium=api&utm_source=rss
"At All Costs (Honor Harrington, #11)",3,4.19,General Reading,2012,https://www.goodreads.com/review/show/370615941?utm_medium=api&utm_source=rss
"War of Honor (Honor Harrington, #10)",2,4.12,General Reading,2012,https://www.goodreads.com/review/show/370615895?utm_medium=api&utm_source=rss
"Ashes of Victory (Honor Harrington, #9)",3,4.17,General Reading,2012,https://www.goodreads.com/review/show/370615887?utm_medium=api&utm_source=rss
"Echoes of Honor (Honor Harrington, #8)",3,4.22,General Reading,2012,https://www.goodreads.com/review/show/370615850?utm_medium=api&utm_source=rss
"In Enemy Hands (Honor Harrington, #7)",2,4.23,General Reading,2012,https://www.goodreads.com/review/show/370615823?utm_medium=api&utm_source=rss
"Flag in Exile (Honor Harrington, #5)",3,4.22,General Reading,2012,https://www.goodreads.com/review/show/370615794?utm_medium=api&utm_source=rss
"Honor Among Enemies (Honor Harrington, #6)",3,4.25,General Reading,2012,https://www.goodreads.com/review/show/370615785?utm_medium=api&utm_source=rss
"Field of Dishonor (Honor Harrington, #4)",4,4.2,General Reading,2012,https://www.goodreads.com/review/show/370615729?utm_medium=api&utm_source=rss
"The Short Victorious War (Honor Harrington, #3)",4,4.18,General Reading,2012,https://www.goodreads.com/review/show/370615710?utm_medium=api&utm_source=rss
"The Honor of the Queen (Honor Harrington, #2)",3,4.21,General Reading,2012,https://www.goodreads.com/review/show/370615693?utm_medium=api&utm_source=rss
"On Basilisk Station (Honor Harrington, #1)",4,4.13,General Reading,2012,https://www.goodreads.com/review/show/370615652?utm_medium=api&utm_source=rss
"Blood Brothers (Necroscope, #6)",3,4.16,General Reading,2012,https://www.goodreads.com/review/show/370613320?utm_medium=api&utm_source=rss
"Deadspawn (Necroscope, #5)",3,4.14,General Reading,2012,https://www.goodreads.com/review/show/370613306?utm_medium=api&utm_source=rss
"Deadspeak (Necroscope, #4)",3,4.14,General Reading,2012,https://www.goodreads.com/review/show/370613252?utm_medium=api&utm_source=rss
"The Source (Necroscope, #3)",3,4.16,General Reading,2012,https://www.goodreads.com/review/show/370613232?utm_medium=api&utm_source=rss
"Vamphyri! (Necroscope, #2)",4,4.12,General Reading,2012,https://www.goodreads.com/review/show/370613208?utm_medium=api&utm_source=rss
"Necroscope (Necroscope, #1)",4,4.01,General Reading,2012,https://www.goodreads.com/review/show/370613190?utm_medium=api&utm_source=rss
Eastern Standard Tribe,1,3.48,General Reading,2012,https://www.goodreads.com/review/show/370608672?utm_medium=api&utm_source=rss
"Someone Comes to Town, Someone Leaves Town",3,3.5,General Reading,2012,https://www.goodreads.com/review/show/370608619?utm_medium=api&utm_source=rss
The Hacker and the Ants: Version 2.0,3,3.66,General Reading,2012,https://www.goodreads.com/review/show/370608398?utm_medium=api&utm_source=rss
"Equal Rites (Discworld, #3; Witches, #1)",3,4.06,General Reading,2012,https://www.goodreads.com/review/show/370608007?utm_medium=api&utm_source=rss
The Metamorphosis of Prime Intellect,4,4.0,General Reading,2012,https://www.goodreads.com/review/show/370607720?utm_medium=api&utm_source=rss
The Voyage of the Space Beagle,4,3.87,General Reading,2012,https://www.goodreads.com/review/show/370607569?utm_medium=api&utm_source=rss
The World of Null-A,2,3.74,General Reading,2012,https://www.goodreads.com/review/show/370607545?utm_medium=api&utm_source=rss
"The Light Fantastic (Discworld, #2; Rincewind, #2)",3,3.98,General Reading,2012,https://www.goodreads.com/review/show/370606524?utm_medium=api&utm_source=rss
Purely Functional Data Structures (Volume 0),4,4.13,General Reading,2012,https://www.goodreads.com/review/show/370606420?utm_medium=api&utm_source=rss
The Awakening,2,3.69,General Reading,2012,https://www.goodreads.com/review/show/370606322?utm_medium=api&utm_source=rss
Rosencrantz and Guildenstern Are Dead,5,4.04,General Reading,2012,https://www.goodreads.com/review/show/370606147?utm_medium=api&utm_source=rss
"Tales of a Fourth Grade Nothing (Fudge, #1)",2,4.11,General Reading,2012,https://www.goodreads.com/review/show/370603984?utm_medium=api&utm_source=rss
The Red Badge of Courage,3,3.28,General Reading,2012,https://www.goodreads.com/review/show/370603962?utm_medium=api&utm_source=rss
The Eudaemonic Pie,3,3.87,General Reading,2012,https://www.goodreads.com/review/show/370603142?utm_medium=api&utm_source=rss
"Bloodwars (Necroscope, #8)",3,4.27,General Reading,2012,https://www.goodreads.com/review/show/370602557?utm_medium=api&utm_source=rss
"The Last Aerie (Necroscope, #7)",4,4.23,General Reading,2012,https://www.goodreads.com/review/show/370602433?utm_medium=api&utm_source=rss
Producing Open Source Software: How to Run a Successful Free Software Project,4,3.79,General Reading,2012,https://www.goodreads.com/review/show/370601467?utm_medium=api&utm_source=rss
"The Three Pillars of Zen: Teaching, Practice, and Enlightenment",4,4.07,General Reading,2012,https://www.goodreads.com/review/show/370598848?utm_medium=api&utm_source=rss
Storm of Steel,4,4.14,General Reading,2012,https://www.goodreads.com/review/show/370597769?utm_medium=api&utm_source=rss
The Mythical Man-Month: Essays on Software Engineering,5,4.0,General Reading,2012,https://www.goodreads.com/review/show/370597378?utm_medium=api&utm_source=rss
The Tibetan Book of Living and Dying. Sogyal Rinpoche (Rider 100),4,4.16,General Reading,2012,https://www.goodreads.com/review/show/370597275?utm_medium=api&utm_source=rss
The Nimrod Flipout,3,3.98,General Reading,2012,https://www.goodreads.com/review/show/370596788?utm_medium=api&utm_source=rss
Sailing Bright Eternity,4,3.7,General Reading,2012,https://www.goodreads.com/review/show/370596102?utm_medium=api&utm_source=rss
"Beggars Ride (Sleepless, #3)",4,3.76,General Reading,2012,https://www.goodreads.com/review/show/370595946?utm_medium=api&utm_source=rss
Castle of Wizardry (The Belgariad #4),3,4.17,General Reading,2012,https://www.goodreads.com/review/show/370595006?utm_medium=api&utm_source=rss
Magician's Gambit (The Belgariad #3),4,4.14,General Reading,2012,https://www.goodreads.com/review/show/370594989?utm_medium=api&utm_source=rss
Queen of Sorcery (The Belgariad #2),3,4.14,General Reading,2012,https://www.goodreads.com/review/show/370594975?utm_medium=api&utm_source=rss
"Pawn of Prophecy (The Belgariad, #1)",4,4.16,General Reading,2012,https://www.goodreads.com/review/show/370594957?utm_medium=api&utm_source=rss
The Sapphire Rose (The Elenium #3),4,4.03,General Reading,2012,https://www.goodreads.com/review/show/370594867?utm_medium=api&utm_source=rss
The Ruby Knight (The Elenium #2),3,4.01,General Reading,2012,https://www.goodreads.com/review/show/370594832?utm_medium=api&utm_source=rss
The Diamond Throne (The Elenium #1),3,3.98,General Reading,2012,https://www.goodreads.com/review/show/370594805?utm_medium=api&utm_source=rss
Dancing Wu Li Masters: An Overview of the New Physics (Perennial Classics),1,4.01,General Reading,2012,https://www.goodreads.com/review/show/370585093?utm_medium=api&utm_source=rss
Ventus,2,3.9,General Reading,2012,https://www.goodreads.com/review/show/370584951?utm_medium=api&utm_source=rss
Gentlemen of the Road,3,3.45,General Reading,2012,https://www.goodreads.com/review/show/370583910?utm_medium=api&utm_source=rss
"Powers, Vol. 1: Who Killed Retro Girl?",3,3.99,General Reading,2012,https://www.goodreads.com/review/show/370583287?utm_medium=api&utm_source=rss
When Genius Failed: The Rise and Fall of Long-Term Capital Management,4,4.2,General Reading,2012,https://www.goodreads.com/review/show/370573199?utm_medium=api&utm_source=rss
"Me and My Little Brain (Great Brain, #3)",3,4.24,General Reading,2012,https://www.goodreads.com/review/show/370571618?utm_medium=api&utm_source=rss
"The Great Brain at the Academy (Great Brain, #4)",3,4.28,General Reading,2012,https://www.goodreads.com/review/show/370571599?utm_medium=api&utm_source=rss
"More Adventures of the Great Brain (Great Brain, #2)",3,4.28,General Reading,2012,https://www.goodreads.com/review/show/370571554?utm_medium=api&utm_source=rss
"The Great Brain (Great Brain, #1)",4,4.16,General Reading,2012,https://www.goodreads.com/review/show/370571503?utm_medium=api&utm_source=rss
From the Mixed-Up Files of Mrs. Basil E. Frankweiler,5,4.16,General Reading,2012,https://www.goodreads.com/review/show/370570793?utm_medium=api&utm_source=rss
Compact Oxford English Dictionary,5,4.6,General Reading,2012,https://www.goodreads.com/review/show/370566671?utm_medium=api&utm_source=rss
The Complete Calvin and Hobbes,5,4.81,General Reading,2012,https://www.goodreads.com/review/show/370566477?utm_medium=api&utm_source=rss
The Wasp Factory,4,3.78,General Reading,2012,https://www.goodreads.com/review/show/370565328?utm_medium=api&utm_source=rss
The Mismeasure of Man,2,4.06,General Reading,2012,https://www.goodreads.com/review/show/370564692?utm_medium=api&utm_source=rss
Battlefield Earth: A Saga of the Year 3000,1,3.46,General Reading,2012,https://www.goodreads.com/review/show/370563562?utm_medium=api&utm_source=rss
"The State of the Art (Culture, #4)",3,3.84,General Reading,2012,https://www.goodreads.com/review/show/370561747?utm_medium=api&utm_source=rss
"Timelike Infinity (Xeelee Sequence, #2)",3,3.86,General Reading,2012,https://www.goodreads.com/review/show/370560884?utm_medium=api&utm_source=rss
"Flux (Xeelee Sequence, #3)",3,3.66,General Reading,2012,https://www.goodreads.com/review/show/370559382?utm_medium=api&utm_source=rss
"Raft (Xeelee Sequence, #1)",3,3.69,General Reading,2012,https://www.goodreads.com/review/show/370559314?utm_medium=api&utm_source=rss
"Vacuum Diagrams (Xeelee Sequence, #5)",4,4.06,General Reading,2012,https://www.goodreads.com/review/show/370559269?utm_medium=api&utm_source=rss
"Ring (Xeelee Sequence, #4)",5,4.0,General Reading,2012,https://www.goodreads.com/review/show/370559180?utm_medium=api&utm_source=rss
The Timeless Way of Building,4,4.38,General Reading,2012,https://www.goodreads.com/review/show/370558780?utm_medium=api&utm_source=rss
Extraordinary Popular Delusions and the Madness of Crowds,3,3.86,General Reading,2012,https://www.goodreads.com/review/show/370558438?utm_medium=api&utm_source=rss
The Architecture of Open Source Applications,4,3.63,General Reading,2012,https://www.goodreads.com/review/show/370557104?utm_medium=api&utm_source=rss
The Algebraist,4,3.9,General Reading,2012,https://www.goodreads.com/review/show/370557060?utm_medium=api&utm_source=rss
Look Me in the Eye,3,3.91,General Reading,2012,https://www.goodreads.com/review/show/370556735?utm_medium=api&utm_source=rss
"Myth Conceptions (Myth Adventures, #2)",4,4.09,General Reading,2012,https://www.goodreads.com/review/show/370540822?utm_medium=api&utm_source=rss
"Myth Directions (Myth Adventures, #3)",2,4.09,General Reading,2012,https://www.goodreads.com/review/show/370540780?utm_medium=api&utm_source=rss
"Hit or Myth (Myth Adventures, #4)",3,4.07,General Reading,2012,https://www.goodreads.com/review/show/370540655?utm_medium=api&utm_source=rss
"Myth-ing Persons (Myth Adventures, #5)",2,3.99,General Reading,2012,https://www.goodreads.com/review/show/370540593?utm_medium=api&utm_source=rss
"Little Myth Marker (Myth Adventures, #6)",3,3.98,General Reading,2012,https://www.goodreads.com/review/show/370540549?utm_medium=api&utm_source=rss
"Phule's Company (Phule's Company, #1)",4,3.97,General Reading,2012,https://www.goodreads.com/review/show/370540265?utm_medium=api&utm_source=rss
"Myth-Nomers and Im-Pervections (Myth Adventures, #8)",4,3.96,General Reading,2012,https://www.goodreads.com/review/show/370540076?utm_medium=api&utm_source=rss
"M.Y.T.H. Inc. in Action (Myth Adventures, #9)",3,3.98,General Reading,2012,https://www.goodreads.com/review/show/370539996?utm_medium=api&utm_source=rss
"Phule's Paradise (Phule's Company, #2)",4,3.91,General Reading,2012,https://www.goodreads.com/review/show/370539887?utm_medium=api&utm_source=rss
Sweet Myth-Tery of Life (Myth Adventures #10),3,3.49,General Reading,2012,https://www.goodreads.com/review/show/370539862?utm_medium=api&utm_source=rss
"A Phule and His Money (Phule's Company, #3)",4,3.76,General Reading,2012,https://www.goodreads.com/review/show/370539614?utm_medium=api&utm_source=rss
"Phule Me Twice (Phule's Company, #4)",2,3.85,General Reading,2012,https://www.goodreads.com/review/show/370539445?utm_medium=api&utm_source=rss
"Time Scout (Time Scout, #1)",2,3.79,General Reading,2012,https://www.goodreads.com/review/show/370537945?utm_medium=api&utm_source=rss
"The Touch (Adversary Cycle, #3)",2,3.9,General Reading,2012,https://www.goodreads.com/review/show/370536601?utm_medium=api&utm_source=rss
"The Tomb (Repairman Jack, #1)",3,4.06,General Reading,2012,https://www.goodreads.com/review/show/370536592?utm_medium=api&utm_source=rss
"The Keep (Adversary Cycle, #1)",4,4.0,General Reading,2012,https://www.goodreads.com/review/show/370536560?utm_medium=api&utm_source=rss
"Hunter's Death (The Sacred Hunt, #2)",3,4.06,General Reading,2012,https://www.goodreads.com/review/show/370276924?utm_medium=api&utm_source=rss
"Hunter's Oath (The Sacred Hunt, #1)",3,3.84,General Reading,2012,https://www.goodreads.com/review/show/370276873?utm_medium=api&utm_source=rss
"The Riven Shield (The Sun Sword, #5)",3,4.24,General Reading,2012,https://www.goodreads.com/review/show/370276829?utm_medium=api&utm_source=rss
"The Sun Sword (The Sun Sword, #6)",3,4.32,General Reading,2012,https://www.goodreads.com/review/show/370276214?utm_medium=api&utm_source=rss
"Sea of Sorrows (The Sun Sword, #4)",3,4.25,General Reading,2012,https://www.goodreads.com/review/show/370276077?utm_medium=api&utm_source=rss
"The Shining Court (The Sun Sword, #3)",3,4.18,General Reading,2012,https://www.goodreads.com/review/show/370235067?utm_medium=api&utm_source=rss
"The Broken Crown (The Sun Sword, #1)",3,3.93,General Reading,2012,https://www.goodreads.com/review/show/370275952?utm_medium=api&utm_source=rss
"The Uncrowned King (The Sun Sword, #2)",3,4.12,General Reading,2012,https://www.goodreads.com/review/show/370275907?utm_medium=api&utm_source=rss
"Principles of Forecasting: A Handbook for Researchers and Practitioners (International Series in Operations Research & Management Science, 30)",5,4.12,General Reading,2012,https://www.goodreads.com/review/show/370224211?utm_medium=api&utm_source=rss
"Revelation Space (Revelation Space, #1)",4,3.99,General Reading,2012,https://www.goodreads.com/review/show/370222690?utm_medium=api&utm_source=rss
Paradise Lost and Paradise Regained,5,4.09,General Reading,2012,https://www.goodreads.com/review/show/370221800?utm_medium=api&utm_source=rss
The Poetic Edda: Stories of the Norse Gods and Heroes,5,4.27,General Reading,2012,https://www.goodreads.com/review/show/370221581?utm_medium=api&utm_source=rss
The Prose Edda: Norse Mythology,4,4.17,General Reading,2012,https://www.goodreads.com/review/show/370221332?utm_medium=api&utm_source=rss
The Nibelungenlied,4,3.85,General Reading,2012,https://www.goodreads.com/review/show/370221118?utm_medium=api&utm_source=rss
Expert Systems Handbook: An Assessment of Technology and Applications,2,2.0,General Reading,2012,https://www.goodreads.com/review/show/370220770?utm_medium=api&utm_source=rss
"The Book of Lost Tales 1 (The History of Middle-Earth, #1)",4,3.88,General Reading,2012,https://www.goodreads.com/review/show/370220557?utm_medium=api&utm_source=rss
"Never the Twain Shall Meet: Bell, Gallaudet, and the Communications Debate",2,3.59,General Reading,2012,https://www.goodreads.com/review/show/370220376?utm_medium=api&utm_source=rss
Ideas and Integrities: A Spontaneous Autobiographical Disclosure,4,4.01,General Reading,2012,https://www.goodreads.com/review/show/370220198?utm_medium=api&utm_source=rss
The Japanese Mind: Understanding Contemporary Japanese Culture,3,3.7,General Reading,2012,https://www.goodreads.com/review/show/370219456?utm_medium=api&utm_source=rss
Operating system concepts (Addison-Wesley series in computer science),2,3.0,General Reading,2012,https://www.goodreads.com/review/show/370219206?utm_medium=api&utm_source=rss
An Introduction to Jung's Psychology,3,3.71,General Reading,2012,https://www.goodreads.com/review/show/370218693?utm_medium=api&utm_source=rss
Battles of Coxinga,3,3.8,General Reading,2012,https://www.goodreads.com/review/show/370218328?utm_medium=api&utm_source=rss
Travelers of a Hundred Ages,5,3.96,General Reading,2012,https://www.goodreads.com/review/show/370218151?utm_medium=api&utm_source=rss
Four Major Plays of Chikamatsu,4,3.87,General Reading,2012,https://www.goodreads.com/review/show/370217915?utm_medium=api&utm_source=rss
Chūshingura (The Treasury of Loyal Retainers): A Puppet Play,4,3.83,General Reading,2012,https://www.goodreads.com/review/show/370217878?utm_medium=api&utm_source=rss
The Pleasures of Japanese Literature,3,3.9,General Reading,2012,https://www.goodreads.com/review/show/370217566?utm_medium=api&utm_source=rss
Anthology of Japanese Literature: From the Earliest Era to the Mid-Nineteenth Century,3,4.05,General Reading,2012,https://www.goodreads.com/review/show/370217426?utm_medium=api&utm_source=rss
The Tao of Pooh,4,4.01,General Reading,2012,https://www.goodreads.com/review/show/370217143?utm_medium=api&utm_source=rss
"Faust, First Part",2,3.87,General Reading,2012,https://www.goodreads.com/review/show/370216711?utm_medium=api&utm_source=rss
Feynman And Computation (Frontiers in Physics),4,4.22,General Reading,2012,https://www.goodreads.com/review/show/370211869?utm_medium=api&utm_source=rss
The Zenith Angle,2,3.26,General Reading,2012,https://www.goodreads.com/review/show/370211643?utm_medium=api&utm_source=rss
The Beginning Place,1,3.51,General Reading,2012,https://www.goodreads.com/review/show/370210386?utm_medium=api&utm_source=rss
How Would You Move Mount Fuji? Microsoft's Cult of the Puzzle--How the World's Smartest Companies Select the Most Creative Thinkers,3,3.56,General Reading,2012,https://www.goodreads.com/review/show/370209451?utm_medium=api&utm_source=rss
"Berserker Fury (Berserker, #10)",2,3.55,General Reading,2012,https://www.goodreads.com/review/show/370207826?utm_medium=api&utm_source=rss
Bare-Faced Messiah,4,3.62,General Reading,2012,https://www.goodreads.com/review/show/370207517?utm_medium=api&utm_source=rss
"Excession (Culture, #5)",4,4.2,General Reading,2012,https://www.goodreads.com/review/show/370207138?utm_medium=api&utm_source=rss
"Reading Graphs, Maps, Trees: Critical Responses to Franco Moretti",3,3.81,General Reading,2012,https://www.goodreads.com/review/show/370206866?utm_medium=api&utm_source=rss
Coders at Work: Reflections on the Craft of Programming,4,3.95,General Reading,2012,https://www.goodreads.com/review/show/370206755?utm_medium=api&utm_source=rss
Romeo and Juliet,3,3.74,General Reading,2012,https://www.goodreads.com/review/show/370206045?utm_medium=api&utm_source=rss
"The Hedgehog, the Fox & the Magister's Pox: Mending the Gap Between Science & the Humanities",4,3.64,General Reading,2012,https://www.goodreads.com/review/show/370205539?utm_medium=api&utm_source=rss
Night,3,4.38,General Reading,2012,https://www.goodreads.com/review/show/370203417?utm_medium=api&utm_source=rss
The Golden Bough,4,4.01,General Reading,2012,https://www.goodreads.com/review/show/370203201?utm_medium=api&utm_source=rss
Manga Impact!,3,3.33,General Reading,2012,https://www.goodreads.com/review/show/370203088?utm_medium=api&utm_source=rss
Great Expectations,2,3.78,General Reading,2012,https://www.goodreads.com/review/show/370202674?utm_medium=api&utm_source=rss
Ficciones,5,4.45,General Reading,2012,https://www.goodreads.com/review/show/370202459?utm_medium=api&utm_source=rss
"The Stainless Steel Rat Goes to Hell (Stainless Steel Rat, #9)",3,3.81,General Reading,2012,https://www.goodreads.com/review/show/370195444?utm_medium=api&utm_source=rss
"The Stainless Steel Rat for President (Stainless Steel Rat, #8)",4,3.87,General Reading,2012,https://www.goodreads.com/review/show/370195383?utm_medium=api&utm_source=rss
"The Stainless Steel Rat's Revenge (Stainless Steel Rat, #5)",2,3.97,General Reading,2012,https://www.goodreads.com/review/show/370195349?utm_medium=api&utm_source=rss
"The Stainless Steel Rat (Stainless Steel Rat, #4)",4,3.94,General Reading,2012,https://www.goodreads.com/review/show/370195319?utm_medium=api&utm_source=rss
Against the Gods: The Remarkable Story of Risk,2,3.94,General Reading,2012,https://www.goodreads.com/review/show/370133114?utm_medium=api&utm_source=rss
Catastrophe: Risk and Response,4,3.27,General Reading,2012,https://www.goodreads.com/review/show/370193553?utm_medium=api&utm_source=rss
Critical Point of View: A Wikipedia Reader,3,3.11,General Reading,2012,https://www.goodreads.com/review/show/370193297?utm_medium=api&utm_source=rss
How to Live: A Life of Montaigne in One Question and Twenty Attempts at an Answer,4,3.97,General Reading,2012,https://www.goodreads.com/review/show/370192686?utm_medium=api&utm_source=rss
The Cleanest Race: How North Koreans See Themselves and Why It Matters,4,3.9,General Reading,2012,https://www.goodreads.com/review/show/370191160?utm_medium=api&utm_source=rss
The Authoritarians,4,4.3,General Reading,2012,https://www.goodreads.com/review/show/370189663?utm_medium=api&utm_source=rss
Russian Silhouettes: Portraits of the Heroes of a Vanished age,4,4.24,General Reading,2012,https://www.goodreads.com/review/show/370189551?utm_medium=api&utm_source=rss
"Superior Beings. If They Exist, How Would We Know?: Game-Theoretic Implications of Omnipotence, Omniscience, Immortality, and Incomprehensibility",4,3.67,General Reading,2012,https://www.goodreads.com/review/show/370189366?utm_medium=api&utm_source=rss
Comics and Sequential Art,3,4.11,General Reading,2012,https://www.goodreads.com/review/show/370189248?utm_medium=api&utm_source=rss
"And Another Thing... (The Hitchhiker's Guide to the Galaxy, #6)",2,3.58,General Reading,2012,https://www.goodreads.com/review/show/370189003?utm_medium=api&utm_source=rss
"Spent: Sex, Evolution, and Consumer Behavior",5,3.84,General Reading,2012,https://www.goodreads.com/review/show/370188760?utm_medium=api&utm_source=rss
Manga Impact: The World of Japanese Animation,3,3.67,General Reading,2012,https://www.goodreads.com/review/show/370188515?utm_medium=api&utm_source=rss
Culture and Value,2,4.13,General Reading,2012,https://www.goodreads.com/review/show/370186909?utm_medium=api&utm_source=rss
Seeing Like a State: How Certain Schemes to Improve the Human Condition Have Failed,5,4.21,General Reading,2012,https://www.goodreads.com/review/show/370185638?utm_medium=api&utm_source=rss
WikiLeaks: Inside Julian Assange's War on Secrecy,2,3.48,General Reading,2012,https://www.goodreads.com/review/show/370184292?utm_medium=api&utm_source=rss
Is Marriage for White People?: How the African American Marriage Decline Affects Everyone,3,3.8,General Reading,2012,https://www.goodreads.com/review/show/370184176?utm_medium=api&utm_source=rss
The Best Writing on Mathematics 2010,4,3.76,General Reading,2012,https://www.goodreads.com/review/show/370183690?utm_medium=api&utm_source=rss
The Truth Machine,3,3.99,General Reading,2012,https://www.goodreads.com/review/show/370183317?utm_medium=api&utm_source=rss
In the Valley of the Shadow: On the Foundations of Religious Belief,2,3.65,General Reading,2012,https://www.goodreads.com/review/show/370182676?utm_medium=api&utm_source=rss
The Sandman: Book of Dreams,2,4.3,General Reading,2012,https://www.goodreads.com/review/show/370182444?utm_medium=api&utm_source=rss
The Center Cannot Hold: My Journey Through Madness,4,4.3,General Reading,2012,https://www.goodreads.com/review/show/370182249?utm_medium=api&utm_source=rss
Melmoth the Wanderer,4,3.75,General Reading,2012,https://www.goodreads.com/review/show/370181761?utm_medium=api&utm_source=rss
Vathek,3,3.25,General Reading,2012,https://www.goodreads.com/review/show/370181587?utm_medium=api&utm_source=rss
"Visual Explanations: Images and Quantities, Evidence and Narrative",4,4.29,General Reading,2012,https://www.goodreads.com/review/show/370180925?utm_medium=api&utm_source=rss
I Hope I Shall Arrive Soon,2,3.95,General Reading,2012,https://www.goodreads.com/review/show/370180043?utm_medium=api&utm_source=rss
The Missionary Position: Mother Teresa in Theory and Practice,4,4.05,General Reading,2012,https://www.goodreads.com/review/show/370179868?utm_medium=api&utm_source=rss
The Visual Display of Quantitative Information,3,4.38,General Reading,2012,https://www.goodreads.com/review/show/370179622?utm_medium=api&utm_source=rss
The Ultimate Harry Potter and Philosophy: Hogwarts for Muggles (The Blackwell Philosophy and Pop Culture Series),3,4.4,General Reading,2012,https://www.goodreads.com/review/show/370179411?utm_medium=api&utm_source=rss
The Extended Mind (Bradford Books),1,3.58,General Reading,2012,https://www.goodreads.com/review/show/370179157?utm_medium=api&utm_source=rss
Beautiful Evidence,4,4.15,General Reading,2012,https://www.goodreads.com/review/show/370179042?utm_medium=api&utm_source=rss
Zettel,3,4.28,General Reading,2012,https://www.goodreads.com/review/show/370178627?utm_medium=api&utm_source=rss
Is There Anything Good About Men?: How Cultures Flourish by Exploiting Men,5,3.69,General Reading,2012,https://www.goodreads.com/review/show/370178244?utm_medium=api&utm_source=rss
Endgame: Bobby Fischer's Remarkable Rise and Fall—From America's Brightest Prodigy to the Edge of Madness,3,3.91,General Reading,2012,https://www.goodreads.com/review/show/370177941?utm_medium=api&utm_source=rss
Opening Up: A Guide to Creating and Sustaining Open Relationships,2,4.07,General Reading,2012,https://www.goodreads.com/review/show/370177567?utm_medium=api&utm_source=rss
Steppe,4,3.55,General Reading,2012,https://www.goodreads.com/review/show/370176955?utm_medium=api&utm_source=rss
Chthon,1,3.32,General Reading,2012,https://www.goodreads.com/review/show/370176797?utm_medium=api&utm_source=rss
"Under a Velvet Cloak (Incarnations of Immortality, #8)",2,3.59,General Reading,2012,https://www.goodreads.com/review/show/370176741?utm_medium=api&utm_source=rss
"Statesman (Bio of a Space Tyrant, #5)",3,3.73,General Reading,2012,https://www.goodreads.com/review/show/370173156?utm_medium=api&utm_source=rss
"Executive (Bio of a Space Tyrant, #4)",3,3.73,General Reading,2012,https://www.goodreads.com/review/show/370173107?utm_medium=api&utm_source=rss
"Politician (Bio of a Space Tyrant, #3)",3,3.73,General Reading,2012,https://www.goodreads.com/review/show/370173077?utm_medium=api&utm_source=rss
"Mercenary (Bio of a Space Tyrant, #2)",3,3.81,General Reading,2012,https://www.goodreads.com/review/show/370173053?utm_medium=api&utm_source=rss
The Dastard (Xanth #24),2,3.81,General Reading,2012,https://www.goodreads.com/review/show/370172995?utm_medium=api&utm_source=rss
"Refugee (Bio of a Space Tyrant, #1)",3,3.74,General Reading,2012,https://www.goodreads.com/review/show/370172926?utm_medium=api&utm_source=rss
"Yon Ill Wind (Xanth, #20)",4,3.77,General Reading,2012,https://www.goodreads.com/review/show/370172886?utm_medium=api&utm_source=rss
"Phaze Doubt (Apprentice Adept, #7)",3,3.83,General Reading,2012,https://www.goodreads.com/review/show/370172863?utm_medium=api&utm_source=rss
"Robot Adept (Apprentice Adept, #5)",2,3.8,General Reading,2012,https://www.goodreads.com/review/show/370172738?utm_medium=api&utm_source=rss
"Out of Phaze (Apprentice Adept, #4)",3,3.8,General Reading,2012,https://www.goodreads.com/review/show/370172699?utm_medium=api&utm_source=rss
The Color of Her Panties (Xanth #15),3,3.68,General Reading,2012,https://www.goodreads.com/review/show/370172665?utm_medium=api&utm_source=rss
"Juxtaposition (Apprentice Adept, #3)",4,3.93,General Reading,2012,https://www.goodreads.com/review/show/370172574?utm_medium=api&utm_source=rss
"Blue Adept (Apprentice Adept, #2)",4,3.95,General Reading,2012,https://www.goodreads.com/review/show/370172548?utm_medium=api&utm_source=rss
Crewel Lye: A Caustic Yarn (Xanth #8),2,3.74,General Reading,2012,https://www.goodreads.com/review/show/370172483?utm_medium=api&utm_source=rss
"Split Infinity (Apprentice Adept, #1)",4,3.97,General Reading,2012,https://www.goodreads.com/review/show/370172481?utm_medium=api&utm_source=rss
"And Eternity (Incarnations of Immortality, #7)",4,3.87,General Reading,2012,https://www.goodreads.com/review/show/370172482?utm_medium=api&utm_source=rss
"For Love of Evil (Incarnations of Immortality, #6)",4,4.12,General Reading,2012,https://www.goodreads.com/review/show/370172367?utm_medium=api&utm_source=rss
"Ogre, Ogre (Xanth #5)",3,3.77,General Reading,2012,https://www.goodreads.com/review/show/370172229?utm_medium=api&utm_source=rss
"Centaur Aisle (Xanth, #4)",4,3.81,General Reading,2012,https://www.goodreads.com/review/show/370172209?utm_medium=api&utm_source=rss
"Night Mare (Xanth, #6)",2,3.86,General Reading,2012,https://www.goodreads.com/review/show/370172190?utm_medium=api&utm_source=rss
"Being a Green Mother (Incarnations of Immortality, #5)",2,3.97,General Reading,2012,https://www.goodreads.com/review/show/370172159?utm_medium=api&utm_source=rss
"Wielding a Red Sword (Incarnations of Immortality, #4)",4,3.95,General Reading,2012,https://www.goodreads.com/review/show/370172129?utm_medium=api&utm_source=rss
"With a Tangled Skein (Incarnations of Immortality, #3)",3,4.0,General Reading,2012,https://www.goodreads.com/review/show/370172074?utm_medium=api&utm_source=rss
"Bearing an Hourglass (Incarnations of Immortality, #2)",4,3.96,General Reading,2012,https://www.goodreads.com/review/show/370172063?utm_medium=api&utm_source=rss
"Castle Roogna (Xanth, #3)",2,3.91,General Reading,2012,https://www.goodreads.com/review/show/370172060?utm_medium=api&utm_source=rss
"The Source of Magic (Xanth, #2)",3,3.9,General Reading,2012,https://www.goodreads.com/review/show/370171985?utm_medium=api&utm_source=rss
"A Spell for Chameleon (Xanth, #1)",3,3.91,General Reading,2012,https://www.goodreads.com/review/show/370171954?utm_medium=api&utm_source=rss
"On a Pale Horse (Incarnations of Immortality, #1)",4,4.13,General Reading,2012,https://www.goodreads.com/review/show/370171930?utm_medium=api&utm_source=rss
"Foundation and Earth (Foundation, #5)",3,4.06,General Reading,2012,https://www.goodreads.com/review/show/370171857?utm_medium=api&utm_source=rss
"Foundation's Edge (Foundation, #4)",4,4.16,General Reading,2012,https://www.goodreads.com/review/show/370171764?utm_medium=api&utm_source=rss
"Second Foundation (Foundation, #3)",3,4.27,General Reading,2012,https://www.goodreads.com/review/show/370171639?utm_medium=api&utm_source=rss
"Forward the Foundation (Foundation, #7)",4,4.15,General Reading,2012,https://www.goodreads.com/review/show/370171581?utm_medium=api&utm_source=rss
"Prelude to Foundation (Foundation, #6)",2,4.16,General Reading,2012,https://www.goodreads.com/review/show/370171474?utm_medium=api&utm_source=rss
Nemesis,2,3.8,General Reading,2012,https://www.goodreads.com/review/show/370171355?utm_medium=api&utm_source=rss
The Odyssey,4,3.81,General Reading,2012,https://www.goodreads.com/review/show/370166216?utm_medium=api&utm_source=rss
Frankenstein,2,3.77,General Reading,2012,https://www.goodreads.com/review/show/370166171?utm_medium=api&utm_source=rss
A People’s History of the United States: 1492 - Present,2,4.08,General Reading,2012,https://www.goodreads.com/review/show/370166111?utm_medium=api&utm_source=rss
The Giving Tree,3,4.38,General Reading,2012,https://www.goodreads.com/review/show/370165959?utm_medium=api&utm_source=rss
The Crucible,3,3.61,General Reading,2012,https://www.goodreads.com/review/show/370165673?utm_medium=api&utm_source=rss
Treasure Island,5,3.84,General Reading,2012,https://www.goodreads.com/review/show/370165629?utm_medium=api&utm_source=rss
Dr. Jekyll and Mr. Hyde,4,3.84,General Reading,2012,https://www.goodreads.com/review/show/370165563?utm_medium=api&utm_source=rss
The Taming of the Shrew,2,3.76,General Reading,2012,https://www.goodreads.com/review/show/370165453?utm_medium=api&utm_source=rss
Candide,3,3.76,General Reading,2012,https://www.goodreads.com/review/show/370165388?utm_medium=api&utm_source=rss
Twenty Thousand Leagues Under the Sea,5,3.92,General Reading,2012,https://www.goodreads.com/review/show/370165332?utm_medium=api&utm_source=rss
Where the Red Fern Grows,4,4.12,General Reading,2012,https://www.goodreads.com/review/show/370165294?utm_medium=api&utm_source=rss
The Tell-Tale Heart and Other Writings,4,4.19,General Reading,2012,https://www.goodreads.com/review/show/370165206?utm_medium=api&utm_source=rss
Journey to the Center of the Earth,4,3.86,General Reading,2012,https://www.goodreads.com/review/show/370164958?utm_medium=api&utm_source=rss
"Debt of Bones (Sword of Truth, #0.5)",1,3.88,General Reading,2012,https://www.goodreads.com/review/show/370164653?utm_medium=api&utm_source=rss
"Confessor (Sword of Truth, #11)",3,4.08,General Reading,2012,https://www.goodreads.com/review/show/370164606?utm_medium=api&utm_source=rss
"Chainfire (Sword of Truth, #9)",2,3.95,General Reading,2012,https://www.goodreads.com/review/show/370164566?utm_medium=api&utm_source=rss
"Naked Empire (Sword of Truth, #8)",2,3.82,General Reading,2012,https://www.goodreads.com/review/show/370164496?utm_medium=api&utm_source=rss
"The Pillars of Creation (Sword of Truth, #7)",2,3.7,General Reading,2012,https://www.goodreads.com/review/show/370164441?utm_medium=api&utm_source=rss
"Soul of the Fire (Sword of Truth, #5)",2,3.87,General Reading,2012,https://www.goodreads.com/review/show/370164405?utm_medium=api&utm_source=rss
"Faith of the Fallen (Sword of Truth, #6)",1,4.1,General Reading,2012,https://www.goodreads.com/review/show/370164371?utm_medium=api&utm_source=rss
"Temple of the Winds (Sword of Truth, #4)",3,4.03,General Reading,2012,https://www.goodreads.com/review/show/370164318?utm_medium=api&utm_source=rss
"Blood of the Fold (Sword of Truth, #3)",3,3.99,General Reading,2012,https://www.goodreads.com/review/show/370164290?utm_medium=api&utm_source=rss
"Wizard's First Rule (Sword of Truth, #1)",5,4.12,General Reading,2012,https://www.goodreads.com/review/show/370163289?utm_medium=api&utm_source=rss
"Stone of Tears (Sword of Truth, #2)",4,4.1,General Reading,2012,https://www.goodreads.com/review/show/369823973?utm_medium=api&utm_source=rss
"Triss (Redwall, #15)",4,4.03,General Reading,2012,https://www.goodreads.com/review/show/370163875?utm_medium=api&utm_source=rss
"The Legend of Luke (Redwall, #12)",2,4.04,General Reading,2012,https://www.goodreads.com/review/show/370163839?utm_medium=api&utm_source=rss
"Taggerung (Redwall, #14)",4,4.17,General Reading,2012,https://www.goodreads.com/review/show/370163852?utm_medium=api&utm_source=rss
"Marlfox (Redwall, #11)",4,4.05,General Reading,2012,https://www.goodreads.com/review/show/370163806?utm_medium=api&utm_source=rss
"Pearls of Lutra (Redwall, #9)",4,4.03,General Reading,2012,https://www.goodreads.com/review/show/370163771?utm_medium=api&utm_source=rss
"The Long Patrol (Redwall, #10)",4,4.14,General Reading,2012,https://www.goodreads.com/review/show/370163754?utm_medium=api&utm_source=rss
"Outcast of Redwall (Redwall, #8)",3,3.95,General Reading,2012,https://www.goodreads.com/review/show/370163730?utm_medium=api&utm_source=rss
"The Bellmaker (Redwall, #7)",3,4.0,General Reading,2012,https://www.goodreads.com/review/show/370163707?utm_medium=api&utm_source=rss
"Mariel of Redwall (Redwall, #4)",3,4.0,General Reading,2012,https://www.goodreads.com/review/show/370163670?utm_medium=api&utm_source=rss
"Lord Brocktree (Redwall, #13)",2,3.99,General Reading,2012,https://www.goodreads.com/review/show/370163637?utm_medium=api&utm_source=rss
"Salamandastron (Redwall, #5)",4,4.11,General Reading,2012,https://www.goodreads.com/review/show/370163603?utm_medium=api&utm_source=rss
"Mattimeo (Redwall, #3)",3,4.08,General Reading,2012,https://www.goodreads.com/review/show/370163550?utm_medium=api&utm_source=rss
"Mossflower (Redwall, #2)",2,4.12,General Reading,2012,https://www.goodreads.com/review/show/370163533?utm_medium=api&utm_source=rss
"Redwall (Redwall, #1)",4,4.14,General Reading,2012,https://www.goodreads.com/review/show/370163492?utm_medium=api&utm_source=rss
"Heaven's Reach (Uplift Storm Trilogy, #3)",3,3.97,General Reading,2012,https://www.goodreads.com/review/show/370163358?utm_medium=api&utm_source=rss
"New Spring (The Wheel of Time, #0)",1,4.07,General Reading,2012,https://www.goodreads.com/review/show/370163231?utm_medium=api&utm_source=rss
Unfinished Tales,3,4.01,General Reading,2012,https://www.goodreads.com/review/show/370163210?utm_medium=api&utm_source=rss
"Interview with the Vampire (The Vampire Chronicles, #1)",4,4.04,General Reading,2012,https://www.goodreads.com/review/show/370163176?utm_medium=api&utm_source=rss
"The Sword of Shannara (The Original Shannara Trilogy, #1)",1,3.79,General Reading,2012,https://www.goodreads.com/review/show/370162977?utm_medium=api&utm_source=rss
"The Elfstones of Shannara  (The Original Shannara Trilogy, #2)",1,3.99,General Reading,2012,https://www.goodreads.com/review/show/370162963?utm_medium=api&utm_source=rss
"The Druid of Shannara (Heritage of Shannara, #2)",1,4.05,General Reading,2012,https://www.goodreads.com/review/show/370162943?utm_medium=api&utm_source=rss
"The Scions of Shannara (Heritage of Shannara, #1)",1,4.02,General Reading,2012,https://www.goodreads.com/review/show/370162933?utm_medium=api&utm_source=rss
"The Elf Queen of Shannara (Heritage of Shannara, #3)",1,4.06,General Reading,2012,https://www.goodreads.com/review/show/370162909?utm_medium=api&utm_source=rss
Life of Pi,4,3.94,General Reading,2012,https://www.goodreads.com/review/show/370162343?utm_medium=api&utm_source=rss
"The Alienist (Dr. Laszlo Kreizler, #1)",4,4.06,General Reading,2012,https://www.goodreads.com/review/show/370161714?utm_medium=api&utm_source=rss
The Haunted Mesa,3,3.79,General Reading,2012,https://www.goodreads.com/review/show/370161640?utm_medium=api&utm_source=rss
Utopia,2,3.86,General Reading,2012,https://www.goodreads.com/review/show/370161555?utm_medium=api&utm_source=rss
"Randomized Clinical Trials: Design, Practice and Reporting",3,4.0,General Reading,2012,https://www.goodreads.com/review/show/370160441?utm_medium=api&utm_source=rss
What Is Life? with Mind and Matter and Autobiographical Sketches,5,4.16,General Reading,2012,https://www.goodreads.com/review/show/370160021?utm_medium=api&utm_source=rss
"God & Golem, Inc.",2,3.64,General Reading,2012,https://www.goodreads.com/review/show/370159029?utm_medium=api&utm_source=rss
Distrust That Particular Flavor,3,3.77,General Reading,2012,https://www.goodreads.com/review/show/370157050?utm_medium=api&utm_source=rss
Blunder: Why Smart People Make Bad Decisions,2,3.54,General Reading,2012,https://www.goodreads.com/review/show/370156920?utm_medium=api&utm_source=rss
The Intelligent Universe: A New View of Creation and Evolution,3,4.03,General Reading,2012,https://www.goodreads.com/review/show/370156738?utm_medium=api&utm_source=rss
Famous First Bubbles: The Fundamentals of Early Manias,4,3.26,General Reading,2012,https://www.goodreads.com/review/show/370156293?utm_medium=api&utm_source=rss
"Deep Survival: Who Lives, Who Dies, and Why",4,3.92,General Reading,2012,https://www.goodreads.com/review/show/370155940?utm_medium=api&utm_source=rss
Invisible Cities,5,4.15,General Reading,2012,https://www.goodreads.com/review/show/370155044?utm_medium=api&utm_source=rss
"Radiance (Luminosity, #2)",2,3.81,General Reading,2012,https://www.goodreads.com/review/show/370153550?utm_medium=api&utm_source=rss
"Luminosity (Luminosity, #1)",3,3.69,General Reading,2012,https://www.goodreads.com/review/show/370153518?utm_medium=api&utm_source=rss
U.S.A.: The 42nd Parallel / 1919 / The Big Money,4,4.11,General Reading,2012,https://www.goodreads.com/review/show/370152906?utm_medium=api&utm_source=rss
Reflections of a Political Economist: Selected Articles on Government Policies and Political Processes,2,2.5,General Reading,2012,https://www.goodreads.com/review/show/370152309?utm_medium=api&utm_source=rss
Shining Steel,3,3.04,General Reading,2012,https://www.goodreads.com/review/show/370151927?utm_medium=api&utm_source=rss
Nightside City,2,3.57,General Reading,2012,https://www.goodreads.com/review/show/370151769?utm_medium=api&utm_source=rss
On the Beach,4,3.96,General Reading,2012,https://www.goodreads.com/review/show/370148415?utm_medium=api&utm_source=rss
TAZ: The Temporary Autonomous Zone (New Autonomy),3,3.98,General Reading,2012,https://www.goodreads.com/review/show/370144577?utm_medium=api&utm_source=rss
Silence,3,4.12,General Reading,2012,https://www.goodreads.com/review/show/370144077?utm_medium=api&utm_source=rss
Anti-Intellectualism in American Life,4,4.12,General Reading,2012,https://www.goodreads.com/review/show/370143435?utm_medium=api&utm_source=rss
The Zen Works of Stonehouse: Poems and Talks of a 14th-Century Chinese Hermit,2,4.45,General Reading,2012,https://www.goodreads.com/review/show/370140125?utm_medium=api&utm_source=rss
Peace on Earth,3,3.98,General Reading,2012,https://www.goodreads.com/review/show/370139907?utm_medium=api&utm_source=rss
His Master's Voice,4,4.11,General Reading,2012,https://www.goodreads.com/review/show/370139850?utm_medium=api&utm_source=rss
Li Po and Tu Fu: Poems,4,4.09,General Reading,2012,https://www.goodreads.com/review/show/370139534?utm_medium=api&utm_source=rss
Mark Lombardi: Global Networks,5,4.4,General Reading,2012,https://www.goodreads.com/review/show/370139158?utm_medium=api&utm_source=rss
"Lilith: A Snake in the Grass (The Four Lords of the Diamond, #1)",3,3.88,General Reading,2012,https://www.goodreads.com/review/show/370134157?utm_medium=api&utm_source=rss
"The Return of Nathan Brazil (Saga of the Well World, #4)",3,4.02,General Reading,2012,https://www.goodreads.com/review/show/370134039?utm_medium=api&utm_source=rss
"Twilight at the Well of Souls (Saga of the Well World, #5)",3,4.04,General Reading,2012,https://www.goodreads.com/review/show/370133999?utm_medium=api&utm_source=rss
"Cerberus: A Wolf in the Fold (The Four Lords of the Diamond, #2)",2,3.94,General Reading,2012,https://www.goodreads.com/review/show/370133887?utm_medium=api&utm_source=rss
"Charon: A Dragon at the Gate (The Four Lords of the Diamond, #3)",3,3.93,General Reading,2012,https://www.goodreads.com/review/show/370133857?utm_medium=api&utm_source=rss
"Medusa: A Tiger by the Tail (The Four Lords of the Diamond, #4)",3,3.95,General Reading,2012,https://www.goodreads.com/review/show/370133824?utm_medium=api&utm_source=rss
"Lords of the Middle Dark (Rings of the Master, #1)",4,3.82,General Reading,2012,https://www.goodreads.com/review/show/370133697?utm_medium=api&utm_source=rss
"Pirates of the Thunder (Rings of the Master, #2)",3,3.87,General Reading,2012,https://www.goodreads.com/review/show/370133682?utm_medium=api&utm_source=rss
"The Run to Chaos Keep (Quintara Marathon, #2)",1,3.7,General Reading,2012,https://www.goodreads.com/review/show/370133565?utm_medium=api&utm_source=rss
"Echoes of the Well of Souls (Watchers at the Well, #1)",3,3.86,General Reading,2012,https://www.goodreads.com/review/show/370133531?utm_medium=api&utm_source=rss
"Shadow of the Well of Souls (Watchers at the Well, #2)",3,3.84,General Reading,2012,https://www.goodreads.com/review/show/370133510?utm_medium=api&utm_source=rss
Watchers At The Well,3,4.15,General Reading,2012,https://www.goodreads.com/review/show/370133480?utm_medium=api&utm_source=rss
"Ghost of the Well of Souls (Saga of the Well World, #7)",2,3.82,General Reading,2012,https://www.goodreads.com/review/show/370133402?utm_medium=api&utm_source=rss
"Exiles at the Well of Souls (Saga of the Well World, #2)",3,3.96,General Reading,2012,https://www.goodreads.com/review/show/370133233?utm_medium=api&utm_source=rss
"Midnight at the Well of Souls (Saga of the Well World, #1)",3,3.95,General Reading,2012,https://www.goodreads.com/review/show/370133207?utm_medium=api&utm_source=rss
The Varieties of Religious Experience,4,3.98,General Reading,2012,https://www.goodreads.com/review/show/370132699?utm_medium=api&utm_source=rss
Sense and Goodness Without God: A Defense of Metaphysical Naturalism,3,3.99,General Reading,2012,https://www.goodreads.com/review/show/370132352?utm_medium=api&utm_source=rss
Why I Am Not a Christian: Four Conclusive Reasons to Reject the Faith,3,3.93,General Reading,2012,https://www.goodreads.com/review/show/370132319?utm_medium=api&utm_source=rss
Not the Impossible Faith,4,4.16,General Reading,2012,https://www.goodreads.com/review/show/370132256?utm_medium=api&utm_source=rss
Everything is Obvious: Once You Know the Answer,3,3.82,General Reading,2012,https://www.goodreads.com/review/show/370132071?utm_medium=api&utm_source=rss
Exploring the World of Lucid Dreaming,4,4.22,General Reading,2012,https://www.goodreads.com/review/show/370130677?utm_medium=api&utm_source=rss
"Race, Evolution, and Behavior: A Life History Perspective",4,3.99,General Reading,2012,https://www.goodreads.com/review/show/370130572?utm_medium=api&utm_source=rss
Foreign Babes in Beijing: Behind the Scenes of a New China,3,3.5,General Reading,2012,https://www.goodreads.com/review/show/370128194?utm_medium=api&utm_source=rss
Willpower: Rediscovering the Greatest Human Strength,5,3.94,General Reading,2012,https://www.goodreads.com/review/show/370128105?utm_medium=api&utm_source=rss
The Singers of Time,3,3.47,General Reading,2012,https://www.goodreads.com/review/show/370127781?utm_medium=api&utm_source=rss
Norstrilia,3,4.02,General Reading,2012,https://www.goodreads.com/review/show/370127248?utm_medium=api&utm_source=rss
Beelzebub's Tales to His Grandson,2,4.2,General Reading,2012,https://www.goodreads.com/review/show/370126922?utm_medium=api&utm_source=rss
"Heechee Rendezvous (Heechee Saga, #3)",3,3.85,General Reading,2012,https://www.goodreads.com/review/show/370123885?utm_medium=api&utm_source=rss
3001: The Final Odyssey,3,3.58,General Reading,2012,https://www.goodreads.com/review/show/370123681?utm_medium=api&utm_source=rss
"Rendezvous with Rama (Rama, #1)",3,4.12,General Reading,2012,https://www.goodreads.com/review/show/370123635?utm_medium=api&utm_source=rss
"Artemis Fowl (Artemis Fowl, #1)",3,3.87,General Reading,2012,https://www.goodreads.com/review/show/370122694?utm_medium=api&utm_source=rss
"The Handmaid’s Tale (The Handmaid's Tale, #1)",2,4.15,General Reading,2012,https://www.goodreads.com/review/show/370122517?utm_medium=api&utm_source=rss
"Dirk Gently's Holistic Detective Agency (Dirk Gently, #1)",4,3.98,General Reading,2012,https://www.goodreads.com/review/show/370122484?utm_medium=api&utm_source=rss
"The Long Dark Tea-Time of the Soul (Dirk Gently, #2)",3,4.05,General Reading,2012,https://www.goodreads.com/review/show/370122291?utm_medium=api&utm_source=rss
The Three Musketeers,4,4.09,General Reading,2012,https://www.goodreads.com/review/show/370121863?utm_medium=api&utm_source=rss
"Sisterhood of Dune (Schools of Dune, #1)",1,3.86,General Reading,2012,https://www.goodreads.com/review/show/370120877?utm_medium=api&utm_source=rss
"The Tombs of Atuan (Earthsea Cycle, #2)",4,4.13,General Reading,2012,https://www.goodreads.com/review/show/370120203?utm_medium=api&utm_source=rss
"Tehanu (Earthsea Cycle, #4)",4,3.98,General Reading,2012,https://www.goodreads.com/review/show/370120126?utm_medium=api&utm_source=rss
"Tales from Earthsea (Earthsea Cycle, #5)",4,3.97,General Reading,2012,https://www.goodreads.com/review/show/370120103?utm_medium=api&utm_source=rss
"The Other Wind (Earthsea Cycle, #6)",3,4.17,General Reading,2012,https://www.goodreads.com/review/show/370120074?utm_medium=api&utm_source=rss
"Fables, Vol. 17: Inherit the Wind",3,4.03,General Reading,2012,https://www.goodreads.com/review/show/370119899?utm_medium=api&utm_source=rss
"Jack of Fables, Vol. 9: The End",2,3.07,General Reading,2012,https://www.goodreads.com/review/show/370119864?utm_medium=api&utm_source=rss
"Jack of Fables, Vol. 8: The Fulminate Blade",2,3.36,General Reading,2012,https://www.goodreads.com/review/show/370119833?utm_medium=api&utm_source=rss
"Jack of Fables, Vol. 7: The New Adventures of Jack and Jack",2,3.42,General Reading,2012,https://www.goodreads.com/review/show/370119800?utm_medium=api&utm_source=rss
"Jack of Fables, Vol. 6: The Big Book of War",2,3.52,General Reading,2012,https://www.goodreads.com/review/show/370119766?utm_medium=api&utm_source=rss
"Jack of Fables, Vol. 5: Turning Pages",2,3.46,General Reading,2012,https://www.goodreads.com/review/show/370119742?utm_medium=api&utm_source=rss
"Jack of Fables, Vol. 4: Americana",2,3.49,General Reading,2012,https://www.goodreads.com/review/show/370119708?utm_medium=api&utm_source=rss
"Fables, Vol. 16: Super Team",3,3.82,General Reading,2012,https://www.goodreads.com/review/show/370119666?utm_medium=api&utm_source=rss
"Jack of Fables, Vol. 3: The Bad Prince",2,3.53,General Reading,2012,https://www.goodreads.com/review/show/370119634?utm_medium=api&utm_source=rss
"Jack of Fables, Vol. 2: Jack of Hearts",2,3.53,General Reading,2012,https://www.goodreads.com/review/show/370119594?utm_medium=api&utm_source=rss
"Jack of Fables, Vol. 1: The (Nearly) Great Escape",2,3.6,General Reading,2012,https://www.goodreads.com/review/show/370119555?utm_medium=api&utm_source=rss
"Fables, Vol. 13: The Great Fables Crossover",3,3.44,General Reading,2012,https://www.goodreads.com/review/show/370119540?utm_medium=api&utm_source=rss
"Fables, Vol. 14: Witches",3,4.13,General Reading,2012,https://www.goodreads.com/review/show/370119520?utm_medium=api&utm_source=rss
"Fables, Vol. 15: Rose Red",3,4.23,General Reading,2012,https://www.goodreads.com/review/show/370119494?utm_medium=api&utm_source=rss
"Fables, Vol. 12: The Dark Ages",3,4.22,General Reading,2012,https://www.goodreads.com/review/show/370119467?utm_medium=api&utm_source=rss
"Fables, Vol. 11: War and Pieces",3,4.25,General Reading,2012,https://www.goodreads.com/review/show/370119450?utm_medium=api&utm_source=rss
"Fables, Vol. 9: Sons of Empire",4,4.21,General Reading,2012,https://www.goodreads.com/review/show/370119407?utm_medium=api&utm_source=rss
"Fables, Vol. 10: The Good Prince",4,4.37,General Reading,2012,https://www.goodreads.com/review/show/370119406?utm_medium=api&utm_source=rss
"Fables, Vol. 7: Arabian Nights (and Days)",4,4.09,General Reading,2012,https://www.goodreads.com/review/show/370119408?utm_medium=api&utm_source=rss
"Fables, Vol. 8: Wolves",3,4.26,General Reading,2012,https://www.goodreads.com/review/show/370119319?utm_medium=api&utm_source=rss
"Fables, Vol. 5: The Mean Seasons",4,4.19,General Reading,2012,https://www.goodreads.com/review/show/370119309?utm_medium=api&utm_source=rss
"Fables, Vol. 3: Storybook Love",3,4.13,General Reading,2012,https://www.goodreads.com/review/show/370119270?utm_medium=api&utm_source=rss
"Fables, Vol. 6: Homelands",4,4.29,General Reading,2012,https://www.goodreads.com/review/show/370119240?utm_medium=api&utm_source=rss
"Fables, Vol. 2: Animal Farm",4,4.11,General Reading,2012,https://www.goodreads.com/review/show/370119193?utm_medium=api&utm_source=rss
"Fables, Vol. 4: March of the Wooden Soldiers",4,4.29,General Reading,2012,https://www.goodreads.com/review/show/370119163?utm_medium=api&utm_source=rss
"Fables, Vol. 1: Legends in Exile",4,3.98,General Reading,2012,https://www.goodreads.com/review/show/370119141?utm_medium=api&utm_source=rss
History of the Peloponnesian War,3,3.91,General Reading,2012,https://www.goodreads.com/review/show/370115987?utm_medium=api&utm_source=rss
"Vitality, Energy, Spirit: A Taoist Sourcebook (Shambhala Dragon Editions)",3,4.15,General Reading,2012,https://www.goodreads.com/review/show/370114838?utm_medium=api&utm_source=rss
"Titus Groan (Gormenghast, #1)",4,3.91,General Reading,2012,https://www.goodreads.com/review/show/370114426?utm_medium=api&utm_source=rss
"Gormenghast (Gormenghast, #2)",5,4.08,General Reading,2012,https://www.goodreads.com/review/show/370114352?utm_medium=api&utm_source=rss
"Titus Alone (Gormenghast, #3)",1,3.45,General Reading,2012,https://www.goodreads.com/review/show/370113836?utm_medium=api&utm_source=rss
Kick-Ass,4,4.06,General Reading,2012,https://www.goodreads.com/review/show/370112097?utm_medium=api&utm_source=rss
"Angels & Demons (Robert Langdon, #1)",1,3.95,General Reading,2012,https://www.goodreads.com/review/show/370110220?utm_medium=api&utm_source=rss
Madame Bovary,2,3.71,General Reading,2012,https://www.goodreads.com/review/show/370107896?utm_medium=api&utm_source=rss
The Morning of the Magicians,4,3.93,General Reading,2012,https://www.goodreads.com/review/show/370107828?utm_medium=api&utm_source=rss
"The Lost World (Professor Challenger, #1)",4,3.92,General Reading,2012,https://www.goodreads.com/review/show/370106759?utm_medium=api&utm_source=rss
Count Belisarius,4,4.06,General Reading,2012,https://www.goodreads.com/review/show/370105020?utm_medium=api&utm_source=rss
Breaking Open the Head: A Psychedelic Journey into the Heart of Contemporary Shamanism,3,4.07,General Reading,2012,https://www.goodreads.com/review/show/370104362?utm_medium=api&utm_source=rss
"Human Accomplishment: The Pursuit of Excellence in the Arts and Sciences, 800 B.C. to 1950",5,3.98,General Reading,2012,https://www.goodreads.com/review/show/370104290?utm_medium=api&utm_source=rss
"The Philosophical Baby: What Children's Minds Tell Us About Truth, Love, and the Meaning of Life",4,3.75,General Reading,2012,https://www.goodreads.com/review/show/370103849?utm_medium=api&utm_source=rss
Tomorrow's Eve,3,3.22,General Reading,2012,https://www.goodreads.com/review/show/370103491?utm_medium=api&utm_source=rss
"Captain Sir Richard Francis Burton: The Secret Agent Who Made the Pilgrimage to Mecca, Discovered the Kama Sutra and Brought the Arabian Nights to the West",4,4.26,General Reading,2012,https://www.goodreads.com/review/show/370099962?utm_medium=api&utm_source=rss
"Twisting the Rope (Black Dragon, #2)",3,3.62,General Reading,2012,https://www.goodreads.com/review/show/370095662?utm_medium=api&utm_source=rss
Beowulf,5,3.47,General Reading,2012,https://www.goodreads.com/review/show/370094705?utm_medium=api&utm_source=rss
"Little, Big",5,3.81,General Reading,2012,https://www.goodreads.com/review/show/370088977?utm_medium=api&utm_source=rss
A Farewell to Alms: A Brief Economic History of the World,5,3.74,General Reading,2012,https://www.goodreads.com/review/show/370088400?utm_medium=api&utm_source=rss
The Confessions of Aleister Crowley: An Autohagiography,5,3.98,General Reading,2012,https://www.goodreads.com/review/show/370088106?utm_medium=api&utm_source=rss
The Case of the Animals versus Man Before the King of the Jinn: An English Translation of EPISTLE 22,4,4.12,General Reading,2012,https://www.goodreads.com/review/show/370087942?utm_medium=api&utm_source=rss
A Colder War (Great Science Fiction Stories),5,4.21,General Reading,2012,https://www.goodreads.com/review/show/370085058?utm_medium=api&utm_source=rss
"A Shadow in Summer (Long Price Quartet, #1)",4,3.63,General Reading,2012,https://www.goodreads.com/review/show/370084620?utm_medium=api&utm_source=rss
The Advent of the Algorithm: The 300-Year Journey from an Idea to the Computer,3,3.43,General Reading,2012,https://www.goodreads.com/review/show/370084330?utm_medium=api&utm_source=rss
History of the Second World War,4,4.21,General Reading,2012,https://www.goodreads.com/review/show/370083525?utm_medium=api&utm_source=rss
Queen Victoria's Little Wars,4,4.14,General Reading,2012,https://www.goodreads.com/review/show/370083242?utm_medium=api&utm_source=rss
Lucky Wander Boy,4,3.53,General Reading,2012,https://www.goodreads.com/review/show/370080197?utm_medium=api&utm_source=rss
Shadow of the Giant (The Shadow #4),3,4.01,General Reading,2012,https://www.goodreads.com/review/show/370061504?utm_medium=api&utm_source=rss
"Shadow Puppets (The Shadow Series, #3)",4,3.89,General Reading,2012,https://www.goodreads.com/review/show/370061478?utm_medium=api&utm_source=rss
"Shadow of the Hegemon (The Shadow Series, #2)",3,3.96,General Reading,2012,https://www.goodreads.com/review/show/370061457?utm_medium=api&utm_source=rss
"Speaker for the Dead (Ender's Saga, #2)",3,4.1,General Reading,2012,https://www.goodreads.com/review/show/370061410?utm_medium=api&utm_source=rss
Modern Operating Systems,4,4.15,General Reading,2012,https://www.goodreads.com/review/show/370058906?utm_medium=api&utm_source=rss
Against the Day,5,4.02,General Reading,2012,https://www.goodreads.com/review/show/370057730?utm_medium=api&utm_source=rss
Mason & Dixon,3,4.14,General Reading,2012,https://www.goodreads.com/review/show/370057718?utm_medium=api&utm_source=rss
Vineland,3,3.75,General Reading,2012,https://www.goodreads.com/review/show/370057692?utm_medium=api&utm_source=rss
Gravity’s Rainbow,5,4.01,General Reading,2012,https://www.goodreads.com/review/show/370057642?utm_medium=api&utm_source=rss
The Crying of Lot 49,4,3.7,General Reading,2012,https://www.goodreads.com/review/show/370057499?utm_medium=api&utm_source=rss
"The Professor and the Madman: A Tale of Murder, Insanity and the Making of the Oxford English Dictionary",3,3.84,General Reading,2012,https://www.goodreads.com/review/show/370057474?utm_medium=api&utm_source=rss
Lord of the Flies,4,3.7,General Reading,2012,https://www.goodreads.com/review/show/370057382?utm_medium=api&utm_source=rss
Gulliver’s Travels,4,3.59,General Reading,2012,https://www.goodreads.com/review/show/370057131?utm_medium=api&utm_source=rss
James and the Giant Peach,5,4.04,General Reading,2012,https://www.goodreads.com/review/show/370056388?utm_medium=api&utm_source=rss
"The Once and Future King (The Once and Future King, #1-4)",4,4.09,General Reading,2012,https://www.goodreads.com/review/show/370055970?utm_medium=api&utm_source=rss
White Fang,4,4.0,General Reading,2012,https://www.goodreads.com/review/show/370055932?utm_medium=api&utm_source=rss
The Invisible Man,2,3.63,General Reading,2012,https://www.goodreads.com/review/show/370055869?utm_medium=api&utm_source=rss
An American Tragedy,1,3.94,General Reading,2012,https://www.goodreads.com/review/show/370055811?utm_medium=api&utm_source=rss
Anna Karenina,3,4.05,General Reading,2012,https://www.goodreads.com/review/show/370055118?utm_medium=api&utm_source=rss
Creative Destruction: How Globalization Is Changing the World's Cultures,5,3.64,General Reading,2012,https://www.goodreads.com/review/show/370054553?utm_medium=api&utm_source=rss
Macbeth,4,3.9,General Reading,2012,https://www.goodreads.com/review/show/370054375?utm_medium=api&utm_source=rss
Nickel and Dimed: On (Not) Getting By in America,4,3.65,General Reading,2012,https://www.goodreads.com/review/show/370053485?utm_medium=api&utm_source=rss
Logicomix: An Epic Search for Truth,2,4.05,General Reading,2012,https://www.goodreads.com/review/show/370053127?utm_medium=api&utm_source=rss
A Connecticut Yankee in King Arthur's Court,4,3.54,General Reading,2012,https://www.goodreads.com/review/show/370053014?utm_medium=api&utm_source=rss
Where the Sidewalk Ends,4,4.35,General Reading,2012,https://www.goodreads.com/review/show/370052894?utm_medium=api&utm_source=rss
The Autobiography of Benjamin Franklin,4,3.8,General Reading,2012,https://www.goodreads.com/review/show/370052861?utm_medium=api&utm_source=rss
"The Great Stagnation: How America Ate All The Low-Hanging Fruit of Modern History, Got Sick, and Will (Eventually) Feel Better",4,3.74,General Reading,2012,https://www.goodreads.com/review/show/370051855?utm_medium=api&utm_source=rss
Waiting for Godot,4,3.85,General Reading,2012,https://www.goodreads.com/review/show/370051690?utm_medium=api&utm_source=rss
The Complete Maus,4,4.58,General Reading,2012,https://www.goodreads.com/review/show/370051390?utm_medium=api&utm_source=rss
"The Giver (The Giver, #1)",2,4.12,General Reading,2012,https://www.goodreads.com/review/show/370049999?utm_medium=api&utm_source=rss
"Behemoth: Seppuku (Rifters, #3B)",3,3.72,General Reading,2012,https://www.goodreads.com/review/show/370049259?utm_medium=api&utm_source=rss
"Behemoth: β-Max (Rifters, #3A)",4,3.74,General Reading,2012,https://www.goodreads.com/review/show/370049245?utm_medium=api&utm_source=rss
"Maelstrom (Rifters, #2)",4,3.83,General Reading,2012,https://www.goodreads.com/review/show/370049222?utm_medium=api&utm_source=rss
"Starfish (Rifters, #1)",4,3.94,General Reading,2012,https://www.goodreads.com/review/show/370049183?utm_medium=api&utm_source=rss
The Ego Tunnel: The Science of the Mind and the Myth of the Self,4,4.1,General Reading,2012,https://www.goodreads.com/review/show/370048767?utm_medium=api&utm_source=rss
The Brothers Karamazov,4,4.37,General Reading,2012,https://www.goodreads.com/review/show/370032036?utm_medium=api&utm_source=rss
The Night Manager,2,3.82,General Reading,2012,https://www.goodreads.com/review/show/369984739?utm_medium=api&utm_source=rss
The Tailor of Panama,3,3.52,General Reading,2012,https://www.goodreads.com/review/show/369984634?utm_medium=api&utm_source=rss
A Most Wanted Man,2,3.52,General Reading,2012,https://www.goodreads.com/review/show/369984326?utm_medium=api&utm_source=rss
"Smiley's People (George Smiley, #7; Karla Trilogy, #3)",3,4.27,General Reading,2012,https://www.goodreads.com/review/show/369984278?utm_medium=api&utm_source=rss
"Tinker, Tailor, Soldier, Spy",4,4.04,General Reading,2012,https://www.goodreads.com/review/show/369984174?utm_medium=api&utm_source=rss
The Origin of Consciousness in the Breakdown of the Bicameral Mind,5,4.25,General Reading,2012,https://www.goodreads.com/review/show/369981100?utm_medium=api&utm_source=rss
Democracy in America,4,4.04,General Reading,2012,https://www.goodreads.com/review/show/369978583?utm_medium=api&utm_source=rss
The Terminal Man,2,3.42,General Reading,2012,https://www.goodreads.com/review/show/369975268?utm_medium=api&utm_source=rss
Eaters of the Dead,4,3.7,General Reading,2012,https://www.goodreads.com/review/show/369975037?utm_medium=api&utm_source=rss
Rising Sun,3,3.66,General Reading,2012,https://www.goodreads.com/review/show/369975019?utm_medium=api&utm_source=rss
Airframe,4,3.74,General Reading,2012,https://www.goodreads.com/review/show/369975011?utm_medium=api&utm_source=rss
"The Lost World (Jurassic Park, #2)",3,3.86,General Reading,2012,https://www.goodreads.com/review/show/369975006?utm_medium=api&utm_source=rss
Prey,1,3.79,General Reading,2012,https://www.goodreads.com/review/show/369974926?utm_medium=api&utm_source=rss
Congo,4,3.63,General Reading,2012,https://www.goodreads.com/review/show/369974890?utm_medium=api&utm_source=rss
Sphere,4,3.83,General Reading,2012,https://www.goodreads.com/review/show/369974867?utm_medium=api&utm_source=rss
"The Andromeda Strain (Andromeda, #1)",3,3.92,General Reading,2012,https://www.goodreads.com/review/show/369974840?utm_medium=api&utm_source=rss
Timeline,2,3.87,General Reading,2012,https://www.goodreads.com/review/show/369974824?utm_medium=api&utm_source=rss
"Jurassic Park (Jurassic Park, #1)",4,3.9,General Reading,2012,https://www.goodreads.com/review/show/369974791?utm_medium=api&utm_source=rss
"The Path of Daggers (The Wheel of Time, #8)",3,3.91,General Reading,2012,https://www.goodreads.com/review/show/369974200?utm_medium=api&utm_source=rss
"The Gathering Storm (The Wheel of Time, #12)",3,4.42,General Reading,2012,https://www.goodreads.com/review/show/369973864?utm_medium=api&utm_source=rss
"The Ghost Brigades (Old Man's War, #2)",3,4.1,General Reading,2012,https://www.goodreads.com/review/show/369973538?utm_medium=api&utm_source=rss
Rationality and the Reflective Mind,5,4.07,General Reading,2012,https://www.goodreads.com/review/show/369973082?utm_medium=api&utm_source=rss
Ghostwritten,4,4.06,General Reading,2012,https://www.goodreads.com/review/show/369971625?utm_medium=api&utm_source=rss
Number9Dream,5,3.88,General Reading,2012,https://www.goodreads.com/review/show/369971594?utm_medium=api&utm_source=rss
Cloud Atlas,4,4.02,General Reading,2012,https://www.goodreads.com/review/show/369971537?utm_medium=api&utm_source=rss
The Transparent Society: Will Technology Force Us to Choose Between Privacy and Freedom?,5,3.93,General Reading,2012,https://www.goodreads.com/review/show/369960118?utm_medium=api&utm_source=rss
The Practice Effect,1,3.74,General Reading,2012,https://www.goodreads.com/review/show/369960065?utm_medium=api&utm_source=rss
"Foundation's Triumph (Second Foundation Trilogy, #3)",3,4.01,General Reading,2012,https://www.goodreads.com/review/show/369960013?utm_medium=api&utm_source=rss
Earth,4,3.93,General Reading,2012,https://www.goodreads.com/review/show/369959981?utm_medium=api&utm_source=rss
"Brightness Reef (Uplift Storm Trilogy, #1)",3,3.92,General Reading,2012,https://www.goodreads.com/review/show/369959961?utm_medium=api&utm_source=rss
"The Eye of the World (The Wheel of Time, #1)",4,4.19,General Reading,2012,https://www.goodreads.com/review/show/369959578?utm_medium=api&utm_source=rss
Thus Spoke Zarathustra,3,4.1,General Reading,2012,https://www.goodreads.com/review/show/369959522?utm_medium=api&utm_source=rss
The Consolation of Philosophy,5,4.04,General Reading,2012,https://www.goodreads.com/review/show/369959418?utm_medium=api&utm_source=rss
On the Genealogy of Morals / Ecce Homo,3,4.17,General Reading,2012,https://www.goodreads.com/review/show/369959190?utm_medium=api&utm_source=rss
Anthem,1,3.59,General Reading,2012,https://www.goodreads.com/review/show/369959070?utm_medium=api&utm_source=rss
Tao Te Ching,4,4.33,General Reading,2012,https://www.goodreads.com/review/show/369959006?utm_medium=api&utm_source=rss
The I Ching or Book of Changes,2,4.2,General Reading,2012,https://www.goodreads.com/review/show/369958964?utm_medium=api&utm_source=rss
A Modest Proposal,4,4.04,General Reading,2012,https://www.goodreads.com/review/show/369958899?utm_medium=api&utm_source=rss
The Hero With a Thousand Faces,3,4.15,General Reading,2012,https://www.goodreads.com/review/show/369958713?utm_medium=api&utm_source=rss
Common Sense,4,3.96,General Reading,2012,https://www.goodreads.com/review/show/369958717?utm_medium=api&utm_source=rss
"Startide Rising (The Uplift Saga, #2)",4,4.05,General Reading,2012,https://www.goodreads.com/review/show/369958636?utm_medium=api&utm_source=rss
"Sundiver (The Uplift Saga, #1)",3,3.7,General Reading,2012,https://www.goodreads.com/review/show/369958372?utm_medium=api&utm_source=rss
"First King of Shannara (The Original Shannara Trilogy, #0)",1,3.97,General Reading,2012,https://www.goodreads.com/review/show/369958318?utm_medium=api&utm_source=rss
"The Wizard and the War Machine (War Surplus, #2)",1,3.57,General Reading,2012,https://www.goodreads.com/review/show/369957008?utm_medium=api&utm_source=rss
"Sea of Silver Light (Otherland, #4)",2,4.15,General Reading,2012,https://www.goodreads.com/review/show/369956939?utm_medium=api&utm_source=rss
"Mountain of Black Glass (Otherland, #3)",2,4.07,General Reading,2012,https://www.goodreads.com/review/show/369956911?utm_medium=api&utm_source=rss
"River of Blue Fire (Otherland, #2)",2,4.03,General Reading,2012,https://www.goodreads.com/review/show/369826433?utm_medium=api&utm_source=rss
The Clash of Civilizations and the Remaking of World Order,2,3.76,General Reading,2012,https://www.goodreads.com/review/show/369955823?utm_medium=api&utm_source=rss
Franz Kafka's The Castle (Dramatization),3,4.1,General Reading,2012,https://www.goodreads.com/review/show/369955764?utm_medium=api&utm_source=rss
What Technology Wants,4,3.72,General Reading,2012,https://www.goodreads.com/review/show/369955693?utm_medium=api&utm_source=rss
Zen in the Art of Archery,3,3.99,General Reading,2012,https://www.goodreads.com/review/show/369955643?utm_medium=api&utm_source=rss
Freedom Evolves,4,3.82,General Reading,2012,https://www.goodreads.com/review/show/369954717?utm_medium=api&utm_source=rss
The Wisdom of Crowds,4,3.82,General Reading,2012,https://www.goodreads.com/review/show/369954352?utm_medium=api&utm_source=rss
Breaking the Spell: Religion as a Natural Phenomenon,3,3.89,General Reading,2012,https://www.goodreads.com/review/show/369954234?utm_medium=api&utm_source=rss
"The Da Vinci Code (Robert Langdon, #2)",2,3.92,General Reading,2012,https://www.goodreads.com/review/show/369951177?utm_medium=api&utm_source=rss
Digital Fortress,1,3.71,General Reading,2012,https://www.goodreads.com/review/show/369951101?utm_medium=api&utm_source=rss
The Shallows: What the Internet is Doing to Our Brains,2,3.8,General Reading,2012,https://www.goodreads.com/review/show/369950984?utm_medium=api&utm_source=rss
Siddhartha,4,3.85,General Reading,2012,https://www.goodreads.com/review/show/369950728?utm_medium=api&utm_source=rss
Crime and Punishment,4,4.27,General Reading,2012,https://www.goodreads.com/review/show/369949812?utm_medium=api&utm_source=rss
"The Name of the Wind (The Kingkiller Chronicle, #1)",4,4.52,General Reading,2012,https://www.goodreads.com/review/show/369949598?utm_medium=api&utm_source=rss
"The Hunger Games (The Hunger Games, #1)",3,4.35,General Reading,2012,https://www.goodreads.com/review/show/369949542?utm_medium=api&utm_source=rss
The Door Into Summer,4,4.01,General Reading,2012,https://www.goodreads.com/review/show/369946704?utm_medium=api&utm_source=rss
The Cat Who Walks Through Walls,2,3.72,General Reading,2012,https://www.goodreads.com/review/show/369946657?utm_medium=api&utm_source=rss
Time Enough for Love,2,3.96,General Reading,2012,https://www.goodreads.com/review/show/369946626?utm_medium=api&utm_source=rss
"Forty Thousand in Gehenna (Unionside, #1)",2,3.81,General Reading,2012,https://www.goodreads.com/review/show/369946077?utm_medium=api&utm_source=rss
"Perdido Street Station (New Crobuzon, #1)",4,3.98,General Reading,2012,https://www.goodreads.com/review/show/369945671?utm_medium=api&utm_source=rss
"Foundation and Empire (Foundation, #2)",4,4.23,General Reading,2012,https://www.goodreads.com/review/show/369944863?utm_medium=api&utm_source=rss
Fahrenheit 451,4,3.96,General Reading,2012,https://www.goodreads.com/review/show/369944828?utm_medium=api&utm_source=rss
"Darwin's Radio (Darwin's Radio, #1)",4,3.72,General Reading,2012,https://www.goodreads.com/review/show/369944705?utm_medium=api&utm_source=rss
"Blue Mars (Mars Trilogy, #3)",4,3.94,General Reading,2012,https://www.goodreads.com/review/show/369944651?utm_medium=api&utm_source=rss
Stranger in a Strange Land,4,3.93,General Reading,2012,https://www.goodreads.com/review/show/369944408?utm_medium=api&utm_source=rss
Do Androids Dream of Electric Sheep?,3,4.08,General Reading,2012,https://www.goodreads.com/review/show/369944377?utm_medium=api&utm_source=rss
The Stars My Destination,5,4.07,General Reading,2012,https://www.goodreads.com/review/show/369944326?utm_medium=api&utm_source=rss
"Singularity Sky (Eschaton, #1)",3,3.84,General Reading,2012,https://www.goodreads.com/review/show/369944179?utm_medium=api&utm_source=rss
The Dispossessed: An Ambiguous Utopia,1,4.25,General Reading,2012,https://www.goodreads.com/review/show/369944112?utm_medium=api&utm_source=rss
Never Let Me Go,4,3.85,General Reading,2012,https://www.goodreads.com/review/show/369943972?utm_medium=api&utm_source=rss
"A Canticle for Leibowitz (St. Leibowitz, #1)",5,3.99,General Reading,2012,https://www.goodreads.com/review/show/369943959?utm_medium=api&utm_source=rss
The Man in the High Castle,4,3.63,General Reading,2012,https://www.goodreads.com/review/show/369943949?utm_medium=api&utm_source=rss
America (The Book): A Citizen's Guide to Democracy Inaction,3,4.0,General Reading,2012,https://www.goodreads.com/review/show/369943825?utm_medium=api&utm_source=rss
The Moon Is a Harsh Mistress,4,4.16,General Reading,2012,https://www.goodreads.com/review/show/369943738?utm_medium=api&utm_source=rss
"Old Man's War (Old Man's War, #1)",4,4.22,General Reading,2012,https://www.goodreads.com/review/show/369943667?utm_medium=api&utm_source=rss
"To Your Scattered Bodies Go (Riverworld, #1)",4,3.94,General Reading,2012,https://www.goodreads.com/review/show/369943620?utm_medium=api&utm_source=rss
Armor,5,4.1,General Reading,2012,https://www.goodreads.com/review/show/369943581?utm_medium=api&utm_source=rss
The Tempest,3,3.78,General Reading,2012,https://www.goodreads.com/review/show/369943155?utm_medium=api&utm_source=rss
Childhood’s End,4,4.12,General Reading,2012,https://www.goodreads.com/review/show/369942945?utm_medium=api&utm_source=rss
The Gods Themselves,2,4.1,General Reading,2012,https://www.goodreads.com/review/show/369942880?utm_medium=api&utm_source=rss
"Consider Phlebas (Culture, #1)",4,3.85,General Reading,2012,https://www.goodreads.com/review/show/369942861?utm_medium=api&utm_source=rss
Monkey Brain Sushi: New Tastes in Japanese Fiction,3,3.63,General Reading,2012,https://www.goodreads.com/review/show/369942555?utm_medium=api&utm_source=rss
Everything's Eventual,3,3.99,General Reading,2012,https://www.goodreads.com/review/show/369942264?utm_medium=api&utm_source=rss
The Running Man,4,3.89,General Reading,2012,https://www.goodreads.com/review/show/369942227?utm_medium=api&utm_source=rss
The Tommyknockers,3,3.62,General Reading,2012,https://www.goodreads.com/review/show/369942132?utm_medium=api&utm_source=rss
"Song of Susannah (The Dark Tower, #6)",2,3.98,General Reading,2012,https://www.goodreads.com/review/show/369942090?utm_medium=api&utm_source=rss
"Wolves of the Calla (The Dark Tower, #5)",2,4.19,General Reading,2012,https://www.goodreads.com/review/show/369942026?utm_medium=api&utm_source=rss
"The Dark Tower (The Dark Tower, #7)",2,4.27,General Reading,2012,https://www.goodreads.com/review/show/369942010?utm_medium=api&utm_source=rss
"Wizard and Glass (The Dark Tower, #4)",2,4.26,General Reading,2012,https://www.goodreads.com/review/show/369941958?utm_medium=api&utm_source=rss
On Writing: A Memoir of the Craft,4,4.33,General Reading,2012,https://www.goodreads.com/review/show/369941896?utm_medium=api&utm_source=rss
"The Waste Lands (The Dark Tower, #3)",3,4.25,General Reading,2012,https://www.goodreads.com/review/show/369941853?utm_medium=api&utm_source=rss
The Dead Zone,2,3.97,General Reading,2012,https://www.goodreads.com/review/show/369941825?utm_medium=api&utm_source=rss
Needful Things,3,3.98,General Reading,2012,https://www.goodreads.com/review/show/369941752?utm_medium=api&utm_source=rss
"The Drawing of the Three (The Dark Tower, #2)",2,4.23,General Reading,2012,https://www.goodreads.com/review/show/369941596?utm_medium=api&utm_source=rss
’Salem’s Lot,3,4.06,General Reading,2012,https://www.goodreads.com/review/show/369941573?utm_medium=api&utm_source=rss
"The Gunslinger (The Dark Tower, #1)",5,3.94,General Reading,2012,https://www.goodreads.com/review/show/369941489?utm_medium=api&utm_source=rss
The Stand,2,4.35,General Reading,2012,https://www.goodreads.com/review/show/369941484?utm_medium=api&utm_source=rss
Chaos: Making a New Science,2,4.03,General Reading,2012,https://www.goodreads.com/review/show/369941313?utm_medium=api&utm_source=rss
Dracula,3,4.03,General Reading,2012,https://www.goodreads.com/review/show/369941294?utm_medium=api&utm_source=rss
Charlotte’s Web,4,4.21,General Reading,2012,https://www.goodreads.com/review/show/369941111?utm_medium=api&utm_source=rss
The War of the Worlds,4,3.84,General Reading,2012,https://www.goodreads.com/review/show/369940955?utm_medium=api&utm_source=rss
Deathbird Stories,3,4.17,General Reading,2012,https://www.goodreads.com/review/show/369940938?utm_medium=api&utm_source=rss
"Voices (Annals of the Western Shore, #2)",2,3.92,General Reading,2012,https://www.goodreads.com/review/show/369940889?utm_medium=api&utm_source=rss
Down and Out in the Magic Kingdom,2,3.57,General Reading,2012,https://www.goodreads.com/review/show/369940846?utm_medium=api&utm_source=rss
The Yiddish Policemen's Union,3,3.72,General Reading,2012,https://www.goodreads.com/review/show/369940811?utm_medium=api&utm_source=rss
The Years of Rice and Salt,4,3.76,General Reading,2012,https://www.goodreads.com/review/show/369940797?utm_medium=api&utm_source=rss
"A Wizard of Earthsea (Earthsea Cycle, #1)",3,4.02,General Reading,2012,https://www.goodreads.com/review/show/369940515?utm_medium=api&utm_source=rss
We,4,3.9,General Reading,2012,https://www.goodreads.com/review/show/369940462?utm_medium=api&utm_source=rss
"Count Zero (Sprawl, #2)",3,4.03,General Reading,2012,https://www.goodreads.com/review/show/369940347?utm_medium=api&utm_source=rss
"Mona Lisa Overdrive (Sprawl, #3)",3,4.01,General Reading,2012,https://www.goodreads.com/review/show/369940253?utm_medium=api&utm_source=rss
"Idoru (Bridge, #2)",2,3.83,General Reading,2012,https://www.goodreads.com/review/show/369940231?utm_medium=api&utm_source=rss
"The First Four Years  (Little House, #9)",2,3.89,General Reading,2012,https://www.goodreads.com/review/show/369939743?utm_medium=api&utm_source=rss
"Farmer Boy (Little House, #2)",2,4.09,General Reading,2012,https://www.goodreads.com/review/show/369939728?utm_medium=api&utm_source=rss
"The Long Winter (Little House, #6)",3,4.16,General Reading,2012,https://www.goodreads.com/review/show/369939665?utm_medium=api&utm_source=rss
"By the Shores of Silver Lake  (Little House, #5)",2,4.18,General Reading,2012,https://www.goodreads.com/review/show/369939609?utm_medium=api&utm_source=rss
"Little Town on the Prairie  (Little House, #7)",4,4.19,General Reading,2012,https://www.goodreads.com/review/show/369939587?utm_medium=api&utm_source=rss
"On the Banks of Plum Creek (Little House, #4)",3,4.22,General Reading,2012,https://www.goodreads.com/review/show/369939576?utm_medium=api&utm_source=rss
"Little House on the Prairie (Little House, #3)",4,4.22,General Reading,2012,https://www.goodreads.com/review/show/369939541?utm_medium=api&utm_source=rss
"Little House in the Big Woods (Little House, #1)",4,4.21,General Reading,2012,https://www.goodreads.com/review/show/369939504?utm_medium=api&utm_source=rss
The Tokyo Zodiac Murders,4,3.91,General Reading,2012,https://www.goodreads.com/review/show/369936549?utm_medium=api&utm_source=rss
"The League of Extraordinary Gentlemen, Vol. 1",3,3.95,General Reading,2012,https://www.goodreads.com/review/show/369935839?utm_medium=api&utm_source=rss
"The League of Extraordinary Gentlemen, Vol. 2",3,3.94,General Reading,2012,https://www.goodreads.com/review/show/369935811?utm_medium=api&utm_source=rss
V for Vendetta,4,4.26,General Reading,2012,https://www.goodreads.com/review/show/369935729?utm_medium=api&utm_source=rss
Watchmen,5,4.38,General Reading,2012,https://www.goodreads.com/review/show/369935702?utm_medium=api&utm_source=rss
"Neon Genesis Evangelion, Vol. 12",2,4.42,General Reading,2012,https://www.goodreads.com/review/show/369935208?utm_medium=api&utm_source=rss
Der Mond: The Art of Neon Genesis Evangelion,4,4.35,General Reading,2012,https://www.goodreads.com/review/show/369935148?utm_medium=api&utm_source=rss
"Neon Genesis Evangelion, Vol. 10",2,4.42,General Reading,2012,https://www.goodreads.com/review/show/369934956?utm_medium=api&utm_source=rss
"Neon Genesis Evangelion, Vol. 9",2,4.36,General Reading,2012,https://www.goodreads.com/review/show/369934902?utm_medium=api&utm_source=rss
"Neon Genesis Evangelion, Vol. 8",2,4.37,General Reading,2012,https://www.goodreads.com/review/show/369934847?utm_medium=api&utm_source=rss
"Neon Genesis Evangelion, Vol. 7",2,4.39,General Reading,2012,https://www.goodreads.com/review/show/369934821?utm_medium=api&utm_source=rss
"Neon Genesis Evangelion, Vol. 6",2,4.4,General Reading,2012,https://www.goodreads.com/review/show/369934773?utm_medium=api&utm_source=rss
"Neon Genesis Evangelion, Vol. 4",3,4.32,General Reading,2012,https://www.goodreads.com/review/show/369934739?utm_medium=api&utm_source=rss
"Neon Genesis Evangelion, Vol. 3",3,4.34,General Reading,2012,https://www.goodreads.com/review/show/369934705?utm_medium=api&utm_source=rss
"Neon Genesis Evangelion, Vol. 5",3,4.34,General Reading,2012,https://www.goodreads.com/review/show/369934664?utm_medium=api&utm_source=rss
"Neon Genesis Evangelion, Vol. 2",3,4.27,General Reading,2012,https://www.goodreads.com/review/show/369934634?utm_medium=api&utm_source=rss
"Neon Genesis Evangelion, Vol. 1",4,4.22,General Reading,2012,https://www.goodreads.com/review/show/369934522?utm_medium=api&utm_source=rss
"Gunnerkrigg Court, Volume 1: Orientation (Gunnerkrigg Court #1)",2,4.22,General Reading,2012,https://www.goodreads.com/review/show/369933112?utm_medium=api&utm_source=rss
"Yotsuba&!, Vol. 1 (Yotsuba&!, #1)",4,4.34,General Reading,2012,https://www.goodreads.com/review/show/369933016?utm_medium=api&utm_source=rss
From Hell,4,4.19,General Reading,2012,https://www.goodreads.com/review/show/369932378?utm_medium=api&utm_source=rss
"The Invisibles, Vol. 7: The Invisible Kingdom",4,4.19,General Reading,2012,https://www.goodreads.com/review/show/369931862?utm_medium=api&utm_source=rss
"The Invisibles, Vol. 5: Counting to None",3,4.2,General Reading,2012,https://www.goodreads.com/review/show/369931682?utm_medium=api&utm_source=rss
"The Invisibles, Vol. 6: Kissing Mister Quimper",4,4.25,General Reading,2012,https://www.goodreads.com/review/show/369931683?utm_medium=api&utm_source=rss
"The Invisibles, Vol. 4: Bloody Hell in America",3,4.18,General Reading,2012,https://www.goodreads.com/review/show/369931597?utm_medium=api&utm_source=rss
"The Invisibles, Vol. 2: Apocalipstick",3,4.23,General Reading,2012,https://www.goodreads.com/review/show/369931111?utm_medium=api&utm_source=rss
"The Invisibles, Volume 1: Say You Want a Revolution",4,3.96,General Reading,2012,https://www.goodreads.com/review/show/369931046?utm_medium=api&utm_source=rss
"100 Bullets, Vol. 7: Samurai",2,4.07,General Reading,2012,https://www.goodreads.com/review/show/369930269?utm_medium=api&utm_source=rss
"100 Bullets, Vol. 8: The Hard Way",2,4.2,General Reading,2012,https://www.goodreads.com/review/show/369930226?utm_medium=api&utm_source=rss
"100 Bullets, Vol. 6: Six Feet Under the Gun",2,4.12,General Reading,2012,https://www.goodreads.com/review/show/369930248?utm_medium=api&utm_source=rss
"100 Bullets, Vol. 5: The Counterfifth Detective",2,4.1,General Reading,2012,https://www.goodreads.com/review/show/369930174?utm_medium=api&utm_source=rss
"100 Bullets, Vol. 4: A Foregone Tomorrow",2,4.1,General Reading,2012,https://www.goodreads.com/review/show/369930166?utm_medium=api&utm_source=rss
"100 Bullets, Vol. 3: Hang Up on the Hang Low",3,4.1,General Reading,2012,https://www.goodreads.com/review/show/369930136?utm_medium=api&utm_source=rss
"100 Bullets, Vol. 2: Split Second Chance",3,4.09,General Reading,2012,https://www.goodreads.com/review/show/369930115?utm_medium=api&utm_source=rss
"100 Bullets, Vol. 1: First Shot, Last Call",3,3.86,General Reading,2012,https://www.goodreads.com/review/show/369930065?utm_medium=api&utm_source=rss
300,4,3.98,General Reading,2012,https://www.goodreads.com/review/show/369929950?utm_medium=api&utm_source=rss
Batman: The Dark Knight Returns,4,4.26,General Reading,2012,https://www.goodreads.com/review/show/369929905?utm_medium=api&utm_source=rss
"Y: The Last Man, Vol. 10: Whys and Wherefores",2,4.33,General Reading,2012,https://www.goodreads.com/review/show/369929819?utm_medium=api&utm_source=rss
"Y: The Last Man, Vol. 6: Girl on Girl",3,4.2,General Reading,2012,https://www.goodreads.com/review/show/369929352?utm_medium=api&utm_source=rss
"Y: The Last Man, Vol. 8: Kimono Dragons",3,4.21,General Reading,2012,https://www.goodreads.com/review/show/369929295?utm_medium=api&utm_source=rss
"Y: The Last Man, Vol. 9: Motherland",3,4.25,General Reading,2012,https://www.goodreads.com/review/show/369929263?utm_medium=api&utm_source=rss
"Y: The Last Man, Vol. 4: Safeword",3,4.25,General Reading,2012,https://www.goodreads.com/review/show/369929237?utm_medium=api&utm_source=rss
"Y: The Last Man, Vol. 7: Paper Dolls",3,4.22,General Reading,2012,https://www.goodreads.com/review/show/369929196?utm_medium=api&utm_source=rss
"Y: The Last Man, Vol. 3: One Small Step",3,4.21,General Reading,2012,https://www.goodreads.com/review/show/369929185?utm_medium=api&utm_source=rss
"Y: The Last Man, Vol. 5: Ring of Truth",3,4.27,General Reading,2012,https://www.goodreads.com/review/show/369929161?utm_medium=api&utm_source=rss
"Y: The Last Man, Vol. 2: Cycles",3,4.22,General Reading,2012,https://www.goodreads.com/review/show/369929160?utm_medium=api&utm_source=rss
"Y: The Last Man, Vol. 1: Unmanned",4,4.08,General Reading,2012,https://www.goodreads.com/review/show/369929095?utm_medium=api&utm_source=rss
"Flight, Vol. 1 (Flight, #1)",4,3.88,General Reading,2012,https://www.goodreads.com/review/show/369928922?utm_medium=api&utm_source=rss
Zot!: The Complete Black-and-White Collection: 1987-1991,3,4.06,General Reading,2012,https://www.goodreads.com/review/show/369928748?utm_medium=api&utm_source=rss
Understanding Comics: The Invisible Art,5,3.99,General Reading,2012,https://www.goodreads.com/review/show/369928702?utm_medium=api&utm_source=rss
"Harry Potter and the Chamber of Secrets (Harry Potter, #2)",4,4.42,General Reading,2012,https://www.goodreads.com/review/show/369928594?utm_medium=api&utm_source=rss
"Harry Potter and the Order of the Phoenix (Harry Potter, #5)",4,4.5,General Reading,2012,https://www.goodreads.com/review/show/369928570?utm_medium=api&utm_source=rss
"Harry Potter and the Goblet of Fire (Harry Potter, #4)",2,4.56,General Reading,2012,https://www.goodreads.com/review/show/369928504?utm_medium=api&utm_source=rss
"Harry Potter and the Prisoner of Azkaban (Harry Potter, #3)",4,4.57,General Reading,2012,https://www.goodreads.com/review/show/369928478?utm_medium=api&utm_source=rss
"Harry Potter and the Deathly Hallows (Harry Potter, #7)",3,4.61,General Reading,2012,https://www.goodreads.com/review/show/369928438?utm_medium=api&utm_source=rss
"The 4-Hour Body: An Uncommon Guide to Rapid Fat-Loss, Incredible Sex, and Becoming Superhuman",1,3.68,General Reading,2012,https://www.goodreads.com/review/show/369928272?utm_medium=api&utm_source=rss
The 4-Hour Workweek,3,3.92,General Reading,2012,https://www.goodreads.com/review/show/369928235?utm_medium=api&utm_source=rss
Our Posthuman Future: Consequences of the Biotechnology Revolution,2,3.42,General Reading,2012,https://www.goodreads.com/review/show/369928107?utm_medium=api&utm_source=rss
To Kill a Mockingbird,2,4.26,General Reading,2012,https://www.goodreads.com/review/show/369927972?utm_medium=api&utm_source=rss
Of Mice and Men,2,3.89,General Reading,2012,https://www.goodreads.com/review/show/369927913?utm_medium=api&utm_source=rss
A Tale of Two Cities,3,3.86,General Reading,2012,https://www.goodreads.com/review/show/369927854?utm_medium=api&utm_source=rss
Memoirs of a Geisha,2,4.07,General Reading,2012,https://www.goodreads.com/review/show/369927835?utm_medium=api&utm_source=rss
The Diary of a Young Girl,4,4.19,General Reading,2012,https://www.goodreads.com/review/show/369927698?utm_medium=api&utm_source=rss
The Time Traveler's Wife,3,3.9,General Reading,2012,https://www.goodreads.com/review/show/369927565?utm_medium=api&utm_source=rss
Being Wrong: Adventures in the Margin of Error,3,3.87,General Reading,2012,https://www.goodreads.com/review/show/369926395?utm_medium=api&utm_source=rss
"Beyond the Hoax: Science, Philosophy and Culture",3,3.65,General Reading,2012,https://www.goodreads.com/review/show/369926342?utm_medium=api&utm_source=rss
The 10000 Year Explosion: How Civilization Accelerated Human Evolution,4,3.91,General Reading,2012,https://www.goodreads.com/review/show/369924328?utm_medium=api&utm_source=rss
"The Information: A History, a Theory, a Flood",3,4.03,General Reading,2012,https://www.goodreads.com/review/show/369924282?utm_medium=api&utm_source=rss
The Tale of Genji,4,3.72,General Reading,2012,https://www.goodreads.com/review/show/369923546?utm_medium=api&utm_source=rss
Hell is the Absence of God,5,4.03,General Reading,2012,https://www.goodreads.com/review/show/369923213?utm_medium=api&utm_source=rss
The Lifecycle of Software Objects,3,3.91,General Reading,2012,https://www.goodreads.com/review/show/369923132?utm_medium=api&utm_source=rss
"Doomsday Book (Oxford Time Travel, #1)",3,4.02,General Reading,2012,https://www.goodreads.com/review/show/369922731?utm_medium=api&utm_source=rss
Feersum Endjinn,2,3.86,General Reading,2012,https://www.goodreads.com/review/show/369922680?utm_medium=api&utm_source=rss
"To Say Nothing of the Dog (Oxford Time Travel, #2)",3,4.1,General Reading,2012,https://www.goodreads.com/review/show/369922025?utm_medium=api&utm_source=rss
"The Silence of the Lambs  (Hannibal Lecter, #2)",4,4.25,General Reading,2012,https://www.goodreads.com/review/show/369916797?utm_medium=api&utm_source=rss
King Lear,3,3.91,General Reading,2012,https://www.goodreads.com/review/show/369916087?utm_medium=api&utm_source=rss
I Am Legend,3,4.06,General Reading,2012,https://www.goodreads.com/review/show/369915992?utm_medium=api&utm_source=rss
Flowers for Algernon,4,4.21,General Reading,2012,https://www.goodreads.com/review/show/369915881?utm_medium=api&utm_source=rss
The Master of Go (Vintage International),3,3.87,General Reading,2012,https://www.goodreads.com/review/show/369915568?utm_medium=api&utm_source=rss
Collapse: How Societies Choose to Fail or Succeed,4,3.93,General Reading,2012,https://www.goodreads.com/review/show/369913940?utm_medium=api&utm_source=rss
Sophie’s World,3,3.95,General Reading,2012,https://www.goodreads.com/review/show/369913858?utm_medium=api&utm_source=rss
The Hunting of the Snark,4,4.14,General Reading,2012,https://www.goodreads.com/review/show/369912563?utm_medium=api&utm_source=rss
Two Treatises of Government,3,3.87,General Reading,2012,https://www.goodreads.com/review/show/369911773?utm_medium=api&utm_source=rss
Philosophical Investigations,4,4.26,General Reading,2012,https://www.goodreads.com/review/show/369911729?utm_medium=api&utm_source=rss
Trainspotting,1,4.05,General Reading,2012,https://www.goodreads.com/review/show/369911446?utm_medium=api&utm_source=rss
Daughter of Regals and Other Tales,3,3.8,General Reading,2012,https://www.goodreads.com/review/show/369909781?utm_medium=api&utm_source=rss
Reave the Just and Other Tales,4,3.92,General Reading,2012,https://www.goodreads.com/review/show/369909834?utm_medium=api&utm_source=rss
The Second Chronicles of Thomas Covenant (The Second Chronicles of Thomas Covenant #1-3),3,4.02,General Reading,2012,https://www.goodreads.com/review/show/369909744?utm_medium=api&utm_source=rss
"Fatal Revenant (The Last Chronicles of Thomas Covenant, #2)",3,3.84,General Reading,2012,https://www.goodreads.com/review/show/369909728?utm_medium=api&utm_source=rss
The Runes of the Earth (The Last Chronicles of Thomas Covenant #1),3,3.77,General Reading,2012,https://www.goodreads.com/review/show/369909662?utm_medium=api&utm_source=rss
"The Gap Into Vision: Forbidden Knowledge (Gap, #2)",4,3.99,General Reading,2012,https://www.goodreads.com/review/show/369909612?utm_medium=api&utm_source=rss
The Gap Into Conflict: The Real Story (The Gap Cycle #1),4,3.71,General Reading,2012,https://www.goodreads.com/review/show/369909486?utm_medium=api&utm_source=rss
"The Chronicles of Thomas Covenant, the Unbeliever (The Chronicles of Thomas Covenant the Unbeliever, #1-3)",4,3.81,General Reading,2012,https://www.goodreads.com/review/show/369909444?utm_medium=api&utm_source=rss
"A Man Rides Through (Mordant's Need, #2)",4,4.03,General Reading,2012,https://www.goodreads.com/review/show/369909400?utm_medium=api&utm_source=rss
"The Mirror of Her Dreams (Mordant's Need, #1)",4,3.93,General Reading,2012,https://www.goodreads.com/review/show/369909373?utm_medium=api&utm_source=rss
"The One Tree (The Second Chronicles of Thomas Covenant, #2)",3,4.0,General Reading,2012,https://www.goodreads.com/review/show/369909312?utm_medium=api&utm_source=rss
"White Gold Wielder (The Second Chronicles of Thomas Covenant, #3)",3,4.06,General Reading,2012,https://www.goodreads.com/review/show/369909291?utm_medium=api&utm_source=rss
"The Wounded Land (The Second Chronicles of Thomas Covenant, #1)",3,4.0,General Reading,2012,https://www.goodreads.com/review/show/369909269?utm_medium=api&utm_source=rss
"The Illearth War (The Chronicles of Thomas Covenant the Unbeliever, #2)",4,4.02,General Reading,2012,https://www.goodreads.com/review/show/369909251?utm_medium=api&utm_source=rss
"Lord Foul's Bane (The Chronicles of Thomas Covenant the Unbeliever, #1)",3,3.72,General Reading,2012,https://www.goodreads.com/review/show/369909225?utm_medium=api&utm_source=rss
"Guns, Germs, and Steel: The Fates of Human Societies",4,4.03,General Reading,2012,https://www.goodreads.com/review/show/369908754?utm_medium=api&utm_source=rss
The Catcher in the Rye,2,3.81,General Reading,2012,https://www.goodreads.com/review/show/369908217?utm_medium=api&utm_source=rss
The Power of Myth,3,4.26,General Reading,2012,https://www.goodreads.com/review/show/369907932?utm_medium=api&utm_source=rss
The Art of War,4,3.97,General Reading,2012,https://www.goodreads.com/review/show/369907732?utm_medium=api&utm_source=rss
Strategy,5,4.08,General Reading,2012,https://www.goodreads.com/review/show/369907676?utm_medium=api&utm_source=rss
Coup d'État: A Practical Handbook,4,3.99,General Reading,2012,https://www.goodreads.com/review/show/369907008?utm_medium=api&utm_source=rss
The Grand Strategy of the Byzantine Empire,5,3.96,General Reading,2012,https://www.goodreads.com/review/show/369906934?utm_medium=api&utm_source=rss
Getting Things Done: The Art of Stress-Free Productivity,3,4.0,General Reading,2012,https://www.goodreads.com/review/show/369901194?utm_medium=api&utm_source=rss
The 7 Habits of Highly Effective People: Powerful Lessons in Personal Change,2,4.16,General Reading,2012,https://www.goodreads.com/review/show/369901058?utm_medium=api&utm_source=rss
II Cybernetic Frontiers,2,3.85,General Reading,2012,https://www.goodreads.com/review/show/369896743?utm_medium=api&utm_source=rss
Whole Earth Discipline: An Ecopragmatist Manifesto,4,4.11,General Reading,2012,https://www.goodreads.com/review/show/369896675?utm_medium=api&utm_source=rss
Clock of the Long Now: Time and Responsibility: The Ideas Behind the World's Slowest Computer,5,4.1,General Reading,2012,https://www.goodreads.com/review/show/369896613?utm_medium=api&utm_source=rss
How Buildings Learn: What Happens After They're Built,4,4.34,General Reading,2012,https://www.goodreads.com/review/show/369896585?utm_medium=api&utm_source=rss
If on a Winter's Night a Traveler,3,4.04,General Reading,2012,https://www.goodreads.com/review/show/369890913?utm_medium=api&utm_source=rss
"The Two Towers (The Lord of the Rings, #2)",3,4.45,General Reading,2012,https://www.goodreads.com/review/show/369890791?utm_medium=api&utm_source=rss
"The Return of the King (The Lord of the Rings, #3)",4,4.54,General Reading,2012,https://www.goodreads.com/review/show/369890769?utm_medium=api&utm_source=rss
The Silmarillion,4,4.0,General Reading,2012,https://www.goodreads.com/review/show/369890734?utm_medium=api&utm_source=rss
The End of Eternity,3,4.22,General Reading,2012,https://www.goodreads.com/review/show/369890689?utm_medium=api&utm_source=rss
The Alchemist,3,3.85,General Reading,2012,https://www.goodreads.com/review/show/369890524?utm_medium=api&utm_source=rss
Pride and Prejudice,2,4.28,General Reading,2012,https://www.goodreads.com/review/show/369890450?utm_medium=api&utm_source=rss
The Count of Monte Cristo,4,4.3,General Reading,2012,https://www.goodreads.com/review/show/369890352?utm_medium=api&utm_source=rss
The Trial,3,3.99,General Reading,2012,https://www.goodreads.com/review/show/369890295?utm_medium=api&utm_source=rss
"Good Omens: The Nice and Accurate Prophecies of Agnes Nutter, Witch",4,4.26,General Reading,2012,https://www.goodreads.com/review/show/369890210?utm_medium=api&utm_source=rss
"The Color of Magic (Discworld, #1; Rincewind, #1)",3,4.04,General Reading,2012,https://www.goodreads.com/review/show/369890191?utm_medium=api&utm_source=rss
"Mort (Discworld, #4; Death, #1)",3,4.24,General Reading,2012,https://www.goodreads.com/review/show/369890172?utm_medium=api&utm_source=rss
"Guards! Guards! (Discworld, #8; City Watch, #1)",3,4.33,General Reading,2012,https://www.goodreads.com/review/show/369890154?utm_medium=api&utm_source=rss
"Night Watch (Discworld, #29; City Watch, #6)",4,4.49,General Reading,2012,https://www.goodreads.com/review/show/369890094?utm_medium=api&utm_source=rss
Hogfather,4,4.25,General Reading,2012,https://www.goodreads.com/review/show/369890058?utm_medium=api&utm_source=rss
"Reaper Man (Discworld, #11; Death, #2)",3,4.28,General Reading,2012,https://www.goodreads.com/review/show/369890016?utm_medium=api&utm_source=rss
"Sourcery (Discworld, #5; Rincewind, #3)",3,3.9,General Reading,2012,https://www.goodreads.com/review/show/369889936?utm_medium=api&utm_source=rss
"Monstrous Regiment (Discworld, #31; Industrial Revolution, #3)",3,4.24,General Reading,2012,https://www.goodreads.com/review/show/369889927?utm_medium=api&utm_source=rss
"Moving Pictures (Discworld, #10; Industrial Revolution, #1)",3,3.97,General Reading,2012,https://www.goodreads.com/review/show/369889862?utm_medium=api&utm_source=rss
"The Wonderful Wizard of Oz (Oz, #1)",4,4.0,General Reading,2012,https://www.goodreads.com/review/show/369889758?utm_medium=api&utm_source=rss
Alice in Wonderland,5,4.03,General Reading,2012,https://www.goodreads.com/review/show/369889740?utm_medium=api&utm_source=rss
The Picture of Dorian Gray,4,4.13,General Reading,2012,https://www.goodreads.com/review/show/369889665?utm_medium=api&utm_source=rss
Dubliners,3,3.79,General Reading,2012,https://www.goodreads.com/review/show/369889649?utm_medium=api&utm_source=rss
"2001: A Space Odyssey (Space Odyssey, #1)",4,4.17,General Reading,2012,https://www.goodreads.com/review/show/369889584?utm_medium=api&utm_source=rss
Lord of Light,4,4.07,General Reading,2012,https://www.goodreads.com/review/show/369889542?utm_medium=api&utm_source=rss
The Stranger,3,4.04,General Reading,2012,https://www.goodreads.com/review/show/369889465?utm_medium=api&utm_source=rss
The Little Prince,4,4.33,General Reading,2012,https://www.goodreads.com/review/show/369889441?utm_medium=api&utm_source=rss
The God Delusion,3,3.89,General Reading,2012,https://www.goodreads.com/review/show/369889369?utm_medium=api&utm_source=rss
A Portrait of the Artist as a Young Man,3,3.64,General Reading,2012,https://www.goodreads.com/review/show/369889352?utm_medium=api&utm_source=rss
"Antigone (Theban Plays, #3)",2,3.7,General Reading,2012,https://www.goodreads.com/review/show/369889237?utm_medium=api&utm_source=rss
The Pickwick Papers,1,3.84,General Reading,2012,https://www.goodreads.com/review/show/369889101?utm_medium=api&utm_source=rss
The Magic Goes Away,3,3.67,General Reading,2012,https://www.goodreads.com/review/show/369888863?utm_medium=api&utm_source=rss
N-Space,3,3.93,General Reading,2012,https://www.goodreads.com/review/show/369888753?utm_medium=api&utm_source=rss
Flatlander (Known Space),3,3.97,General Reading,2012,https://www.goodreads.com/review/show/369888725?utm_medium=api&utm_source=rss
The World of Ptavvs (Known Space),2,3.83,General Reading,2012,https://www.goodreads.com/review/show/369888709?utm_medium=api&utm_source=rss
"The Man-Kzin Wars (Man-Kzin Wars, #1)",4,3.69,General Reading,2012,https://www.goodreads.com/review/show/369888644?utm_medium=api&utm_source=rss
"A World Out of Time (The State, #1)",3,3.79,General Reading,2012,https://www.goodreads.com/review/show/369888579?utm_medium=api&utm_source=rss
Tales of Known Space: The Universe of Larry Niven (Known Space),4,4.19,General Reading,2012,https://www.goodreads.com/review/show/369888533?utm_medium=api&utm_source=rss
"The Integral Trees (The State, #2)",3,3.76,General Reading,2012,https://www.goodreads.com/review/show/369888543?utm_medium=api&utm_source=rss
Ringworld's Children (Ringworld #4),3,3.76,General Reading,2012,https://www.goodreads.com/review/show/369888503?utm_medium=api&utm_source=rss
The Integral Trees / The Smoke Ring,2,3.72,General Reading,2012,https://www.goodreads.com/review/show/369888469?utm_medium=api&utm_source=rss
The Ringworld Throne (Ringworld #3),3,3.57,General Reading,2012,https://www.goodreads.com/review/show/369888454?utm_medium=api&utm_source=rss
"The Gripping Hand (Moties, #2)",4,3.83,General Reading,2012,https://www.goodreads.com/review/show/369888431?utm_medium=api&utm_source=rss
The Ringworld Engineers (Ringworld #2),3,3.89,General Reading,2012,https://www.goodreads.com/review/show/369888384?utm_medium=api&utm_source=rss
The Big U,4,3.26,General Reading,2012,https://www.goodreads.com/review/show/369888089?utm_medium=api&utm_source=rss
"Megatokyo, Volume 4",3,4.06,General Reading,2012,https://www.goodreads.com/review/show/369887300?utm_medium=api&utm_source=rss
"Megatokyo, Volume 3",2,4.0,General Reading,2012,https://www.goodreads.com/review/show/369887261?utm_medium=api&utm_source=rss
"Megatokyo, Volume 2",2,3.95,General Reading,2012,https://www.goodreads.com/review/show/369887221?utm_medium=api&utm_source=rss
"Megatokyo, Volume 1",3,3.7,General Reading,2012,https://www.goodreads.com/review/show/369887186?utm_medium=api&utm_source=rss
"The Hunt for Red October (Jack Ryan, #3)",4,4.11,General Reading,2012,https://www.goodreads.com/review/show/369887051?utm_medium=api&utm_source=rss
Future Shock,2,3.81,General Reading,2012,https://www.goodreads.com/review/show/369886333?utm_medium=api&utm_source=rss
Tao of Jeet Kune Do,4,4.35,General Reading,2012,https://www.goodreads.com/review/show/369884598?utm_medium=api&utm_source=rss
Computer Lib/Dream Machines,2,4.43,General Reading,2012,https://www.goodreads.com/review/show/369884399?utm_medium=api&utm_source=rss
"Marooned in Realtime (Across Realtime, #2)",3,4.1,General Reading,2012,https://www.goodreads.com/review/show/369884309?utm_medium=api&utm_source=rss
A Brief History of Time,4,4.22,General Reading,2012,https://www.goodreads.com/review/show/369884259?utm_medium=api&utm_source=rss
"The Great Hunt (The Wheel of Time, #2)",3,4.25,General Reading,2012,https://www.goodreads.com/review/show/369884233?utm_medium=api&utm_source=rss
"The System of the World (The Baroque Cycle, #3)",3,4.33,General Reading,2012,https://www.goodreads.com/review/show/369883900?utm_medium=api&utm_source=rss
"The Confusion (The Baroque Cycle, #2)",3,4.26,General Reading,2012,https://www.goodreads.com/review/show/369883887?utm_medium=api&utm_source=rss
Cryptonomicon,4,4.24,General Reading,2012,https://www.goodreads.com/review/show/369883868?utm_medium=api&utm_source=rss
"Quicksilver (The Baroque Cycle, #1)",3,3.91,General Reading,2012,https://www.goodreads.com/review/show/369883876?utm_medium=api&utm_source=rss
"The Diamond Age: Or, a Young Lady's Illustrated Primer",4,4.17,General Reading,2012,https://www.goodreads.com/review/show/369883841?utm_medium=api&utm_source=rss
Anathem,4,4.17,General Reading,2012,https://www.goodreads.com/review/show/369883439?utm_medium=api&utm_source=rss
Ringworld,4,3.58,General Reading,2012,https://www.goodreads.com/review/show/369883312?utm_medium=api&utm_source=rss
The Instrumentality of Mankind,4,4.11,General Reading,2012,https://www.goodreads.com/review/show/369882796?utm_medium=api&utm_source=rss
The Red Queen: Sex and the Evolution of Human Nature,4,4.05,General Reading,2012,https://www.goodreads.com/review/show/369882727?utm_medium=api&utm_source=rss
Principia Discordia ● Or ● How I Found Goddess and What I Did to Her When I Found Her: The Magnum Opiate of Malaclypse the Younger,3,4.26,General Reading,2012,https://www.goodreads.com/review/show/369881659?utm_medium=api&utm_source=rss
"Xenocide (Ender's Saga, #3)",2,3.81,General Reading,2012,https://www.goodreads.com/review/show/369881629?utm_medium=api&utm_source=rss
"Ender's Shadow (The Shadow Series, #1)",4,4.32,General Reading,2012,https://www.goodreads.com/review/show/369881610?utm_medium=api&utm_source=rss
"Children of the Mind (Ender's Saga, #4)",3,3.77,General Reading,2012,https://www.goodreads.com/review/show/369881558?utm_medium=api&utm_source=rss
Quantum Psychology: How Brain Software Programs You & Your World,4,4.23,General Reading,2012,https://www.goodreads.com/review/show/369881059?utm_medium=api&utm_source=rss
Schrödinger's Cat Trilogy,4,4.09,General Reading,2012,https://www.goodreads.com/review/show/369881015?utm_medium=api&utm_source=rss
1984,5,4.15,General Reading,2012,https://www.goodreads.com/review/show/369880943?utm_medium=api&utm_source=rss
Animal Farm,4,3.9,General Reading,2012,https://www.goodreads.com/review/show/369880841?utm_medium=api&utm_source=rss
Atlas Shrugged,1,3.67,General Reading,2012,https://www.goodreads.com/review/show/369880802?utm_medium=api&utm_source=rss
The Poisonwood Bible,4,4.11,General Reading,2012,https://www.goodreads.com/review/show/369880757?utm_medium=api&utm_source=rss
The Fountainhead,1,3.87,General Reading,2012,https://www.goodreads.com/review/show/369880704?utm_medium=api&utm_source=rss
Heart of Darkness,5,3.43,General Reading,2012,https://www.goodreads.com/review/show/369880661?utm_medium=api&utm_source=rss
The Metamorphosis,2,3.91,General Reading,2012,https://www.goodreads.com/review/show/369880483?utm_medium=api&utm_source=rss
"Zen and the Art of Motorcycle Maintenance: An Inquiry Into Values (Phaedrus, #1)",4,3.78,General Reading,2012,https://www.goodreads.com/review/show/369880356?utm_medium=api&utm_source=rss
The Curious Incident of the Dog in the Night-Time,3,3.89,General Reading,2012,https://www.goodreads.com/review/show/369880276?utm_medium=api&utm_source=rss
The World Is Flat: A Brief History of the Twenty-first Century,1,3.69,General Reading,2012,https://www.goodreads.com/review/show/369880210?utm_medium=api&utm_source=rss
Confessions of an Economic Hit Man,2,3.85,General Reading,2012,https://www.goodreads.com/review/show/369879955?utm_medium=api&utm_source=rss
The Black Swan: The Impact of the Highly Improbable,4,3.97,General Reading,2012,https://www.goodreads.com/review/show/369879890?utm_medium=api&utm_source=rss
Outliers: The Story of Success,3,4.19,General Reading,2012,https://www.goodreads.com/review/show/369879746?utm_medium=api&utm_source=rss
"Blood Meridian, or, the Evening Redness in the West",4,4.17,General Reading,2012,https://www.goodreads.com/review/show/369879556?utm_medium=api&utm_source=rss
"Oh, the Places You’ll Go!",4,4.37,General Reading,2012,https://www.goodreads.com/review/show/369879102?utm_medium=api&utm_source=rss
Mindfulness in Plain English,4,4.13,General Reading,2012,https://www.goodreads.com/review/show/369877824?utm_medium=api&utm_source=rss
Drive: The Surprising Truth About What Motivates Us,3,3.94,General Reading,2012,https://www.goodreads.com/review/show/369877766?utm_medium=api&utm_source=rss
Gates of Fire,4,4.4,General Reading,2012,https://www.goodreads.com/review/show/369877351?utm_medium=api&utm_source=rss
"Whirlwind (Asian Saga, #6)",2,3.84,General Reading,2012,https://www.goodreads.com/review/show/369876640?utm_medium=api&utm_source=rss
"Gai-Jin (Asian Saga, #3)",2,3.87,General Reading,2012,https://www.goodreads.com/review/show/369876606?utm_medium=api&utm_source=rss
"King Rat (Asian Saga, #4)",4,4.15,General Reading,2012,https://www.goodreads.com/review/show/369876590?utm_medium=api&utm_source=rss
"Noble House (Asian Saga, #5)",4,4.26,General Reading,2012,https://www.goodreads.com/review/show/369876576?utm_medium=api&utm_source=rss
"Tai-Pan (Asian Saga, #2)",4,4.29,General Reading,2012,https://www.goodreads.com/review/show/369876565?utm_medium=api&utm_source=rss
"Shōgun (Asian Saga, #1)",2,4.38,General Reading,2012,https://www.goodreads.com/review/show/369876521?utm_medium=api&utm_source=rss
Learning GNU Emacs,4,3.66,General Reading,2012,https://www.goodreads.com/review/show/369875546?utm_medium=api&utm_source=rss
Prometheus Rising,3,4.25,General Reading,2012,https://www.goodreads.com/review/show/369875503?utm_medium=api&utm_source=rss
The Soul of a New Machine,4,4.1,General Reading,2012,https://www.goodreads.com/review/show/369875480?utm_medium=api&utm_source=rss
The Blind Watchmaker: Why the Evidence of Evolution Reveals a Universe Without Design,3,4.09,General Reading,2012,https://www.goodreads.com/review/show/369875250?utm_medium=api&utm_source=rss
"The Fires of Heaven (The Wheel of Time, #5)",4,4.2,General Reading,2012,https://www.goodreads.com/review/show/369875187?utm_medium=api&utm_source=rss
"Lord of Chaos (The Wheel of Time, #6)",4,4.18,General Reading,2012,https://www.goodreads.com/review/show/369875169?utm_medium=api&utm_source=rss
"A Crown of Swords (The Wheel of Time, #7)",3,4.05,General Reading,2012,https://www.goodreads.com/review/show/369875154?utm_medium=api&utm_source=rss
"Crossroads of Twilight (The Wheel of Time, #10)",3,3.76,General Reading,2012,https://www.goodreads.com/review/show/369875124?utm_medium=api&utm_source=rss
"Winter's Heart (The Wheel of Time, #9)",2,3.94,General Reading,2012,https://www.goodreads.com/review/show/369875127?utm_medium=api&utm_source=rss
"Knife of Dreams (The Wheel of Time, #11)",3,4.18,General Reading,2012,https://www.goodreads.com/review/show/369875104?utm_medium=api&utm_source=rss
The Left Hand of Darkness,1,4.11,General Reading,2012,https://www.goodreads.com/review/show/369874929?utm_medium=api&utm_source=rss
Solaris,4,3.99,General Reading,2012,https://www.goodreads.com/review/show/369874861?utm_medium=api&utm_source=rss
"A Wrinkle in Time (Time Quintet, #1)",3,4.04,General Reading,2012,https://www.goodreads.com/review/show/369874846?utm_medium=api&utm_source=rss
The Tipping Point: How Little Things Can Make a Big Difference,3,4.01,General Reading,2012,https://www.goodreads.com/review/show/369874775?utm_medium=api&utm_source=rss
Blink: The Power of Thinking Without Thinking,2,3.97,General Reading,2012,https://www.goodreads.com/review/show/369874765?utm_medium=api&utm_source=rss
"Eats, Shoots & Leaves: The Zero Tolerance Approach to Punctuation",3,3.86,General Reading,2012,https://www.goodreads.com/review/show/369874726?utm_medium=api&utm_source=rss
The Prince,4,3.85,General Reading,2012,https://www.goodreads.com/review/show/369874692?utm_medium=api&utm_source=rss
The Republic,3,3.97,General Reading,2012,https://www.goodreads.com/review/show/369874679?utm_medium=api&utm_source=rss
Meditations,5,4.29,General Reading,2012,https://www.goodreads.com/review/show/369874646?utm_medium=api&utm_source=rss
The Origin of Species,4,4.01,General Reading,2012,https://www.goodreads.com/review/show/369874573?utm_medium=api&utm_source=rss
The Singularity is Near: When Humans Transcend Biology,3,3.92,General Reading,2012,https://www.goodreads.com/review/show/369874416?utm_medium=api&utm_source=rss
"Foundation (Foundation, #1)",4,4.18,General Reading,2012,https://www.goodreads.com/review/show/369874387?utm_medium=api&utm_source=rss
"Pattern Recognition (Blue Ant, #1)",3,3.87,General Reading,2012,https://www.goodreads.com/review/show/369874312?utm_medium=api&utm_source=rss
Rainbows End,3,3.78,General Reading,2012,https://www.goodreads.com/review/show/369874289?utm_medium=api&utm_source=rss
Genghis Khan and the Making of the Modern World,3,4.02,General Reading,2012,https://www.goodreads.com/review/show/369874254?utm_medium=api&utm_source=rss
Stealing The Network: How to Own the Box,4,4.05,General Reading,2012,https://www.goodreads.com/review/show/369874070?utm_medium=api&utm_source=rss
Feynman Lectures On Computation (Frontiers in Physics),4,4.27,General Reading,2012,https://www.goodreads.com/review/show/369873426?utm_medium=api&utm_source=rss
This Craft of Verse,3,4.34,General Reading,2012,https://www.goodreads.com/review/show/369873064?utm_medium=api&utm_source=rss
Dreamtigers,5,4.29,General Reading,2012,https://www.goodreads.com/review/show/369873012?utm_medium=api&utm_source=rss
Selected Non-Fictions,5,4.44,General Reading,2012,https://www.goodreads.com/review/show/369873001?utm_medium=api&utm_source=rss
The Library of Babel,5,4.32,General Reading,2012,https://www.goodreads.com/review/show/369872991?utm_medium=api&utm_source=rss
Selected Poems,4,4.36,General Reading,2012,https://www.goodreads.com/review/show/369872952?utm_medium=api&utm_source=rss
The Book of Sand and Shakespeare's Memory,3,4.3,General Reading,2012,https://www.goodreads.com/review/show/369872924?utm_medium=api&utm_source=rss
Collected Fictions,5,4.57,General Reading,2012,https://www.goodreads.com/review/show/369872871?utm_medium=api&utm_source=rss
"Gateway (Heechee Saga, #1)",4,4.07,General Reading,2012,https://www.goodreads.com/review/show/369872525?utm_medium=api&utm_source=rss
"Ambush at Corellia (The Corellian Trilogy, #1)",2,3.59,General Reading,2012,https://www.goodreads.com/review/show/369868652?utm_medium=api&utm_source=rss
"Star Wars: The Mandalorian Armor (The Bounty Hunter Wars, #1)",3,3.63,General Reading,2012,https://www.goodreads.com/review/show/369868606?utm_medium=api&utm_source=rss
Star Wars: Tales from the Empire,4,3.62,General Reading,2012,https://www.goodreads.com/review/show/369868579?utm_medium=api&utm_source=rss
Star Wars: Tales from the New Republic,3,3.53,General Reading,2012,https://www.goodreads.com/review/show/369868564?utm_medium=api&utm_source=rss
"Flatterland: Like Flatland, Only More So",4,3.75,General Reading,2012,https://www.goodreads.com/review/show/369868126?utm_medium=api&utm_source=rss
Accelerando,5,3.88,General Reading,2012,https://www.goodreads.com/review/show/369868039?utm_medium=api&utm_source=rss
"The Dying Earth (The Dying Earth, #1)",4,3.9,General Reading,2012,https://www.goodreads.com/review/show/369867624?utm_medium=api&utm_source=rss
"Heirs of the Force (Star Wars: Young Jedi Knights, #1)",2,3.66,General Reading,2012,https://www.goodreads.com/review/show/369865499?utm_medium=api&utm_source=rss
Star Wars: Tales from Jabba's Palace,4,3.67,General Reading,2012,https://www.goodreads.com/review/show/369865475?utm_medium=api&utm_source=rss
Star Wars: Tales from the Mos Eisley Cantina,4,3.64,General Reading,2012,https://www.goodreads.com/review/show/369865462?utm_medium=api&utm_source=rss
Star Wars: Tales of the Bounty Hunters,4,3.79,General Reading,2012,https://www.goodreads.com/review/show/369865403?utm_medium=api&utm_source=rss
"Star Wars: Darksaber (The Callista Trilogy, #2)",3,3.43,General Reading,2012,https://www.goodreads.com/review/show/369865384?utm_medium=api&utm_source=rss
"Star Wars: Champions of the Force (The Jedi Academy Trilogy, #3)",4,3.67,General Reading,2012,https://www.goodreads.com/review/show/369865355?utm_medium=api&utm_source=rss
"Star Wars: Dark Apprentice (The Jedi Academy Trilogy, #2)",3,3.64,General Reading,2012,https://www.goodreads.com/review/show/369865311?utm_medium=api&utm_source=rss
"Star Wars: Jedi Search (The Jedi Academy Trilogy, #1)",4,3.68,General Reading,2012,https://www.goodreads.com/review/show/369865278?utm_medium=api&utm_source=rss
The Maker of Dune: Insights of a Master of Science Fiction,4,4.03,General Reading,2012,https://www.goodreads.com/review/show/369865078?utm_medium=api&utm_source=rss
UNDER PRESSURE,4,3.63,General Reading,2012,https://www.goodreads.com/review/show/369864872?utm_medium=api&utm_source=rss
Soul Catcher,3,3.71,General Reading,2012,https://www.goodreads.com/review/show/369864847?utm_medium=api&utm_source=rss
"The Ascension Factor (The Pandora Sequence, #3)",3,3.74,General Reading,2012,https://www.goodreads.com/review/show/369864826?utm_medium=api&utm_source=rss
Hellstrom's Hive,2,3.69,General Reading,2012,https://www.goodreads.com/review/show/369864665?utm_medium=api&utm_source=rss
Destination: Void,2,3.6,General Reading,2012,https://www.goodreads.com/review/show/369864646?utm_medium=api&utm_source=rss
"Whipping Star (ConSentiency Universe, #1)",3,3.67,General Reading,2012,https://www.goodreads.com/review/show/369864614?utm_medium=api&utm_source=rss
The Road to Dune,4,3.91,General Reading,2012,https://www.goodreads.com/review/show/369864599?utm_medium=api&utm_source=rss
"The Lazarus Effect (The Pandora Sequence, #2)",2,3.77,General Reading,2012,https://www.goodreads.com/review/show/369864581?utm_medium=api&utm_source=rss
"The Jesus Incident (The Pandora Sequence, #1)",2,3.73,General Reading,2012,https://www.goodreads.com/review/show/369864564?utm_medium=api&utm_source=rss
The White Plague,1,3.7,General Reading,2012,https://www.goodreads.com/review/show/369864181?utm_medium=api&utm_source=rss
"The Dosadi Experiment (ConSentiency Universe, #2)",4,3.84,General Reading,2012,https://www.goodreads.com/review/show/369864117?utm_medium=api&utm_source=rss
Chapterhouse: Dune (Dune #6),3,3.9,General Reading,2012,https://www.goodreads.com/review/show/369864055?utm_medium=api&utm_source=rss
Heretics of Dune (Dune #5),3,3.85,General Reading,2012,https://www.goodreads.com/review/show/369864033?utm_medium=api&utm_source=rss
God Emperor of Dune (Dune #4),4,3.84,General Reading,2012,https://www.goodreads.com/review/show/369864016?utm_medium=api&utm_source=rss
Children of Dune (Dune #3),2,3.92,General Reading,2012,https://www.goodreads.com/review/show/369863986?utm_medium=api&utm_source=rss
Dune Messiah (Dune #2),5,3.88,General Reading,2012,https://www.goodreads.com/review/show/369863940?utm_medium=api&utm_source=rss
"Frank Herbert (Twayne's United States Authors, #532)",4,3.44,General Reading,2012,https://www.goodreads.com/review/show/369863765?utm_medium=api&utm_source=rss
"The Winds of Dune (Heroes of Dune, #2)",2,3.79,General Reading,2012,https://www.goodreads.com/review/show/369863577?utm_medium=api&utm_source=rss
"Paul of Dune (Heroes of Dune, #1)",1,3.74,General Reading,2012,https://www.goodreads.com/review/show/369863556?utm_medium=api&utm_source=rss
"Hunters of Dune (Dune, #7)",1,3.67,General Reading,2012,https://www.goodreads.com/review/show/369863520?utm_medium=api&utm_source=rss
"Sandworms of Dune (Dune, #8)",1,3.64,General Reading,2012,https://www.goodreads.com/review/show/369863532?utm_medium=api&utm_source=rss
"The Battle of Corrin (Legends of Dune, #3)",2,3.8,General Reading,2012,https://www.goodreads.com/review/show/369863507?utm_medium=api&utm_source=rss
"The Machine Crusade (Legends of Dune, #2)",1,3.8,General Reading,2012,https://www.goodreads.com/review/show/369863480?utm_medium=api&utm_source=rss
"House Corrino (Prelude to Dune, #3)",2,3.74,General Reading,2012,https://www.goodreads.com/review/show/369863444?utm_medium=api&utm_source=rss
"House Harkonnen (Prelude to Dune, #2)",2,3.74,General Reading,2012,https://www.goodreads.com/review/show/369863431?utm_medium=api&utm_source=rss
"House Atreides (Prelude to Dune, #1)",3,3.81,General Reading,2012,https://www.goodreads.com/review/show/369863356?utm_medium=api&utm_source=rss
"The Butlerian Jihad (Legends of Dune, #1)",1,4.02,General Reading,2012,https://www.goodreads.com/review/show/369862440?utm_medium=api&utm_source=rss
The Leopard,5,4.01,General Reading,2012,https://www.goodreads.com/review/show/369860608?utm_medium=api&utm_source=rss
"Orphans of the Helix (Hyperion Cantos, #4.5)",2,3.86,General Reading,2012,https://www.goodreads.com/review/show/369859899?utm_medium=api&utm_source=rss
"Prayers to Broken Stones (Hyperion Cantos, #0.5)",4,3.84,General Reading,2012,https://www.goodreads.com/review/show/369859766?utm_medium=api&utm_source=rss
The Hollow Man,3,3.46,General Reading,2012,https://www.goodreads.com/review/show/369859674?utm_medium=api&utm_source=rss
Song of Kali,2,3.59,General Reading,2012,https://www.goodreads.com/review/show/369859651?utm_medium=api&utm_source=rss
Carrion Comfort,3,3.91,General Reading,2012,https://www.goodreads.com/review/show/369859602?utm_medium=api&utm_source=rss
"Olympos (Ilium, #2)",3,3.94,General Reading,2012,https://www.goodreads.com/review/show/369859558?utm_medium=api&utm_source=rss
"Ilium (Ilium, #1)",3,4.02,General Reading,2012,https://www.goodreads.com/review/show/369859528?utm_medium=api&utm_source=rss
"Endymion (Hyperion Cantos, #3)",2,4.17,General Reading,2012,https://www.goodreads.com/review/show/369859473?utm_medium=api&utm_source=rss
"The Fall of Hyperion (Hyperion Cantos, #2)",5,4.23,General Reading,2012,https://www.goodreads.com/review/show/369859361?utm_medium=api&utm_source=rss
"Hyperion (Hyperion Cantos, #1)",5,4.27,General Reading,2012,https://www.goodreads.com/review/show/369859187?utm_medium=api&utm_source=rss
"Virtual Light (Bridge, #1)",2,3.88,General Reading,2012,https://www.goodreads.com/review/show/369859111?utm_medium=api&utm_source=rss
How to Measure Anything: Finding the Value of Intangibles in Business,4,3.95,General Reading,2012,https://www.goodreads.com/review/show/369859010?utm_medium=api&utm_source=rss
King Rat,3,3.56,General Reading,2012,https://www.goodreads.com/review/show/369857477?utm_medium=api&utm_source=rss
The Pale King,2,3.97,General Reading,2012,https://www.goodreads.com/review/show/369857306?utm_medium=api&utm_source=rss
Consider the Lobster and Other Essays,4,4.19,General Reading,2012,https://www.goodreads.com/review/show/369857232?utm_medium=api&utm_source=rss
Infinite Jest,3,4.27,General Reading,2012,https://www.goodreads.com/review/show/369857189?utm_medium=api&utm_source=rss
"Iron Council (New Crobuzon, #3)",3,3.73,General Reading,2012,https://www.goodreads.com/review/show/369856978?utm_medium=api&utm_source=rss
Kraken,3,3.62,General Reading,2012,https://www.goodreads.com/review/show/369856938?utm_medium=api&utm_source=rss
The City & the City,4,3.9,General Reading,2012,https://www.goodreads.com/review/show/369856878?utm_medium=api&utm_source=rss
"The Scar (New Crobuzon, #2)",4,4.18,General Reading,2012,https://www.goodreads.com/review/show/369856843?utm_medium=api&utm_source=rss
"The Hero of Ages (Mistborn, #3)",4,4.55,General Reading,2012,https://www.goodreads.com/review/show/369856694?utm_medium=api&utm_source=rss
"Mistborn: The Final Empire (Mistborn, #1)",4,4.48,General Reading,2012,https://www.goodreads.com/review/show/369856668?utm_medium=api&utm_source=rss
After Dark,3,3.75,General Reading,2012,https://www.goodreads.com/review/show/369856072?utm_medium=api&utm_source=rss
Norwegian Wood,3,4.0,General Reading,2012,https://www.goodreads.com/review/show/369855998?utm_medium=api&utm_source=rss
Kafka on the Shore,4,4.13,General Reading,2012,https://www.goodreads.com/review/show/369855938?utm_medium=api&utm_source=rss
Travels in Hyperreality (Harvest Book),3,3.92,General Reading,2012,https://www.goodreads.com/review/show/369855871?utm_medium=api&utm_source=rss
The Name of the Rose,4,4.14,General Reading,2012,https://www.goodreads.com/review/show/369855789?utm_medium=api&utm_source=rss
Starship Troopers,3,4.01,General Reading,2012,https://www.goodreads.com/review/show/369855187?utm_medium=api&utm_source=rss
"Ender’s Game (Ender's Saga, #1)",5,4.31,General Reading,2012,https://www.goodreads.com/review/show/369855176?utm_medium=api&utm_source=rss
Slaughterhouse-Five,3,4.11,General Reading,2012,https://www.goodreads.com/review/show/369855157?utm_medium=api&utm_source=rss
Jonathan Strange & Mr Norrell,4,3.85,General Reading,2012,https://www.goodreads.com/review/show/369855110?utm_medium=api&utm_source=rss
Foucault’s Pendulum,5,3.92,General Reading,2012,https://www.goodreads.com/review/show/369854977?utm_medium=api&utm_source=rss
Expert Political Judgment: How Good Is It? How Can We Know?,5,3.97,General Reading,2012,https://www.goodreads.com/review/show/369854922?utm_medium=api&utm_source=rss
The Omnivore's Dilemma: A Natural History of Four Meals,4,4.18,General Reading,2012,https://www.goodreads.com/review/show/369854443?utm_medium=api&utm_source=rss
"The Chronicles of Narnia (The Chronicles of Narnia, #1-7)",3,4.28,General Reading,2012,https://www.goodreads.com/review/show/369853668?utm_medium=api&utm_source=rss
"The Last Battle (Chronicles of Narnia, #7)",2,4.03,General Reading,2012,https://www.goodreads.com/review/show/369853543?utm_medium=api&utm_source=rss
"The Silver Chair (Chronicles of Narnia, #4)",3,3.96,General Reading,2012,https://www.goodreads.com/review/show/369853524?utm_medium=api&utm_source=rss
Mere Christianity,1,4.33,General Reading,2012,https://www.goodreads.com/review/show/369853501?utm_medium=api&utm_source=rss
"The Horse and His Boy (Chronicles of Narnia, #5)",3,3.92,General Reading,2012,https://www.goodreads.com/review/show/369853480?utm_medium=api&utm_source=rss
The Screwtape Letters,2,4.17,General Reading,2012,https://www.goodreads.com/review/show/369853466?utm_medium=api&utm_source=rss
"The Magician’s Nephew (Chronicles of Narnia, #6)",3,4.07,General Reading,2012,https://www.goodreads.com/review/show/369853410?utm_medium=api&utm_source=rss
"Prince Caspian (Chronicles of Narnia, #2)",3,3.99,General Reading,2012,https://www.goodreads.com/review/show/369853433?utm_medium=api&utm_source=rss
"The Voyage of the Dawn Treader (Chronicles of Narnia, #3)",5,4.1,General Reading,2012,https://www.goodreads.com/review/show/369853382?utm_medium=api&utm_source=rss
"The Lion, the Witch and the Wardrobe (Chronicles of Narnia, #1)",4,4.24,General Reading,2012,https://www.goodreads.com/review/show/369853352?utm_medium=api&utm_source=rss
"The Caves of Steel (Robot, #1)",2,4.19,General Reading,2012,https://www.goodreads.com/review/show/369852983?utm_medium=api&utm_source=rss
The Time Machine,2,3.9,General Reading,2012,https://www.goodreads.com/review/show/369852961?utm_medium=api&utm_source=rss
"The Positronic Man (Robot, #0.6)",3,4.13,General Reading,2012,https://www.goodreads.com/review/show/369852860?utm_medium=api&utm_source=rss
"I, Robot (Robot, #0.1)",4,4.22,General Reading,2012,https://www.goodreads.com/review/show/369852830?utm_medium=api&utm_source=rss
The Cyberiad,5,4.18,General Reading,2012,https://www.goodreads.com/review/show/369852667?utm_medium=api&utm_source=rss
"Three Men in a Boat (Three Men, #1)",3,3.86,General Reading,2012,https://www.goodreads.com/review/show/369852646?utm_medium=api&utm_source=rss
"Life, the Universe and Everything (Hitchhiker's Guide, #3)",3,3.99,General Reading,2012,https://www.goodreads.com/review/show/369852524?utm_medium=api&utm_source=rss
"So Long, and Thanks for All the Fish",3,3.94,General Reading,2012,https://www.goodreads.com/review/show/369852496?utm_medium=api&utm_source=rss
"Mostly Harmless (Hitchhiker's Guide, #5)",3,3.56,General Reading,2012,https://www.goodreads.com/review/show/369852477?utm_medium=api&utm_source=rss
Robot: Mere Machine to Transcendent Mind,4,4.07,General Reading,2012,https://www.goodreads.com/review/show/369852408?utm_medium=api&utm_source=rss
Brave New World,4,3.64,General Reading,2012,https://www.goodreads.com/review/show/369852370?utm_medium=api&utm_source=rss
Is the Internet Changing the Way You Think?: The Net's Impact on Our Minds and Future – A Brilliant Essential Guide from 150 Influential Voices (Edge Question Series),2,3.6,General Reading,2012,https://www.goodreads.com/review/show/369852313?utm_medium=api&utm_source=rss
The Ethical Slut: A Guide to Infinite Sexual Possibilities,3,3.88,General Reading,2012,https://www.goodreads.com/review/show/369852074?utm_medium=api&utm_source=rss
The Martian Chronicles,5,4.16,General Reading,2012,https://www.goodreads.com/review/show/369852043?utm_medium=api&utm_source=rss
Freakonomics,3,3.81,General Reading,2012,https://www.goodreads.com/review/show/369851995?utm_medium=api&utm_source=rss
"The Hitchhiker’s Guide to the Galaxy (Hitchhiker's Guide to the Galaxy, #1)",3,4.21,General Reading,2012,https://www.goodreads.com/review/show/369851835?utm_medium=api&utm_source=rss
Ubik,4,4.11,General Reading,2012,https://www.goodreads.com/review/show/369851762?utm_medium=api&utm_source=rss
"The Restaurant at the End of the Universe (The Hitchhiker's Guide to the Galaxy, #2)",3,4.22,General Reading,2012,https://www.goodreads.com/review/show/369851738?utm_medium=api&utm_source=rss
Dune (Dune #1),5,4.21,General Reading,2012,https://www.goodreads.com/review/show/369851711?utm_medium=api&utm_source=rss
The Phantom Tollbooth,3,4.19,General Reading,2012,https://www.goodreads.com/review/show/369851057?utm_medium=api&utm_source=rss
"The Book of Silence (The Lords of Dûs, #4)",3,3.83,General Reading,2012,https://www.goodreads.com/review/show/369850214?utm_medium=api&utm_source=rss
"The Seven Altars of Dûsarra (The Lords of Dûs, #2)",3,3.82,General Reading,2012,https://www.goodreads.com/review/show/369850194?utm_medium=api&utm_source=rss
"The Sword of Bheleu (The Lords of Dûs, #3)",3,3.81,General Reading,2012,https://www.goodreads.com/review/show/369850181?utm_medium=api&utm_source=rss
"The Cyborg and the Sorcerers (War Surplus, #1)",3,3.74,General Reading,2012,https://www.goodreads.com/review/show/369850150?utm_medium=api&utm_source=rss
"The Lure of the Basilisk (The Lords of Dûs, #1)",3,3.76,General Reading,2012,https://www.goodreads.com/review/show/369850115?utm_medium=api&utm_source=rss
"Dragon Venom (Obsidian Chronicles, #3)",4,4.07,General Reading,2012,https://www.goodreads.com/review/show/369850064?utm_medium=api&utm_source=rss
"The Unwilling Warlord (Ethshar, #3)",2,3.99,General Reading,2012,https://www.goodreads.com/review/show/369850041?utm_medium=api&utm_source=rss
"The Dragon Society (Obsidian Chronicles, #2)",4,3.99,General Reading,2012,https://www.goodreads.com/review/show/369849992?utm_medium=api&utm_source=rss
"With a Single Spell (Ethshar, #2)",3,4.06,General Reading,2012,https://www.goodreads.com/review/show/369849937?utm_medium=api&utm_source=rss
"The Misenchanted Sword (Ethshar, #1)",4,4.04,General Reading,2012,https://www.goodreads.com/review/show/369849903?utm_medium=api&utm_source=rss
How to Read a Book: The Classic Guide to Intelligent Reading,2,3.97,General Reading,2012,https://www.goodreads.com/review/show/369849184?utm_medium=api&utm_source=rss
Against Method,4,4.02,General Reading,2012,https://www.goodreads.com/review/show/369848708?utm_medium=api&utm_source=rss
The Structure of Scientific Revolutions,3,4.02,General Reading,2012,https://www.goodreads.com/review/show/369848584?utm_medium=api&utm_source=rss
The World of Parmenides: Essays on the Presocratic Enlightenment,4,4.14,General Reading,2012,https://www.goodreads.com/review/show/369848347?utm_medium=api&utm_source=rss
The Logic of Scientific Discovery,2,4.03,General Reading,2012,https://www.goodreads.com/review/show/369847942?utm_medium=api&utm_source=rss
Playing to Win: Becoming the Champion,4,3.88,General Reading,2012,https://www.goodreads.com/review/show/369847268?utm_medium=api&utm_source=rss
The Language Instinct: How the Mind Creates Language,4,4.01,General Reading,2012,https://www.goodreads.com/review/show/369846839?utm_medium=api&utm_source=rss
The Blank Slate: The Modern Denial of Human Nature,4,4.08,General Reading,2012,https://www.goodreads.com/review/show/369846687?utm_medium=api&utm_source=rss
The Selfish Gene,5,4.15,General Reading,2012,https://www.goodreads.com/review/show/369846512?utm_medium=api&utm_source=rss
The Strategy of Conflict,4,4.02,General Reading,2012,https://www.goodreads.com/review/show/369846175?utm_medium=api&utm_source=rss
"Why People Believe Weird Things: Pseudoscience, Superstition, and Other Confusions of Our Time",5,3.86,General Reading,2012,https://www.goodreads.com/review/show/369846047?utm_medium=api&utm_source=rss
The Demon-Haunted World: Science as a Candle in the Dark,4,4.28,General Reading,2012,https://www.goodreads.com/review/show/369845917?utm_medium=api&utm_source=rss
Judgment Under Uncertainty: Heuristics and Biases,3,4.18,General Reading,2012,https://www.goodreads.com/review/show/369845254?utm_medium=api&utm_source=rss
Good And Real: Demystifying Paradoxes from Physics to Ethics (A Bradford Book),5,4.12,General Reading,2012,https://www.goodreads.com/review/show/369844668?utm_medium=api&utm_source=rss
"The Player of Games (Culture, #2)",5,4.28,General Reading,2012,https://www.goodreads.com/review/show/369844310?utm_medium=api&utm_source=rss
"A Fire Upon the Deep (Zones of Thought, #1)",5,4.14,General Reading,2012,https://www.goodreads.com/review/show/369844162?utm_medium=api&utm_source=rss
ADAPTED MIND: EVOLUTIONARY PSYCHOLOGY: Evolutionary Psychology and the Generation of Culture,4,4.18,General Reading,2012,https://www.goodreads.com/review/show/369843996?utm_medium=api&utm_source=rss
The Flame is Green,3,3.92,General Reading,2012,https://www.goodreads.com/review/show/369843339?utm_medium=api&utm_source=rss
"Sodom and Gomorrah, Texas",3,3.53,General Reading,2012,https://www.goodreads.com/review/show/369843267?utm_medium=api&utm_source=rss
Annals of Klepsis,4,3.71,General Reading,2012,https://www.goodreads.com/review/show/369843086?utm_medium=api&utm_source=rss
Arrive at Easterwine: The Autobiography of a Ktistec Machine,3,3.97,General Reading,2012,https://www.goodreads.com/review/show/369842967?utm_medium=api&utm_source=rss
The Fall of Rome,4,4.56,General Reading,2012,https://www.goodreads.com/review/show/369842952?utm_medium=api&utm_source=rss
The Reefs of Earth,4,3.83,General Reading,2012,https://www.goodreads.com/review/show/369842900?utm_medium=api&utm_source=rss
The Devil Is Dead,5,4.02,General Reading,2012,https://www.goodreads.com/review/show/369842878?utm_medium=api&utm_source=rss
Okla Hannali,4,4.25,General Reading,2012,https://www.goodreads.com/review/show/369842851?utm_medium=api&utm_source=rss
Dangerous Visions,5,4.17,General Reading,2012,https://www.goodreads.com/review/show/369842821?utm_medium=api&utm_source=rss
Fourth Mansions,5,4.01,General Reading,2012,https://www.goodreads.com/review/show/369842805?utm_medium=api&utm_source=rss
Nine Hundred Grandmothers,4,4.21,General Reading,2012,https://www.goodreads.com/review/show/369842757?utm_medium=api&utm_source=rss
The Hobbit or There and Back Again,4,4.32,General Reading,2012,https://www.goodreads.com/review/show/369840735?utm_medium=api&utm_source=rss
The Moral Animal: Why We Are the Way We Are - The New Science of Evolutionary Psychology,3,4.08,General Reading,2012,https://www.goodreads.com/review/show/369840117?utm_medium=api&utm_source=rss
Flatland: A Romance of Many Dimensions,5,3.82,General Reading,2012,https://www.goodreads.com/review/show/369840085?utm_medium=api&utm_source=rss
The Tao Is Silent: A Whimsical and Sophisticated Guide to Eastern Philosophy and Inner Serenity,4,4.08,General Reading,2012,https://www.goodreads.com/review/show/369840017?utm_medium=api&utm_source=rss
Alice’s Adventures in Wonderland / Through the Looking-Glass,5,4.07,General Reading,2012,https://www.goodreads.com/review/show/369839873?utm_medium=api&utm_source=rss
A Study in Emerald,5,4.16,General Reading,2012,https://www.goodreads.com/review/show/369837076?utm_medium=api&utm_source=rss
Harlequin Valentine,3,3.77,General Reading,2012,https://www.goodreads.com/review/show/369837045?utm_medium=api&utm_source=rss
"The Absolute Sandman, Volume 4",4,4.69,General Reading,2012,https://www.goodreads.com/review/show/369836997?utm_medium=api&utm_source=rss
"The Absolute Sandman, Volume 2",5,4.66,General Reading,2012,https://www.goodreads.com/review/show/369836888?utm_medium=api&utm_source=rss
"The Absolute Sandman, Volume 1",5,4.64,General Reading,2012,https://www.goodreads.com/review/show/369836787?utm_medium=api&utm_source=rss
The Sandman: The Dream Hunters,5,4.41,General Reading,2012,https://www.goodreads.com/review/show/369836660?utm_medium=api&utm_source=rss
"The Sandman, Vol. 10: The Wake",4,4.52,General Reading,2012,https://www.goodreads.com/review/show/369836593?utm_medium=api&utm_source=rss
"The Sandman, Vol. 8: Worlds' End",4,4.46,General Reading,2012,https://www.goodreads.com/review/show/369836585?utm_medium=api&utm_source=rss
"The Sandman, Vol. 9: The Kindly Ones",4,4.59,General Reading,2012,https://www.goodreads.com/review/show/369836545?utm_medium=api&utm_source=rss
"The Sandman, Vol. 5: A Game of You",4,4.43,General Reading,2012,https://www.goodreads.com/review/show/369836420?utm_medium=api&utm_source=rss
"The Sandman, Vol. 4: Season of Mists",4,4.54,General Reading,2012,https://www.goodreads.com/review/show/369836265?utm_medium=api&utm_source=rss
"The Sandman, Vol. 3: Dream Country",4,4.25,General Reading,2012,https://www.goodreads.com/review/show/369836255?utm_medium=api&utm_source=rss
"The Sandman, Vol. 2: The Doll's House",4,4.44,General Reading,2012,https://www.goodreads.com/review/show/369836234?utm_medium=api&utm_source=rss
"The Sandman, Vol. 1: Preludes & Nocturnes",5,4.25,General Reading,2012,https://www.goodreads.com/review/show/369836207?utm_medium=api&utm_source=rss
Anansi Boys,4,4.03,General Reading,2012,https://www.goodreads.com/review/show/369836181?utm_medium=api&utm_source=rss
Stardust,2,4.1,General Reading,2012,https://www.goodreads.com/review/show/369836152?utm_medium=api&utm_source=rss
"Neverwhere (London Below, #1)",4,4.16,General Reading,2012,https://www.goodreads.com/review/show/369836123?utm_medium=api&utm_source=rss
Coraline,3,4.14,General Reading,2012,https://www.goodreads.com/review/show/369836089?utm_medium=api&utm_source=rss
"American Gods (American Gods, #1)",3,4.1,General Reading,2012,https://www.goodreads.com/review/show/369836057?utm_medium=api&utm_source=rss
Lexicon Urthus: A Dictionary for the Urth Cycle,4,4.34,General Reading,2012,https://www.goodreads.com/review/show/369835855?utm_medium=api&utm_source=rss
Wastelands: Stories of the Apocalypse (Wastelands #1),3,3.76,General Reading,2012,https://www.goodreads.com/review/show/369835703?utm_medium=api&utm_source=rss
"The Sandman, Vol. 6: Fables & Reflections",4,4.31,General Reading,2012,https://www.goodreads.com/review/show/369835643?utm_medium=api&utm_source=rss
Castle of Days: Short Fiction and Essays,3,3.96,General Reading,2012,https://www.goodreads.com/review/show/369834549?utm_medium=api&utm_source=rss
Free Live Free,3,3.52,General Reading,2012,https://www.goodreads.com/review/show/369834245?utm_medium=api&utm_source=rss
An Evil Guest,3,3.1,General Reading,2012,https://www.goodreads.com/review/show/369834157?utm_medium=api&utm_source=rss
Nightside the Long Sun,5,4.07,General Reading,2012,https://www.goodreads.com/review/show/369834124?utm_medium=api&utm_source=rss
Peace,4,4.12,General Reading,2012,https://www.goodreads.com/review/show/369834081?utm_medium=api&utm_source=rss
There Are Doors,2,3.62,General Reading,2012,https://www.goodreads.com/review/show/369833995?utm_medium=api&utm_source=rss
The Sorcerer's House,3,3.71,General Reading,2012,https://www.goodreads.com/review/show/369833990?utm_medium=api&utm_source=rss
Return to the Whorl,3,4.38,General Reading,2012,https://www.goodreads.com/review/show/369833951?utm_medium=api&utm_source=rss
The Island of Doctor Death and Other Stories and Other Stories,4,4.17,General Reading,2012,https://www.goodreads.com/review/show/369833939?utm_medium=api&utm_source=rss
In Green's Jungles,3,4.3,General Reading,2012,https://www.goodreads.com/review/show/369833929?utm_medium=api&utm_source=rss
The Book of the New Sun,5,4.24,General Reading,2012,https://www.goodreads.com/review/show/369833893?utm_medium=api&utm_source=rss
Soldier of the Mist,4,3.97,General Reading,2012,https://www.goodreads.com/review/show/369833838?utm_medium=api&utm_source=rss
Epiphany of the Long Sun (The Book of the Long Sun #3-4),4,4.26,General Reading,2012,https://www.goodreads.com/review/show/369833792?utm_medium=api&utm_source=rss
Litany of the Long Sun (The Book of the Long Sun #1-2),4,4.26,General Reading,2012,https://www.goodreads.com/review/show/369833747?utm_medium=api&utm_source=rss
The Fifth Head of Cerberus,4,4.03,General Reading,2012,https://www.goodreads.com/review/show/369833643?utm_medium=api&utm_source=rss
The Wizard,2,3.9,General Reading,2012,https://www.goodreads.com/review/show/369833626?utm_medium=api&utm_source=rss
The Citadel of the Autarch,4,4.27,General Reading,2012,https://www.goodreads.com/review/show/369833614?utm_medium=api&utm_source=rss
The Urth of the New Sun,4,4.06,General Reading,2012,https://www.goodreads.com/review/show/369833576?utm_medium=api&utm_source=rss
The Knight,3,3.78,General Reading,2012,https://www.goodreads.com/review/show/369833570?utm_medium=api&utm_source=rss
The Claw of the Conciliator,4,4.02,General Reading,2012,https://www.goodreads.com/review/show/369833537?utm_medium=api&utm_source=rss
Sword & Citadel,5,4.36,General Reading,2012,https://www.goodreads.com/review/show/369833520?utm_medium=api&utm_source=rss
The Shadow of the Torturer,5,3.86,General Reading,2012,https://www.goodreads.com/review/show/369833485?utm_medium=api&utm_source=rss
Shadow & Claw,5,4.07,General Reading,2012,https://www.goodreads.com/review/show/369833474?utm_medium=api&utm_source=rss
Engines of Creation: The Coming Era of Nanotechnology (Anchor Library of Science),4,4.19,General Reading,2012,https://www.goodreads.com/review/show/369832851?utm_medium=api&utm_source=rss
The Mind’s I: Fantasies and Reflections on Self and Soul,3,4.14,General Reading,2012,https://www.goodreads.com/review/show/369832319?utm_medium=api&utm_source=rss
"Gödel, Escher, Bach: An Eternal Golden Braid",5,4.29,General Reading,2012,https://www.goodreads.com/review/show/369832198?utm_medium=api&utm_source=rss
Introduction to Algorithms,4,4.35,General Reading,2012,https://www.goodreads.com/review/show/369831206?utm_medium=api&utm_source=rss
The Lucifer Principle: A Scientific Expedition into the Forces of History,3,4.04,General Reading,2012,https://www.goodreads.com/review/show/369831009?utm_medium=api&utm_source=rss
"Out of Control: The New Biology of Machines, Social Systems, and the Economic World",4,4.23,General Reading,2012,https://www.goodreads.com/review/show/369830893?utm_medium=api&utm_source=rss
"Mind and Nature: A Necessary Unity (Advances in Systems Theory, Complexity, and the Human Sciences)",3,4.31,General Reading,2012,https://www.goodreads.com/review/show/369830871?utm_medium=api&utm_source=rss
Free as in Freedom: Richard Stallman's Crusade for Free Software,3,3.83,General Reading,2012,https://www.goodreads.com/review/show/369830843?utm_medium=api&utm_source=rss
The Shockwave Rider,3,3.93,General Reading,2012,https://www.goodreads.com/review/show/369830540?utm_medium=api&utm_source=rss
True Names: and the Opening of the Cyberspace Frontier,5,4.06,General Reading,2012,https://www.goodreads.com/review/show/369830413?utm_medium=api&utm_source=rss
Holy Fire,2,3.72,General Reading,2012,https://www.goodreads.com/review/show/369830234?utm_medium=api&utm_source=rss
The Emperor's New Mind,2,3.91,General Reading,2012,https://www.goodreads.com/review/show/369829957?utm_medium=api&utm_source=rss
I Am a Strange Loop,2,3.94,General Reading,2012,https://www.goodreads.com/review/show/369829881?utm_medium=api&utm_source=rss
Consciousness Explained,4,3.9,General Reading,2012,https://www.goodreads.com/review/show/369829811?utm_medium=api&utm_source=rss
The Extended Phenotype: The Long Reach of the Gene (Popular Science),3,4.12,General Reading,2012,https://www.goodreads.com/review/show/369829710?utm_medium=api&utm_source=rss
Metamagical Themas: Questing for the Essence of Mind and Pattern,4,4.2,General Reading,2012,https://www.goodreads.com/review/show/369829676?utm_medium=api&utm_source=rss
The Meme Machine,4,3.85,General Reading,2012,https://www.goodreads.com/review/show/369829561?utm_medium=api&utm_source=rss
The Age of Spiritual Machines,3,3.9,General Reading,2012,https://www.goodreads.com/review/show/369829482?utm_medium=api&utm_source=rss
On Intelligence,3,4.1,General Reading,2012,https://www.goodreads.com/review/show/369829415?utm_medium=api&utm_source=rss
Founders at Work: Stories of Startups' Early Days,4,4.03,General Reading,2012,https://www.goodreads.com/review/show/369829268?utm_medium=api&utm_source=rss
Structure and Interpretation of Computer Programs,5,4.46,General Reading,2012,https://www.goodreads.com/review/show/369829199?utm_medium=api&utm_source=rss
Hackers & Painters: Big Ideas from the Computer Age,3,4.03,General Reading,2012,https://www.goodreads.com/review/show/369829146?utm_medium=api&utm_source=rss
Design Patterns: Elements of Reusable Object-Oriented Software,2,4.19,General Reading,2012,https://www.goodreads.com/review/show/369829061?utm_medium=api&utm_source=rss
The Cathedral & the Bazaar: Musings on Linux and Open Source by an Accidental Revolutionary,5,3.82,General Reading,2012,https://www.goodreads.com/review/show/369828957?utm_medium=api&utm_source=rss
Hackers: Heroes of the Computer Revolution,4,4.14,General Reading,2012,https://www.goodreads.com/review/show/369828939?utm_medium=api&utm_source=rss
The Cuckoo's Egg: Tracking a Spy Through the Maze of Computer Espionage,4,4.27,General Reading,2012,https://www.goodreads.com/review/show/369828918?utm_medium=api&utm_source=rss
In the Beginning...Was the Command Line,5,3.8,General Reading,2012,https://www.goodreads.com/review/show/369828884?utm_medium=api&utm_source=rss
The Hacker Crackdown: Law and Disorder on the Electronic Frontier,5,3.8,General Reading,2012,https://www.goodreads.com/review/show/369828772?utm_medium=api&utm_source=rss
The Time Ships,3,3.95,General Reading,2012,https://www.goodreads.com/review/show/369828216?utm_medium=api&utm_source=rss
"Toast, and Other Stories",5,3.79,General Reading,2012,https://www.goodreads.com/review/show/369827882?utm_medium=api&utm_source=rss
All the Myriad Ways,4,4.06,General Reading,2012,https://www.goodreads.com/review/show/369827805?utm_medium=api&utm_source=rss
Axiomatic,3,4.25,General Reading,2012,https://www.goodreads.com/review/show/369827669?utm_medium=api&utm_source=rss
Permutation City,5,4.06,General Reading,2012,https://www.goodreads.com/review/show/369827624?utm_medium=api&utm_source=rss
Blood Music,4,3.85,General Reading,2012,https://www.goodreads.com/review/show/369827471?utm_medium=api&utm_source=rss
The Boat of a Million Years,2,3.81,General Reading,2012,https://www.goodreads.com/review/show/369827451?utm_medium=api&utm_source=rss
"Beggars in Spain (Sleepless, #1)",4,3.93,General Reading,2012,https://www.goodreads.com/review/show/369827402?utm_medium=api&utm_source=rss
Kiln People,5,3.84,General Reading,2012,https://www.goodreads.com/review/show/369827360?utm_medium=api&utm_source=rss
"Look to Windward (Culture, #7)",4,4.21,General Reading,2012,https://www.goodreads.com/review/show/369827320?utm_medium=api&utm_source=rss
"The Peace War (Across Realtime, #1)",3,3.96,General Reading,2012,https://www.goodreads.com/review/show/369827300?utm_medium=api&utm_source=rss
"Infinity's Shore (Uplift Storm Trilogy, #2)",4,3.98,General Reading,2012,https://www.goodreads.com/review/show/369827213?utm_medium=api&utm_source=rss
"Iron Sunrise (Eschaton, #2)",3,3.98,General Reading,2012,https://www.goodreads.com/review/show/369827208?utm_medium=api&utm_source=rss
"In the Ocean of Night (Galactic Center, #1)",4,3.66,General Reading,2012,https://www.goodreads.com/review/show/369826902?utm_medium=api&utm_source=rss
Protector (Known Space),3,4.08,General Reading,2012,https://www.goodreads.com/review/show/369826873?utm_medium=api&utm_source=rss
"Beyond the Blue Event Horizon (Heechee Saga, #2)",4,3.96,General Reading,2012,https://www.goodreads.com/review/show/369826831?utm_medium=api&utm_source=rss
Neutron Star (Known Space),3,4.13,General Reading,2012,https://www.goodreads.com/review/show/369826743?utm_medium=api&utm_source=rss
Mission of Gravity (Mesklin #1),4,3.93,General Reading,2012,https://www.goodreads.com/review/show/369826659?utm_medium=api&utm_source=rss
Against a Dark Background,3,4.12,General Reading,2012,https://www.goodreads.com/review/show/369826506?utm_medium=api&utm_source=rss
"The Rise of Endymion (Hyperion Cantos, #4)",4,4.14,General Reading,2012,https://www.goodreads.com/review/show/369826377?utm_medium=api&utm_source=rss
The Demolished Man,5,3.98,General Reading,2012,https://www.goodreads.com/review/show/369826315?utm_medium=api&utm_source=rss
Stand on Zanzibar,5,3.95,General Reading,2012,https://www.goodreads.com/review/show/369826117?utm_medium=api&utm_source=rss
"Green Mars (Mars Trilogy, #2)",4,3.94,General Reading,2012,https://www.goodreads.com/review/show/369825948?utm_medium=api&utm_source=rss
"The Uplift War (The Uplift Saga, #3)",4,4.07,General Reading,2012,https://www.goodreads.com/review/show/369825735?utm_medium=api&utm_source=rss
"The Gap Into Power: A Dark and Hungry God Arises (Gap, #3)",4,4.08,General Reading,2012,https://www.goodreads.com/review/show/369825652?utm_medium=api&utm_source=rss
"The Many-Coloured Land (Saga of Pliocene Exile, #1)",3,4.1,General Reading,2012,https://www.goodreads.com/review/show/369825509?utm_medium=api&utm_source=rss
"Beggars and Choosers (Sleepless, #2)",4,3.86,General Reading,2012,https://www.goodreads.com/review/show/369825429?utm_medium=api&utm_source=rss
"Tea with the Black Dragon (Black Dragon, #1)",4,3.96,General Reading,2012,https://www.goodreads.com/review/show/369825335?utm_medium=api&utm_source=rss
"The Sword of the Lictor (The Book of the New Sun, #3)",4,4.25,General Reading,2012,https://www.goodreads.com/review/show/369825270?utm_medium=api&utm_source=rss
The Neutronium Alchemist 1: Consolidation (Night's Dawn 2),2,4.35,General Reading,2012,https://www.goodreads.com/review/show/369825122?utm_medium=api&utm_source=rss
"The Adversary (Saga of Pliocene Exile, #4)",3,4.23,General Reading,2012,https://www.goodreads.com/review/show/369825112?utm_medium=api&utm_source=rss
"The Gap Into Ruin: This Day All Gods Die (Gap, #5)",5,4.22,General Reading,2012,https://www.goodreads.com/review/show/369824995?utm_medium=api&utm_source=rss
"The Golden Torc (Saga of the Pliocene Exile, #2)",3,4.13,General Reading,2012,https://www.goodreads.com/review/show/369824876?utm_medium=api&utm_source=rss
"Trumps of Doom (The Chronicles of Amber, #6)",3,4.07,General Reading,2012,https://www.goodreads.com/review/show/369824814?utm_medium=api&utm_source=rss
"The Wishsong of Shannara (The Original Shannara Trilogy, #3)",1,4.0,General Reading,2012,https://www.goodreads.com/review/show/369824784?utm_medium=api&utm_source=rss
"The First Book of Swords (Books of Swords, #1)",2,3.8,General Reading,2012,https://www.goodreads.com/review/show/369824718?utm_medium=api&utm_source=rss
"The Power That Preserves (The Chronicles of Thomas Covenant the Unbeliever, #3)",3,4.03,General Reading,2012,https://www.goodreads.com/review/show/369824677?utm_medium=api&utm_source=rss
"The Courts of Chaos (The Chronicles of Amber, #5)",3,4.19,General Reading,2012,https://www.goodreads.com/review/show/369824589?utm_medium=api&utm_source=rss
"Towers of Midnight (The Wheel of Time, #13)",3,4.47,General Reading,2012,https://www.goodreads.com/review/show/369824335?utm_medium=api&utm_source=rss
"The Shadow Rising (The Wheel of Time, #4)",3,4.27,General Reading,2012,https://www.goodreads.com/review/show/369824115?utm_medium=api&utm_source=rss
"The Talismans of Shannara (Heritage of Shannara, #4)",1,4.04,General Reading,2012,https://www.goodreads.com/review/show/369824095?utm_medium=api&utm_source=rss
"The Well of Ascension (Mistborn, #2)",4,4.37,General Reading,2012,https://www.goodreads.com/review/show/369823939?utm_medium=api&utm_source=rss
"Sir Gawain and the Green Knight, Pearl, and Sir Orfeo",4,4.02,General Reading,2012,https://www.goodreads.com/review/show/369823802?utm_medium=api&utm_source=rss
"Ender's Game, Volume 1: Battle School (Ender's Saga)",5,4.43,General Reading,2012,https://www.goodreads.com/review/show/369823591?utm_medium=api&utm_source=rss
"The Treason of Isengard: The History of The Lord of the Rings, Part Two (The History of Middle-Earth, #7)",3,4.19,General Reading,2012,https://www.goodreads.com/review/show/369823541?utm_medium=api&utm_source=rss
The Hobbit,4,4.52,General Reading,2012,https://www.goodreads.com/review/show/369823277?utm_medium=api&utm_source=rss
"The Dragon Reborn (The Wheel of Time, #3)",4,4.27,General Reading,2012,https://www.goodreads.com/review/show/369823243?utm_medium=api&utm_source=rss
Enchanters' End Game (The Belgariad #5),2,4.19,General Reading,2012,https://www.goodreads.com/review/show/369823213?utm_medium=api&utm_source=rss
"The Farthest Shore (Earthsea Cycle, #3)",3,4.13,General Reading,2012,https://www.goodreads.com/review/show/369823192?utm_medium=api&utm_source=rss
"The Fellowship of the Ring (The Lord of the Rings, #1)",5,4.36,General Reading,2012,https://www.goodreads.com/review/show/369822949?utm_medium=api&utm_source=rss
"Harry Potter and the Sorcerer's Stone (Harry Potter, #1)",4,4.47,General Reading,2012,https://www.goodreads.com/review/show/369822918?utm_medium=api&utm_source=rss
